{
"type": "FeatureCollection",
"name": "singapore_cleaned",
"crs": { "type": "name", "properties": { "name": "urn:ogc:def:crs:EPSG::32648" } },
"features": [
{ "type": "Feature", "properties": { "from_node": 43, "to_node": 52, "u": 206089580.0, "v": 206256147.0, "key": 0.0, "index": 9.0, "osmid": "536925866", "highway": "primary", "lanes": null, "maxspeed": "70", "name": [ "Ang Mo Kio Avenue 1" ], "oneway": "True", "reversed": "False", "length": 17.711965414029827, "bridge": null, "junction": null, "length_m": 17.736836708344651, "building_count_50m": 1.0, "avg_building_area": 0.0, "poi_count_50m": 1.0, "highway_clean": "primary", "highway_rank": 5.0, "sinuosity": 1.0, "poi_diversity": 0.0, "food_drink_count": 1.0, "street_furniture_count": 1.0, "degree_u": 4.0, "degree_v": 3.0, "avg_connectivity": 3.5, "city": "Singapore", "cluster": 0.0, "typology": "Arterial Movement Corridor" }, "geometry": { "type": "LineString", "coordinates": [ [ 369643.615495231701061, 151229.544632130215177 ], [ 369661.328827903373167, 151228.817383052082732 ] ] } },
{ "type": "Feature", "properties": { "from_node": 52, "to_node": 53, "u": 206250869.0, "v": 206089580.0, "key": 0.0, "index": 13.0, "osmid": "482046505", "highway": "primary", "lanes": null, "maxspeed": "60", "name": [ "Upper Thomson Road" ], "oneway": "True", "reversed": "False", "length": 13.055941892097989, "bridge": null, "junction": null, "length_m": 13.074275459845891, "building_count_50m": 1.0, "avg_building_area": 532.29595172496261, "poi_count_50m": 1.0, "highway_clean": "primary", "highway_rank": 5.0, "sinuosity": 1.0, "poi_diversity": 0.0, "food_drink_count": 1.0, "street_furniture_count": 1.0, "degree_u": 4.0, "degree_v": 4.0, "avg_connectivity": 4.0, "city": "Singapore", "cluster": 0.0, "typology": "Arterial Movement Corridor" }, "geometry": { "type": "LineString", "coordinates": [ [ 369661.328827903373167, 151228.817383052082732 ], [ 369662.125148477905896, 151241.773916648788145 ] ] } },
{ "type": "Feature", "properties": { "from_node": 64, "to_node": 886, "u": 206256158.0, "v": 5698521001.0, "key": 0.0, "index": 19.0, "osmid": "632449346", "highway": "primary", "lanes": null, "maxspeed": "60", "name": [ "Upper Thomson Road" ], "oneway": "True", "reversed": "False", "length": 9.0382967567555177, "bridge": null, "junction": null, "length_m": 9.0509229646097751, "building_count_50m": 2.0, "avg_building_area": 392.94669928701774, "poi_count_50m": 4.0, "highway_clean": "primary", "highway_rank": 5.0, "sinuosity": 1.0, "poi_diversity": 0.56233514461880829, "food_drink_count": 1.0, "street_furniture_count": 1.0, "degree_u": 3.0, "degree_v": 3.0, "avg_connectivity": 3.0, "city": "Singapore", "cluster": 0.0, "typology": "Arterial Movement Corridor" }, "geometry": { "type": "LineString", "coordinates": [ [ 370506.227770910365507, 149302.34077850743779 ], [ 370510.485514756059274, 149294.412044621800305 ] ] } },
{ "type": "Feature", "properties": { "from_node": 72, "to_node": 2, "u": 206256177.0, "v": 248889863.0, "key": 0.0, "index": 22.0, "osmid": "176216276", "highway": "primary", "lanes": [ "5" ], "maxspeed": "60", "name": [ "Upper Thomson Road" ], "oneway": "True", "reversed": "False", "length": 42.392329091938826, "bridge": null, "junction": null, "length_m": 42.451588054925729, "building_count_50m": 5.0, "avg_building_area": 1655.1165298345848, "poi_count_50m": 22.0, "highway_clean": "primary", "highway_rank": 5.0, "sinuosity": 1.0, "poi_diversity": 0.91646488553947125, "food_drink_count": 12.0, "street_furniture_count": 1.0, "degree_u": 3.0, "degree_v": 3.0, "avg_connectivity": 3.0, "city": "Singapore", "cluster": 1.0, "typology": "Active Commercial High Street" }, "geometry": { "type": "LineString", "coordinates": [ [ 370367.609715044149198, 149555.088680970744463 ], [ 370397.938161814003251, 149525.611566593986936 ] ] } },
{ "type": "Feature", "properties": { "from_node": 94, "to_node": 265, "u": 240401395.0, "v": 240401390.0, "key": 0.0, "index": 29.0, "osmid": "37527278", "highway": "secondary", "lanes": null, "maxspeed": "40", "name": [ "Ang Mo Kio Avenue 4" ], "oneway": "True", "reversed": "False", "length": 7.2307006345652072, "bridge": null, "junction": null, "length_m": 7.2408583287256398, "building_count_50m": 3.0, "avg_building_area": 1666.345078585344, "poi_count_50m": 1.0, "highway_clean": "secondary", "highway_rank": 4.0, "sinuosity": 1.0, "poi_diversity": 0.0, "food_drink_count": 1.0, "street_furniture_count": 1.0, "degree_u": 3.0, "degree_v": 3.0, "avg_connectivity": 3.0, "city": "Singapore", "cluster": 0.0, "typology": "Arterial Movement Corridor" }, "geometry": { "type": "LineString", "coordinates": [ [ 370639.128937293600757, 151388.312859942554496 ], [ 370643.587975929724053, 151382.650352903699968 ] ] } },
{ "type": "Feature", "properties": { "from_node": 123, "to_node": 264, "u": 243415188.0, "v": 4459074625.0, "key": 0.0, "index": 36.0, "osmid": "537570254", "highway": "residential", "lanes": null, "maxspeed": "40", "name": [ "Jalan Minggu" ], "oneway": "False", "reversed": "True", "length": 8.4588830149710681, "bridge": null, "junction": null, "length_m": 8.4707136962405158, "building_count_50m": 15.0, "avg_building_area": 330.819838650115, "poi_count_50m": 5.0, "highway_clean": "residential", "highway_rank": 2.0, "sinuosity": 1.0, "poi_diversity": 0.0, "food_drink_count": 1.0, "street_furniture_count": 1.0, "degree_u": 4.0, "degree_v": 6.0, "avg_connectivity": 5.0, "city": "Singapore", "cluster": 2.0, "typology": "Local Mixed Street" }, "geometry": { "type": "LineString", "coordinates": [ [ 370529.503844806167763, 149741.039571286964929 ], [ 370536.21079143055249, 149735.906662763620261 ] ] } },
{ "type": "Feature", "properties": { "from_node": 123, "to_node": 1511, "u": 243415188.0, "v": 5982355851.0, "key": 0.0, "index": 37.0, "osmid": "634084467", "highway": "tertiary", "lanes": [ "2" ], "maxspeed": "50", "name": [ "Sin Ming Road" ], "oneway": "True", "reversed": "False", "length": 52.259497424390368, "bridge": null, "junction": null, "length_m": 52.332592340123348, "building_count_50m": 17.0, "avg_building_area": 393.54538220185418, "poi_count_50m": 10.0, "highway_clean": "tertiary", "highway_rank": 3.0, "sinuosity": 1.0, "poi_diversity": 0.3250829733914482, "food_drink_count": 1.0, "street_furniture_count": 1.0, "degree_u": 4.0, "degree_v": 3.0, "avg_connectivity": 3.5, "city": "Singapore", "cluster": 0.0, "typology": "Arterial Movement Corridor" }, "geometry": { "type": "LineString", "coordinates": [ [ 370529.503844806167763, 149741.039571286964929 ], [ 370564.849562989082187, 149779.34048282893491 ] ] } },
{ "type": "Feature", "properties": { "from_node": 124, "to_node": 3, "u": 243415197.0, "v": 206089495.0, "key": 0.0, "index": 38.0, "osmid": "176216275", "highway": "primary", "lanes": [ "4" ], "maxspeed": "60", "name": [ "Upper Thomson Road" ], "oneway": "True", "reversed": "False", "length": 69.850241526517166, "bridge": null, "junction": null, "length_m": 69.947886978081215, "building_count_50m": 6.0, "avg_building_area": 1527.0881754501631, "poi_count_50m": 30.0, "highway_clean": "primary", "highway_rank": 5.0, "sinuosity": 1.0, "poi_diversity": 0.89186739531725101, "food_drink_count": 14.0, "street_furniture_count": 1.0, "degree_u": 4.0, "degree_v": 4.0, "avg_connectivity": 4.0, "city": "Singapore", "cluster": 1.0, "typology": "Active Commercial High Street" }, "geometry": { "type": "LineString", "coordinates": [ [ 370366.31976426334586, 149579.820158655755222 ], [ 370415.810166721523274, 149530.765844991285121 ] ] } },
{ "type": "Feature", "properties": { "from_node": 136, "to_node": 112, "u": 243418546.0, "v": 4598768655.0, "key": 0.0, "index": 42.0, "osmid": "632412614", "highway": "residential", "lanes": [ "2" ], "maxspeed": "50", "name": [ "Upper Thomson Road" ], "oneway": "False", "reversed": "True", "length": 29.522473469737548, "bridge": null, "junction": null, "length_m": 29.563686960002503, "building_count_50m": 1.0, "avg_building_area": 0.0, "poi_count_50m": 1.0, "highway_clean": "residential", "highway_rank": 2.0, "sinuosity": 1.0, "poi_diversity": 0.0, "food_drink_count": 1.0, "street_furniture_count": 1.0, "degree_u": 5.0, "degree_v": 4.0, "avg_connectivity": 4.5, "city": "Singapore", "cluster": 2.0, "typology": "Local Mixed Street" }, "geometry": { "type": "LineString", "coordinates": [ [ 370644.860374055802822, 149032.612140370620182 ], [ 370670.936924629553687, 149046.418886383791687 ] ] } },
{ "type": "Feature", "properties": { "from_node": 172, "to_node": 1028, "u": 243463507.0, "v": 4592960082.0, "key": 0.0, "index": 45.0, "osmid": "528886796", "highway": "primary", "lanes": [ "3" ], "maxspeed": "70", "name": [ "Ang Mo Kio Avenue 1" ], "oneway": "True", "reversed": "False", "length": 7.8734110494522582, "bridge": null, "junction": null, "length_m": 7.884466780580718, "building_count_50m": 1.0, "avg_building_area": 0.0, "poi_count_50m": 1.0, "highway_clean": "primary", "highway_rank": 5.0, "sinuosity": 1.0, "poi_diversity": 0.0, "food_drink_count": 1.0, "street_furniture_count": 1.0, "degree_u": 4.0, "degree_v": 4.0, "avg_connectivity": 4.0, "city": "Singapore", "cluster": 0.0, "typology": "Arterial Movement Corridor" }, "geometry": { "type": "LineString", "coordinates": [ [ 369938.258163308433723, 151223.320465808646986 ], [ 369946.102103318204172, 151222.564878579345532 ] ] } },
{ "type": "Feature", "properties": { "from_node": 174, "to_node": 1335, "u": 243465482.0, "v": 5643502199.0, "key": 0.0, "index": 47.0, "osmid": "591175349", "highway": "primary", "lanes": null, "maxspeed": "60", "name": [ "Ang Mo Kio Avenue 3" ], "oneway": "True", "reversed": "False", "length": 15.96167318282353, "bridge": null, "junction": null, "length_m": 15.984077612357915, "building_count_50m": 1.0, "avg_building_area": 1910.1758469173342, "poi_count_50m": 1.0, "highway_clean": "primary", "highway_rank": 5.0, "sinuosity": 1.0, "poi_diversity": 0.0, "food_drink_count": 1.0, "street_furniture_count": 1.0, "degree_u": 3.0, "degree_v": 4.0, "avg_connectivity": 3.5, "city": "Singapore", "cluster": 0.0, "typology": "Arterial Movement Corridor" }, "geometry": { "type": "LineString", "coordinates": [ [ 370461.148500750714447, 151070.258980988612166 ], [ 370465.70667953469092, 151085.4689549622708 ] ] } },
{ "type": "Feature", "properties": { "from_node": 190, "to_node": 1095, "u": 245174751.0, "v": 245174757.0, "key": 0.0, "index": 49.0, "osmid": "174402294", "highway": "secondary", "lanes": [ "2" ], "maxspeed": "50", "name": [ "Venus Drive" ], "oneway": "True", "reversed": "False", "length": 14.965841686201333, "bridge": null, "junction": null, "length_m": 14.98680365887064, "building_count_50m": 1.0, "avg_building_area": 2194.1763607701064, "poi_count_50m": 1.0, "highway_clean": "secondary", "highway_rank": 4.0, "sinuosity": 1.0, "poi_diversity": 0.0, "food_drink_count": 1.0, "street_furniture_count": 1.0, "degree_u": 4.0, "degree_v": 4.0, "avg_connectivity": 4.0, "city": "Singapore", "cluster": 0.0, "typology": "Arterial Movement Corridor" }, "geometry": { "type": "LineString", "coordinates": [ [ 369694.973037539457437, 150285.278450132813305 ], [ 369709.915722610196099, 150284.231995953829028 ] ] } },
{ "type": "Feature", "properties": { "from_node": 190, "to_node": 1071, "u": 245174757.0, "v": 4593195739.0, "key": 0.0, "index": 51.0, "osmid": "478174018", "highway": "primary", "lanes": [ "4" ], "maxspeed": "60", "name": [ "Upper Thomson Road" ], "oneway": "True", "reversed": "False", "length": 5.7508427903954136, "bridge": null, "junction": null, "length_m": 5.7588978069598431, "building_count_50m": 1.0, "avg_building_area": 2194.1763607701064, "poi_count_50m": 1.0, "highway_clean": "primary", "highway_rank": 5.0, "sinuosity": 1.0, "poi_diversity": 0.0, "food_drink_count": 1.0, "street_furniture_count": 1.0, "degree_u": 4.0, "degree_v": 4.0, "avg_connectivity": 4.0, "city": "Singapore", "cluster": 0.0, "typology": "Arterial Movement Corridor" }, "geometry": { "type": "LineString", "coordinates": [ [ 369694.973037539457437, 150285.278450132813305 ], [ 369695.365239829814527, 150290.9828424397856 ] ] } },
{ "type": "Feature", "properties": { "from_node": 195, "to_node": 1154, "u": 245174769.0, "v": 5935920074.0, "key": 0.0, "index": 53.0, "osmid": "537570246", "highway": "secondary", "lanes": null, "maxspeed": "50", "name": [ "Sin Ming Avenue" ], "oneway": "True", "reversed": "False", "length": 6.381043807457119, "bridge": null, "junction": null, "length_m": 6.389981324458347, "building_count_50m": 1.0, "avg_building_area": 3943.8880043960398, "poi_count_50m": 1.0, "highway_clean": "secondary", "highway_rank": 4.0, "sinuosity": 1.0, "poi_diversity": 0.0, "food_drink_count": 1.0, "street_furniture_count": 1.0, "degree_u": 3.0, "degree_v": 3.0, "avg_connectivity": 3.0, "city": "Singapore", "cluster": 0.0, "typology": "Arterial Movement Corridor" }, "geometry": { "type": "LineString", "coordinates": [ [ 369907.590860072639771, 150279.68088056857232 ], [ 369913.977568187168799, 150279.622511103167199 ] ] } },
{ "type": "Feature", "properties": { "from_node": 196, "to_node": 204, "u": 245174809.0, "v": 5950255468.0, "key": 0.0, "index": 54.0, "osmid": "630075834", "highway": "residential", "lanes": [ "2" ], "maxspeed": "50", "name": [ "Fulton Road" ], "oneway": "False", "reversed": "False", "length": 11.515707596784555, "bridge": null, "junction": null, "length_m": 11.531848823931977, "building_count_50m": 5.0, "avg_building_area": 218.44873908836149, "poi_count_50m": 3.0, "highway_clean": "residential", "highway_rank": 2.0, "sinuosity": 1.0, "poi_diversity": 1.0986122886681096, "food_drink_count": 1.0, "street_furniture_count": 1.0, "degree_u": 6.0, "degree_v": 4.0, "avg_connectivity": 5.0, "city": "Singapore", "cluster": 2.0, "typology": "Local Mixed Street" }, "geometry": { "type": "LineString", "coordinates": [ [ 370059.626537575153634, 150555.969684130308451 ], [ 370071.030600411468185, 150554.305851619661553 ] ] } },
{ "type": "Feature", "properties": { "from_node": 247, "to_node": 108, "u": 308938197.0, "v": 5643502198.0, "key": 0.0, "index": 66.0, "osmid": "536925857", "highway": "primary", "lanes": null, "maxspeed": "60", "name": [ "Ang Mo Kio Avenue 3" ], "oneway": "True", "reversed": "False", "length": 15.41147434054214, "bridge": null, "junction": null, "length_m": 15.433106359078817, "building_count_50m": 1.0, "avg_building_area": 1910.1758469173342, "poi_count_50m": 1.0, "highway_clean": "primary", "highway_rank": 5.0, "sinuosity": 1.0, "poi_diversity": 0.0, "food_drink_count": 1.0, "street_furniture_count": 1.0, "degree_u": 4.0, "degree_v": 3.0, "avg_connectivity": 3.5, "city": "Singapore", "cluster": 0.0, "typology": "Arterial Movement Corridor" }, "geometry": { "type": "LineString", "coordinates": [ [ 370467.589954617316835, 151068.431723522022367 ], [ 370472.91547069180524, 151082.812172968900995 ] ] } },
{ "type": "Feature", "properties": { "from_node": 301, "to_node": 302, "u": 1318459114.0, "v": 1318459125.0, "key": 0.0, "index": 82.0, "osmid": "117035208", "highway": "residential", "lanes": [ "2" ], "maxspeed": "40", "name": [ "Jasmine Road" ], "oneway": "False", "reversed": "True", "length": 59.919348651011077, "bridge": null, "junction": null, "length_m": 60.003146939920818, "building_count_50m": 32.0, "avg_building_area": 696.4035891858382, "poi_count_50m": 1.0, "highway_clean": "residential", "highway_rank": 2.0, "sinuosity": 1.0, "poi_diversity": 0.0, "food_drink_count": 1.0, "street_furniture_count": 1.0, "degree_u": 6.0, "degree_v": 6.0, "avg_connectivity": 6.0, "city": "Singapore", "cluster": 2.0, "typology": "Local Mixed Street" }, "geometry": { "type": "LineString", "coordinates": [ [ 369751.820878253318369, 149690.294001256668707 ], [ 369787.738802874460816, 149738.002771883562673 ] ] } },
{ "type": "Feature", "properties": { "from_node": 302, "to_node": 360, "u": 1318459114.0, "v": 1318459201.0, "key": 0.0, "index": 83.0, "osmid": "645261378", "highway": "residential", "lanes": [ "2" ], "maxspeed": "40", "name": [ "Jasmine Road" ], "oneway": "False", "reversed": "False", "length": 55.81544650064059, "bridge": null, "junction": null, "length_m": 55.893514979485175, "building_count_50m": 28.0, "avg_building_area": 768.77183400719764, "poi_count_50m": 1.0, "highway_clean": "residential", "highway_rank": 2.0, "sinuosity": 1.0, "poi_diversity": 0.0, "food_drink_count": 1.0, "street_furniture_count": 1.0, "degree_u": 6.0, "degree_v": 6.0, "avg_connectivity": 6.0, "city": "Singapore", "cluster": 2.0, "typology": "Local Mixed Street" }, "geometry": { "type": "LineString", "coordinates": [ [ 369787.738802874460816, 149738.002771883562673 ], [ 369821.774510397342965, 149782.008890585391782 ] ] } },
{ "type": "Feature", "properties": { "from_node": 332, "to_node": 333, "u": 1318459153.0, "v": 4486815537.0, "key": 0.0, "index": 89.0, "osmid": "645117896", "highway": "residential", "lanes": [ "2" ], "maxspeed": "40", "name": [ "Gardenia Road" ], "oneway": "False", "reversed": "False", "length": 51.451458252642169, "bridge": null, "junction": null, "length_m": 51.523427618422751, "building_count_50m": 29.0, "avg_building_area": 174.47551318206527, "poi_count_50m": 1.0, "highway_clean": "residential", "highway_rank": 2.0, "sinuosity": 1.0, "poi_diversity": 0.0, "food_drink_count": 1.0, "street_furniture_count": 1.0, "degree_u": 6.0, "degree_v": 6.0, "avg_connectivity": 6.0, "city": "Singapore", "cluster": 2.0, "typology": "Local Mixed Street" }, "geometry": { "type": "LineString", "coordinates": [ [ 369520.598234899225645, 149764.244764044095064 ], [ 369551.138852348085493, 149805.433449609816307 ] ] } },
{ "type": "Feature", "properties": { "from_node": 333, "to_node": 401, "u": 1318459153.0, "v": 1318459247.0, "key": 0.0, "index": 90.0, "osmid": "645117897", "highway": "residential", "lanes": [ "2" ], "maxspeed": "40", "name": [ "Gardenia Road" ], "oneway": "False", "reversed": "True", "length": 32.028207013048494, "bridge": null, "junction": null, "length_m": 32.073011241461849, "building_count_50m": 26.0, "avg_building_area": 170.46480092599401, "poi_count_50m": 1.0, "highway_clean": "residential", "highway_rank": 2.0, "sinuosity": 1.0, "poi_diversity": 0.0, "food_drink_count": 1.0, "street_furniture_count": 1.0, "degree_u": 6.0, "degree_v": 6.0, "avg_connectivity": 6.0, "city": "Singapore", "cluster": 2.0, "typology": "Local Mixed Street" }, "geometry": { "type": "LineString", "coordinates": [ [ 369551.138852348085493, 149805.433449609816307 ], [ 369574.80471969145583, 149826.913686524436343 ] ] } },
{ "type": "Feature", "properties": { "from_node": 347, "to_node": 331, "u": 1318459160.0, "v": 3998723973.0, "key": 0.0, "index": 92.0, "osmid": "632451497", "highway": "residential", "lanes": null, "maxspeed": "40", "name": [ "Venus Road" ], "oneway": "False", "reversed": "False", "length": 14.073044805864388, "bridge": null, "junction": null, "length_m": 14.092751149647437, "building_count_50m": 7.0, "avg_building_area": 938.45462511991184, "poi_count_50m": 3.0, "highway_clean": "residential", "highway_rank": 2.0, "sinuosity": 1.0, "poi_diversity": 0.63651416829481278, "food_drink_count": 1.0, "street_furniture_count": 1.0, "degree_u": 6.0, "degree_v": 2.0, "avg_connectivity": 4.0, "city": "Singapore", "cluster": 0.0, "typology": "Arterial Movement Corridor" }, "geometry": { "type": "LineString", "coordinates": [ [ 369576.585022093262523, 150194.338928337208927 ], [ 369580.483982769073918, 150180.893674469291 ] ] } },
{ "type": "Feature", "properties": { "from_node": 361, "to_node": 530, "u": 1318459203.0, "v": 1318498332.0, "key": 0.0, "index": 101.0, "osmid": "645122848", "highway": "residential", "lanes": [ "2" ], "maxspeed": "40", "name": [ "Capricorn Drive" ], "oneway": "False", "reversed": "True", "length": 30.337787651758703, "bridge": null, "junction": null, "length_m": 30.380271514314156, "building_count_50m": 22.0, "avg_building_area": 236.53956748745665, "poi_count_50m": 1.0, "highway_clean": "residential", "highway_rank": 2.0, "sinuosity": 1.0, "poi_diversity": 0.0, "food_drink_count": 1.0, "street_furniture_count": 1.0, "degree_u": 2.0, "degree_v": 6.0, "avg_connectivity": 4.0, "city": "Singapore", "cluster": 2.0, "typology": "Local Mixed Street" }, "geometry": { "type": "LineString", "coordinates": [ [ 369313.584296574117616, 150221.331297344499035 ], [ 369321.403353157162201, 150192.185445722396253 ] ] } },
{ "type": "Feature", "properties": { "from_node": 362, "to_node": 535, "u": 1318459215.0, "v": 1318498346.0, "key": 0.0, "index": 102.0, "osmid": "645123756", "highway": "residential", "lanes": null, "maxspeed": "40", "name": [ "Jupiter Road" ], "oneway": "False", "reversed": "True", "length": 44.932832641529856, "bridge": null, "junction": null, "length_m": 44.995748936984491, "building_count_50m": 19.0, "avg_building_area": 258.27253575377205, "poi_count_50m": 1.0, "highway_clean": "residential", "highway_rank": 2.0, "sinuosity": 1.0, "poi_diversity": 0.0, "food_drink_count": 1.0, "street_furniture_count": 1.0, "degree_u": 2.0, "degree_v": 6.0, "avg_connectivity": 4.0, "city": "Singapore", "cluster": 2.0, "typology": "Local Mixed Street" }, "geometry": { "type": "LineString", "coordinates": [ [ 369213.145207783672959, 150179.767592422780581 ], [ 369255.129761148476973, 150163.749995132733602 ] ] } },
{ "type": "Feature", "properties": { "from_node": 369, "to_node": 430, "u": 1318459222.0, "v": 4486815539.0, "key": 0.0, "index": 105.0, "osmid": "644814981", "highway": "residential", "lanes": [ "2" ], "maxspeed": "40", "name": [ "Toronto Road" ], "oneway": "False", "reversed": "False", "length": 70.834220413238612, "bridge": null, "junction": null, "length_m": 70.933351844988948, "building_count_50m": 22.0, "avg_building_area": 279.0274475068577, "poi_count_50m": 1.0, "highway_clean": "residential", "highway_rank": 2.0, "sinuosity": 1.0, "poi_diversity": 0.0, "food_drink_count": 1.0, "street_furniture_count": 1.0, "degree_u": 6.0, "degree_v": 6.0, "avg_connectivity": 6.0, "city": "Singapore", "cluster": 2.0, "typology": "Local Mixed Street" }, "geometry": { "type": "LineString", "coordinates": [ [ 369420.730686467606574, 150006.583308526256587 ], [ 369440.982014543551486, 149939.091314475575928 ] ] } },
{ "type": "Feature", "properties": { "from_node": 328, "to_node": 384, "u": 1318459233.0, "v": 1318459326.0, "key": 0.0, "index": 108.0, "osmid": "645112932", "highway": "residential", "lanes": [ "2" ], "maxspeed": "40", "name": [ "Daffodil Drive" ], "oneway": "False", "reversed": "True", "length": 60.203815723497478, "bridge": null, "junction": null, "length_m": 60.288027412699414, "building_count_50m": 33.0, "avg_building_area": 196.04144720454511, "poi_count_50m": 1.0, "highway_clean": "residential", "highway_rank": 2.0, "sinuosity": 1.0, "poi_diversity": 0.0, "food_drink_count": 1.0, "street_furniture_count": 1.0, "degree_u": 6.0, "degree_v": 6.0, "avg_connectivity": 6.0, "city": "Singapore", "cluster": 2.0, "typology": "Local Mixed Street" }, "geometry": { "type": "LineString", "coordinates": [ [ 369610.431298912793864, 149801.29215036612004 ], [ 369658.726328788499814, 149765.49353712858283 ] ] } },
{ "type": "Feature", "properties": { "from_node": 401, "to_node": 289, "u": 1318459238.0, "v": 1318459247.0, "key": 0.0, "index": 111.0, "osmid": "645117895", "highway": "residential", "lanes": [ "2" ], "maxspeed": "40", "name": [ "Gardenia Road" ], "oneway": "False", "reversed": "False", "length": 59.120501543769613, "bridge": null, "junction": null, "length_m": 59.203212297817231, "building_count_50m": 30.0, "avg_building_area": 189.04424803531367, "poi_count_50m": 1.0, "highway_clean": "residential", "highway_rank": 2.0, "sinuosity": 1.0, "poi_diversity": 0.0, "food_drink_count": 1.0, "street_furniture_count": 1.0, "degree_u": 6.0, "degree_v": 6.0, "avg_connectivity": 6.0, "city": "Singapore", "cluster": 2.0, "typology": "Local Mixed Street" }, "geometry": { "type": "LineString", "coordinates": [ [ 369574.80471969145583, 149826.913686524436343 ], [ 369615.093256440712139, 149869.966008752380731 ] ] } },
{ "type": "Feature", "properties": { "from_node": 413, "to_node": 414, "u": 1318459255.0, "v": 1318498359.0, "key": 0.0, "index": 121.0, "osmid": "645117077", "highway": "residential", "lanes": [ "2" ], "maxspeed": "40", "name": [ "Jupiter Road" ], "oneway": "False", "reversed": "False", "length": 73.5785864380817, "bridge": null, "junction": null, "length_m": 73.681605671670525, "building_count_50m": 47.0, "avg_building_area": 258.24676825564546, "poi_count_50m": 1.0, "highway_clean": "residential", "highway_rank": 2.0, "sinuosity": 1.0, "poi_diversity": 0.0, "food_drink_count": 1.0, "street_furniture_count": 1.0, "degree_u": 6.0, "degree_v": 8.0, "avg_connectivity": 7.0, "city": "Singapore", "cluster": 2.0, "typology": "Local Mixed Street" }, "geometry": { "type": "LineString", "coordinates": [ [ 369336.618942183500621, 150134.468834149040049 ], [ 369407.850253865879495, 150153.0515316844685 ] ] } },
{ "type": "Feature", "properties": { "from_node": 383, "to_node": 432, "u": 1318459258.0, "v": 1318459324.0, "key": 0.0, "index": 124.0, "osmid": "633807007", "highway": "residential", "lanes": [ "2" ], "maxspeed": "40", "name": [ "Windsor Park Road" ], "oneway": "False", "reversed": "True", "length": 133.46511627820715, "bridge": null, "junction": null, "length_m": 133.65195722546571, "building_count_50m": 50.0, "avg_building_area": 334.18064653747706, "poi_count_50m": 1.0, "highway_clean": "residential", "highway_rank": 2.0, "sinuosity": 1.0, "poi_diversity": 0.0, "food_drink_count": 1.0, "street_furniture_count": 1.0, "degree_u": 6.0, "degree_v": 6.0, "avg_connectivity": 6.0, "city": "Singapore", "cluster": 2.0, "typology": "Local Mixed Street" }, "geometry": { "type": "LineString", "coordinates": [ [ 369397.150956319645047, 150070.926139230083209 ], [ 369525.171399619546719, 150108.839315631048521 ] ] } },
{ "type": "Feature", "properties": { "from_node": 420, "to_node": 383, "u": 1318459258.0, "v": 3998723969.0, "key": 0.0, "index": 125.0, "osmid": "635106334", "highway": "residential", "lanes": [ "2" ], "maxspeed": "40", "name": [ "Windsor Park Road" ], "oneway": "False", "reversed": "False", "length": 39.500294598929649, "bridge": null, "junction": null, "length_m": 39.555588387980919, "building_count_50m": 21.0, "avg_building_area": 383.71790597548579, "poi_count_50m": 1.0, "highway_clean": "residential", "highway_rank": 2.0, "sinuosity": 1.0, "poi_diversity": 0.0, "food_drink_count": 1.0, "street_furniture_count": 1.0, "degree_u": 6.0, "degree_v": 6.0, "avg_connectivity": 6.0, "city": "Singapore", "cluster": 2.0, "typology": "Local Mixed Street" }, "geometry": { "type": "LineString", "coordinates": [ [ 369359.092318273847923, 150060.287207739194855 ], [ 369397.150956319645047, 150070.926139230083209 ] ] } },
{ "type": "Feature", "properties": { "from_node": 380, "to_node": 364, "u": 1318459289.0, "v": 5698393564.0, "key": 0.0, "index": 132.0, "osmid": "633807005", "highway": "residential", "lanes": [ "2" ], "maxspeed": "40", "name": [ "Windsor Park Road" ], "oneway": "False", "reversed": "False", "length": 35.4208548014564, "bridge": null, "junction": null, "length_m": 35.470445843451259, "building_count_50m": 26.0, "avg_building_area": 286.77213881862031, "poi_count_50m": 1.0, "highway_clean": "residential", "highway_rank": 2.0, "sinuosity": 1.0, "poi_diversity": 0.0, "food_drink_count": 1.0, "street_furniture_count": 1.0, "degree_u": 6.0, "degree_v": 6.0, "avg_connectivity": 6.0, "city": "Singapore", "cluster": 2.0, "typology": "Local Mixed Street" }, "geometry": { "type": "LineString", "coordinates": [ [ 369561.427463674684986, 150119.457022394490195 ], [ 369595.591110801498871, 150128.870708019356243 ] ] } },
{ "type": "Feature", "properties": { "from_node": 425, "to_node": 350, "u": 1318459301.0, "v": 5698393591.0, "key": 0.0, "index": 135.0, "osmid": "643867434", "highway": "residential", "lanes": [ "2" ], "maxspeed": "40", "name": [ "Jasmine Road" ], "oneway": "False", "reversed": "False", "length": 9.0911106387186802, "bridge": null, "junction": null, "length_m": 9.1038322474910025, "building_count_50m": 16.0, "avg_building_area": 330.4353294075305, "poi_count_50m": 2.0, "highway_clean": "residential", "highway_rank": 2.0, "sinuosity": 1.0, "poi_diversity": 0.0, "food_drink_count": 1.0, "street_furniture_count": 1.0, "degree_u": 6.0, "degree_v": 5.0, "avg_connectivity": 5.5, "city": "Singapore", "cluster": 2.0, "typology": "Local Mixed Street" }, "geometry": { "type": "LineString", "coordinates": [ [ 369735.395530171517748, 149938.816060910670785 ], [ 369741.656711310963146, 149932.257185419555753 ] ] } },
{ "type": "Feature", "properties": { "from_node": 431, "to_node": 1633, "u": 1318459311.0, "v": 3784797715.0, "key": 0.0, "index": 139.0, "osmid": "645108114", "highway": "residential", "lanes": [ "2" ], "maxspeed": "40", "name": [ "Windsor Park Road" ], "oneway": "False", "reversed": "True", "length": 65.811326903932269, "bridge": null, "junction": null, "length_m": 65.903414614036308, "building_count_50m": 17.0, "avg_building_area": 233.01059357901545, "poi_count_50m": 1.0, "highway_clean": "residential", "highway_rank": 2.0, "sinuosity": 1.0, "poi_diversity": 0.0, "food_drink_count": 1.0, "street_furniture_count": 1.0, "degree_u": 2.0, "degree_v": 6.0, "avg_connectivity": 4.0, "city": "Singapore", "cluster": 2.0, "typology": "Local Mixed Street" }, "geometry": { "type": "LineString", "coordinates": [ [ 369334.706915033049881, 149908.950552852766123 ], [ 369399.448221004684456, 149921.024816864839522 ] ] } },
{ "type": "Feature", "properties": { "from_node": 436, "to_node": 437, "u": 1318498262.0, "v": 4735281548.0, "key": 0.0, "index": 147.0, "osmid": "633231288", "highway": "residential", "lanes": [ "2" ], "maxspeed": "40", "name": [ "Thomson Ridge" ], "oneway": "False", "reversed": "True", "length": 27.330391015788205, "bridge": null, "junction": null, "length_m": 27.368600822042001, "building_count_50m": 14.0, "avg_building_area": 356.10205886261457, "poi_count_50m": 16.0, "highway_clean": "residential", "highway_rank": 2.0, "sinuosity": 1.0, "poi_diversity": 1.0337005498525014, "food_drink_count": 5.0, "street_furniture_count": 1.0, "degree_u": 6.0, "degree_v": 5.0, "avg_connectivity": 5.5, "city": "Singapore", "cluster": 1.0, "typology": "Active Commercial High Street" }, "geometry": { "type": "LineString", "coordinates": [ [ 370250.071993919555098, 149588.841921096638544 ], [ 370275.334691281372216, 149599.266048180608777 ] ] } },
{ "type": "Feature", "properties": { "from_node": 478, "to_node": 1636, "u": 1318498283.0, "v": 3806372871.0, "key": 0.0, "index": 154.0, "osmid": "117038429", "highway": "residential", "lanes": null, "maxspeed": "40", "name": [ "Thomson Ridge" ], "oneway": "False", "reversed": "False", "length": 17.654133274273775, "bridge": null, "junction": null, "length_m": 17.678808151558659, "building_count_50m": 17.0, "avg_building_area": 400.17510560884693, "poi_count_50m": 16.0, "highway_clean": "residential", "highway_rank": 2.0, "sinuosity": 1.0, "poi_diversity": 0.86474009652763717, "food_drink_count": 9.0, "street_furniture_count": 1.0, "degree_u": 6.0, "degree_v": 2.0, "avg_connectivity": 4.0, "city": "Singapore", "cluster": 1.0, "typology": "Active Commercial High Street" }, "geometry": { "type": "LineString", "coordinates": [ [ 370358.391238400421571, 149497.19614411261864 ], [ 370369.077320639626123, 149483.217029645253206 ] ] } },
{ "type": "Feature", "properties": { "from_node": 553, "to_node": 554, "u": 1318498357.0, "v": 1318498399.0, "key": 0.0, "index": 170.0, "osmid": "146880644", "highway": "residential", "lanes": [ "2" ], "maxspeed": "40", "name": [ "Jalan Pelatina" ], "oneway": "False", "reversed": "True", "length": 168.62999129406782, "bridge": null, "junction": null, "length_m": 168.86557396268088, "building_count_50m": 100.0, "avg_building_area": 140.50445319815847, "poi_count_50m": 1.0, "highway_clean": "residential", "highway_rank": 2.0, "sinuosity": 1.0, "poi_diversity": 0.0, "food_drink_count": 1.0, "street_furniture_count": 1.0, "degree_u": 6.0, "degree_v": 6.0, "avg_connectivity": 6.0, "city": "Singapore", "cluster": 2.0, "typology": "Local Mixed Street" }, "geometry": { "type": "LineString", "coordinates": [ [ 370194.614617624494713, 149284.182479158451315 ], [ 370349.386354210495483, 149351.07060608183383 ] ] } },
{ "type": "Feature", "properties": { "from_node": 413, "to_node": 420, "u": 1318498359.0, "v": 3998723969.0, "key": 0.0, "index": 173.0, "osmid": "635106333", "highway": "residential", "lanes": [ "2" ], "maxspeed": "40", "name": [ "Capricorn Drive" ], "oneway": "False", "reversed": "True", "length": 77.916667155303202, "bridge": null, "junction": null, "length_m": 78.025746698075636, "building_count_50m": 29.0, "avg_building_area": 277.47997554423148, "poi_count_50m": 1.0, "highway_clean": "residential", "highway_rank": 2.0, "sinuosity": 1.0, "poi_diversity": 0.0, "food_drink_count": 1.0, "street_furniture_count": 1.0, "degree_u": 8.0, "degree_v": 6.0, "avg_connectivity": 7.0, "city": "Singapore", "cluster": 2.0, "typology": "Local Mixed Street" }, "geometry": { "type": "LineString", "coordinates": [ [ 369336.618942183500621, 150134.468834149040049 ], [ 369359.092318273847923, 150060.287207739194855 ] ] } },
{ "type": "Feature", "properties": { "from_node": 561, "to_node": 1637, "u": 1318498377.0, "v": 6539271522.0, "key": 0.0, "index": 178.0, "osmid": "645122675", "highway": "residential", "lanes": [ "2" ], "maxspeed": "40", "name": [ "Soo Chow View" ], "oneway": "False", "reversed": "False", "length": 81.720583745515398, "bridge": null, "junction": null, "length_m": 81.834822211904566, "building_count_50m": 64.0, "avg_building_area": 132.885413257881, "poi_count_50m": 1.0, "highway_clean": "residential", "highway_rank": 2.0, "sinuosity": 1.0, "poi_diversity": 0.0, "food_drink_count": 1.0, "street_furniture_count": 1.0, "degree_u": 6.0, "degree_v": 2.0, "avg_connectivity": 4.0, "city": "Singapore", "cluster": 2.0, "typology": "Local Mixed Street" }, "geometry": { "type": "LineString", "coordinates": [ [ 369876.065022873401176, 149580.940490536129801 ], [ 369934.987379807047546, 149524.584912820253521 ] ] } },
{ "type": "Feature", "properties": { "from_node": 575, "to_node": 696, "u": 1318498406.0, "v": 1857011360.0, "key": 0.0, "index": 197.0, "osmid": "279813068", "highway": "residential", "lanes": [ "2" ], "maxspeed": "40", "name": [ "Jalan Pelatina" ], "oneway": "False", "reversed": "False", "length": 19.04322339514469, "bridge": null, "junction": null, "length_m": 19.069834017432417, "building_count_50m": 5.0, "avg_building_area": 1521.9635947649433, "poi_count_50m": 10.0, "highway_clean": "residential", "highway_rank": 2.0, "sinuosity": 1.0, "poi_diversity": 0.94334839232903911, "food_drink_count": 4.0, "street_furniture_count": 1.0, "degree_u": 6.0, "degree_v": 4.0, "avg_connectivity": 5.0, "city": "Singapore", "cluster": 1.0, "typology": "Active Commercial High Street" }, "geometry": { "type": "LineString", "coordinates": [ [ 370462.516207532957196, 149406.470080730679911 ], [ 370480.866646961425431, 149411.590973708254751 ] ] } },
{ "type": "Feature", "properties": { "from_node": 593, "to_node": 595, "u": 1318513939.0, "v": 5143793921.0, "key": 0.0, "index": 206.0, "osmid": "529547684", "highway": "residential", "lanes": [ "2" ], "maxspeed": "50", "name": [ "Jalan Rebana" ], "oneway": "False", "reversed": "False", "length": 37.550738957306734, "bridge": null, "junction": null, "length_m": 37.603385225238263, "building_count_50m": 34.0, "avg_building_area": 147.04608545495873, "poi_count_50m": 1.0, "highway_clean": "residential", "highway_rank": 2.0, "sinuosity": 1.0, "poi_diversity": 0.0, "food_drink_count": 1.0, "street_furniture_count": 1.0, "degree_u": 6.0, "degree_v": 5.0, "avg_connectivity": 5.5, "city": "Singapore", "cluster": 2.0, "typology": "Local Mixed Street" }, "geometry": { "type": "LineString", "coordinates": [ [ 369738.848976956447586, 150635.812569064612035 ], [ 369772.7376522286213, 150651.959081423352472 ] ] } },
{ "type": "Feature", "properties": { "from_node": 594, "to_node": 595, "u": 1318513939.0, "v": 5143788820.0, "key": 0.0, "index": 207.0, "osmid": "645200624", "highway": "residential", "lanes": [ "2" ], "maxspeed": "50", "name": [ "Jalan Angklong" ], "oneway": "False", "reversed": "False", "length": 36.399632099972216, "bridge": null, "junction": null, "length_m": 36.450666639850446, "building_count_50m": 31.0, "avg_building_area": 148.30184172080735, "poi_count_50m": 1.0, "highway_clean": "residential", "highway_rank": 2.0, "sinuosity": 1.0, "poi_diversity": 0.0, "food_drink_count": 1.0, "street_furniture_count": 1.0, "degree_u": 6.0, "degree_v": 5.0, "avg_connectivity": 5.5, "city": "Singapore", "cluster": 2.0, "typology": "Local Mixed Street" }, "geometry": { "type": "LineString", "coordinates": [ [ 369739.553943071688991, 150666.899986641685246 ], [ 369772.7376522286213, 150651.959081423352472 ] ] } },
{ "type": "Feature", "properties": { "from_node": 595, "to_node": 670, "u": 1318513939.0, "v": 1318514274.0, "key": 0.0, "index": 208.0, "osmid": "646856143", "highway": "residential", "lanes": [ "2" ], "maxspeed": "50", "name": [ "Jalan Angklong" ], "oneway": "False", "reversed": "True", "length": 17.598611005249136, "bridge": null, "junction": null, "length_m": 17.623284616748734, "building_count_50m": 21.0, "avg_building_area": 149.50094487416951, "poi_count_50m": 1.0, "highway_clean": "residential", "highway_rank": 2.0, "sinuosity": 1.0, "poi_diversity": 0.0, "food_drink_count": 1.0, "street_furniture_count": 1.0, "degree_u": 6.0, "degree_v": 6.0, "avg_connectivity": 6.0, "city": "Singapore", "cluster": 2.0, "typology": "Local Mixed Street" }, "geometry": { "type": "LineString", "coordinates": [ [ 369772.7376522286213, 150651.959081423352472 ], [ 369788.789990849443711, 150644.754223029245622 ] ] } },
{ "type": "Feature", "properties": { "from_node": 670, "to_node": 610, "u": 1318514215.0, "v": 1318514274.0, "key": 0.0, "index": 225.0, "osmid": "117041293", "highway": "residential", "lanes": null, "maxspeed": "50", "name": [ "Angklong Lane" ], "oneway": "False", "reversed": "True", "length": 59.952777698506281, "bridge": null, "junction": null, "length_m": 60.036838473627419, "building_count_50m": 30.0, "avg_building_area": 130.1146680404045, "poi_count_50m": 1.0, "highway_clean": "residential", "highway_rank": 2.0, "sinuosity": 1.0, "poi_diversity": 0.0, "food_drink_count": 1.0, "street_furniture_count": 1.0, "degree_u": 6.0, "degree_v": 6.0, "avg_connectivity": 6.0, "city": "Singapore", "cluster": 2.0, "typology": "Local Mixed Street" }, "geometry": { "type": "LineString", "coordinates": [ [ 369788.789990849443711, 150644.754223029245622 ], [ 369801.391487155633513, 150703.032112062501255 ] ] } },
{ "type": "Feature", "properties": { "from_node": 670, "to_node": 1643, "u": 1318514274.0, "v": 8918229466.0, "key": 0.0, "index": 230.0, "osmid": "646955334", "highway": "residential", "lanes": [ "2" ], "maxspeed": "50", "name": [ "Angklong Lane" ], "oneway": "False", "reversed": "True", "length": 23.73871182660865, "bridge": null, "junction": null, "length_m": 23.771993233825963, "building_count_50m": 21.0, "avg_building_area": 157.00073512107338, "poi_count_50m": 1.0, "highway_clean": "residential", "highway_rank": 2.0, "sinuosity": 1.0, "poi_diversity": 0.0, "food_drink_count": 1.0, "street_furniture_count": 1.0, "degree_u": 6.0, "degree_v": 2.0, "avg_connectivity": 4.0, "city": "Singapore", "cluster": 2.0, "typology": "Local Mixed Street" }, "geometry": { "type": "LineString", "coordinates": [ [ 369788.789990849443711, 150644.754223029245622 ], [ 369810.493530343344901, 150635.147601906675845 ] ] } },
{ "type": "Feature", "properties": { "from_node": 856, "to_node": 1655, "u": 2291053377.0, "v": 2291053394.0, "key": 0.0, "index": 289.0, "osmid": "219977147", "highway": "residential", "lanes": null, "maxspeed": "50", "name": [ "Fulton Road" ], "oneway": "False", "reversed": "True", "length": 56.022149374616227, "bridge": null, "junction": null, "length_m": 56.1006699124409, "building_count_50m": 43.0, "avg_building_area": 157.44123840686052, "poi_count_50m": 2.0, "highway_clean": "residential", "highway_rank": 2.0, "sinuosity": 1.0, "poi_diversity": 0.69314718055994529, "food_drink_count": 1.0, "street_furniture_count": 1.0, "degree_u": 6.0, "degree_v": 2.0, "avg_connectivity": 4.0, "city": "Singapore", "cluster": 2.0, "typology": "Local Mixed Street" }, "geometry": { "type": "LineString", "coordinates": [ [ 370372.342341187701095, 150509.949615312420065 ], [ 370393.519105374405626, 150561.523729250620818 ] ] } },
{ "type": "Feature", "properties": { "from_node": 237, "to_node": 856, "u": 2291053377.0, "v": 2291053401.0, "key": 0.0, "index": 290.0, "osmid": "631752163", "highway": "residential", "lanes": [ "2" ], "maxspeed": "50", "name": [ "Fulton Road" ], "oneway": "False", "reversed": "False", "length": 63.809744996252228, "bridge": null, "junction": null, "length_m": 63.899167394225813, "building_count_50m": 49.0, "avg_building_area": 130.87102809814186, "poi_count_50m": 2.0, "highway_clean": "residential", "highway_rank": 2.0, "sinuosity": 1.0, "poi_diversity": 0.69314718055994529, "food_drink_count": 1.0, "street_furniture_count": 1.0, "degree_u": 6.0, "degree_v": 6.0, "avg_connectivity": 6.0, "city": "Singapore", "cluster": 2.0, "typology": "Local Mixed Street" }, "geometry": { "type": "LineString", "coordinates": [ [ 370348.068920868216082, 150451.268389865377685 ], [ 370372.342341187701095, 150509.949615312420065 ] ] } },
{ "type": "Feature", "properties": { "from_node": 883, "to_node": 842, "u": 2291053414.0, "v": 2291053422.0, "key": 0.0, "index": 299.0, "osmid": "645128941", "highway": "residential", "lanes": [ "2" ], "maxspeed": "50", "name": [ "Fulton Avenue" ], "oneway": "False", "reversed": "True", "length": 65.045275842759594, "bridge": null, "junction": null, "length_m": 65.136444859319695, "building_count_50m": 62.0, "avg_building_area": 131.64450546159273, "poi_count_50m": 1.0, "highway_clean": "residential", "highway_rank": 2.0, "sinuosity": 1.0, "poi_diversity": 0.0, "food_drink_count": 1.0, "street_furniture_count": 1.0, "degree_u": 6.0, "degree_v": 6.0, "avg_connectivity": 6.0, "city": "Singapore", "cluster": 2.0, "typology": "Local Mixed Street" }, "geometry": { "type": "LineString", "coordinates": [ [ 370252.061641237465665, 150553.610157117363997 ], [ 370313.325760425534099, 150531.72405501070898 ] ] } },
{ "type": "Feature", "properties": { "from_node": 887, "to_node": 420, "u": 3784797714.0, "v": 3998723969.0, "key": 0.0, "index": 307.0, "osmid": "635106332", "highway": "residential", "lanes": [ "2" ], "maxspeed": "40", "name": [ "Windsor Park Road" ], "oneway": "False", "reversed": "True", "length": 74.112445303480641, "bridge": null, "junction": null, "length_m": 74.216184569947515, "building_count_50m": 14.0, "avg_building_area": 458.50670654692914, "poi_count_50m": 1.0, "highway_clean": "residential", "highway_rank": 2.0, "sinuosity": 1.0, "poi_diversity": 0.0, "food_drink_count": 1.0, "street_furniture_count": 1.0, "degree_u": 6.0, "degree_v": 6.0, "avg_connectivity": 6.0, "city": "Singapore", "cluster": 2.0, "typology": "Local Mixed Street" }, "geometry": { "type": "LineString", "coordinates": [ [ 369291.615971341438126, 150029.674392390035791 ], [ 369359.092318273847923, 150060.287207739194855 ] ] } },
{ "type": "Feature", "properties": { "from_node": 934, "to_node": 1552, "u": 4000033078.0, "v": 7424629435.0, "key": 0.0, "index": 326.0, "osmid": "818742293", "highway": "unclassified", "lanes": [ "2" ], "maxspeed": "50", "name": null, "oneway": "False", "reversed": "False", "length": 4.3254538216924248, "bridge": null, "junction": null, "length_m": 4.3315124292567999, "building_count_50m": 2.0, "avg_building_area": 1816.6566896113111, "poi_count_50m": 1.0, "highway_clean": "unclassified", "highway_rank": 1.0, "sinuosity": 1.0, "poi_diversity": 0.0, "food_drink_count": 1.0, "street_furniture_count": 1.0, "degree_u": 4.0, "degree_v": 4.0, "avg_connectivity": 4.0, "city": "Singapore", "cluster": 0.0, "typology": "Arterial Movement Corridor" }, "geometry": { "type": "LineString", "coordinates": [ [ 369634.780425264267251, 150291.421285746939247 ], [ 369635.972991367627401, 150295.555424617108656 ] ] } },
{ "type": "Feature", "properties": { "from_node": 979, "to_node": 116, "u": 4459074534.0, "v": 4459074535.0, "key": 0.0, "index": 333.0, "osmid": "537570249", "highway": "tertiary", "lanes": null, "maxspeed": "50", "name": [ "Sin Ming Drive" ], "oneway": "True", "reversed": "False", "length": 6.2685483521179703, "bridge": null, "junction": null, "length_m": 6.2773200696242171, "building_count_50m": 1.0, "avg_building_area": 172.25563315747215, "poi_count_50m": 1.0, "highway_clean": "tertiary", "highway_rank": 3.0, "sinuosity": 1.0, "poi_diversity": 0.0, "food_drink_count": 1.0, "street_furniture_count": 1.0, "degree_u": 3.0, "degree_v": 3.0, "avg_connectivity": 3.0, "city": "Singapore", "cluster": 0.0, "typology": "Arterial Movement Corridor" }, "geometry": { "type": "LineString", "coordinates": [ [ 370510.045121746021323, 149930.239345308800694 ], [ 370515.495725908491295, 149927.152278077497613 ] ] } },
{ "type": "Feature", "properties": { "from_node": 985, "to_node": 117, "u": 4459074536.0, "v": 243415163.0, "key": 0.0, "index": 336.0, "osmid": "537570250", "highway": "tertiary", "lanes": null, "maxspeed": "50", "name": [ "Sin Ming Drive" ], "oneway": "True", "reversed": "False", "length": 6.1811805643354623, "bridge": null, "junction": null, "length_m": 6.1898301624876604, "building_count_50m": 2.0, "avg_building_area": 827.78110078555744, "poi_count_50m": 1.0, "highway_clean": "tertiary", "highway_rank": 3.0, "sinuosity": 1.0, "poi_diversity": 0.0, "food_drink_count": 1.0, "street_furniture_count": 1.0, "degree_u": 3.0, "degree_v": 4.0, "avg_connectivity": 3.5, "city": "Singapore", "cluster": 0.0, "typology": "Arterial Movement Corridor" }, "geometry": { "type": "LineString", "coordinates": [ [ 370513.463828239473514, 149936.07493311795406 ], [ 370518.936791938962415, 149933.208962393167894 ] ] } },
{ "type": "Feature", "properties": { "from_node": 997, "to_node": 978, "u": 4459074630.0, "v": 4459074631.0, "key": 0.0, "index": 341.0, "osmid": "635677752", "highway": "tertiary", "lanes": null, "maxspeed": "50", "name": [ "Sin Ming Drive" ], "oneway": "True", "reversed": "False", "length": 10.725476159688723, "bridge": null, "junction": null, "length_m": 10.740480919336527, "building_count_50m": 5.0, "avg_building_area": 1969.6822378338443, "poi_count_50m": 3.0, "highway_clean": "tertiary", "highway_rank": 3.0, "sinuosity": 1.0, "poi_diversity": 0.63651416829481278, "food_drink_count": 1.0, "street_furniture_count": 1.0, "degree_u": 3.0, "degree_v": 4.0, "avg_connectivity": 3.5, "city": "Singapore", "cluster": 0.0, "typology": "Arterial Movement Corridor" }, "geometry": { "type": "LineString", "coordinates": [ [ 370636.146591766388156, 149842.719794326811098 ], [ 370641.516359936445951, 149833.485991933732294 ] ] } },
{ "type": "Feature", "properties": { "from_node": 997, "to_node": 119, "u": 4459074631.0, "v": 243415165.0, "key": 0.0, "index": 343.0, "osmid": "537570257", "highway": "tertiary", "lanes": [ "2" ], "maxspeed": "50", "name": [ "Sin Ming Road" ], "oneway": "True", "reversed": "False", "length": 15.898059696556022, "bridge": null, "junction": null, "length_m": 15.920301348286777, "building_count_50m": 5.0, "avg_building_area": 1969.6822378338443, "poi_count_50m": 3.0, "highway_clean": "tertiary", "highway_rank": 3.0, "sinuosity": 1.0, "poi_diversity": 0.63651416829481278, "food_drink_count": 1.0, "street_furniture_count": 1.0, "degree_u": 4.0, "degree_v": 3.0, "avg_connectivity": 3.5, "city": "Singapore", "cluster": 0.0, "typology": "Arterial Movement Corridor" }, "geometry": { "type": "LineString", "coordinates": [ [ 370636.146591766388156, 149842.719794326811098 ], [ 370649.369345283193979, 149851.513511342986021 ] ] } },
{ "type": "Feature", "properties": { "from_node": 332, "to_node": 1659, "u": 4486815537.0, "v": 4486815538.0, "key": 0.0, "index": 345.0, "osmid": "451876760", "highway": "residential", "lanes": [ "2" ], "maxspeed": null, "name": [ "Gardenia Road" ], "oneway": "False", "reversed": "True", "length": 50.585263722836238, "bridge": null, "junction": null, "length_m": 50.656014704669175, "building_count_50m": 26.0, "avg_building_area": 222.13861618339067, "poi_count_50m": 1.0, "highway_clean": "residential", "highway_rank": 2.0, "sinuosity": 1.0, "poi_diversity": 0.0, "food_drink_count": 1.0, "street_furniture_count": 1.0, "degree_u": 6.0, "degree_v": 2.0, "avg_connectivity": 4.0, "city": "Singapore", "cluster": 2.0, "typology": "Local Mixed Street" }, "geometry": { "type": "LineString", "coordinates": [ [ 369520.598234899225645, 149764.244764044095064 ], [ 369560.951398072007578, 149733.867116316978354 ] ] } },
{ "type": "Feature", "properties": { "from_node": 1036, "to_node": 172, "u": 4592960021.0, "v": 243463507.0, "key": 0.0, "index": 358.0, "osmid": "479762180", "highway": "primary", "lanes": [ "3" ], "maxspeed": "70", "name": [ "Ang Mo Kio Avenue 1" ], "oneway": "True", "reversed": "False", "length": 32.071008127112833, "bridge": null, "junction": null, "length_m": 32.116041989942183, "building_count_50m": 1.0, "avg_building_area": 1285.9822191297865, "poi_count_50m": 1.0, "highway_clean": "primary", "highway_rank": 5.0, "sinuosity": 1.0, "poi_diversity": 0.0, "food_drink_count": 1.0, "street_furniture_count": 1.0, "degree_u": 3.0, "degree_v": 4.0, "avg_connectivity": 3.5, "city": "Singapore", "cluster": 0.0, "typology": "Arterial Movement Corridor" }, "geometry": { "type": "LineString", "coordinates": [ [ 369906.28145346022211, 151226.122002527816221 ], [ 369938.258163308433723, 151223.320465808646986 ] ] } },
{ "type": "Feature", "properties": { "from_node": 189, "to_node": 1028, "u": 4592960082.0, "v": 4684558078.0, "key": 0.0, "index": 362.0, "osmid": "587479243", "highway": "secondary", "lanes": [ "2" ], "maxspeed": "50", "name": [ "Ang Mo Kio Avenue 2" ], "oneway": "True", "reversed": "False", "length": 14.996421128279325, "bridge": null, "junction": null, "length_m": 15.017478447294094, "building_count_50m": 1.0, "avg_building_area": 0.0, "poi_count_50m": 1.0, "highway_clean": "secondary", "highway_rank": 4.0, "sinuosity": 1.0, "poi_diversity": 0.0, "food_drink_count": 1.0, "street_furniture_count": 1.0, "degree_u": 4.0, "degree_v": 3.0, "avg_connectivity": 3.5, "city": "Singapore", "cluster": 0.0, "typology": "Arterial Movement Corridor" }, "geometry": { "type": "LineString", "coordinates": [ [ 369944.125481837487314, 151207.784792452002876 ], [ 369946.102103318204172, 151222.564878579345532 ] ] } },
{ "type": "Feature", "properties": { "from_node": 1071, "to_node": 1096, "u": 4593195739.0, "v": 4593195773.0, "key": 0.0, "index": 367.0, "osmid": "464176749", "highway": "secondary", "lanes": [ "2" ], "maxspeed": "50", "name": [ "Sin Ming Avenue" ], "oneway": "True", "reversed": "False", "length": 15.151640372075462, "bridge": null, "junction": null, "length_m": 15.172862938497046, "building_count_50m": 2.0, "avg_building_area": 1113.5738171888299, "poi_count_50m": 1.0, "highway_clean": "secondary", "highway_rank": 4.0, "sinuosity": 1.0, "poi_diversity": 0.0, "food_drink_count": 1.0, "street_furniture_count": 1.0, "degree_u": 4.0, "degree_v": 4.0, "avg_connectivity": 4.0, "city": "Singapore", "cluster": 0.0, "typology": "Arterial Movement Corridor" }, "geometry": { "type": "LineString", "coordinates": [ [ 369695.365239829814527, 150290.9828424397856 ], [ 369710.530952287255786, 150290.953375903336564 ] ] } },
{ "type": "Feature", "properties": { "from_node": 1073, "to_node": 1397, "u": 4593195751.0, "v": 5689382224.0, "key": 0.0, "index": 369.0, "osmid": "630111776", "highway": "secondary", "lanes": [ "2" ], "maxspeed": "50", "name": [ "Sin Ming Avenue" ], "oneway": "True", "reversed": "False", "length": 7.2632179005401616, "bridge": null, "junction": null, "length_m": 7.273403412746668, "building_count_50m": 2.0, "avg_building_area": 1015.9735780296437, "poi_count_50m": 1.0, "highway_clean": "secondary", "highway_rank": 4.0, "sinuosity": 1.0, "poi_diversity": 0.0, "food_drink_count": 1.0, "street_furniture_count": 1.0, "degree_u": 4.0, "degree_v": 4.0, "avg_connectivity": 4.0, "city": "Singapore", "cluster": 0.0, "typology": "Arterial Movement Corridor" }, "geometry": { "type": "LineString", "coordinates": [ [ 370184.887382992426865, 150732.44125219489797 ], [ 370191.809253917192109, 150734.64897263032617 ] ] } },
{ "type": "Feature", "properties": { "from_node": 1076, "to_node": 1154, "u": 4593195766.0, "v": 245174769.0, "key": 0.0, "index": 371.0, "osmid": "537570248", "highway": "residential", "lanes": null, "maxspeed": "50", "name": [ "Lorong Puntong" ], "oneway": "True", "reversed": "False", "length": 8.8068260277266628, "bridge": null, "junction": null, "length_m": 8.8191613266631474, "building_count_50m": 1.0, "avg_building_area": 3943.8880043960398, "poi_count_50m": 1.0, "highway_clean": "residential", "highway_rank": 2.0, "sinuosity": 1.0, "poi_diversity": 0.0, "food_drink_count": 1.0, "street_furniture_count": 1.0, "degree_u": 4.0, "degree_v": 3.0, "avg_connectivity": 3.5, "city": "Singapore", "cluster": 0.0, "typology": "Arterial Movement Corridor" }, "geometry": { "type": "LineString", "coordinates": [ [ 369913.926174350839574, 150288.378400686109671 ], [ 369913.977568187168799, 150279.622511103167199 ] ] } },
{ "type": "Feature", "properties": { "from_node": 1090, "to_node": 1091, "u": 4593195770.0, "v": 5698393581.0, "key": 0.0, "index": 373.0, "osmid": "598720592", "highway": "residential", "lanes": [ "2" ], "maxspeed": "50", "name": null, "oneway": "False", "reversed": "True", "length": 7.6667911132748907, "bridge": null, "junction": null, "length_m": 7.6775296684291705, "building_count_50m": 3.0, "avg_building_area": 1350.7184545002026, "poi_count_50m": 1.0, "highway_clean": "residential", "highway_rank": 2.0, "sinuosity": 1.0, "poi_diversity": 0.0, "food_drink_count": 1.0, "street_furniture_count": 1.0, "degree_u": 4.0, "degree_v": 6.0, "avg_connectivity": 5.0, "city": "Singapore", "cluster": 2.0, "typology": "Local Mixed Street" }, "geometry": { "type": "LineString", "coordinates": [ [ 369769.364703751110937, 150281.947871581709478 ], [ 369769.657690984196961, 150289.56489317343221 ] ] } },
{ "type": "Feature", "properties": { "from_node": 1095, "to_node": 1096, "u": 4593195773.0, "v": 245174751.0, "key": 0.0, "index": 375.0, "osmid": "479745397", "highway": "primary", "lanes": [ "4" ], "maxspeed": "60", "name": [ "Upper Thomson Road" ], "oneway": "True", "reversed": "False", "length": 6.7882508319646337, "bridge": null, "junction": null, "length_m": 6.7977588984588539, "building_count_50m": 1.0, "avg_building_area": 32.971273607553286, "poi_count_50m": 1.0, "highway_clean": "primary", "highway_rank": 5.0, "sinuosity": 1.0, "poi_diversity": 0.0, "food_drink_count": 1.0, "street_furniture_count": 1.0, "degree_u": 4.0, "degree_v": 4.0, "avg_connectivity": 4.0, "city": "Singapore", "cluster": 0.0, "typology": "Arterial Movement Corridor" }, "geometry": { "type": "LineString", "coordinates": [ [ 369709.915722610196099, 150284.231995953829028 ], [ 369710.530952287255786, 150290.953375903336564 ] ] } },
{ "type": "Feature", "properties": { "from_node": 1142, "to_node": 1155, "u": 4598816973.0, "v": 1318459274.0, "key": 0.0, "index": 399.0, "osmid": "537570262", "highway": "secondary", "lanes": [ "2" ], "maxspeed": "40", "name": [ "Sin Ming Avenue" ], "oneway": "True", "reversed": "False", "length": 8.4816667853928731, "bridge": null, "junction": null, "length_m": 8.4935497419000914, "building_count_50m": 2.0, "avg_building_area": 3689.3263090313644, "poi_count_50m": 3.0, "highway_clean": "secondary", "highway_rank": 4.0, "sinuosity": 1.0, "poi_diversity": 0.63651416829481278, "food_drink_count": 1.0, "street_furniture_count": 1.0, "degree_u": 4.0, "degree_v": 4.0, "avg_connectivity": 4.0, "city": "Singapore", "cluster": 0.0, "typology": "Arterial Movement Corridor" }, "geometry": { "type": "LineString", "coordinates": [ [ 370071.322994769318029, 150376.877928072819486 ], [ 370071.905654957517982, 150385.290789659164147 ] ] } },
{ "type": "Feature", "properties": { "from_node": 1157, "to_node": 189, "u": 4684558078.0, "v": 4684558079.0, "key": 0.0, "index": 401.0, "osmid": "536925876", "highway": "primary", "lanes": [ "4" ], "maxspeed": "70", "name": [ "Ang Mo Kio Avenue 1" ], "oneway": "True", "reversed": "False", "length": 7.9014839091927698, "bridge": null, "junction": null, "length_m": 7.912578618913666, "building_count_50m": 1.0, "avg_building_area": 0.0, "poi_count_50m": 1.0, "highway_clean": "primary", "highway_rank": 5.0, "sinuosity": 1.0, "poi_diversity": 0.0, "food_drink_count": 1.0, "street_furniture_count": 1.0, "degree_u": 3.0, "degree_v": 3.0, "avg_connectivity": 3.0, "city": "Singapore", "cluster": 0.0, "typology": "Arterial Movement Corridor" }, "geometry": { "type": "LineString", "coordinates": [ [ 369936.248134358844254, 151208.485118719458114 ], [ 369944.125481837487314, 151207.784792452002876 ] ] } },
{ "type": "Feature", "properties": { "from_node": 1157, "to_node": 172, "u": 4684558079.0, "v": 243463507.0, "key": 0.0, "index": 402.0, "osmid": "587479242", "highway": "secondary", "lanes": [ "2" ], "maxspeed": "50", "name": [ "Ang Mo Kio Avenue 2" ], "oneway": "True", "reversed": "False", "length": 15.055935625639126, "bridge": null, "junction": null, "length_m": 15.077076553579795, "building_count_50m": 1.0, "avg_building_area": 0.0, "poi_count_50m": 1.0, "highway_clean": "secondary", "highway_rank": 4.0, "sinuosity": 1.0, "poi_diversity": 0.0, "food_drink_count": 1.0, "street_furniture_count": 1.0, "degree_u": 3.0, "degree_v": 4.0, "avg_connectivity": 3.5, "city": "Singapore", "cluster": 0.0, "typology": "Arterial Movement Corridor" }, "geometry": { "type": "LineString", "coordinates": [ [ 369936.248134358844254, 151208.485118719458114 ], [ 369938.258163308433723, 151223.320465808646986 ] ] } },
{ "type": "Feature", "properties": { "from_node": 1188, "to_node": 436, "u": 4735281548.0, "v": 4735281549.0, "key": 0.0, "index": 417.0, "osmid": "633219627", "highway": "residential", "lanes": [ "2" ], "maxspeed": "40", "name": [ "Thomson Ridge" ], "oneway": "False", "reversed": "True", "length": 14.818397259384035, "bridge": null, "junction": null, "length_m": 14.839113960268635, "building_count_50m": 17.0, "avg_building_area": 318.32327807588149, "poi_count_50m": 11.0, "highway_clean": "residential", "highway_rank": 2.0, "sinuosity": 1.0, "poi_diversity": 1.1209503926735833, "food_drink_count": 3.0, "street_furniture_count": 1.0, "degree_u": 5.0, "degree_v": 6.0, "avg_connectivity": 5.5, "city": "Singapore", "cluster": 1.0, "typology": "Active Commercial High Street" }, "geometry": { "type": "LineString", "coordinates": [ [ 370236.594560394994915, 149582.690557900932617 ], [ 370250.071993919555098, 149588.841921096638544 ] ] } },
{ "type": "Feature", "properties": { "from_node": 587, "to_node": 1663, "u": 4749280927.0, "v": 7436308515.0, "key": 0.0, "index": 427.0, "osmid": "645118133", "highway": "residential", "lanes": null, "maxspeed": "40", "name": [ "Marigold Drive" ], "oneway": "False", "reversed": "False", "length": 11.095160414132014, "bridge": null, "junction": null, "length_m": 11.110677063185378, "building_count_50m": 24.0, "avg_building_area": 891.6223862165001, "poi_count_50m": 17.0, "highway_clean": "residential", "highway_rank": 2.0, "sinuosity": 1.0, "poi_diversity": 0.97184877123587654, "food_drink_count": 8.0, "street_furniture_count": 1.0, "degree_u": 6.0, "degree_v": 2.0, "avg_connectivity": 4.0, "city": "Singapore", "cluster": 1.0, "typology": "Active Commercial High Street" }, "geometry": { "type": "LineString", "coordinates": [ [ 369826.043980184942484, 149706.244258897961117 ], [ 369831.901171774603426, 149715.61640011597774 ] ] } },
{ "type": "Feature", "properties": { "from_node": 1073, "to_node": 1396, "u": 5015699438.0, "v": 4593195751.0, "key": 0.0, "index": 440.0, "osmid": "537159982", "highway": "residential", "lanes": null, "maxspeed": "50", "name": [ "Sin Ming Walk" ], "oneway": "True", "reversed": "False", "length": 16.389220482863461, "bridge": null, "junction": null, "length_m": 16.412203241457004, "building_count_50m": 3.0, "avg_building_area": 1198.9452836367025, "poi_count_50m": 1.0, "highway_clean": "residential", "highway_rank": 2.0, "sinuosity": 1.0, "poi_diversity": 0.0, "food_drink_count": 1.0, "street_furniture_count": 1.0, "degree_u": 3.0, "degree_v": 4.0, "avg_connectivity": 3.5, "city": "Singapore", "cluster": 0.0, "typology": "Arterial Movement Corridor" }, "geometry": { "type": "LineString", "coordinates": [ [ 370184.887382992426865, 150732.44125219489797 ], [ 370191.589569525152911, 150717.568524394679116 ] ] } },
{ "type": "Feature", "properties": { "from_node": 1258, "to_node": 1155, "u": 5138050329.0, "v": 4598816973.0, "key": 0.0, "index": 446.0, "osmid": "537570265", "highway": "residential", "lanes": [ "1" ], "maxspeed": "40", "name": [ "Bright Hill Drive" ], "oneway": "True", "reversed": "False", "length": 7.5735477559528279, "bridge": null, "junction": null, "length_m": 7.5841585484250249, "building_count_50m": 2.0, "avg_building_area": 3689.3263090313644, "poi_count_50m": 3.0, "highway_clean": "residential", "highway_rank": 2.0, "sinuosity": 1.0, "poi_diversity": 0.63651416829481278, "food_drink_count": 1.0, "street_furniture_count": 1.0, "degree_u": 3.0, "degree_v": 4.0, "avg_connectivity": 3.5, "city": "Singapore", "cluster": 0.0, "typology": "Arterial Movement Corridor" }, "geometry": { "type": "LineString", "coordinates": [ [ 370064.339719737472478, 150385.758777280483628 ], [ 370071.905654957517982, 150385.290789659164147 ] ] } },
{ "type": "Feature", "properties": { "from_node": 422, "to_node": 1258, "u": 5138050330.0, "v": 5138050329.0, "key": 0.0, "index": 448.0, "osmid": "537570263", "highway": "secondary", "lanes": [ "2" ], "maxspeed": "40", "name": [ "Sin Ming Avenue" ], "oneway": "True", "reversed": "False", "length": 8.4713390318601469, "bridge": null, "junction": null, "length_m": 8.4832075340406394, "building_count_50m": 2.0, "avg_building_area": 3689.3263090313644, "poi_count_50m": 2.0, "highway_clean": "secondary", "highway_rank": 4.0, "sinuosity": 1.0, "poi_diversity": 0.69314718055994529, "food_drink_count": 1.0, "street_furniture_count": 1.0, "degree_u": 3.0, "degree_v": 3.0, "avg_connectivity": 3.0, "city": "Singapore", "cluster": 0.0, "typology": "Arterial Movement Corridor" }, "geometry": { "type": "LineString", "coordinates": [ [ 370063.745937929430511, 150377.356976268114522 ], [ 370064.339719737472478, 150385.758777280483628 ] ] } },
{ "type": "Feature", "properties": { "from_node": 1289, "to_node": 649, "u": 5175569975.0, "v": 1318514046.0, "key": 0.0, "index": 455.0, "osmid": "537159988", "highway": "primary", "lanes": [ "3" ], "maxspeed": "60", "name": [ "Upper Thomson Road" ], "oneway": "True", "reversed": "False", "length": 39.804768115408194, "bridge": null, "junction": null, "length_m": 39.860583945558908, "building_count_50m": 11.0, "avg_building_area": 162.13230066195052, "poi_count_50m": 1.0, "highway_clean": "primary", "highway_rank": 5.0, "sinuosity": 1.0, "poi_diversity": 0.0, "food_drink_count": 1.0, "street_furniture_count": 1.0, "degree_u": 3.0, "degree_v": 5.0, "avg_connectivity": 4.0, "city": "Singapore", "cluster": 0.0, "typology": "Arterial Movement Corridor" }, "geometry": { "type": "LineString", "coordinates": [ [ 369633.812459540378768, 150726.551043462270172 ], [ 369634.594328142120503, 150686.983404077356681 ] ] } },
{ "type": "Feature", "properties": { "from_node": 174, "to_node": 247, "u": 5643502198.0, "v": 243465482.0, "key": 0.0, "index": 464.0, "osmid": "631707824", "highway": "primary", "lanes": null, "maxspeed": "70", "name": [ "Ang Mo Kio Avenue 1" ], "oneway": "True", "reversed": "False", "length": 6.6927557812067731, "bridge": null, "junction": null, "length_m": 6.7021497817719808, "building_count_50m": 1.0, "avg_building_area": 1910.1758469173342, "poi_count_50m": 1.0, "highway_clean": "primary", "highway_rank": 5.0, "sinuosity": 1.0, "poi_diversity": 0.0, "food_drink_count": 1.0, "street_furniture_count": 1.0, "degree_u": 3.0, "degree_v": 3.0, "avg_connectivity": 3.0, "city": "Singapore", "cluster": 0.0, "typology": "Arterial Movement Corridor" }, "geometry": { "type": "LineString", "coordinates": [ [ 370461.148500750714447, 151070.258980988612166 ], [ 370467.589954617316835, 151068.431723522022367 ] ] } },
{ "type": "Feature", "properties": { "from_node": 1335, "to_node": 108, "u": 5643502199.0, "v": 308938197.0, "key": 0.0, "index": 465.0, "osmid": "639270844", "highway": "primary", "lanes": null, "maxspeed": "70", "name": [ "Ang Mo Kio Avenue 1" ], "oneway": "True", "reversed": "False", "length": 7.6818434057684222, "bridge": null, "junction": null, "length_m": 7.6926261245927723, "building_count_50m": 1.0, "avg_building_area": 1910.1758469173342, "poi_count_50m": 1.0, "highway_clean": "primary", "highway_rank": 5.0, "sinuosity": 1.0, "poi_diversity": 0.0, "food_drink_count": 1.0, "street_furniture_count": 1.0, "degree_u": 4.0, "degree_v": 4.0, "avg_connectivity": 4.0, "city": "Singapore", "cluster": 0.0, "typology": "Arterial Movement Corridor" }, "geometry": { "type": "LineString", "coordinates": [ [ 370465.70667953469092, 151085.4689549622708 ], [ 370472.91547069180524, 151082.812172968900995 ] ] } },
{ "type": "Feature", "properties": { "from_node": 1396, "to_node": 235, "u": 5689382223.0, "v": 5015699438.0, "key": 0.0, "index": 484.0, "osmid": "630111775", "highway": "secondary", "lanes": [ "2" ], "maxspeed": "50", "name": [ "Sin Ming Avenue" ], "oneway": "True", "reversed": "False", "length": 7.0755433503331435, "bridge": null, "junction": null, "length_m": 7.0854652862830996, "building_count_50m": 3.0, "avg_building_area": 1198.9452836367025, "poi_count_50m": 1.0, "highway_clean": "secondary", "highway_rank": 4.0, "sinuosity": 1.0, "poi_diversity": 0.0, "food_drink_count": 1.0, "street_furniture_count": 1.0, "degree_u": 3.0, "degree_v": 3.0, "avg_connectivity": 3.0, "city": "Singapore", "cluster": 0.0, "typology": "Arterial Movement Corridor" }, "geometry": { "type": "LineString", "coordinates": [ [ 370191.589569525152911, 150717.568524394679116 ], [ 370198.211159248196054, 150720.06383053783793 ] ] } },
{ "type": "Feature", "properties": { "from_node": 1397, "to_node": 235, "u": 5689382224.0, "v": 5689382223.0, "key": 0.0, "index": 485.0, "osmid": "630111779", "highway": "residential", "lanes": null, "maxspeed": "50", "name": [ "Sin Ming Walk" ], "oneway": "True", "reversed": "False", "length": 16.003399386632537, "bridge": null, "junction": null, "length_m": 16.025841246269589, "building_count_50m": 3.0, "avg_building_area": 1198.9452836367025, "poi_count_50m": 1.0, "highway_clean": "residential", "highway_rank": 2.0, "sinuosity": 1.0, "poi_diversity": 0.0, "food_drink_count": 1.0, "street_furniture_count": 1.0, "degree_u": 4.0, "degree_v": 3.0, "avg_connectivity": 3.5, "city": "Singapore", "cluster": 0.0, "typology": "Arterial Movement Corridor" }, "geometry": { "type": "LineString", "coordinates": [ [ 370191.809253917192109, 150734.64897263032617 ], [ 370198.211159248196054, 150720.06383053783793 ] ] } },
{ "type": "Feature", "properties": { "from_node": 1411, "to_node": 1090, "u": 5698393581.0, "v": 4598764372.0, "key": 0.0, "index": 494.0, "osmid": "628202357", "highway": "secondary", "lanes": [ "3" ], "maxspeed": "50", "name": [ "Sin Ming Avenue" ], "oneway": "True", "reversed": "False", "length": 24.500703682167561, "bridge": null, "junction": null, "length_m": 24.535020442978503, "building_count_50m": 3.0, "avg_building_area": 1350.7184545002026, "poi_count_50m": 1.0, "highway_clean": "secondary", "highway_rank": 4.0, "sinuosity": 1.0, "poi_diversity": 0.0, "food_drink_count": 1.0, "street_furniture_count": 1.0, "degree_u": 6.0, "degree_v": 3.0, "avg_connectivity": 4.5, "city": "Singapore", "cluster": 0.0, "typology": "Arterial Movement Corridor" }, "geometry": { "type": "LineString", "coordinates": [ [ 369744.841361908824183, 150281.860261846828507 ], [ 369769.364703751110937, 150281.947871581709478 ] ] } },
{ "type": "Feature", "properties": { "from_node": 1485, "to_node": 1076, "u": 5935920073.0, "v": 4593195766.0, "key": 0.0, "index": 506.0, "osmid": "628714173", "highway": "secondary", "lanes": null, "maxspeed": "50", "name": [ "Sin Ming Avenue" ], "oneway": "True", "reversed": "False", "length": 6.3184194892869892, "bridge": null, "junction": null, "length_m": 6.3272695033358293, "building_count_50m": 1.0, "avg_building_area": 3943.8880043960398, "poi_count_50m": 1.0, "highway_clean": "secondary", "highway_rank": 4.0, "sinuosity": 1.0, "poi_diversity": 0.0, "food_drink_count": 1.0, "street_furniture_count": 1.0, "degree_u": 4.0, "degree_v": 4.0, "avg_connectivity": 4.0, "city": "Singapore", "cluster": 0.0, "typology": "Arterial Movement Corridor" }, "geometry": { "type": "LineString", "coordinates": [ [ 369907.606312396470457, 150288.61362412161543 ], [ 369913.926174350839574, 150288.378400686109671 ] ] } },
{ "type": "Feature", "properties": { "from_node": 195, "to_node": 1485, "u": 5935920074.0, "v": 5935920073.0, "key": 0.0, "index": 508.0, "osmid": "628714176", "highway": "residential", "lanes": null, "maxspeed": "50", "name": [ "Lorong Puntong" ], "oneway": "True", "reversed": "False", "length": 8.9845696419200287, "bridge": null, "junction": null, "length_m": 8.9971539026070975, "building_count_50m": 1.0, "avg_building_area": 3943.8880043960398, "poi_count_50m": 1.0, "highway_clean": "residential", "highway_rank": 2.0, "sinuosity": 1.0, "poi_diversity": 0.0, "food_drink_count": 1.0, "street_furniture_count": 1.0, "degree_u": 3.0, "degree_v": 4.0, "avg_connectivity": 3.5, "city": "Singapore", "cluster": 0.0, "typology": "Arterial Movement Corridor" }, "geometry": { "type": "LineString", "coordinates": [ [ 369907.590860072639771, 150279.68088056857232 ], [ 369907.606312396470457, 150288.61362412161543 ] ] } },
{ "type": "Feature", "properties": { "from_node": 1218, "to_node": 1598, "u": 6895851977.0, "v": 6895851975.0, "key": 0.0, "index": 521.0, "osmid": "630414234", "highway": "primary", "lanes": [ "3" ], "maxspeed": "60", "name": [ "Upper Thomson Road" ], "oneway": "True", "reversed": "False", "length": 24.86418932286584, "bridge": null, "junction": null, "length_m": 24.898969108170114, "building_count_50m": 17.0, "avg_building_area": 1046.0851761129054, "poi_count_50m": 4.0, "highway_clean": "primary", "highway_rank": 5.0, "sinuosity": 1.0, "poi_diversity": 0.56233514461880829, "food_drink_count": 1.0, "street_furniture_count": 1.0, "degree_u": 3.0, "degree_v": 3.0, "avg_connectivity": 3.0, "city": "Singapore", "cluster": 0.0, "typology": "Arterial Movement Corridor" }, "geometry": { "type": "LineString", "coordinates": [ [ 370042.934187612438109, 149791.608797562104883 ], [ 370065.884028887143359, 149782.045885869738413 ] ] } },
{ "type": "Feature", "properties": { "from_node": 3, "to_node": 2, "u": 206089495.0, "v": 206256177.0, "key": 0.0, "index": 0.0, "osmid": "448937619", "highway": "tertiary", "lanes": [ "2" ], "maxspeed": "50", "name": [ "Sin Ming Road" ], "oneway": "True", "reversed": "False", "length": 18.960016356260226, "bridge": null, "junction": null, "length_m": 18.986519065902513, "building_count_50m": 5.0, "avg_building_area": 1534.4585807942453, "poi_count_50m": 18.0, "highway_clean": "tertiary", "highway_rank": 3.0, "sinuosity": 1.0197488820055021, "poi_diversity": 0.86756322848146128, "food_drink_count": 8.0, "street_furniture_count": 1.0, "degree_u": 4.0, "degree_v": 3.0, "avg_connectivity": 3.5, "city": "Singapore", "cluster": 1.0, "typology": "Active Commercial High Street" }, "geometry": { "type": "LineString", "coordinates": [ [ 370415.810166721523274, 149530.765844991285121 ], [ 370409.277078985294793, 149527.23126323625911 ], [ 370405.026052941568196, 149525.950880998396315 ], [ 370397.938161814003251, 149525.611566593986936 ] ] } },
{ "type": "Feature", "properties": { "from_node": 3, "to_node": 1321, "u": 206089495.0, "v": 5176761855.0, "key": 0.0, "index": 1.0, "osmid": "632685925", "highway": "primary", "lanes": [ "4" ], "maxspeed": "60", "name": [ "Upper Thomson Road" ], "oneway": "True", "reversed": "False", "length": 31.368078422114458, "bridge": null, "junction": null, "length_m": 31.411924429028275, "building_count_50m": 4.0, "avg_building_area": 1498.7856910868691, "poi_count_50m": 17.0, "highway_clean": "primary", "highway_rank": 5.0, "sinuosity": 1.0003894951354111, "poi_diversity": 0.86871968291426505, "food_drink_count": 7.0, "street_furniture_count": 1.0, "degree_u": 4.0, "degree_v": 3.0, "avg_connectivity": 3.5, "city": "Singapore", "cluster": 1.0, "typology": "Active Commercial High Street" }, "geometry": { "type": "LineString", "coordinates": [ [ 370415.810166721523274, 149530.765844991285121 ], [ 370419.847190229746047, 149526.640255976089975 ], [ 370436.327665864431765, 149507.174904177372809 ] ] } },
{ "type": "Feature", "properties": { "from_node": 5, "to_node": 10, "u": null, "v": null, "key": null, "index": null, "osmid": null, "highway": null, "lanes": null, "maxspeed": null, "name": null, "oneway": null, "reversed": null, "length": null, "bridge": null, "junction": null, "length_m": null, "building_count_50m": null, "avg_building_area": null, "poi_count_50m": null, "highway_clean": null, "highway_rank": null, "sinuosity": null, "poi_diversity": null, "food_drink_count": null, "street_furniture_count": null, "degree_u": null, "degree_v": null, "avg_connectivity": null, "city": null, "cluster": null, "typology": null }, "geometry": { "type": "LineString", "coordinates": [ [ 370308.986454946105368, 149631.830050505319377 ], [ 370310.46426937286742, 149627.584078093233984 ], [ 370311.56423738959711, 149624.300104520487366 ], [ 370312.052272579167038, 149621.093812663893914 ], [ 370311.728455098054837, 149618.717063741758466 ], [ 370308.188194725313224, 149614.639333635190269 ], [ 370306.662897710571997, 149612.694321544928243 ] ] } },
{ "type": "Feature", "properties": { "from_node": 5, "to_node": 124, "u": 206089496.0, "v": 243415197.0, "key": 0.0, "index": 3.0, "osmid": "630437403", "highway": "primary", "lanes": [ "4" ], "maxspeed": "60", "name": [ "Upper Thomson Road" ], "oneway": "True", "reversed": "False", "length": 77.58197221221927, "bridge": null, "junction": null, "length_m": 77.690440612144528, "building_count_50m": 6.0, "avg_building_area": 1396.4676788538882, "poi_count_50m": 32.0, "highway_clean": "primary", "highway_rank": 5.0, "sinuosity": 1.0001230688153606, "poi_diversity": 0.92485395997316022, "food_drink_count": 16.0, "street_furniture_count": 1.0, "degree_u": 3.0, "degree_v": 4.0, "avg_connectivity": 3.5, "city": "Singapore", "cluster": 1.0, "typology": "Active Commercial High Street" }, "geometry": { "type": "LineString", "coordinates": [ [ 370308.986454946105368, 149631.830050505319377 ], [ 370338.714875712234061, 149604.08889756386634 ], [ 370344.531658336578403, 149598.890079592034454 ], [ 370354.26339266973082, 149590.240106358891353 ], [ 370366.31976426334586, 149579.820158655755222 ] ] } },
{ "type": "Feature", "properties": { "from_node": 14, "to_node": 1592, "u": 206089498.0, "v": 10898604743.0, "key": 0.0, "index": 4.0, "osmid": "634056112", "highway": "primary", "lanes": [ "3" ], "maxspeed": "60", "name": [ "Upper Thomson Road" ], "oneway": "True", "reversed": "False", "length": 57.13182371184341, "bridge": null, "junction": null, "length_m": 57.211739096490966, "building_count_50m": 31.0, "avg_building_area": 140.58308453505057, "poi_count_50m": 2.0, "highway_clean": "primary", "highway_rank": 5.0, "sinuosity": 1.0000005573801722, "poi_diversity": 0.69314718055994529, "food_drink_count": 1.0, "street_furniture_count": 1.0, "degree_u": 3.0, "degree_v": 3.0, "avg_connectivity": 3.0, "city": "Singapore", "cluster": 0.0, "typology": "Arterial Movement Corridor" }, "geometry": { "type": "LineString", "coordinates": [ [ 370072.50149779219646, 149799.034813084348571 ], [ 370111.836417019483633, 149779.934272779151797 ], [ 370123.861582751560491, 149774.05807352589909 ] ] } },
{ "type": "Feature", "properties": { "from_node": 16, "to_node": 1126, "u": null, "v": null, "key": null, "index": null, "osmid": null, "highway": null, "lanes": null, "maxspeed": null, "name": null, "oneway": null, "reversed": null, "length": null, "bridge": null, "junction": null, "length_m": null, "building_count_50m": null, "avg_building_area": null, "poi_count_50m": null, "highway_clean": null, "highway_rank": null, "sinuosity": null, "poi_diversity": null, "food_drink_count": null, "street_furniture_count": null, "degree_u": null, "degree_v": null, "avg_connectivity": null, "city": null, "cluster": null, "typology": null }, "geometry": { "type": "LineString", "coordinates": [ [ 369643.557181471493095, 150538.847810449980898 ], [ 369652.89995247189654, 150508.396713869442465 ], [ 369680.203990601468831, 150437.761595992138609 ], [ 369696.625310734263621, 150388.380239311052719 ], [ 369707.474495515401941, 150343.821743364271242 ], [ 369708.450058617279865, 150336.42521273199236 ], [ 369710.222782559168991, 150320.858360731654102 ] ] } },
{ "type": "Feature", "properties": { "from_node": 16, "to_node": 1617, "u": null, "v": null, "key": null, "index": null, "osmid": null, "highway": null, "lanes": null, "maxspeed": null, "name": null, "oneway": null, "reversed": null, "length": null, "bridge": null, "junction": null, "length_m": null, "building_count_50m": null, "avg_building_area": null, "poi_count_50m": null, "highway_clean": null, "highway_rank": null, "sinuosity": null, "poi_diversity": null, "food_drink_count": null, "street_furniture_count": null, "degree_u": null, "degree_v": null, "avg_connectivity": null, "city": null, "cluster": null, "typology": null }, "geometry": { "type": "LineString", "coordinates": [ [ 369643.557181471493095, 150538.847810449980898 ], [ 369647.374106681440026, 150539.796719195088372 ], [ 369653.350044235237874, 150541.629010185628431 ], [ 369656.154486639657989, 150542.677909629856003 ], [ 369671.489290199824609, 150547.181057750538457 ], [ 369682.205846008728258, 150550.326637108984869 ], [ 369687.725485198781826, 150551.949097726523178 ], [ 369706.320778070832603, 150557.202429223718354 ], [ 369720.776551408926025, 150561.672839652193943 ], [ 369754.562882363097742, 150573.264587453362765 ], [ 369786.335530791548081, 150585.387973652104847 ], [ 369805.354069145396352, 150591.547644670878071 ] ] } },
{ "type": "Feature", "properties": { "from_node": 32, "to_node": 636, "u": 206089579.0, "v": 1318514040.0, "key": 0.0, "index": 7.0, "osmid": [ 628456691, 641139677, 117041310 ], "highway": "residential", "lanes": [ "2" ], "maxspeed": "50", "name": [ "Jalan Tambur" ], "oneway": "False", "reversed": "False", "length": 60.817671636379345, "bridge": null, "junction": null, "length_m": 60.90299258377221, "building_count_50m": 21.0, "avg_building_area": 146.3764116876838, "poi_count_50m": 7.0, "highway_clean": "residential", "highway_rank": 2.0, "sinuosity": 1.0000880054132963, "poi_diversity": 1.0042424730540764, "food_drink_count": 1.0, "street_furniture_count": 1.0, "degree_u": 4.0, "degree_v": 6.0, "avg_connectivity": 5.0, "city": "Singapore", "cluster": 2.0, "typology": "Local Mixed Street" }, "geometry": { "type": "LineString", "coordinates": [ [ 369636.010262691997923, 150875.654087169386912 ], [ 369645.045973081781995, 150877.352216261031572 ], [ 369656.151432414073497, 150879.425220789125888 ], [ 369666.622669314325321, 150881.498534537764499 ], [ 369686.552520495664794, 150885.457714308693539 ], [ 369695.68856291269185, 150887.553789833036717 ] ] } },
{ "type": "Feature", "properties": { "from_node": 32, "to_node": 636, "u": 206089579.0, "v": 1318514040.0, "key": 0.0, "index": 7.0, "osmid": [ 628456691, 641139677, 117041310 ], "highway": "residential", "lanes": [ "2" ], "maxspeed": "50", "name": [ "Jalan Tambur" ], "oneway": "False", "reversed": "False", "length": 60.817671636379345, "bridge": null, "junction": null, "length_m": 60.90299258377221, "building_count_50m": 21.0, "avg_building_area": 146.3764116876838, "poi_count_50m": 7.0, "highway_clean": "residential", "highway_rank": 2.0, "sinuosity": 1.0000880054132963, "poi_diversity": 1.0042424730540764, "food_drink_count": 1.0, "street_furniture_count": 1.0, "degree_u": 4.0, "degree_v": 6.0, "avg_connectivity": 5.0, "city": "Singapore", "cluster": 2.0, "typology": "Local Mixed Street" }, "geometry": { "type": "LineString", "coordinates": [ [ 369636.010262691997923, 150875.654087169386912 ], [ 369645.045973081781995, 150877.352216261031572 ], [ 369656.151432414073497, 150879.425220789125888 ], [ 369666.622669314325321, 150881.498534537764499 ], [ 369686.552520495664794, 150885.457714308693539 ], [ 369695.68856291269185, 150887.553789833036717 ] ] } },
{ "type": "Feature", "properties": { "from_node": 32, "to_node": 1289, "u": 206089579.0, "v": 5175569975.0, "key": 0.0, "index": 8.0, "osmid": [ 628457699, 793764996, 479747046, 479747047, 661060670 ], "highway": "primary", "lanes": "['4' '3']", "maxspeed": "60", "name": [ "Upper Thomson Road" ], "oneway": "True", "reversed": "False", "length": 150.13497373326098, "bridge": null, "junction": null, "length_m": 150.34555229017272, "building_count_50m": 20.0, "avg_building_area": 145.25968011461305, "poi_count_50m": 5.0, "highway_clean": "primary", "highway_rank": 5.0, "sinuosity": 1.0010076753876056, "poi_diversity": 1.0549201679861442, "food_drink_count": 1.0, "street_furniture_count": 1.0, "degree_u": 4.0, "degree_v": 3.0, "avg_connectivity": 3.5, "city": "Singapore", "cluster": 0.0, "typology": "Arterial Movement Corridor" }, "geometry": { "type": "LineString", "coordinates": [ [ 369636.010262691997923, 150875.654087169386912 ], [ 369635.03761882300023, 150866.169031953904778 ], [ 369632.774392490275204, 150834.076322109467583 ], [ 369632.513023269188125, 150777.174330305162584 ], [ 369632.487954914045986, 150771.39237083302578 ], [ 369632.359296539449133, 150758.523953488416737 ], [ 369633.369941679877229, 150731.791516111494275 ], [ 369633.812459540378768, 150726.551043462270172 ] ] } },
{ "type": "Feature", "properties": { "from_node": 52, "to_node": 46, "u": 206089580.0, "v": 213279069.0, "key": 0.0, "index": 10.0, "osmid": [ 630436734, 536925862 ], "highway": "primary", "lanes": [ "3" ], "maxspeed": "60", "name": [ "Upper Thomson Road" ], "oneway": "True", "reversed": "False", "length": 43.285955571921406, "bridge": null, "junction": null, "length_m": 43.346734513789073, "building_count_50m": 1.0, "avg_building_area": 0.0, "poi_count_50m": 1.0, "highway_clean": "primary", "highway_rank": 5.0, "sinuosity": 1.0000151185236394, "poi_diversity": 0.0, "food_drink_count": 1.0, "street_furniture_count": 1.0, "degree_u": 4.0, "degree_v": 3.0, "avg_connectivity": 3.5, "city": "Singapore", "cluster": 0.0, "typology": "Arterial Movement Corridor" }, "geometry": { "type": "LineString", "coordinates": [ [ 369661.328827903373167, 151228.817383052082732 ], [ 369661.092663187417202, 151223.687795283534797 ], [ 369660.464452433167025, 151213.207587933953619 ], [ 369659.171522096847184, 151185.83506210273481 ] ] } },
{ "type": "Feature", "properties": { "from_node": 1618, "to_node": 1167, "u": 206224089.0, "v": 4593448998.0, "key": 0.0, "index": 11.0, "osmid": "632406656", "highway": "primary", "lanes": [ "3" ], "maxspeed": "70", "name": [ "Ang Mo Kio Avenue 1" ], "oneway": "True", "reversed": "False", "length": 23.836008416724592, "bridge": null, "junction": null, "length_m": 23.869461708436788, "building_count_50m": 3.0, "avg_building_area": 788.01252682078757, "poi_count_50m": 1.0, "highway_clean": "primary", "highway_rank": 5.0, "sinuosity": 1.0, "poi_diversity": 0.0, "food_drink_count": 1.0, "street_furniture_count": 1.0, "degree_u": 2.0, "degree_v": 1.0, "avg_connectivity": 1.5, "city": "Singapore", "cluster": 0.0, "typology": "Arterial Movement Corridor" }, "geometry": { "type": "LineString", "coordinates": [ [ 370625.303501174086705, 151031.187209647352574 ], [ 370602.586362398986239, 151038.428410942084156 ], [ 370600.08309410669608, 151038.905003241961822 ] ] } },
{ "type": "Feature", "properties": { "from_node": 48, "to_node": 1036, "u": 206250818.0, "v": 4592960021.0, "key": 0.0, "index": 12.0, "osmid": [ 634493368, 479762184, 175840031 ], "highway": "primary", "lanes": [ "3" ], "maxspeed": "70", "name": [ "Ang Mo Kio Avenue 1" ], "oneway": "True", "reversed": "False", "length": 184.60852276216008, "bridge": null, "junction": null, "length_m": 184.86775403772245, "building_count_50m": 2.0, "avg_building_area": 909.13908542737454, "poi_count_50m": 1.0, "highway_clean": "primary", "highway_rank": 5.0, "sinuosity": 1.0000915991739627, "poi_diversity": 0.0, "food_drink_count": 1.0, "street_furniture_count": 1.0, "degree_u": 3.0, "degree_v": 3.0, "avg_connectivity": 3.0, "city": "Singapore", "cluster": 0.0, "typology": "Arterial Movement Corridor" }, "geometry": { "type": "LineString", "coordinates": [ [ 369721.99665182409808, 151239.323560312244808 ], [ 369759.837397120660171, 151237.049796354316641 ], [ 369788.999015042558312, 151234.13905879604863 ], [ 369863.823291907901876, 151228.685434118669946 ], [ 369906.28145346022211, 151226.122002527816221 ] ] } },
{ "type": "Feature", "properties": { "from_node": 53, "to_node": 48, "u": 206250869.0, "v": 206250818.0, "key": 0.0, "index": 14.0, "osmid": "482046506", "highway": "primary", "lanes": [ "3" ], "maxspeed": "70", "name": [ "Ang Mo Kio Avenue 1" ], "oneway": "True", "reversed": "False", "length": 59.86694139777358, "bridge": null, "junction": null, "length_m": 59.951009641504797, "building_count_50m": 1.0, "avg_building_area": 532.29595172496261, "poi_count_50m": 1.0, "highway_clean": "primary", "highway_rank": 5.0, "sinuosity": 1.0000062420971592, "poi_diversity": 0.0, "food_drink_count": 1.0, "street_furniture_count": 1.0, "degree_u": 4.0, "degree_v": 3.0, "avg_connectivity": 3.5, "city": "Singapore", "cluster": 0.0, "typology": "Arterial Movement Corridor" }, "geometry": { "type": "LineString", "coordinates": [ [ 369662.125148477905896, 151241.773916648788145 ], [ 369667.232167196518276, 151241.506093743722886 ], [ 369721.99665182409808, 151239.323560312244808 ] ] } },
{ "type": "Feature", "properties": { "from_node": 109, "to_node": 57, "u": 206256075.0, "v": 3174051929.0, "key": 0.0, "index": 15.0, "osmid": [ 630437487, 19795863 ], "highway": "primary", "lanes": [ "3" ], "maxspeed": "60", "name": [ "Upper Thomson Road" ], "oneway": "True", "reversed": "False", "length": 43.3048323490261, "bridge": null, "junction": null, "length_m": 43.365292692108568, "building_count_50m": 2.0, "avg_building_area": 210.32989031515058, "poi_count_50m": 3.0, "highway_clean": "primary", "highway_rank": 5.0, "sinuosity": 1.0000000509129918, "poi_diversity": 0.0, "food_drink_count": 1.0, "street_furniture_count": 1.0, "degree_u": 3.0, "degree_v": 3.0, "avg_connectivity": 3.0, "city": "Singapore", "cluster": 0.0, "typology": "Arterial Movement Corridor" }, "geometry": { "type": "LineString", "coordinates": [ [ 370688.369061578530818, 149062.462941391393542 ], [ 370686.067536897258833, 149066.045975626591826 ], [ 370673.092299349256791, 149086.294529024657095 ], [ 370665.087009241688065, 149098.779850186023396 ] ] } },
{ "type": "Feature", "properties": { "from_node": 672, "to_node": 61, "u": 206256152.0, "v": 6913094587.0, "key": 0.0, "index": 17.0, "osmid": [ 633207448, 633207450, 633207451, 738285901 ], "highway": "primary", "lanes": "['4' '3']", "maxspeed": "60", "name": [ "Upper Thomson Road" ], "oneway": "True", "reversed": "False", "length": 178.97890483129129, "bridge": null, "junction": null, "length_m": 179.2293747953436, "building_count_50m": 18.0, "avg_building_area": 249.1642291889342, "poi_count_50m": 2.0, "highway_clean": "primary", "highway_rank": 5.0, "sinuosity": 1.0004099280278995, "poi_diversity": 0.0, "food_drink_count": 1.0, "street_furniture_count": 1.0, "degree_u": 4.0, "degree_v": 3.0, "avg_connectivity": 3.5, "city": "Singapore", "cluster": 0.0, "typology": "Arterial Movement Corridor" }, "geometry": { "type": "LineString", "coordinates": [ [ 369860.161748323647771, 149897.154313199687749 ], [ 369844.947749270882923, 149912.418098443245981 ], [ 369765.77461424464127, 149991.203913529199781 ], [ 369744.010019164183177, 150012.750345413951436 ], [ 369734.746951503911987, 150024.119770489516668 ] ] } },
{ "type": "Feature", "properties": { "from_node": 672, "to_node": 63, "u": 206256152.0, "v": 4749279415.0, "key": 0.0, "index": 18.0, "osmid": "633798232", "highway": "residential", "lanes": [ "2" ], "maxspeed": "40", "name": [ "Jasmine Road" ], "oneway": "False", "reversed": "True", "length": 14.425367540910095, "bridge": null, "junction": null, "length_m": 14.44555123576923, "building_count_50m": 6.0, "avg_building_area": 570.40844908613133, "poi_count_50m": 1.0, "highway_clean": "residential", "highway_rank": 2.0, "sinuosity": 1.000438600659602, "poi_diversity": 0.0, "food_drink_count": 1.0, "street_furniture_count": 1.0, "degree_u": 4.0, "degree_v": 5.0, "avg_connectivity": 4.5, "city": "Singapore", "cluster": 2.0, "typology": "Local Mixed Street" }, "geometry": { "type": "LineString", "coordinates": [ [ 369860.161748323647771, 149897.154313199687749 ], [ 369856.25354059075471, 149891.517954470706172 ], [ 369851.610834754421376, 149885.605565876932815 ] ] } },
{ "type": "Feature", "properties": { "from_node": 672, "to_node": 63, "u": 206256152.0, "v": 4749279415.0, "key": 0.0, "index": 18.0, "osmid": "633798232", "highway": "residential", "lanes": [ "2" ], "maxspeed": "40", "name": [ "Jasmine Road" ], "oneway": "False", "reversed": "True", "length": 14.425367540910095, "bridge": null, "junction": null, "length_m": 14.44555123576923, "building_count_50m": 6.0, "avg_building_area": 570.40844908613133, "poi_count_50m": 1.0, "highway_clean": "residential", "highway_rank": 2.0, "sinuosity": 1.000438600659602, "poi_diversity": 0.0, "food_drink_count": 1.0, "street_furniture_count": 1.0, "degree_u": 4.0, "degree_v": 5.0, "avg_connectivity": 4.5, "city": "Singapore", "cluster": 2.0, "typology": "Local Mixed Street" }, "geometry": { "type": "LineString", "coordinates": [ [ 369860.161748323647771, 149897.154313199687749 ], [ 369856.25354059075471, 149891.517954470706172 ], [ 369851.610834754421376, 149885.605565876932815 ] ] } },
{ "type": "Feature", "properties": { "from_node": 886, "to_node": 70, "u": 206256158.0, "v": 4810544981.0, "key": 0.0, "index": 20.0, "osmid": [ 632449344, 598740180 ], "highway": "residential", "lanes": [ "1" ], "maxspeed": "50", "name": [ "Upper Thomson Road" ], "oneway": "True", "reversed": "False", "length": 60.474642215125236, "bridge": null, "junction": null, "length_m": 60.559119384547792, "building_count_50m": 7.0, "avg_building_area": 269.31478088239697, "poi_count_50m": 4.0, "highway_clean": "residential", "highway_rank": 2.0, "sinuosity": 1.0198662799996576, "poi_diversity": 0.56233514461880829, "food_drink_count": 1.0, "street_furniture_count": 1.0, "degree_u": 3.0, "degree_v": 4.0, "avg_connectivity": 3.5, "city": "Singapore", "cluster": 0.0, "typology": "Arterial Movement Corridor" }, "geometry": { "type": "LineString", "coordinates": [ [ 370510.485514756059274, 149294.412044621800305 ], [ 370503.373630514135584, 149290.446574756060727 ], [ 370501.370161697966978, 149289.076669085567119 ], [ 370478.387903244409245, 149277.501653601444559 ], [ 370468.338071814156137, 149272.520497288380284 ], [ 370463.263993579661474, 149271.925937679450726 ], [ 370455.442103412235156, 149272.360843110916903 ] ] } },
{ "type": "Feature", "properties": { "from_node": 43, "to_node": 53, "u": null, "v": null, "key": null, "index": null, "osmid": null, "highway": null, "lanes": null, "maxspeed": null, "name": null, "oneway": null, "reversed": null, "length": null, "bridge": null, "junction": null, "length_m": null, "building_count_50m": null, "avg_building_area": null, "poi_count_50m": null, "highway_clean": null, "highway_rank": null, "sinuosity": null, "poi_diversity": null, "food_drink_count": null, "street_furniture_count": null, "degree_u": null, "degree_v": null, "avg_connectivity": null, "city": null, "cluster": null, "typology": null }, "geometry": { "type": "LineString", "coordinates": [ [ 369643.615495231701061, 151229.544632130215177 ], [ 369644.612010696902871, 151242.324182333570207 ], [ 369662.125148477905896, 151241.773916648788145 ] ] } },
{ "type": "Feature", "properties": { "from_node": 48, "to_node": 53, "u": null, "v": null, "key": null, "index": null, "osmid": null, "highway": null, "lanes": null, "maxspeed": null, "name": null, "oneway": null, "reversed": null, "length": null, "bridge": null, "junction": null, "length_m": null, "building_count_50m": null, "avg_building_area": null, "poi_count_50m": null, "highway_clean": null, "highway_rank": null, "sinuosity": null, "poi_diversity": null, "food_drink_count": null, "street_furniture_count": null, "degree_u": null, "degree_v": null, "avg_connectivity": null, "city": null, "cluster": null, "typology": null }, "geometry": { "type": "LineString", "coordinates": [ [ 369721.99665182409808, 151239.323560312244808 ], [ 369698.12248628976522, 151246.908156707242597 ], [ 369690.637245227349922, 151253.091775547945872 ], [ 369683.607977170904633, 151258.821901138639078 ], [ 369681.839725127676502, 151260.646904426102992 ], [ 369664.161115051188972, 151286.901042796671391 ], [ 369663.124616324086674, 151260.600765476381639 ], [ 369662.125148477905896, 151241.773916648788145 ] ] } },
{ "type": "Feature", "properties": { "from_node": 46, "to_node": 32, "u": 213279069.0, "v": 206089579.0, "key": 0.0, "index": 25.0, "osmid": [ 628457698, 628457700, 37372205, 37437076, 75122489 ], "highway": "primary", "lanes": [ "3" ], "maxspeed": "60", "name": [ "Upper Thomson Road" ], "oneway": "True", "reversed": "False", "length": 312.8519950454193, "bridge": "yes", "junction": null, "length_m": 313.29107034675201, "building_count_50m": 20.0, "avg_building_area": 137.70706634444406, "poi_count_50m": 8.0, "highway_clean": "primary", "highway_rank": 5.0, "sinuosity": 1.0000480597515971, "poi_diversity": 1.0821955300387673, "food_drink_count": 1.0, "street_furniture_count": 1.0, "degree_u": 3.0, "degree_v": 4.0, "avg_connectivity": 3.5, "city": "Singapore", "cluster": 0.0, "typology": "Arterial Movement Corridor" }, "geometry": { "type": "LineString", "coordinates": [ [ 369659.171522096847184, 151185.83506210273481 ], [ 369657.535452331765555, 151162.122039173409576 ], [ 369657.132798273407388, 151157.832742557773599 ], [ 369655.577853707247414, 151140.752916601515608 ], [ 369655.030644617392682, 151136.651632183755282 ], [ 369650.282018852303736, 151073.295481520064641 ], [ 369647.112525824864861, 151030.976975812780438 ], [ 369644.781069919175934, 150995.899344548670342 ], [ 369640.207822840136942, 150927.05962909507798 ], [ 369639.614552174170967, 150919.763357472576899 ], [ 369636.010262691997923, 150875.654087169386912 ] ] } },
{ "type": "Feature", "properties": { "from_node": 46, "to_node": 32, "u": 213279069.0, "v": 206089579.0, "key": 0.0, "index": 25.0, "osmid": [ 628457698, 628457700, 37372205, 37437076, 75122489 ], "highway": "primary", "lanes": [ "3" ], "maxspeed": "60", "name": [ "Upper Thomson Road" ], "oneway": "True", "reversed": "False", "length": 312.8519950454193, "bridge": "yes", "junction": null, "length_m": 313.29107034675201, "building_count_50m": 20.0, "avg_building_area": 137.70706634444406, "poi_count_50m": 8.0, "highway_clean": "primary", "highway_rank": 5.0, "sinuosity": 1.0000480597515971, "poi_diversity": 1.0821955300387673, "food_drink_count": 1.0, "street_furniture_count": 1.0, "degree_u": 3.0, "degree_v": 4.0, "avg_connectivity": 3.5, "city": "Singapore", "cluster": 0.0, "typology": "Arterial Movement Corridor" }, "geometry": { "type": "LineString", "coordinates": [ [ 369659.171522096847184, 151185.83506210273481 ], [ 369657.535452331765555, 151162.122039173409576 ], [ 369657.132798273407388, 151157.832742557773599 ], [ 369655.577853707247414, 151140.752916601515608 ], [ 369655.030644617392682, 151136.651632183755282 ], [ 369650.282018852303736, 151073.295481520064641 ], [ 369647.112525824864861, 151030.976975812780438 ], [ 369644.781069919175934, 150995.899344548670342 ], [ 369640.207822840136942, 150927.05962909507798 ], [ 369639.614552174170967, 150919.763357472576899 ], [ 369636.010262691997923, 150875.654087169386912 ] ] } },
{ "type": "Feature", "properties": { "from_node": 1159, "to_node": 46, "u": null, "v": null, "key": null, "index": null, "osmid": null, "highway": null, "lanes": null, "maxspeed": null, "name": null, "oneway": null, "reversed": null, "length": null, "bridge": null, "junction": null, "length_m": null, "building_count_50m": null, "avg_building_area": null, "poi_count_50m": null, "highway_clean": null, "highway_rank": null, "sinuosity": null, "poi_diversity": null, "food_drink_count": null, "street_furniture_count": null, "degree_u": null, "degree_v": null, "avg_connectivity": null, "city": null, "cluster": null, "typology": null }, "geometry": { "type": "LineString", "coordinates": [ [ 369712.666621404932812, 151227.299846412352053 ], [ 369687.481431593187153, 151216.035636800952489 ], [ 369679.20018849830376, 151209.914990541728912 ], [ 369671.987274059036281, 151204.13653999226517 ], [ 369667.845697017444763, 151199.119412481319159 ], [ 369664.649893614463508, 151194.112878677842673 ], [ 369659.171522096847184, 151185.83506210273481 ] ] } },
{ "type": "Feature", "properties": { "from_node": 1159, "to_node": 52, "u": 213279094.0, "v": 206089580.0, "key": 0.0, "index": 27.0, "osmid": "75122490", "highway": "primary", "lanes": [ "2" ], "maxspeed": "70", "name": [ "Ang Mo Kio Avenue 1" ], "oneway": "True", "reversed": "False", "length": 51.313252135545255, "bridge": null, "junction": null, "length_m": 51.385306426752969, "building_count_50m": 1.0, "avg_building_area": 532.29595172496261, "poi_count_50m": 1.0, "highway_clean": "primary", "highway_rank": 5.0, "sinuosity": 1.000009736493668, "poi_diversity": 0.0, "food_drink_count": 1.0, "street_furniture_count": 1.0, "degree_u": 3.0, "degree_v": 4.0, "avg_connectivity": 3.5, "city": "Singapore", "cluster": 0.0, "typology": "Arterial Movement Corridor" }, "geometry": { "type": "LineString", "coordinates": [ [ 369712.666621404932812, 151227.299846412352053 ], [ 369666.268973605299834, 151228.604918782453751 ], [ 369661.328827903373167, 151228.817383052082732 ] ] } },
{ "type": "Feature", "properties": { "from_node": 265, "to_node": 108, "u": null, "v": null, "key": null, "index": null, "osmid": null, "highway": null, "lanes": null, "maxspeed": null, "name": null, "oneway": null, "reversed": null, "length": null, "bridge": null, "junction": null, "length_m": null, "building_count_50m": null, "avg_building_area": null, "poi_count_50m": null, "highway_clean": null, "highway_rank": null, "sinuosity": null, "poi_diversity": null, "food_drink_count": null, "street_furniture_count": null, "degree_u": null, "degree_v": null, "avg_connectivity": null, "city": null, "cluster": null, "typology": null }, "geometry": { "type": "LineString", "coordinates": [ [ 370643.587975929724053, 151382.650352903699968 ], [ 370632.62460125843063, 151375.171191828296287 ], [ 370620.41460714279674, 151366.797151163977105 ], [ 370604.987456073402427, 151355.218616290105274 ], [ 370592.285886796773411, 151342.72116399864899 ], [ 370571.234176124329679, 151319.603558936476475 ], [ 370561.358585001493338, 151306.717796924407594 ], [ 370553.753151656710543, 151294.494255036785034 ], [ 370543.964094954775646, 151276.500872418138897 ], [ 370532.471485437243246, 151256.087190722959349 ], [ 370524.616320513770916, 151233.670723019749857 ], [ 370505.464256920618936, 151181.421304425079143 ], [ 370481.908346342912409, 151110.987940199411241 ], [ 370476.124975797021762, 151093.180550095596118 ], [ 370472.91547069180524, 151082.812172968900995 ] ] } },
{ "type": "Feature", "properties": { "from_node": 109, "to_node": 112, "u": null, "v": null, "key": null, "index": null, "osmid": null, "highway": null, "lanes": null, "maxspeed": null, "name": null, "oneway": null, "reversed": null, "length": null, "bridge": null, "junction": null, "length_m": null, "building_count_50m": null, "avg_building_area": null, "poi_count_50m": null, "highway_clean": null, "highway_rank": null, "sinuosity": null, "poi_diversity": null, "food_drink_count": null, "street_furniture_count": null, "degree_u": null, "degree_v": null, "avg_connectivity": null, "city": null, "cluster": null, "typology": null }, "geometry": { "type": "LineString", "coordinates": [ [ 370688.369061578530818, 149062.462941391393542 ], [ 370695.061262338247616, 149049.690810370462714 ], [ 370686.970967521076091, 149047.27354943336104 ], [ 370680.327992924547289, 149046.624454696604516 ], [ 370670.936924629553687, 149046.418886383791687 ] ] } },
{ "type": "Feature", "properties": { "from_node": 117, "to_node": 116, "u": 243415163.0, "v": 4459074534.0, "key": 0.0, "index": 33.0, "osmid": "537570251", "highway": "tertiary", "lanes": null, "maxspeed": "50", "name": [ "Sin Ming Drive" ], "oneway": "True", "reversed": "False", "length": 7.0032115943666202, "bridge": null, "junction": null, "length_m": 7.0130113798891482, "building_count_50m": 2.0, "avg_building_area": 827.78110078555744, "poi_count_50m": 1.0, "highway_clean": "tertiary", "highway_rank": 3.0, "sinuosity": 1.001178103764101, "poi_diversity": 0.0, "food_drink_count": 1.0, "street_furniture_count": 1.0, "degree_u": 4.0, "degree_v": 3.0, "avg_connectivity": 3.5, "city": "Singapore", "cluster": 0.0, "typology": "Arterial Movement Corridor" }, "geometry": { "type": "LineString", "coordinates": [ [ 370518.936791938962415, 149933.208962393167894 ], [ 370517.979001950239763, 149931.352121964184335 ], [ 370516.943479150882922, 149929.815924430644372 ], [ 370516.308725175156724, 149928.710693344357423 ], [ 370515.495725908491295, 149927.152278077497613 ] ] } },
{ "type": "Feature", "properties": { "from_node": 117, "to_node": 116, "u": 243415163.0, "v": 4459074534.0, "key": 0.0, "index": 33.0, "osmid": "537570251", "highway": "tertiary", "lanes": null, "maxspeed": "50", "name": [ "Sin Ming Drive" ], "oneway": "True", "reversed": "False", "length": 7.0032115943666202, "bridge": null, "junction": null, "length_m": 7.0130113798891482, "building_count_50m": 2.0, "avg_building_area": 827.78110078555744, "poi_count_50m": 1.0, "highway_clean": "tertiary", "highway_rank": 3.0, "sinuosity": 1.001178103764101, "poi_diversity": 0.0, "food_drink_count": 1.0, "street_furniture_count": 1.0, "degree_u": 4.0, "degree_v": 3.0, "avg_connectivity": 3.5, "city": "Singapore", "cluster": 0.0, "typology": "Arterial Movement Corridor" }, "geometry": { "type": "LineString", "coordinates": [ [ 370518.936791938962415, 149933.208962393167894 ], [ 370517.979001950239763, 149931.352121964184335 ], [ 370516.943479150882922, 149929.815924430644372 ], [ 370516.308725175156724, 149928.710693344357423 ], [ 370515.495725908491295, 149927.152278077497613 ] ] } },
{ "type": "Feature", "properties": { "from_node": 117, "to_node": 1247, "u": 243415163.0, "v": 5137827223.0, "key": 0.0, "index": 34.0, "osmid": "634509985", "highway": "tertiary", "lanes": [ "2" ], "maxspeed": "50", "name": [ "Sin Ming Drive" ], "oneway": "True", "reversed": "False", "length": 25.27991746201327, "bridge": null, "junction": null, "length_m": 25.315292018664366, "building_count_50m": 2.0, "avg_building_area": 827.78110078555744, "poi_count_50m": 1.0, "highway_clean": "tertiary", "highway_rank": 3.0, "sinuosity": 1.0002873234821981, "poi_diversity": 0.0, "food_drink_count": 1.0, "street_furniture_count": 1.0, "degree_u": 4.0, "degree_v": 3.0, "avg_connectivity": 3.5, "city": "Singapore", "cluster": 0.0, "typology": "Arterial Movement Corridor" }, "geometry": { "type": "LineString", "coordinates": [ [ 370518.936791938962415, 149933.208962393167894 ], [ 370525.010353422258049, 149929.834156423254171 ], [ 370540.516307515848894, 149920.097982808307279 ] ] } },
{ "type": "Feature", "properties": { "from_node": 119, "to_node": 978, "u": null, "v": null, "key": null, "index": null, "osmid": null, "highway": null, "lanes": null, "maxspeed": null, "name": null, "oneway": null, "reversed": null, "length": null, "bridge": null, "junction": null, "length_m": null, "building_count_50m": null, "avg_building_area": null, "poi_count_50m": null, "highway_clean": null, "highway_rank": null, "sinuosity": null, "poi_diversity": null, "food_drink_count": null, "street_furniture_count": null, "degree_u": null, "degree_v": null, "avg_connectivity": null, "city": null, "cluster": null, "typology": null }, "geometry": { "type": "LineString", "coordinates": [ [ 370649.369345283193979, 149851.513511342986021 ], [ 370650.759143396571744, 149849.345993910421384 ], [ 370651.793030209897552, 149847.477142036950681 ], [ 370653.049445885175373, 149845.597127994231414 ], [ 370655.006430183304474, 149842.854459739726735 ], [ 370641.516359936445951, 149833.485991933732294 ] ] } },
{ "type": "Feature", "properties": { "from_node": 124, "to_node": 1219, "u": 243415197.0, "v": 4786218633.0, "key": 0.0, "index": 39.0, "osmid": "634101307", "highway": "tertiary", "lanes": [ "2" ], "maxspeed": "50", "name": [ "Jalan Todak" ], "oneway": "True", "reversed": "False", "length": 9.8474454613804063, "bridge": null, "junction": null, "length_m": 9.8612124932024976, "building_count_50m": 4.0, "avg_building_area": 1560.7841684315094, "poi_count_50m": 15.0, "highway_clean": "tertiary", "highway_rank": 3.0, "sinuosity": 1.0000003183531698, "poi_diversity": 0.88231092451507553, "food_drink_count": 8.0, "street_furniture_count": 1.0, "degree_u": 4.0, "degree_v": 3.0, "avg_connectivity": 3.5, "city": "Singapore", "cluster": 1.0, "typology": "Active Commercial High Street" }, "geometry": { "type": "LineString", "coordinates": [ [ 370366.31976426334586, 149579.820158655755222 ], [ 370370.98432173312176, 149584.936553761392133 ], [ 370372.40929687616881, 149586.505731620796723 ], [ 370372.932529186364263, 149587.08035945368465 ] ] } },
{ "type": "Feature", "properties": { "from_node": 127, "to_node": 996, "u": 243415199.0, "v": 1601017004.0, "key": 0.0, "index": 40.0, "osmid": "146878753", "highway": "tertiary_link", "lanes": [ "1" ], "maxspeed": "50", "name": [ "Sin Ming Road" ], "oneway": "True", "reversed": "False", "length": 38.488628577932516, "bridge": null, "junction": null, "length_m": 38.542447605339177, "building_count_50m": 20.0, "avg_building_area": 318.56767333977058, "poi_count_50m": 20.0, "highway_clean": "tertiary_link", "highway_rank": 3.0, "sinuosity": 1.0311403617154447, "poi_diversity": 0.50040242353818787, "food_drink_count": 4.0, "street_furniture_count": 1.0, "degree_u": 3.0, "degree_v": 3.0, "avg_connectivity": 3.0, "city": "Singapore", "cluster": 1.0, "typology": "Active Commercial High Street" }, "geometry": { "type": "LineString", "coordinates": [ [ 370462.065746931184549, 149650.351639506814536 ], [ 370483.61225498188287, 149661.120274774759309 ], [ 370487.551692673761863, 149662.323418138490524 ], [ 370491.190225859521888, 149662.520667893026257 ], [ 370494.105203727725893, 149662.054943230643403 ], [ 370497.732201463659294, 149661.400935625453712 ] ] } },
{ "type": "Feature", "properties": { "from_node": 127, "to_node": 123, "u": 243415199.0, "v": 243415188.0, "key": 0.0, "index": 41.0, "osmid": [ 22694144, 176216268 ], "highway": "tertiary", "lanes": "['2' '3']", "maxspeed": "50", "name": [ "Sin Ming Road" ], "oneway": "True", "reversed": "False", "length": 114.37487205333743, "bridge": null, "junction": null, "length_m": 114.5348190039046, "building_count_50m": 28.0, "avg_building_area": 334.0127281601047, "poi_count_50m": 26.0, "highway_clean": "tertiary", "highway_rank": 3.0, "sinuosity": 1.0085966208268089, "poi_diversity": 0.42932302193061622, "food_drink_count": 4.0, "street_furniture_count": 1.0, "degree_u": 3.0, "degree_v": 4.0, "avg_connectivity": 3.5, "city": "Singapore", "cluster": 1.0, "typology": "Active Commercial High Street" }, "geometry": { "type": "LineString", "coordinates": [ [ 370462.065746931184549, 149650.351639506814536 ], [ 370479.47523794695735, 149665.544406617351342 ], [ 370485.987724142614752, 149672.528269826550968 ], [ 370503.615966140758246, 149703.021553822502028 ], [ 370517.836181923979893, 149726.750590096140513 ], [ 370529.503844806167763, 149741.039571286964929 ] ] } },
{ "type": "Feature", "properties": { "from_node": 136, "to_node": 57, "u": null, "v": null, "key": null, "index": null, "osmid": null, "highway": null, "lanes": null, "maxspeed": null, "name": null, "oneway": null, "reversed": null, "length": null, "bridge": null, "junction": null, "length_m": null, "building_count_50m": null, "avg_building_area": null, "poi_count_50m": null, "highway_clean": null, "highway_rank": null, "sinuosity": null, "poi_diversity": null, "food_drink_count": null, "street_furniture_count": null, "degree_u": null, "degree_v": null, "avg_connectivity": null, "city": null, "cluster": null, "typology": null }, "geometry": { "type": "LineString", "coordinates": [ [ 370644.860374055802822, 149032.612140370620182 ], [ 370657.65217802504776, 149047.641318606794812 ], [ 370661.083283869549632, 149056.163360666076187 ], [ 370663.089121829369105, 149062.497122480504913 ], [ 370666.276020131947007, 149072.235370189097011 ], [ 370665.835670468164608, 149082.119069615844637 ], [ 370665.087009241688065, 149098.779850186023396 ] ] } },
{ "type": "Feature", "properties": { "from_node": 136, "to_node": 70, "u": null, "v": null, "key": null, "index": null, "osmid": null, "highway": null, "lanes": null, "maxspeed": null, "name": null, "oneway": null, "reversed": null, "length": null, "bridge": null, "junction": null, "length_m": null, "building_count_50m": null, "avg_building_area": null, "poi_count_50m": null, "highway_clean": null, "highway_rank": null, "sinuosity": null, "poi_diversity": null, "food_drink_count": null, "street_furniture_count": null, "degree_u": null, "degree_v": null, "avg_connectivity": null, "city": null, "cluster": null, "typology": null }, "geometry": { "type": "LineString", "coordinates": [ [ 370644.860374055802822, 149032.612140370620182 ], [ 370630.112611380638555, 149022.503529872512445 ], [ 370566.340572552464437, 148989.456350617780117 ], [ 370555.220771148102358, 148980.705816311354283 ], [ 370547.664321421994828, 148977.801865796151105 ], [ 370539.975343251018785, 148976.976386594469659 ], [ 370532.287289090047125, 148978.085595414537238 ], [ 370525.434274334227666, 148980.310997110791504 ], [ 370518.292830393067561, 148984.349616278079338 ], [ 370514.100566306093242, 148989.625027181085898 ], [ 370511.455987450259272, 148997.132881917204941 ], [ 370509.471178558305837, 149011.527912326477235 ], [ 370507.826903390174266, 149016.724718551762635 ], [ 370506.292955269338563, 149019.953617569961352 ], [ 370505.726072441844735, 149021.169978403835557 ], [ 370467.981293496617582, 149061.761207426403416 ], [ 370453.245672996563371, 149077.06887937738793 ], [ 370449.388536830083467, 149085.107974523649318 ], [ 370449.259469044336583, 149094.41665332231787 ], [ 370446.603234020702075, 149100.807924936641939 ], [ 370437.860569076263346, 149106.992056980234338 ], [ 370419.066411220876034, 149127.984134667785838 ], [ 370410.125662338919938, 149138.756340673338855 ], [ 370369.864997402357403, 149176.684471526037669 ], [ 370358.243676027981564, 149189.481098730728263 ], [ 370356.708873740921263, 149190.919031825353159 ], [ 370372.361131481244229, 149207.726747890614206 ], [ 370410.643447890179232, 149244.135842767602298 ], [ 370411.534084951039404, 149245.17462054445059 ], [ 370433.016827124345582, 149262.145371750288177 ], [ 370436.177790097775869, 149264.166989497549366 ], [ 370443.144844274618663, 149267.74559063979541 ], [ 370455.442103412235156, 149272.360843110916903 ] ] } },
{ "type": "Feature", "properties": { "from_node": 172, "to_node": 1042, "u": 243463507.0, "v": 4592960024.0, "key": 0.0, "index": 46.0, "osmid": "631756682", "highway": "secondary", "lanes": [ "2" ], "maxspeed": "50", "name": [ "Ang Mo Kio Avenue 2" ], "oneway": "True", "reversed": "False", "length": 24.346684729967752, "bridge": null, "junction": null, "length_m": 24.380873131278719, "building_count_50m": 1.0, "avg_building_area": 0.0, "poi_count_50m": 1.0, "highway_clean": "secondary", "highway_rank": 4.0, "sinuosity": 1.0000000086484444, "poi_diversity": 0.0, "food_drink_count": 1.0, "street_furniture_count": 1.0, "degree_u": 4.0, "degree_v": 3.0, "avg_connectivity": 3.5, "city": "Singapore", "cluster": 0.0, "typology": "Arterial Movement Corridor" }, "geometry": { "type": "LineString", "coordinates": [ [ 369938.258163308433723, 151223.320465808646986 ], [ 369939.062170710647479, 151229.245760293881176 ], [ 369941.518840120406821, 151247.309061841573566 ] ] } },
{ "type": "Feature", "properties": { "from_node": 174, "to_node": 189, "u": null, "v": null, "key": null, "index": null, "osmid": null, "highway": null, "lanes": null, "maxspeed": null, "name": null, "oneway": null, "reversed": null, "length": null, "bridge": null, "junction": null, "length_m": null, "building_count_50m": null, "avg_building_area": null, "poi_count_50m": null, "highway_clean": null, "highway_rank": null, "sinuosity": null, "poi_diversity": null, "food_drink_count": null, "street_furniture_count": null, "degree_u": null, "degree_v": null, "avg_connectivity": null, "city": null, "cluster": null, "typology": null }, "geometry": { "type": "LineString", "coordinates": [ [ 370461.148500750714447, 151070.258980988612166 ], [ 370452.905047193053178, 151073.159482707938878 ], [ 370448.800021120347083, 151074.631836357555585 ], [ 370424.31421646050876, 151082.857845204009209 ], [ 370392.263507516123354, 151093.619206046976615 ], [ 370330.22051645477768, 151115.129891518328805 ], [ 370299.15971496864222, 151125.139024372940185 ], [ 370267.587086324288975, 151135.148411404254148 ], [ 370205.643679641070776, 151155.520390752673848 ], [ 370177.252879407315049, 151164.71015049496782 ], [ 370149.383871273894329, 151171.51169978780672 ], [ 370093.812763042165898, 151185.136840327904793 ], [ 370060.035935554653406, 151192.858873216988286 ], [ 370020.004872011952102, 151198.439212336670607 ], [ 369951.179476690129377, 151207.129089004563866 ], [ 369944.125481837487314, 151207.784792452002876 ] ] } },
{ "type": "Feature", "properties": { "from_node": 1095, "to_node": 192, "u": 245174751.0, "v": 4598764368.0, "key": 0.0, "index": 50.0, "osmid": "628223240", "highway": "primary", "lanes": [ "3" ], "maxspeed": "60", "name": [ "Upper Thomson Road" ], "oneway": "True", "reversed": "False", "length": 36.69506122952393, "bridge": null, "junction": null, "length_m": 36.74645575942278, "building_count_50m": 1.0, "avg_building_area": 0.0, "poi_count_50m": 1.0, "highway_clean": "primary", "highway_rank": 5.0, "sinuosity": 1.0002570886531874, "poi_diversity": 0.0, "food_drink_count": 1.0, "street_furniture_count": 1.0, "degree_u": 4.0, "degree_v": 3.0, "avg_connectivity": 3.5, "city": "Singapore", "cluster": 0.0, "typology": "Arterial Movement Corridor" }, "geometry": { "type": "LineString", "coordinates": [ [ 369709.915722610196099, 150284.231995953829028 ], [ 369709.656875237589702, 150278.184822064155014 ], [ 369706.493334171071183, 150247.916692702507135 ] ] } },
{ "type": "Feature", "properties": { "from_node": 190, "to_node": 194, "u": 245174757.0, "v": 5930664450.0, "key": 0.0, "index": 52.0, "osmid": "464176747", "highway": "unclassified", "lanes": [ "1" ], "maxspeed": "50", "name": [ "Venus Drive" ], "oneway": "True", "reversed": "False", "length": 18.514715033191841, "bridge": null, "junction": null, "length_m": 18.540647841996091, "building_count_50m": 1.0, "avg_building_area": 2194.1763607701064, "poi_count_50m": 1.0, "highway_clean": "unclassified", "highway_rank": 1.0, "sinuosity": 1.0007395401249926, "poi_diversity": 0.0, "food_drink_count": 1.0, "street_furniture_count": 1.0, "degree_u": 4.0, "degree_v": 3.0, "avg_connectivity": 3.5, "city": "Singapore", "cluster": 0.0, "typology": "Arterial Movement Corridor" }, "geometry": { "type": "LineString", "coordinates": [ [ 369694.973037539457437, 150285.278450132813305 ], [ 369689.765827502473257, 150285.479972938890569 ], [ 369676.548073432641104, 150287.12258281323011 ] ] } },
{ "type": "Feature", "properties": { "from_node": 204, "to_node": 1588, "u": null, "v": null, "key": null, "index": null, "osmid": null, "highway": null, "lanes": null, "maxspeed": null, "name": null, "oneway": null, "reversed": null, "length": null, "bridge": null, "junction": null, "length_m": null, "building_count_50m": null, "avg_building_area": null, "poi_count_50m": null, "highway_clean": null, "highway_rank": null, "sinuosity": null, "poi_diversity": null, "food_drink_count": null, "street_furniture_count": null, "degree_u": null, "degree_v": null, "avg_connectivity": null, "city": null, "cluster": null, "typology": null }, "geometry": { "type": "LineString", "coordinates": [ [ 370071.030600411468185, 150554.305851619661553 ], [ 370069.100635936832987, 150543.892619288089918 ], [ 370066.484820088022389, 150518.776064386649523 ], [ 370066.766504846455064, 150503.066233711346285 ], [ 370067.313716068048961, 150484.22760211059358 ], [ 370069.317504062666558, 150463.276687838544603 ], [ 370070.88835324626416, 150444.393339412112255 ], [ 370071.388032576185651, 150419.297386623627972 ], [ 370071.779336374485865, 150400.171391182171647 ] ] } },
{ "type": "Feature", "properties": { "from_node": 204, "to_node": 843, "u": 245174809.0, "v": 2291053373.0, "key": 0.0, "index": 56.0, "osmid": [ 630075832, 630075833 ], "highway": "residential", "lanes": [ "2" ], "maxspeed": "50", "name": [ "Fulton Road" ], "oneway": "False", "reversed": "True", "length": 73.392940957154266, "bridge": null, "junction": null, "length_m": 73.49580980985931, "building_count_50m": 28.0, "avg_building_area": 346.92575890133509, "poi_count_50m": 3.0, "highway_clean": "residential", "highway_rank": 2.0, "sinuosity": 1.0002642208636201, "poi_diversity": 1.0986122886681096, "food_drink_count": 1.0, "street_furniture_count": 1.0, "degree_u": 6.0, "degree_v": 6.0, "avg_connectivity": 6.0, "city": "Singapore", "cluster": 2.0, "typology": "Local Mixed Street" }, "geometry": { "type": "LineString", "coordinates": [ [ 370071.030600411468185, 150554.305851619661553 ], [ 370077.204975455475505, 150552.357113459234824 ], [ 370097.429264337115455, 150543.989450005552499 ], [ 370117.375755355635192, 150536.38474476034753 ], [ 370139.446963869268075, 150527.784029333328363 ] ] } },
{ "type": "Feature", "properties": { "from_node": 208, "to_node": 222, "u": null, "v": null, "key": null, "index": null, "osmid": null, "highway": null, "lanes": null, "maxspeed": null, "name": null, "oneway": null, "reversed": null, "length": null, "bridge": null, "junction": null, "length_m": null, "building_count_50m": null, "avg_building_area": null, "poi_count_50m": null, "highway_clean": null, "highway_rank": null, "sinuosity": null, "poi_diversity": null, "food_drink_count": null, "street_furniture_count": null, "degree_u": null, "degree_v": null, "avg_connectivity": null, "city": null, "cluster": null, "typology": null }, "geometry": { "type": "LineString", "coordinates": [ [ 370499.927091994904913, 150775.924275811994448 ], [ 370495.962616928736679, 150768.939202795503661 ], [ 370492.113911339896731, 150748.256476984213805 ], [ 370494.510724965133704, 150734.712496530934004 ], [ 370498.995143135660328, 150712.455880017892923 ], [ 370501.258871649159119, 150699.807449065643596 ], [ 370500.72054293542169, 150691.01869473172701 ], [ 370499.036326888599433, 150682.562155127583537 ], [ 370486.449271872523241, 150653.791124699258944 ], [ 370477.884018074197229, 150635.50969053155859 ], [ 370454.638646386447363, 150585.882332489796681 ], [ 370440.893420469772536, 150555.055557786836289 ], [ 370404.02432426600717, 150472.766161849023774 ], [ 370399.669084063789342, 150463.028486609953688 ], [ 370389.700224748637993, 150441.353725073102396 ], [ 370387.260916367638856, 150436.048326506803278 ] ] } },
{ "type": "Feature", "properties": { "from_node": 208, "to_node": 235, "u": null, "v": null, "key": null, "index": null, "osmid": null, "highway": null, "lanes": null, "maxspeed": null, "name": null, "oneway": null, "reversed": null, "length": null, "bridge": null, "junction": null, "length_m": null, "building_count_50m": null, "avg_building_area": null, "poi_count_50m": null, "highway_clean": null, "highway_rank": null, "sinuosity": null, "poi_diversity": null, "food_drink_count": null, "street_furniture_count": null, "degree_u": null, "degree_v": null, "avg_connectivity": null, "city": null, "cluster": null, "typology": null }, "geometry": { "type": "LineString", "coordinates": [ [ 370499.927091994904913, 150775.924275811994448 ], [ 370482.763237426232081, 150785.45124625810422 ], [ 370476.700595631788019, 150788.339629187685205 ], [ 370433.11811660323292, 150812.815186534513487 ], [ 370413.791670172708109, 150814.040631320240209 ], [ 370389.958131822466385, 150790.659010055387625 ], [ 370374.988270592759363, 150781.412913342093816 ], [ 370358.92930997046642, 150774.886964694946073 ], [ 370339.468126420979388, 150773.613964388670865 ], [ 370320.094798501289915, 150769.952962722891243 ], [ 370303.546666186128277, 150764.267460754635977 ], [ 370255.202250819362234, 150743.429390051052906 ], [ 370207.882060882693622, 150723.795861184509704 ], [ 370198.211159248196054, 150720.06383053783793 ] ] } },
{ "type": "Feature", "properties": { "from_node": 222, "to_node": 237, "u": 247709808.0, "v": 2291053401.0, "key": 0.0, "index": 60.0, "osmid": "22979556", "highway": "residential", "lanes": [ "2" ], "maxspeed": "50", "name": [ "Fulton Road" ], "oneway": "False", "reversed": "False", "length": 42.053196199542214, "bridge": null, "junction": null, "length_m": 42.112123359636293, "building_count_50m": 28.0, "avg_building_area": 132.74963725707795, "poi_count_50m": 2.0, "highway_clean": "residential", "highway_rank": 2.0, "sinuosity": 1.0002740580054739, "poi_diversity": 0.69314718055994529, "food_drink_count": 1.0, "street_furniture_count": 1.0, "degree_u": 6.0, "degree_v": 6.0, "avg_connectivity": 6.0, "city": "Singapore", "cluster": 2.0, "typology": "Local Mixed Street" }, "geometry": { "type": "LineString", "coordinates": [ [ 370387.260916367638856, 150436.048326506803278 ], [ 370355.689477106847335, 150448.721973279636586 ], [ 370348.068920868216082, 150451.268389865377685 ] ] } },
{ "type": "Feature", "properties": { "from_node": 222, "to_node": 239, "u": 247709808.0, "v": 1318527841.0, "key": 0.0, "index": 61.0, "osmid": "117041963", "highway": "residential", "lanes": [ "2" ], "maxspeed": "50", "name": [ "Bright Hill Road" ], "oneway": "False", "reversed": "False", "length": 31.948889421994117, "bridge": null, "junction": null, "length_m": 31.993655226413217, "building_count_50m": 14.0, "avg_building_area": 546.36733597105376, "poi_count_50m": 2.0, "highway_clean": "residential", "highway_rank": 2.0, "sinuosity": 1.0000000021815714, "poi_diversity": 0.69314718055994529, "food_drink_count": 1.0, "street_furniture_count": 1.0, "degree_u": 6.0, "degree_v": 2.0, "avg_connectivity": 4.0, "city": "Singapore", "cluster": 2.0, "typology": "Local Mixed Street" }, "geometry": { "type": "LineString", "coordinates": [ [ 370387.260916367638856, 150436.048326506803278 ], [ 370385.211453312425874, 150431.59400295370142 ], [ 370373.972815619199537, 150407.156011063460028 ] ] } },
{ "type": "Feature", "properties": { "from_node": 72, "to_node": 124, "u": 248889863.0, "v": 243415197.0, "key": 0.0, "index": 63.0, "osmid": "22694146", "highway": "tertiary", "lanes": [ "2" ], "maxspeed": "50", "name": [ "Jalan Todak" ], "oneway": "True", "reversed": "False", "length": 25.205208985353426, "bridge": null, "junction": null, "length_m": 25.240445138002446, "building_count_50m": 4.0, "avg_building_area": 1560.7841684315094, "poi_count_50m": 21.0, "highway_clean": "tertiary", "highway_rank": 3.0, "sinuosity": 1.0119192627618552, "poi_diversity": 0.84681438073256343, "food_drink_count": 11.0, "street_furniture_count": 1.0, "degree_u": 3.0, "degree_v": 4.0, "avg_connectivity": 3.5, "city": "Singapore", "cluster": 1.0, "typology": "Active Commercial High Street" }, "geometry": { "type": "LineString", "coordinates": [ [ 370367.609715044149198, 149555.088680970744463 ], [ 370366.255821595492307, 149562.518538404343417 ], [ 370365.134692434105091, 149568.079926926642656 ], [ 370365.215250120789278, 149573.640738375426736 ], [ 370366.31976426334586, 149579.820158655755222 ] ] } },
{ "type": "Feature", "properties": { "from_node": 72, "to_node": 10, "u": 248889863.0, "v": 1318498426.0, "key": 0.0, "index": 64.0, "osmid": [ 537570267, 630437404 ], "highway": "primary", "lanes": [ "3" ], "maxspeed": "60", "name": [ "Upper Thomson Road" ], "oneway": "True", "reversed": "False", "length": 84.053509055742836, "bridge": null, "junction": null, "length_m": 84.171018598628081, "building_count_50m": 6.0, "avg_building_area": 1396.4676788538882, "poi_count_50m": 36.0, "highway_clean": "primary", "highway_rank": 5.0, "sinuosity": 1.0000272868444773, "poi_diversity": 0.90607140517923601, "food_drink_count": 16.0, "street_furniture_count": 1.0, "degree_u": 3.0, "degree_v": 4.0, "avg_connectivity": 3.5, "city": "Singapore", "cluster": 1.0, "typology": "Active Commercial High Street" }, "geometry": { "type": "LineString", "coordinates": [ [ 370367.609715044149198, 149555.088680970744463 ], [ 370347.646251161233522, 149573.870283946976997 ], [ 370334.022359282476828, 149587.099049688084051 ], [ 370306.662897710571997, 149612.694321544928243 ] ] } },
{ "type": "Feature", "properties": { "from_node": 43, "to_node": 1276, "u": 5175569970.0, "v": 248894319.0, "key": 0.0, "index": 454.0, "osmid": [ 479747044, 479747045, 537159985, 633202450, 633202451, 633202453, 75122488, 1526444828 ], "highway": "primary", "lanes": "['4' '3']", "maxspeed": "60", "name": [ "Upper Thomson Road" ], "oneway": "True", "reversed": "False", "length": 475.51275443098524, "bridge": "yes", "junction": null, "length_m": 476.17998815048082, "building_count_50m": 23.0, "avg_building_area": 205.99854395536053, "poi_count_50m": 7.0, "highway_clean": "primary", "highway_rank": 5.0, "sinuosity": 1.00030316817734, "poi_diversity": 1.0789922078775833, "food_drink_count": 1.0, "street_furniture_count": 1.0, "degree_u": 3.0, "degree_v": 2.0, "avg_connectivity": 2.5, "city": "Singapore", "cluster": 0.0, "typology": "Arterial Movement Corridor" }, "geometry": { "type": "LineString", "coordinates": [ [ 369643.615495231701061, 151229.544632130215177 ], [ 369643.16761003161082, 151223.77393453894183 ], [ 369641.40635226177983, 151194.345332400960615 ], [ 369639.643024873454124, 151160.671459240285913 ], [ 369638.520994767604861, 151141.490896058618091 ], [ 369636.169214592431672, 151110.393216663942439 ], [ 369635.119606706663035, 151057.195166389079532 ], [ 369627.738191140000708, 150979.689388571481686 ], [ 369624.204941315401811, 150944.380177512852242 ], [ 369623.043362584139686, 150912.519093455834081 ], [ 369622.422418805304915, 150894.101106916757999 ], [ 369620.479094249312766, 150856.325766779424157 ], [ 369616.053520428715274, 150793.654883948824136 ], [ 369614.754736729664728, 150777.050311904720729 ], [ 369613.276844552718103, 150758.22369238655665 ], [ 369611.034200155350845, 150722.681686408177484 ] ] } },
{ "type": "Feature", "properties": { "from_node": 108, "to_node": 1167, "u": 308938197.0, "v": 4684558083.0, "key": 0.0, "index": 67.0, "osmid": [ 536925848, 634510470 ], "highway": "primary", "lanes": [ "3" ], "maxspeed": "70", "name": [ "Ang Mo Kio Avenue 1" ], "oneway": "True", "reversed": "False", "length": 134.51066272683533, "bridge": null, "junction": null, "length_m": 134.69945844853947, "building_count_50m": 4.0, "avg_building_area": 1068.5533568449241, "poi_count_50m": 2.0, "highway_clean": "primary", "highway_rank": 5.0, "sinuosity": 1.0000354589042353, "poi_diversity": 0.69314718055994529, "food_drink_count": 1.0, "street_furniture_count": 1.0, "degree_u": 4.0, "degree_v": 3.0, "avg_connectivity": 3.5, "city": "Singapore", "cluster": 0.0, "typology": "Arterial Movement Corridor" }, "geometry": { "type": "LineString", "coordinates": [ [ 370472.91547069180524, 151082.812172968900995 ], [ 370484.907890719361603, 151078.428435921261553 ], [ 370495.009110376355238, 151074.731048814224778 ], [ 370518.816239833249711, 151066.615931391221238 ], [ 370553.336576454457827, 151054.847358799132053 ], [ 370600.08309410669608, 151038.905003241961822 ] ] } },
{ "type": "Feature", "properties": { "from_node": 1624, "to_node": 255, "u": null, "v": null, "key": null, "index": null, "osmid": null, "highway": null, "lanes": null, "maxspeed": null, "name": null, "oneway": null, "reversed": null, "length": null, "bridge": null, "junction": null, "length_m": null, "building_count_50m": null, "avg_building_area": null, "poi_count_50m": null, "highway_clean": null, "highway_rank": null, "sinuosity": null, "poi_diversity": null, "food_drink_count": null, "street_furniture_count": null, "degree_u": null, "degree_v": null, "avg_connectivity": null, "city": null, "cluster": null, "typology": null }, "geometry": { "type": "LineString", "coordinates": [ [ 370696.185060153948143, 149491.904516822105506 ], [ 370629.640883016341832, 149594.718053758871974 ], [ 370614.981639638601337, 149606.764367186871823 ], [ 370557.922787208808586, 149627.830081867112312 ], [ 370552.67190364934504, 149629.767289109557169 ] ] } },
{ "type": "Feature", "properties": { "from_node": 256, "to_node": 264, "u": null, "v": null, "key": null, "index": null, "osmid": null, "highway": null, "lanes": null, "maxspeed": null, "name": null, "oneway": null, "reversed": null, "length": null, "bridge": null, "junction": null, "length_m": null, "building_count_50m": null, "avg_building_area": null, "poi_count_50m": null, "highway_clean": null, "highway_rank": null, "sinuosity": null, "poi_diversity": null, "food_drink_count": null, "street_furniture_count": null, "degree_u": null, "degree_v": null, "avg_connectivity": null, "city": null, "cluster": null, "typology": null }, "geometry": { "type": "LineString", "coordinates": [ [ 370558.837515557941515, 149679.082297871354967 ], [ 370564.250988991872873, 149691.351150939473882 ], [ 370573.05672598228557, 149700.732926552329445 ], [ 370575.984553707297891, 149703.86018859728938 ], [ 370570.278760907473043, 149708.473012326197932 ], [ 370541.282880635699257, 149732.377567016577814 ], [ 370536.21079143055249, 149735.906662763620261 ] ] } },
{ "type": "Feature", "properties": { "from_node": 256, "to_node": 255, "u": 310582069.0, "v": 1601017000.0, "key": 0.0, "index": 70.0, "osmid": "647098687", "highway": "residential", "lanes": [ "2" ], "maxspeed": "40", "name": [ "Jalan Minggu" ], "oneway": "False", "reversed": "True", "length": 49.982228984489382, "bridge": null, "junction": null, "length_m": 50.052118948928815, "building_count_50m": 42.0, "avg_building_area": 112.20491299306757, "poi_count_50m": 4.0, "highway_clean": "residential", "highway_rank": 2.0, "sinuosity": 1.0000000362525434, "poi_diversity": 0.56233514461880829, "food_drink_count": 1.0, "street_furniture_count": 1.0, "degree_u": 6.0, "degree_v": 6.0, "avg_connectivity": 6.0, "city": "Singapore", "cluster": 2.0, "typology": "Local Mixed Street" }, "geometry": { "type": "LineString", "coordinates": [ [ 370558.837515557941515, 149679.082297871354967 ], [ 370553.565488702850416, 149636.952845351683209 ], [ 370552.67190364934504, 149629.767289109557169 ] ] } },
{ "type": "Feature", "properties": { "from_node": 256, "to_node": 1626, "u": 310582069.0, "v": 310582364.0, "key": 0.0, "index": 71.0, "osmid": [ 717060328, 646976944 ], "highway": "residential", "lanes": [ "2" ], "maxspeed": "40", "name": [ "Jalan Rabu" ], "oneway": "False", "reversed": "True", "length": 68.916600958405738, "bridge": null, "junction": null, "length_m": 69.012970524869942, "building_count_50m": 58.0, "avg_building_area": 115.11878480959118, "poi_count_50m": 1.0, "highway_clean": "residential", "highway_rank": 2.0, "sinuosity": 1.0000832349644673, "poi_diversity": 0.0, "food_drink_count": 1.0, "street_furniture_count": 1.0, "degree_u": 6.0, "degree_v": 2.0, "avg_connectivity": 4.0, "city": "Singapore", "cluster": 2.0, "typology": "Local Mixed Street" }, "geometry": { "type": "LineString", "coordinates": [ [ 370558.837515557941515, 149679.082297871354967 ], [ 370567.092293178429827, 149676.48032688247622 ], [ 370601.479856838122942, 149665.795406419725623 ], [ 370624.842800667509437, 149659.195206844276981 ] ] } },
{ "type": "Feature", "properties": { "from_node": 94, "to_node": 265, "u": null, "v": null, "key": null, "index": null, "osmid": null, "highway": null, "lanes": null, "maxspeed": null, "name": null, "oneway": null, "reversed": null, "length": null, "bridge": null, "junction": null, "length_m": null, "building_count_50m": null, "avg_building_area": null, "poi_count_50m": null, "highway_clean": null, "highway_rank": null, "sinuosity": null, "poi_diversity": null, "food_drink_count": null, "street_furniture_count": null, "degree_u": null, "degree_v": null, "avg_connectivity": null, "city": null, "cluster": null, "typology": null }, "geometry": { "type": "LineString", "coordinates": [ [ 370639.128937293600757, 151388.312859942554496 ], [ 370644.204703019408043, 151392.467213199503021 ], [ 370648.518869978724979, 151386.340451440366451 ], [ 370643.587975929724053, 151382.650352903699968 ] ] } },
{ "type": "Feature", "properties": { "from_node": 280, "to_node": 280, "u": null, "v": null, "key": null, "index": null, "osmid": null, "highway": null, "lanes": null, "maxspeed": null, "name": null, "oneway": null, "reversed": null, "length": null, "bridge": null, "junction": null, "length_m": null, "building_count_50m": null, "avg_building_area": null, "poi_count_50m": null, "highway_clean": null, "highway_rank": null, "sinuosity": null, "poi_diversity": null, "food_drink_count": null, "street_furniture_count": null, "degree_u": null, "degree_v": null, "avg_connectivity": null, "city": null, "cluster": null, "typology": null }, "geometry": { "type": "LineString", "coordinates": [ [ 369467.735773417633027, 149719.827645953628235 ], [ 369468.90543658088427, 149722.624096009181812 ], [ 369471.23187015048461, 149724.568720298702829 ], [ 369474.191923979611602, 149725.263777680549538 ], [ 369477.151298164506443, 149724.554799631354399 ], [ 369479.453583818860352, 149722.585824101493927 ], [ 369480.609412482124753, 149719.7882485348091 ], [ 369480.463464423373807, 149717.101857044472126 ], [ 369479.227233543992043, 149714.70343363302527 ], [ 369477.112331479787827, 149713.01298106770264 ], [ 369474.48608022602275, 149712.317761981830699 ], [ 369471.804740964784287, 149712.750220374611672 ], [ 369469.535599977069069, 149714.232742296269862 ], [ 369467.956852950388566, 149716.820470096165081 ], [ 369467.735773417633027, 149719.827645953628235 ] ] } },
{ "type": "Feature", "properties": { "from_node": 280, "to_node": 332, "u": 1318459092.0, "v": 4486815537.0, "key": 0.0, "index": 78.0, "osmid": "644397349", "highway": "residential", "lanes": [ "2" ], "maxspeed": "40", "name": [ "Gardenia Road" ], "oneway": "False", "reversed": "True", "length": 60.274692534279126, "bridge": null, "junction": null, "length_m": 60.358993781663379, "building_count_50m": 21.0, "avg_building_area": 179.92881780580771, "poi_count_50m": 1.0, "highway_clean": "residential", "highway_rank": 2.0, "sinuosity": 1.0052031230347045, "poi_diversity": 0.0, "food_drink_count": 1.0, "street_furniture_count": 1.0, "degree_u": 4.0, "degree_v": 6.0, "avg_connectivity": 5.0, "city": "Singapore", "cluster": 2.0, "typology": "Local Mixed Street" }, "geometry": { "type": "LineString", "coordinates": [ [ 369480.609412482124753, 149719.7882485348091 ], [ 369486.676104725454934, 149725.180347244051518 ], [ 369497.796450910682324, 149734.925827230035793 ], [ 369508.617551033792552, 149747.103639530658256 ], [ 369520.598234899225645, 149764.244764044095064 ] ] } },
{ "type": "Feature", "properties": { "from_node": 290, "to_node": 289, "u": null, "v": null, "key": null, "index": null, "osmid": null, "highway": null, "lanes": null, "maxspeed": null, "name": null, "oneway": null, "reversed": null, "length": null, "bridge": null, "junction": null, "length_m": null, "building_count_50m": null, "avg_building_area": null, "poi_count_50m": null, "highway_clean": null, "highway_rank": null, "sinuosity": null, "poi_diversity": null, "food_drink_count": null, "street_furniture_count": null, "degree_u": null, "degree_v": null, "avg_connectivity": null, "city": null, "cluster": null, "typology": null }, "geometry": { "type": "LineString", "coordinates": [ [ 369690.887821996118873, 149914.272514136275277 ], [ 369669.899458859814331, 149907.395160347456113 ], [ 369638.659956438234076, 149893.480482541839592 ], [ 369632.059481736156158, 149888.696691330667818 ], [ 369628.062921286618803, 149884.442298740381375 ], [ 369624.188663922075648, 149879.999905197095359 ], [ 369615.093256440712139, 149869.966008752380731 ] ] } },
{ "type": "Feature", "properties": { "from_node": 290, "to_node": 360, "u": null, "v": null, "key": null, "index": null, "osmid": null, "highway": null, "lanes": null, "maxspeed": null, "name": null, "oneway": null, "reversed": null, "length": null, "bridge": null, "junction": null, "length_m": null, "building_count_50m": null, "avg_building_area": null, "poi_count_50m": null, "highway_clean": null, "highway_rank": null, "sinuosity": null, "poi_diversity": null, "food_drink_count": null, "street_furniture_count": null, "degree_u": null, "degree_v": null, "avg_connectivity": null, "city": null, "cluster": null, "typology": null }, "geometry": { "type": "LineString", "coordinates": [ [ 369690.887821996118873, 149914.272514136275277 ], [ 369706.716389496461488, 149904.381335627549561 ], [ 369726.961454735894222, 149892.796548133308534 ], [ 369746.682564486633055, 149879.14465904320241 ], [ 369763.810648558370303, 149864.465875426947605 ], [ 369777.779301609029062, 149850.949437412375119 ], [ 369789.667133067792747, 149837.179732938646339 ], [ 369797.606244972732384, 149826.043120369518874 ], [ 369807.368775640556123, 149812.075448354153195 ], [ 369814.67294443177525, 149799.446666942007141 ], [ 369821.774510397342965, 149782.008890585391782 ] ] } },
{ "type": "Feature", "properties": { "from_node": 290, "to_node": 350, "u": 1318459099.0, "v": 1318459301.0, "key": 0.0, "index": 81.0, "osmid": [ 645115405, 717017677 ], "highway": "residential", "lanes": [ "2" ], "maxspeed": "40", "name": [ "Gardenia Road" ], "oneway": "False", "reversed": "True", "length": 53.861077509001227, "bridge": null, "junction": null, "length_m": 53.936445358452879, "building_count_50m": 24.0, "avg_building_area": 313.43375274008287, "poi_count_50m": 2.0, "highway_clean": "residential", "highway_rank": 2.0, "sinuosity": 1.0001901684131256, "poi_diversity": 0.0, "food_drink_count": 1.0, "street_furniture_count": 1.0, "degree_u": 6.0, "degree_v": 6.0, "avg_connectivity": 6.0, "city": "Singapore", "cluster": 2.0, "typology": "Local Mixed Street" }, "geometry": { "type": "LineString", "coordinates": [ [ 369690.887821996118873, 149914.272514136275277 ], [ 369727.545827330439351, 149927.753411998855881 ], [ 369741.656711310963146, 149932.257185419555753 ] ] } },
{ "type": "Feature", "properties": { "from_node": 302, "to_node": 289, "u": null, "v": null, "key": null, "index": null, "osmid": null, "highway": null, "lanes": null, "maxspeed": null, "name": null, "oneway": null, "reversed": null, "length": null, "bridge": null, "junction": null, "length_m": null, "building_count_50m": null, "avg_building_area": null, "poi_count_50m": null, "highway_clean": null, "highway_rank": null, "sinuosity": null, "poi_diversity": null, "food_drink_count": null, "street_furniture_count": null, "degree_u": null, "degree_v": null, "avg_connectivity": null, "city": null, "cluster": null, "typology": null }, "geometry": { "type": "LineString", "coordinates": [ [ 369787.738802874460816, 149738.002771883562673 ], [ 369776.825797904864885, 149765.867622948950157 ], [ 369762.675567354424857, 149795.082798223127611 ], [ 369752.490962726878934, 149810.587376519280951 ], [ 369725.488296749012079, 149837.619803729205159 ], [ 369688.602395291440189, 149859.085101002972806 ], [ 369662.001757644640747, 149866.129198790789815 ], [ 369636.679095034953207, 149869.867119090020424 ], [ 369615.093256440712139, 149869.966008752380731 ] ] } },
{ "type": "Feature", "properties": { "from_node": 301, "to_node": 313, "u": 1318459125.0, "v": 1318459246.0, "key": 0.0, "index": 86.0, "osmid": [ 636851194, 464804357 ], "highway": "residential", "lanes": [ "2" ], "maxspeed": "40", "name": [ "Jasmine Road" ], "oneway": "False", "reversed": "True", "length": 51.37636607772729, "bridge": null, "junction": null, "length_m": 51.448208498921083, "building_count_50m": 27.0, "avg_building_area": 169.22929161744017, "poi_count_50m": 1.0, "highway_clean": "residential", "highway_rank": 2.0, "sinuosity": 1.0000767953846921, "poi_diversity": 0.0, "food_drink_count": 1.0, "street_furniture_count": 1.0, "degree_u": 6.0, "degree_v": 6.0, "avg_connectivity": 6.0, "city": "Singapore", "cluster": 2.0, "typology": "Local Mixed Street" }, "geometry": { "type": "LineString", "coordinates": [ [ 369751.820878253318369, 149690.294001256668707 ], [ 369735.755736350663938, 149671.153823215543525 ], [ 369730.16688989510294, 149664.490121519076638 ], [ 369724.433310059714131, 149657.649603338009911 ], [ 369719.122578461538069, 149650.875213182822336 ] ] } },
{ "type": "Feature", "properties": { "from_node": 301, "to_node": 313, "u": 1318459125.0, "v": 1318459246.0, "key": 0.0, "index": 86.0, "osmid": [ 636851194, 464804357 ], "highway": "residential", "lanes": [ "2" ], "maxspeed": "40", "name": [ "Jasmine Road" ], "oneway": "False", "reversed": "True", "length": 51.37636607772729, "bridge": null, "junction": null, "length_m": 51.448208498921083, "building_count_50m": 27.0, "avg_building_area": 169.22929161744017, "poi_count_50m": 1.0, "highway_clean": "residential", "highway_rank": 2.0, "sinuosity": 1.0000767953846921, "poi_diversity": 0.0, "food_drink_count": 1.0, "street_furniture_count": 1.0, "degree_u": 6.0, "degree_v": 6.0, "avg_connectivity": 6.0, "city": "Singapore", "cluster": 2.0, "typology": "Local Mixed Street" }, "geometry": { "type": "LineString", "coordinates": [ [ 369751.820878253318369, 149690.294001256668707 ], [ 369735.755736350663938, 149671.153823215543525 ], [ 369730.16688989510294, 149664.490121519076638 ], [ 369724.433310059714131, 149657.649603338009911 ], [ 369719.122578461538069, 149650.875213182822336 ] ] } },
{ "type": "Feature", "properties": { "from_node": 301, "to_node": 328, "u": null, "v": null, "key": null, "index": null, "osmid": null, "highway": null, "lanes": null, "maxspeed": null, "name": null, "oneway": null, "reversed": null, "length": null, "bridge": null, "junction": null, "length_m": null, "building_count_50m": null, "avg_building_area": null, "poi_count_50m": null, "highway_clean": null, "highway_rank": null, "sinuosity": null, "poi_diversity": null, "food_drink_count": null, "street_furniture_count": null, "degree_u": null, "degree_v": null, "avg_connectivity": null, "city": null, "cluster": null, "typology": null }, "geometry": { "type": "LineString", "coordinates": [ [ 369751.820878253318369, 149690.294001256668707 ], [ 369750.877181648451369, 149694.595003696536878 ], [ 369745.736834133625962, 149718.068079586140811 ], [ 369741.546611854573712, 149727.511406960897148 ], [ 369733.13340825564228, 149747.680503842682811 ], [ 369721.9818740352639, 149765.462960957345786 ], [ 369707.660374264232814, 149785.634916677256115 ], [ 369691.556588566687424, 149801.650909301824868 ], [ 369679.032173226471059, 149810.545500718028052 ], [ 369661.723836145887617, 149820.636389649182092 ], [ 369649.674315758922603, 149822.178917517216178 ], [ 369639.637537830974907, 149821.244064087746665 ], [ 369632.660234624985605, 149819.522797883313615 ], [ 369626.060186888615135, 149815.623436537309317 ], [ 369620.417231533152517, 149812.121606372442329 ], [ 369610.431298912793864, 149801.29215036612004 ] ] } },
{ "type": "Feature", "properties": { "from_node": 1628, "to_node": 331, "u": null, "v": null, "key": null, "index": null, "osmid": null, "highway": null, "lanes": null, "maxspeed": null, "name": null, "oneway": null, "reversed": null, "length": null, "bridge": null, "junction": null, "length_m": null, "building_count_50m": null, "avg_building_area": null, "poi_count_50m": null, "highway_clean": null, "highway_rank": null, "sinuosity": null, "poi_diversity": null, "food_drink_count": null, "street_furniture_count": null, "degree_u": null, "degree_v": null, "avg_connectivity": null, "city": null, "cluster": null, "typology": null }, "geometry": { "type": "LineString", "coordinates": [ [ 369661.095732839894481, 150223.837950348795857 ], [ 369621.314296561409719, 150193.941346736712148 ], [ 369615.104095957125537, 150190.882014353264822 ], [ 369580.483982769073918, 150180.893674469291 ] ] } },
{ "type": "Feature", "properties": { "from_node": 333, "to_node": 425, "u": null, "v": null, "key": null, "index": null, "osmid": null, "highway": null, "lanes": null, "maxspeed": null, "name": null, "oneway": null, "reversed": null, "length": null, "bridge": null, "junction": null, "length_m": null, "building_count_50m": null, "avg_building_area": null, "poi_count_50m": null, "highway_clean": null, "highway_rank": null, "sinuosity": null, "poi_diversity": null, "food_drink_count": null, "street_furniture_count": null, "degree_u": null, "degree_v": null, "avg_connectivity": null, "city": null, "cluster": null, "typology": null }, "geometry": { "type": "LineString", "coordinates": [ [ 369551.138852348085493, 149805.433449609816307 ], [ 369553.868442727078218, 149812.739745971397497 ], [ 369556.852926207822748, 149817.934338015649701 ], [ 369561.485308047907893, 149825.482931882695993 ], [ 369592.690224631282035, 149859.861165392096154 ], [ 369618.962829879950732, 149887.7191001449537 ], [ 369625.085978934075683, 149894.824755182227818 ], [ 369629.861577264149673, 149899.421487789135426 ], [ 369634.49123282218352, 149901.342885544960154 ], [ 369645.386538327438757, 149905.936656098783715 ], [ 369662.402475798793603, 149912.440047691547079 ], [ 369721.128962660499383, 149934.500304995948682 ], [ 369722.397624607896432, 149934.941906861786265 ], [ 369723.443751815822907, 149935.383616392471595 ], [ 369735.395530171517748, 149938.816060910670785 ] ] } },
{ "type": "Feature", "properties": { "from_node": 331, "to_node": 364, "u": 1318459160.0, "v": 1318459289.0, "key": 0.0, "index": 93.0, "osmid": [ 632451498, 117035203 ], "highway": "residential", "lanes": [ "2" ], "maxspeed": "40", "name": [ "Venus Road" ], "oneway": "False", "reversed": "True", "length": 54.457882956200905, "bridge": null, "junction": null, "length_m": 54.534133101627134, "building_count_50m": 25.0, "avg_building_area": 333.7353338289941, "poi_count_50m": 4.0, "highway_clean": "residential", "highway_rank": 2.0, "sinuosity": 1.0000000065456056, "poi_diversity": 0.56233514461880829, "food_drink_count": 1.0, "street_furniture_count": 1.0, "degree_u": 6.0, "degree_v": 6.0, "avg_connectivity": 6.0, "city": "Singapore", "cluster": 2.0, "typology": "Local Mixed Street" }, "geometry": { "type": "LineString", "coordinates": [ [ 369580.483982769073918, 150180.893674469291 ], [ 369584.227443609852344, 150168.012321654037805 ], [ 369595.591110801498871, 150128.870708019356243 ] ] } },
{ "type": "Feature", "properties": { "from_node": 351, "to_node": 350, "u": 1318459190.0, "v": 1318459301.0, "key": 0.0, "index": 95.0, "osmid": [ 464768861, 681313558 ], "highway": "residential", "lanes": [ "2" ], "maxspeed": "40", "name": [ "Gardenia Road" ], "oneway": "False", "reversed": "False", "length": 116.14604676770821, "bridge": null, "junction": null, "length_m": 116.30855641046432, "building_count_50m": 31.0, "avg_building_area": 248.09941078447372, "poi_count_50m": 2.0, "highway_clean": "residential", "highway_rank": 2.0, "sinuosity": 1.0000042963020679, "poi_diversity": 0.0, "food_drink_count": 1.0, "street_furniture_count": 1.0, "degree_u": 6.0, "degree_v": 6.0, "avg_connectivity": 6.0, "city": "Singapore", "cluster": 2.0, "typology": "Local Mixed Street" }, "geometry": { "type": "LineString", "coordinates": [ [ 369825.112896833627019, 149851.866271909180796 ], [ 369791.915146314713638, 149884.075605532154441 ], [ 369741.656711310963146, 149932.257185419555753 ] ] } },
{ "type": "Feature", "properties": { "from_node": 351, "to_node": 63, "u": 1318459190.0, "v": 4749279415.0, "key": 0.0, "index": 96.0, "osmid": "464768862", "highway": "residential", "lanes": [ "2" ], "maxspeed": "40", "name": [ "Jasmine Road" ], "oneway": "False", "reversed": "True", "length": 43.039881811674093, "bridge": null, "junction": null, "length_m": 43.100098746369383, "building_count_50m": 16.0, "avg_building_area": 302.79357194133672, "poi_count_50m": 1.0, "highway_clean": "residential", "highway_rank": 2.0, "sinuosity": 1.0000000624588388, "poi_diversity": 0.0, "food_drink_count": 1.0, "street_furniture_count": 1.0, "degree_u": 6.0, "degree_v": 5.0, "avg_connectivity": 5.5, "city": "Singapore", "cluster": 2.0, "typology": "Local Mixed Street" }, "geometry": { "type": "LineString", "coordinates": [ [ 369825.112896833627019, 149851.866271909180796 ], [ 369849.896265378221869, 149883.428483129158849 ], [ 369851.610834754421376, 149885.605565876932815 ] ] } },
{ "type": "Feature", "properties": { "from_node": 351, "to_node": 360, "u": null, "v": null, "key": null, "index": null, "osmid": null, "highway": null, "lanes": null, "maxspeed": null, "name": null, "oneway": null, "reversed": null, "length": null, "bridge": null, "junction": null, "length_m": null, "building_count_50m": null, "avg_building_area": null, "poi_count_50m": null, "highway_clean": null, "highway_rank": null, "sinuosity": null, "poi_diversity": null, "food_drink_count": null, "street_furniture_count": null, "degree_u": null, "degree_v": null, "avg_connectivity": null, "city": null, "cluster": null, "typology": null }, "geometry": { "type": "LineString", "coordinates": [ [ 369825.112896833627019, 149851.866271909180796 ], [ 369826.046832301362883, 149850.395454140350921 ], [ 369828.437253969779704, 149846.613356738176662 ], [ 369830.104261598549783, 149842.466781119583175 ], [ 369830.502458142815158, 149837.569052167586051 ], [ 369831.966587610251736, 149805.010229419422103 ], [ 369830.973803699249402, 149799.8257322848076 ], [ 369829.280051308916882, 149794.67473981945659 ], [ 369826.930200401402544, 149790.308996675681556 ], [ 369821.774510397342965, 149782.008890585391782 ] ] } },
{ "type": "Feature", "properties": { "from_node": 365, "to_node": 364, "u": 1318459219.0, "v": 1318459289.0, "key": 0.0, "index": 103.0, "osmid": [ 464768859, 641077847 ], "highway": "residential", "lanes": [ "2" ], "maxspeed": "40", "name": [ "Windsor Park Road" ], "oneway": "False", "reversed": "False", "length": 91.392829081677021, "bridge": null, "junction": null, "length_m": 91.520789838575894, "building_count_50m": 25.0, "avg_building_area": 263.16863394339822, "poi_count_50m": 5.0, "highway_clean": "residential", "highway_rank": 2.0, "sinuosity": 1.0005641980967592, "poi_diversity": 0.0, "food_drink_count": 1.0, "street_furniture_count": 1.0, "degree_u": 4.0, "degree_v": 6.0, "avg_connectivity": 5.0, "city": "Singapore", "cluster": 2.0, "typology": "Local Mixed Street" }, "geometry": { "type": "LineString", "coordinates": [ [ 369683.548826691461727, 150153.647428497613873 ], [ 369672.632513853546698, 150151.607471608673222 ], [ 369595.591110801498871, 150128.870708019356243 ] ] } },
{ "type": "Feature", "properties": { "from_node": 365, "to_node": 1132, "u": 1318459219.0, "v": 4598764380.0, "key": 0.0, "index": 104.0, "osmid": [ 482041664, 479746465, 628202359 ], "highway": "primary", "lanes": "['4' '3']", "maxspeed": "60", "name": [ "Upper Thomson Road" ], "oneway": "True", "reversed": "False", "length": 106.4791982478352, "bridge": null, "junction": null, "length_m": 106.62830751772364, "building_count_50m": 7.0, "avg_building_area": 475.4536952525628, "poi_count_50m": 4.0, "highway_clean": "primary", "highway_rank": 5.0, "sinuosity": 1.0002567879182767, "poi_diversity": 0.0, "food_drink_count": 1.0, "street_furniture_count": 1.0, "degree_u": 4.0, "degree_v": 3.0, "avg_connectivity": 3.5, "city": "Singapore", "cluster": 0.0, "typology": "Arterial Movement Corridor" }, "geometry": { "type": "LineString", "coordinates": [ [ 369683.548826691461727, 150153.647428497613873 ], [ 369685.143124066584278, 150183.153499152394943 ], [ 369686.864068052615039, 150198.47543927753577 ], [ 369688.383889998076484, 150212.061780117044691 ], [ 369693.013147933699656, 150259.067064931470668 ] ] } },
{ "type": "Feature", "properties": { "from_node": 369, "to_node": 380, "u": null, "v": null, "key": null, "index": null, "osmid": null, "highway": null, "lanes": null, "maxspeed": null, "name": null, "oneway": null, "reversed": null, "length": null, "bridge": null, "junction": null, "length_m": null, "building_count_50m": null, "avg_building_area": null, "poi_count_50m": null, "highway_clean": null, "highway_rank": null, "sinuosity": null, "poi_diversity": null, "food_drink_count": null, "street_furniture_count": null, "degree_u": null, "degree_v": null, "avg_connectivity": null, "city": null, "cluster": null, "typology": null }, "geometry": { "type": "LineString", "coordinates": [ [ 369420.730686467606574, 150006.583308526256587 ], [ 369422.433378762274515, 150007.20158497520606 ], [ 369451.902209505904466, 150017.933139511529589 ], [ 369502.514567273610737, 150034.270584212295944 ], [ 369539.950784213549923, 150046.347037715371698 ], [ 369553.605538086325396, 150050.972629178431816 ], [ 369574.237784180324525, 150057.717474699020386 ], [ 369578.455862507980783, 150059.871232334204251 ], [ 369580.393886824836954, 150063.938678786886157 ], [ 369579.862070401082747, 150068.615369284176268 ], [ 369569.428011976066045, 150097.386570129921893 ], [ 369562.604768983204849, 150115.067458752775565 ], [ 369561.427463674684986, 150119.457022394490195 ] ] } },
{ "type": "Feature", "properties": { "from_node": 369, "to_node": 383, "u": 1318459222.0, "v": 1318459258.0, "key": 0.0, "index": 107.0, "osmid": [ 717017689, 644399836 ], "highway": "residential", "lanes": [ "2" ], "maxspeed": "40", "name": [ "Toronto Road" ], "oneway": "False", "reversed": "True", "length": 68.871827701513837, "bridge": null, "junction": null, "length_m": 68.968229801442106, "building_count_50m": 28.0, "avg_building_area": 386.42842901564433, "poi_count_50m": 1.0, "highway_clean": "residential", "highway_rank": 2.0, "sinuosity": 1.0000239204185379, "poi_diversity": 0.0, "food_drink_count": 1.0, "street_furniture_count": 1.0, "degree_u": 6.0, "degree_v": 6.0, "avg_connectivity": 6.0, "city": "Singapore", "cluster": 2.0, "typology": "Local Mixed Street" }, "geometry": { "type": "LineString", "coordinates": [ [ 369420.730686467606574, 150006.583308526256587 ], [ 369404.462978295050561, 150051.608801148307975 ], [ 369399.228989998693578, 150065.430595206533326 ], [ 369397.150956319645047, 150070.926139230083209 ] ] } },
{ "type": "Feature", "properties": { "from_node": 384, "to_node": 395, "u": null, "v": null, "key": null, "index": null, "osmid": null, "highway": null, "lanes": null, "maxspeed": null, "name": null, "oneway": null, "reversed": null, "length": null, "bridge": null, "junction": null, "length_m": null, "building_count_50m": null, "avg_building_area": null, "poi_count_50m": null, "highway_clean": null, "highway_rank": null, "sinuosity": null, "poi_diversity": null, "food_drink_count": null, "street_furniture_count": null, "degree_u": null, "degree_v": null, "avg_connectivity": null, "city": null, "cluster": null, "typology": null }, "geometry": { "type": "LineString", "coordinates": [ [ 369658.726328788499814, 149765.49353712858283 ], [ 369667.958305075881071, 149758.822671684174566 ], [ 369676.755227052955888, 149749.852495567 ], [ 369683.771725964965299, 149740.584685164561961 ], [ 369689.141360154491849, 149731.096563400322339 ], [ 369693.309017798979767, 149721.012031724501867 ], [ 369696.885671103082132, 149708.263436484470731 ], [ 369698.670918873278424, 149695.515707054146333 ], [ 369699.711892864550464, 149685.288966675027041 ], [ 369699.63146352104377, 149680.026639007061021 ], [ 369698.660894389846362, 149674.764741320570465 ], [ 369696.498796618659981, 149667.502393219823716 ], [ 369693.30177237233147, 149659.95310473855352 ] ] } },
{ "type": "Feature", "properties": { "from_node": 384, "to_node": 395, "u": null, "v": null, "key": null, "index": null, "osmid": null, "highway": null, "lanes": null, "maxspeed": null, "name": null, "oneway": null, "reversed": null, "length": null, "bridge": null, "junction": null, "length_m": null, "building_count_50m": null, "avg_building_area": null, "poi_count_50m": null, "highway_clean": null, "highway_rank": null, "sinuosity": null, "poi_diversity": null, "food_drink_count": null, "street_furniture_count": null, "degree_u": null, "degree_v": null, "avg_connectivity": null, "city": null, "cluster": null, "typology": null }, "geometry": { "type": "LineString", "coordinates": [ [ 369658.726328788499814, 149765.49353712858283 ], [ 369614.755975631414913, 149701.758337519800989 ], [ 369612.884816257981583, 149697.900909295392921 ], [ 369612.515629259403795, 149693.755314661684679 ], [ 369614.004679182602558, 149689.752541850786656 ], [ 369618.631905815098435, 149686.643739100545645 ], [ 369693.30177237233147, 149659.95310473855352 ] ] } },
{ "type": "Feature", "properties": { "from_node": 313, "to_node": 564, "u": null, "v": null, "key": null, "index": null, "osmid": null, "highway": null, "lanes": null, "maxspeed": null, "name": null, "oneway": null, "reversed": null, "length": null, "bridge": null, "junction": null, "length_m": null, "building_count_50m": null, "avg_building_area": null, "poi_count_50m": null, "highway_clean": null, "highway_rank": null, "sinuosity": null, "poi_diversity": null, "food_drink_count": null, "street_furniture_count": null, "degree_u": null, "degree_v": null, "avg_connectivity": null, "city": null, "cluster": null, "typology": null }, "geometry": { "type": "LineString", "coordinates": [ [ 369719.122578461538069, 149650.875213182822336 ], [ 369727.933249728404917, 149647.322178213362349 ], [ 369753.554019700735807, 149638.752936544507975 ], [ 369760.942148230329622, 149638.683037821727339 ], [ 369767.730152617499698, 149640.105906538286945 ], [ 369774.663684950442985, 149643.352844330715016 ], [ 369780.418208733259235, 149647.484782326966524 ], [ 369788.567453246563673, 149656.734209433605429 ] ] } },
{ "type": "Feature", "properties": { "from_node": 313, "to_node": 395, "u": 1318459246.0, "v": 1318459283.0, "key": 0.0, "index": 116.0, "osmid": "645116367", "highway": "residential", "lanes": [ "2" ], "maxspeed": "40", "name": [ "Marigold Drive" ], "oneway": "False", "reversed": "True", "length": 27.364915027202862, "bridge": null, "junction": null, "length_m": 27.403179345150075, "building_count_50m": 18.0, "avg_building_area": 152.78974531218381, "poi_count_50m": 1.0, "highway_clean": "residential", "highway_rank": 2.0, "sinuosity": 1.0000000140184475, "poi_diversity": 0.0, "food_drink_count": 1.0, "street_furniture_count": 1.0, "degree_u": 6.0, "degree_v": 6.0, "avg_connectivity": 6.0, "city": "Singapore", "cluster": 2.0, "typology": "Local Mixed Street" }, "geometry": { "type": "LineString", "coordinates": [ [ 369719.122578461538069, 149650.875213182822336 ], [ 369713.448897583817597, 149652.867923495738069 ], [ 369693.30177237233147, 149659.95310473855352 ] ] } },
{ "type": "Feature", "properties": { "from_node": 401, "to_node": 328, "u": 1318459247.0, "v": 1318459326.0, "key": 0.0, "index": 119.0, "osmid": [ 645112934, 717017679 ], "highway": "residential", "lanes": [ "2" ], "maxspeed": "40", "name": [ "Daffodil Drive" ], "oneway": "False", "reversed": "False", "length": 43.988229808092527, "bridge": null, "junction": null, "length_m": 44.049764498438421, "building_count_50m": 28.0, "avg_building_area": 194.87315944421775, "poi_count_50m": 1.0, "highway_clean": "residential", "highway_rank": 2.0, "sinuosity": 1.0010310397859596, "poi_diversity": 0.0, "food_drink_count": 1.0, "street_furniture_count": 1.0, "degree_u": 6.0, "degree_v": 6.0, "avg_connectivity": 6.0, "city": "Singapore", "cluster": 2.0, "typology": "Local Mixed Street" }, "geometry": { "type": "LineString", "coordinates": [ [ 369574.80471969145583, 149826.913686524436343 ], [ 369591.177004084049258, 149813.915672683069715 ], [ 369602.311346764443442, 149806.613724021211965 ], [ 369610.431298912793864, 149801.29215036612004 ] ] } },
{ "type": "Feature", "properties": { "from_node": 411, "to_node": 414, "u": 1318459253.0, "v": 1318459255.0, "key": 0.0, "index": 120.0, "osmid": [ 117035202, 717017691 ], "highway": "residential", "lanes": [ "2" ], "maxspeed": "40", "name": [ "Leo Drive" ], "oneway": "False", "reversed": "True", "length": 70.171400800830753, "bridge": null, "junction": null, "length_m": 70.269660856410908, "building_count_50m": 52.0, "avg_building_area": 225.83155337228902, "poi_count_50m": 1.0, "highway_clean": "residential", "highway_rank": 2.0, "sinuosity": 1.0000804876783846, "poi_diversity": 0.0, "food_drink_count": 1.0, "street_furniture_count": 1.0, "degree_u": 2.0, "degree_v": 6.0, "avg_connectivity": 4.0, "city": "Singapore", "cluster": 2.0, "typology": "Local Mixed Street" }, "geometry": { "type": "LineString", "coordinates": [ [ 369390.035744812979829, 150220.531310973718064 ], [ 369402.88499454286648, 150170.333537915808847 ], [ 369407.850253865879495, 150153.0515316844685 ] ] } },
{ "type": "Feature", "properties": { "from_node": 414, "to_node": 432, "u": null, "v": null, "key": null, "index": null, "osmid": null, "highway": null, "lanes": null, "maxspeed": null, "name": null, "oneway": null, "reversed": null, "length": null, "bridge": null, "junction": null, "length_m": null, "building_count_50m": null, "avg_building_area": null, "poi_count_50m": null, "highway_clean": null, "highway_rank": null, "sinuosity": null, "poi_diversity": null, "food_drink_count": null, "street_furniture_count": null, "degree_u": null, "degree_v": null, "avg_connectivity": null, "city": null, "cluster": null, "typology": null }, "geometry": { "type": "LineString", "coordinates": [ [ 369407.850253865879495, 150153.0515316844685 ], [ 369497.410692143021151, 150178.667631355288904 ], [ 369501.639012343890499, 150178.997240828437498 ], [ 369504.475471068406478, 150177.22700011273264 ], [ 369506.54337485099677, 150173.787767227651784 ], [ 369514.007921380863991, 150147.781846027588472 ], [ 369525.171399619546719, 150108.839315631048521 ] ] } },
{ "type": "Feature", "properties": { "from_node": 1142, "to_node": 422, "u": 1318459274.0, "v": 5138050330.0, "key": 0.0, "index": 127.0, "osmid": "537570266", "highway": "residential", "lanes": [ "1" ], "maxspeed": "40", "name": [ "Bright Hill Drive" ], "oneway": "True", "reversed": "False", "length": 7.5853398411651094, "bridge": null, "junction": null, "length_m": 7.595966916265656, "building_count_50m": 2.0, "avg_building_area": 3689.3263090313644, "poi_count_50m": 3.0, "highway_clean": "residential", "highway_rank": 2.0, "sinuosity": 1.0000005011454172, "poi_diversity": 0.63651416829481278, "food_drink_count": 1.0, "street_furniture_count": 1.0, "degree_u": 4.0, "degree_v": 3.0, "avg_connectivity": 3.5, "city": "Singapore", "cluster": 0.0, "typology": "Arterial Movement Corridor" }, "geometry": { "type": "LineString", "coordinates": [ [ 370071.322994769318029, 150376.877928072819486 ], [ 370067.506652277894318, 150377.122993291006424 ], [ 370063.745937929430511, 150377.356976268114522 ] ] } },
{ "type": "Feature", "properties": { "from_node": 1142, "to_node": 422, "u": 1318459274.0, "v": 5138050330.0, "key": 0.0, "index": 127.0, "osmid": "537570266", "highway": "residential", "lanes": [ "1" ], "maxspeed": "40", "name": [ "Bright Hill Drive" ], "oneway": "True", "reversed": "False", "length": 7.5853398411651094, "bridge": null, "junction": null, "length_m": 7.595966916265656, "building_count_50m": 2.0, "avg_building_area": 3689.3263090313644, "poi_count_50m": 3.0, "highway_clean": "residential", "highway_rank": 2.0, "sinuosity": 1.0000005011454172, "poi_diversity": 0.63651416829481278, "food_drink_count": 1.0, "street_furniture_count": 1.0, "degree_u": 4.0, "degree_v": 3.0, "avg_connectivity": 3.5, "city": "Singapore", "cluster": 0.0, "typology": "Arterial Movement Corridor" }, "geometry": { "type": "LineString", "coordinates": [ [ 370071.322994769318029, 150376.877928072819486 ], [ 370067.506652277894318, 150377.122993291006424 ], [ 370063.745937929430511, 150377.356976268114522 ] ] } },
{ "type": "Feature", "properties": { "from_node": 1142, "to_node": 424, "u": 1318459274.0, "v": 4598816963.0, "key": 0.0, "index": 128.0, "osmid": "629371234", "highway": "secondary", "lanes": [ "2" ], "maxspeed": "40", "name": [ "Sin Ming Avenue" ], "oneway": "True", "reversed": "False", "length": 26.493266120106505, "bridge": null, "junction": null, "length_m": 26.53038190632844, "building_count_50m": 2.0, "avg_building_area": 3689.3263090313644, "poi_count_50m": 3.0, "highway_clean": "secondary", "highway_rank": 4.0, "sinuosity": 1.0000543386682341, "poi_diversity": 0.63651416829481278, "food_drink_count": 1.0, "street_furniture_count": 1.0, "degree_u": 4.0, "degree_v": 3.0, "avg_connectivity": 3.5, "city": "Singapore", "cluster": 0.0, "typology": "Arterial Movement Corridor" }, "geometry": { "type": "LineString", "coordinates": [ [ 370071.322994769318029, 150376.877928072819486 ], [ 370070.76362069521565, 150370.5987433801929 ], [ 370068.495264719706029, 150350.689102992648259 ] ] } },
{ "type": "Feature", "properties": { "from_node": 1632, "to_node": 430, "u": null, "v": null, "key": null, "index": null, "osmid": null, "highway": null, "lanes": null, "maxspeed": null, "name": null, "oneway": null, "reversed": null, "length": null, "bridge": null, "junction": null, "length_m": null, "building_count_50m": null, "avg_building_area": null, "poi_count_50m": null, "highway_clean": null, "highway_rank": null, "sinuosity": null, "poi_diversity": null, "food_drink_count": null, "street_furniture_count": null, "degree_u": null, "degree_v": null, "avg_connectivity": null, "city": null, "cluster": null, "typology": null }, "geometry": { "type": "LineString", "coordinates": [ [ 369493.052725399495102, 149888.067514858150389 ], [ 369464.361724420217797, 149898.152887071511941 ], [ 369457.208950977248605, 149901.716192729189061 ], [ 369452.427176958299242, 149907.34570944859297 ], [ 369442.715337432688102, 149934.03815568954451 ], [ 369440.982014543551486, 149939.091314475575928 ] ] } },
{ "type": "Feature", "properties": { "from_node": 432, "to_node": 380, "u": 1318459324.0, "v": 5698393564.0, "key": 0.0, "index": 141.0, "osmid": "633807008", "highway": "residential", "lanes": [ "2" ], "maxspeed": "40", "name": [ "Windsor Park Road" ], "oneway": "False", "reversed": "True", "length": 37.763870216177921, "bridge": null, "junction": null, "length_m": 37.816740184019153, "building_count_50m": 27.0, "avg_building_area": 311.3467308593751, "poi_count_50m": 1.0, "highway_clean": "residential", "highway_rank": 2.0, "sinuosity": 1.0000000921930856, "poi_diversity": 0.0, "food_drink_count": 1.0, "street_furniture_count": 1.0, "degree_u": 6.0, "degree_v": 6.0, "avg_connectivity": 6.0, "city": "Singapore", "cluster": 2.0, "typology": "Local Mixed Street" }, "geometry": { "type": "LineString", "coordinates": [ [ 369525.171399619546719, 150108.839315631048521 ], [ 369557.488036456983536, 150118.298116319405381 ], [ 369561.427463674684986, 150119.457022394490195 ] ] } },
{ "type": "Feature", "properties": { "from_node": 1634, "to_node": 435, "u": 1318498186.0, "v": 1318498402.0, "key": 0.0, "index": 146.0, "osmid": "645125834", "highway": "residential", "lanes": null, "maxspeed": "40", "name": [ "Taman Permata" ], "oneway": "False", "reversed": "True", "length": 27.415152307812026, "bridge": null, "junction": null, "length_m": 27.453448281450981, "building_count_50m": 25.0, "avg_building_area": 189.24405373286572, "poi_count_50m": 1.0, "highway_clean": "residential", "highway_rank": 2.0, "sinuosity": 1.0000134049082769, "poi_diversity": 0.0, "food_drink_count": 1.0, "street_furniture_count": 1.0, "degree_u": 2.0, "degree_v": 8.0, "avg_connectivity": 5.0, "city": "Singapore", "cluster": 2.0, "typology": "Local Mixed Street" }, "geometry": { "type": "LineString", "coordinates": [ [ 370387.109386655210983, 149265.273923692002427 ], [ 370378.618061771034263, 149285.111321745731402 ], [ 370376.439748224394862, 149290.385776039154734 ] ] } },
{ "type": "Feature", "properties": { "from_node": 437, "to_node": 590, "u": 1318498262.0, "v": 1601016995.0, "key": 0.0, "index": 148.0, "osmid": "633219626", "highway": "residential", "lanes": [ "2" ], "maxspeed": "40", "name": [ "Thomson Ridge" ], "oneway": "False", "reversed": "False", "length": 10.209013150940459, "bridge": null, "junction": null, "length_m": 10.223286338123044, "building_count_50m": 7.0, "avg_building_area": 489.18200346236227, "poi_count_50m": 15.0, "highway_clean": "residential", "highway_rank": 2.0, "sinuosity": 1.0000000015973127, "poi_diversity": 1.0200369584018409, "food_drink_count": 4.0, "street_furniture_count": 1.0, "degree_u": 6.0, "degree_v": 4.0, "avg_connectivity": 5.0, "city": "Singapore", "cluster": 1.0, "typology": "Active Commercial High Street" }, "geometry": { "type": "LineString", "coordinates": [ [ 370275.334691281372216, 149599.266048180608777 ], [ 370282.356949638517108, 149601.94912803141051 ], [ 370284.872053018189035, 149602.909736419765977 ] ] } },
{ "type": "Feature", "properties": { "from_node": 437, "to_node": 451, "u": null, "v": null, "key": null, "index": null, "osmid": null, "highway": null, "lanes": null, "maxspeed": null, "name": null, "oneway": null, "reversed": null, "length": null, "bridge": null, "junction": null, "length_m": null, "building_count_50m": null, "avg_building_area": null, "poi_count_50m": null, "highway_clean": null, "highway_rank": null, "sinuosity": null, "poi_diversity": null, "food_drink_count": null, "street_furniture_count": null, "degree_u": null, "degree_v": null, "avg_connectivity": null, "city": null, "cluster": null, "typology": null }, "geometry": { "type": "LineString", "coordinates": [ [ 370275.334691281372216, 149599.266048180608777 ], [ 370271.709109425544739, 149602.871841999440221 ], [ 370269.395876050111838, 149605.216692730085924 ], [ 370264.221180852327961, 149603.627206800534623 ], [ 370256.564793908386491, 149601.14342885199585 ], [ 370230.568468912388198, 149592.256352608412271 ], [ 370203.437319731048774, 149583.590930583712179 ], [ 370197.405927996092942, 149582.134521700267214 ], [ 370191.831705178017728, 149582.701026517199352 ], [ 370188.917526892153546, 149584.836115289595909 ], [ 370186.383401680621319, 149590.597184156533331 ], [ 370180.138706798432395, 149608.333008721645456 ], [ 370175.962107358616777, 149622.994444941316033 ], [ 370174.384770743781701, 149628.522891273518326 ] ] } },
{ "type": "Feature", "properties": { "from_node": 452, "to_node": 1104, "u": 1318498268.0, "v": 4598764358.0, "key": 0.0, "index": 150.0, "osmid": [ 717027120, 636865834 ], "highway": "residential", "lanes": [ "2" ], "maxspeed": "40", "name": [ "Soo Chow Drive" ], "oneway": "False", "reversed": "False", "length": 66.741837566867716, "bridge": null, "junction": null, "length_m": 66.835172409646546, "building_count_50m": 40.0, "avg_building_area": 555.86231476753778, "poi_count_50m": 23.0, "highway_clean": "residential", "highway_rank": 2.0, "sinuosity": 1.0000611767235255, "poi_diversity": 1.1034904025879528, "food_drink_count": 7.0, "street_furniture_count": 1.0, "degree_u": 2.0, "degree_v": 8.0, "avg_connectivity": 5.0, "city": "Singapore", "cluster": 1.0, "typology": "Active Commercial High Street" }, "geometry": { "type": "LineString", "coordinates": [ [ 369920.580967276939191, 149714.899231458228314 ], [ 369957.452591069974005, 149686.856053554656683 ], [ 369966.673320920555852, 149679.930938768142369 ], [ 369970.911073462571949, 149676.744945819897112 ], [ 369973.580414235591888, 149674.510471899877302 ] ] } },
{ "type": "Feature", "properties": { "from_node": 470, "to_node": 431, "u": null, "v": null, "key": null, "index": null, "osmid": null, "highway": null, "lanes": null, "maxspeed": null, "name": null, "oneway": null, "reversed": null, "length": null, "bridge": null, "junction": null, "length_m": null, "building_count_50m": null, "avg_building_area": null, "poi_count_50m": null, "highway_clean": null, "highway_rank": null, "sinuosity": null, "poi_diversity": null, "food_drink_count": null, "street_furniture_count": null, "degree_u": null, "degree_v": null, "avg_connectivity": null, "city": null, "cluster": null, "typology": null }, "geometry": { "type": "LineString", "coordinates": [ [ 369245.21988445520401, 150011.853502282785485 ], [ 369193.914260188350454, 149988.628905027522705 ], [ 369087.26328463020036, 149940.81080947216833 ], [ 369084.157596477307379, 149938.092687549389666 ], [ 369083.322224131843541, 149936.313172021851642 ], [ 369082.663890967378393, 149932.499374213657575 ], [ 369084.976451145601459, 149928.783630802994594 ], [ 369088.024178360181395, 149926.714786760596326 ], [ 369111.340966042364016, 149916.620915986160981 ], [ 369117.259010534908157, 149913.754687869834015 ], [ 369161.023263490875252, 149896.409593296179082 ], [ 369192.772830035537481, 149883.625173682114109 ], [ 369198.302469040849246, 149882.881776060123229 ], [ 369203.031518231029622, 149883.244308290042682 ], [ 369250.580604074290022, 149892.397213061194634 ], [ 369334.706915033049881, 149908.950552852766123 ] ] } },
{ "type": "Feature", "properties": { "from_node": 470, "to_node": 887, "u": 1318498273.0, "v": 3784797714.0, "key": 0.0, "index": 152.0, "osmid": [ 644351125, 644363206 ], "highway": "residential", "lanes": [ "2" ], "maxspeed": "40", "name": [ "Windsor Park Road" ], "oneway": "False", "reversed": "True", "length": 49.727683727821528, "bridge": null, "junction": null, "length_m": 49.79728582543391, "building_count_50m": 7.0, "avg_building_area": 474.10848256233612, "poi_count_50m": 1.0, "highway_clean": "residential", "highway_rank": 2.0, "sinuosity": 1.0005998907053697, "poi_diversity": 0.0, "food_drink_count": 1.0, "street_furniture_count": 1.0, "degree_u": 6.0, "degree_v": 6.0, "avg_connectivity": 6.0, "city": "Singapore", "cluster": 2.0, "typology": "Local Mixed Street" }, "geometry": { "type": "LineString", "coordinates": [ [ 369245.21988445520401, 150011.853502282785485 ], [ 369248.803611243783962, 150013.731180647795554 ], [ 369291.615971341438126, 150029.674392390035791 ] ] } },
{ "type": "Feature", "properties": { "from_node": 470, "to_node": 1635, "u": null, "v": null, "key": null, "index": null, "osmid": null, "highway": null, "lanes": null, "maxspeed": null, "name": null, "oneway": null, "reversed": null, "length": null, "bridge": null, "junction": null, "length_m": null, "building_count_50m": null, "avg_building_area": null, "poi_count_50m": null, "highway_clean": null, "highway_rank": null, "sinuosity": null, "poi_diversity": null, "food_drink_count": null, "street_furniture_count": null, "degree_u": null, "degree_v": null, "avg_connectivity": null, "city": null, "cluster": null, "typology": null }, "geometry": { "type": "LineString", "coordinates": [ [ 369245.21988445520401, 150011.853502282785485 ], [ 369224.94656225113431, 150056.869922860933002 ], [ 369220.619766591815278, 150059.978595928114373 ], [ 369218.450077257468365, 150060.034927608066937 ], [ 369214.34435492544435, 150060.136422034032876 ], [ 369179.475656006368808, 150042.48682740321965 ], [ 369178.684447298292071, 150039.999744637520052 ], [ 369178.761361741111614, 150037.998677892988781 ] ] } },
{ "type": "Feature", "properties": { "from_node": 478, "to_node": 484, "u": null, "v": null, "key": null, "index": null, "osmid": null, "highway": null, "lanes": null, "maxspeed": null, "name": null, "oneway": null, "reversed": null, "length": null, "bridge": null, "junction": null, "length_m": null, "building_count_50m": null, "avg_building_area": null, "poi_count_50m": null, "highway_clean": null, "highway_rank": null, "sinuosity": null, "poi_diversity": null, "food_drink_count": null, "street_furniture_count": null, "degree_u": null, "degree_v": null, "avg_connectivity": null, "city": null, "cluster": null, "typology": null }, "geometry": { "type": "LineString", "coordinates": [ [ 370358.391238400421571, 149497.19614411261864 ], [ 370349.598434433923103, 149491.606348632252775 ], [ 370093.162732288241386, 149380.623027476918651 ], [ 370080.020338652655482, 149377.08056824299274 ], [ 370070.476438179495744, 149383.010838785528904 ], [ 370036.302200186182745, 149420.99144327652175 ], [ 370033.855586788267829, 149423.634855820273515 ] ] } },
{ "type": "Feature", "properties": { "from_node": 478, "to_node": 494, "u": null, "v": null, "key": null, "index": null, "osmid": null, "highway": null, "lanes": null, "maxspeed": null, "name": null, "oneway": null, "reversed": null, "length": null, "bridge": null, "junction": null, "length_m": null, "building_count_50m": null, "avg_building_area": null, "poi_count_50m": null, "highway_clean": null, "highway_rank": null, "sinuosity": null, "poi_diversity": null, "food_drink_count": null, "street_furniture_count": null, "degree_u": null, "degree_v": null, "avg_connectivity": null, "city": null, "cluster": null, "typology": null }, "geometry": { "type": "LineString", "coordinates": [ [ 370358.391238400421571, 149497.19614411261864 ], [ 370351.151610116707161, 149505.270038501155796 ], [ 370342.098648786253762, 149514.019181626033969 ], [ 370321.511684306431562, 149531.971932073764037 ], [ 370314.226584706048016, 149538.033773766626837 ], [ 370310.833733289793599, 149539.704764344525756 ], [ 370307.295756417152006, 149540.380841406673426 ], [ 370302.967176102334633, 149539.79698611292406 ], [ 370298.259819439728744, 149538.24044023748138 ], [ 370270.648424209095538, 149525.827468465489801 ], [ 370264.282678663730621, 149523.221459282620344 ] ] } },
{ "type": "Feature", "properties": { "from_node": 495, "to_node": 1205, "u": null, "v": null, "key": null, "index": null, "osmid": null, "highway": null, "lanes": null, "maxspeed": null, "name": null, "oneway": null, "reversed": null, "length": null, "bridge": null, "junction": null, "length_m": null, "building_count_50m": null, "avg_building_area": null, "poi_count_50m": null, "highway_clean": null, "highway_rank": null, "sinuosity": null, "poi_diversity": null, "food_drink_count": null, "street_furniture_count": null, "degree_u": null, "degree_v": null, "avg_connectivity": null, "city": null, "cluster": null, "typology": null }, "geometry": { "type": "LineString", "coordinates": [ [ 369935.417029326607008, 149492.568315831653308 ], [ 369936.797470083576627, 149494.071183152875165 ], [ 369950.792170932109002, 149511.465616293164203 ], [ 369965.68765748559963, 149527.864630398718873 ], [ 369972.378068094898481, 149534.583080711396178 ], [ 369978.611483258951921, 149539.64344371703919 ], [ 370002.595348733942956, 149551.538539929053513 ], [ 370064.931010914151557, 149582.22037286523846 ] ] } },
{ "type": "Feature", "properties": { "from_node": 523, "to_node": 574, "u": null, "v": null, "key": null, "index": null, "osmid": null, "highway": null, "lanes": null, "maxspeed": null, "name": null, "oneway": null, "reversed": null, "length": null, "bridge": null, "junction": null, "length_m": null, "building_count_50m": null, "avg_building_area": null, "poi_count_50m": null, "highway_clean": null, "highway_rank": null, "sinuosity": null, "poi_diversity": null, "food_drink_count": null, "street_furniture_count": null, "degree_u": null, "degree_v": null, "avg_connectivity": null, "city": null, "cluster": null, "typology": null }, "geometry": { "type": "LineString", "coordinates": [ [ 370170.819838126772083, 149341.648683279694524 ], [ 370143.553448833932634, 149329.456643978803186 ], [ 370129.252934452379122, 149323.957935407466721 ], [ 370120.582856153894681, 149319.086678961495636 ], [ 370112.36869260261301, 149313.62926854842226 ], [ 370107.447759517817758, 149307.573285794584081 ], [ 370103.728223107522354, 149300.908680106542306 ], [ 370102.213285864854697, 149297.371687108185142 ], [ 370101.143349566380493, 149293.690760431665694 ], [ 370100.451632506854367, 149289.821710653748596 ], [ 370100.216112225491088, 149285.952441744419048 ], [ 370100.737072941148654, 149281.795369685685728 ], [ 370101.547260211897083, 149277.494438829831779 ], [ 370102.969509103626478, 149273.381155461625895 ], [ 370104.981475868960842, 149269.267588932649232 ], [ 370107.3610873935977, 149266.11566371950903 ], [ 370110.052248004823923, 149262.963588969811099 ], [ 370113.066121615760494, 149259.888746978976997 ], [ 370116.380486575304531, 149256.957480694662081 ], [ 370121.341419605421834, 149253.62743038777262 ], [ 370127.047988307953347, 149250.595517458627 ], [ 370211.690801071177702, 149230.765775669191498 ], [ 370218.733316761441529, 149229.269921955448808 ] ] } },
{ "type": "Feature", "properties": { "from_node": 523, "to_node": 553, "u": 1318498325.0, "v": 1318498399.0, "key": 0.0, "index": 159.0, "osmid": "645122010", "highway": "residential", "lanes": [ "2" ], "maxspeed": "40", "name": [ "Jalan Pelatina" ], "oneway": "False", "reversed": "False", "length": 62.499353972641146, "bridge": null, "junction": null, "length_m": 62.586666902779371, "building_count_50m": 44.0, "avg_building_area": 167.5624106015193, "poi_count_50m": 1.0, "highway_clean": "residential", "highway_rank": 2.0, "sinuosity": 1.0000325668472583, "poi_diversity": 0.0, "food_drink_count": 1.0, "street_furniture_count": 1.0, "degree_u": 6.0, "degree_v": 6.0, "avg_connectivity": 6.0, "city": "Singapore", "cluster": 2.0, "typology": "Local Mixed Street" }, "geometry": { "type": "LineString", "coordinates": [ [ 370170.819838126772083, 149341.648683279694524 ], [ 370172.086954516358674, 149338.873175717541017 ], [ 370194.614617624494713, 149284.182479158451315 ] ] } },
{ "type": "Feature", "properties": { "from_node": 523, "to_node": 895, "u": 1318498325.0, "v": 3806372868.0, "key": 0.0, "index": 160.0, "osmid": [ 645122012, 645111655 ], "highway": "residential", "lanes": [ "2" ], "maxspeed": "40", "name": [ "Taman Permata" ], "oneway": "False", "reversed": "True", "length": 245.34387450159832, "bridge": null, "junction": null, "length_m": 245.6866973117007, "building_count_50m": 110.0, "avg_building_area": 156.51020725143394, "poi_count_50m": 12.0, "highway_clean": "residential", "highway_rank": 2.0, "sinuosity": 1.0001752823579506, "poi_diversity": 0.56233514461880829, "food_drink_count": 9.0, "street_furniture_count": 1.0, "degree_u": 6.0, "degree_v": 6.0, "avg_connectivity": 6.0, "city": "Singapore", "cluster": 1.0, "typology": "Active Commercial High Street" }, "geometry": { "type": "LineString", "coordinates": [ [ 370170.819838126772083, 149341.648683279694524 ], [ 370250.983444395591505, 149378.424586753273616 ], [ 370328.308379033871461, 149412.460125781246461 ], [ 370352.213281700038351, 149422.188435021962505 ], [ 370389.884639852622058, 149437.515211738151265 ], [ 370391.164489980728831, 149438.089476846798789 ], [ 370395.40479362901533, 149440.210073141061002 ] ] } },
{ "type": "Feature", "properties": { "from_node": 530, "to_node": 413, "u": 1318498332.0, "v": 1318498359.0, "key": 0.0, "index": 162.0, "osmid": "117035211", "highway": "residential", "lanes": [ "2" ], "maxspeed": "40", "name": [ "Capricorn Drive" ], "oneway": "False", "reversed": "True", "length": 60.008521727143702, "bridge": null, "junction": null, "length_m": 60.092545566657328, "building_count_50m": 39.0, "avg_building_area": 257.12479678784064, "poi_count_50m": 1.0, "highway_clean": "residential", "highway_rank": 2.0, "sinuosity": 1.0000000032804202, "poi_diversity": 0.0, "food_drink_count": 1.0, "street_furniture_count": 1.0, "degree_u": 6.0, "degree_v": 8.0, "avg_connectivity": 7.0, "city": "Singapore", "cluster": 2.0, "typology": "Local Mixed Street" }, "geometry": { "type": "LineString", "coordinates": [ [ 369321.403353157162201, 150192.185445722396253 ], [ 369329.07778784428956, 150163.083887776971096 ], [ 369336.618942183500621, 150134.468834149040049 ] ] } },
{ "type": "Feature", "properties": { "from_node": 530, "to_node": 413, "u": 1318498332.0, "v": 1318498359.0, "key": 0.0, "index": 162.0, "osmid": "117035211", "highway": "residential", "lanes": [ "2" ], "maxspeed": "40", "name": [ "Capricorn Drive" ], "oneway": "False", "reversed": "True", "length": 60.008521727143702, "bridge": null, "junction": null, "length_m": 60.092545566657328, "building_count_50m": 39.0, "avg_building_area": 257.12479678784064, "poi_count_50m": 1.0, "highway_clean": "residential", "highway_rank": 2.0, "sinuosity": 1.0000000032804202, "poi_diversity": 0.0, "food_drink_count": 1.0, "street_furniture_count": 1.0, "degree_u": 6.0, "degree_v": 8.0, "avg_connectivity": 7.0, "city": "Singapore", "cluster": 2.0, "typology": "Local Mixed Street" }, "geometry": { "type": "LineString", "coordinates": [ [ 369321.403353157162201, 150192.185445722396253 ], [ 369329.07778784428956, 150163.083887776971096 ], [ 369336.618942183500621, 150134.468834149040049 ] ] } },
{ "type": "Feature", "properties": { "from_node": 530, "to_node": 535, "u": 1318498332.0, "v": 1318498346.0, "key": 0.0, "index": 163.0, "osmid": [ 117038441, 717017682, 717017683, 816069343 ], "highway": "residential", "lanes": [ "2" ], "maxspeed": "40", "name": [ "Libra Drive" ], "oneway": "False", "reversed": "True", "length": 72.532216633128343, "bridge": null, "junction": null, "length_m": 72.633780545873776, "building_count_50m": 40.0, "avg_building_area": 199.36497767159946, "poi_count_50m": 1.0, "highway_clean": "residential", "highway_rank": 2.0, "sinuosity": 1.005645860903617, "poi_diversity": 0.0, "food_drink_count": 1.0, "street_furniture_count": 1.0, "degree_u": 6.0, "degree_v": 6.0, "avg_connectivity": 6.0, "city": "Singapore", "cluster": 2.0, "typology": "Local Mixed Street" }, "geometry": { "type": "LineString", "coordinates": [ [ 369321.403353157162201, 150192.185445722396253 ], [ 369306.491343563771807, 150187.715255673741922 ], [ 369281.395595271605998, 150177.556482899875846 ], [ 369267.684899832471274, 150172.322886498790467 ], [ 369255.129761148476973, 150163.749995132733602 ] ] } },
{ "type": "Feature", "properties": { "from_node": 536, "to_node": 484, "u": 1318498337.0, "v": 1318498401.0, "key": 0.0, "index": 164.0, "osmid": "146880650", "highway": "residential", "lanes": [ "2" ], "maxspeed": "40", "name": [ "Thomson Ridge" ], "oneway": "False", "reversed": "True", "length": 53.511485845383412, "bridge": null, "junction": null, "length_m": 53.586268335845247, "building_count_50m": 41.0, "avg_building_area": 148.86590328725109, "poi_count_50m": 1.0, "highway_clean": "residential", "highway_rank": 2.0, "sinuosity": 1.0002495196783858, "poi_diversity": 0.0, "food_drink_count": 1.0, "street_furniture_count": 1.0, "degree_u": 6.0, "degree_v": 6.0, "avg_connectivity": 6.0, "city": "Singapore", "cluster": 2.0, "typology": "Local Mixed Street" }, "geometry": { "type": "LineString", "coordinates": [ [ 369995.953703082574066, 149461.208218859392218 ], [ 370003.026956828776747, 149454.228869549755473 ], [ 370030.663518634159118, 149426.356014665565453 ], [ 370033.855586788267829, 149423.634855820273515 ] ] } },
{ "type": "Feature", "properties": { "from_node": 536, "to_node": 1188, "u": null, "v": null, "key": null, "index": null, "osmid": null, "highway": null, "lanes": null, "maxspeed": null, "name": null, "oneway": null, "reversed": null, "length": null, "bridge": null, "junction": null, "length_m": null, "building_count_50m": null, "avg_building_area": null, "poi_count_50m": null, "highway_clean": null, "highway_rank": null, "sinuosity": null, "poi_diversity": null, "food_drink_count": null, "street_furniture_count": null, "degree_u": null, "degree_v": null, "avg_connectivity": null, "city": null, "cluster": null, "typology": null }, "geometry": { "type": "LineString", "coordinates": [ [ 369995.953703082574066, 149461.208218859392218 ], [ 369998.569637738110032, 149463.594922220247099 ], [ 370016.714277749473695, 149480.301925662352005 ], [ 370024.505802903091535, 149486.124361444119131 ], [ 370037.194004670833237, 149493.83491071689059 ], [ 370074.655179818102624, 149511.604990199295571 ], [ 370138.837134651315864, 149540.771365979016991 ], [ 370195.250110925058834, 149564.75651036031195 ], [ 370208.938525107339956, 149570.012286371638766 ], [ 370236.594560394994915, 149582.690557900932617 ] ] } },
{ "type": "Feature", "properties": { "from_node": 536, "to_node": 548, "u": 1318498337.0, "v": 1318498370.0, "key": 0.0, "index": 166.0, "osmid": "634554426", "highway": "residential", "lanes": [ "2" ], "maxspeed": "40", "name": [ "Jalan Lembah Thomson" ], "oneway": "False", "reversed": "True", "length": 30.676005044452012, "bridge": null, "junction": null, "length_m": 30.718875788083814, "building_count_50m": 28.0, "avg_building_area": 145.71869803258792, "poi_count_50m": 1.0, "highway_clean": "residential", "highway_rank": 2.0, "sinuosity": 1.0004987804950587, "poi_diversity": 0.0, "food_drink_count": 1.0, "street_furniture_count": 1.0, "degree_u": 6.0, "degree_v": 2.0, "avg_connectivity": 4.0, "city": "Singapore", "cluster": 2.0, "typology": "Local Mixed Street" }, "geometry": { "type": "LineString", "coordinates": [ [ 369995.953703082574066, 149461.208218859392218 ], [ 369992.291024172038306, 149457.097379774553701 ], [ 369974.112713351147249, 149439.793400915223174 ] ] } },
{ "type": "Feature", "properties": { "from_node": 535, "to_node": 413, "u": null, "v": null, "key": null, "index": null, "osmid": null, "highway": null, "lanes": null, "maxspeed": null, "name": null, "oneway": null, "reversed": null, "length": null, "bridge": null, "junction": null, "length_m": null, "building_count_50m": null, "avg_building_area": null, "poi_count_50m": null, "highway_clean": null, "highway_rank": null, "sinuosity": null, "poi_diversity": null, "food_drink_count": null, "street_furniture_count": null, "degree_u": null, "degree_v": null, "avg_connectivity": null, "city": null, "cluster": null, "typology": null }, "geometry": { "type": "LineString", "coordinates": [ [ 369255.129761148476973, 150163.749995132733602 ], [ 369279.287997579318471, 150145.120942703972105 ], [ 369301.235619758896064, 150133.911147450940916 ], [ 369310.180366487475112, 150131.529888026852859 ], [ 369322.720351234660484, 150131.822290210431674 ], [ 369336.618942183500621, 150134.468834149040049 ] ] } },
{ "type": "Feature", "properties": { "from_node": 554, "to_node": 897, "u": 1318498357.0, "v": 3806372869.0, "key": 0.0, "index": 171.0, "osmid": "146880646", "highway": "residential", "lanes": [ "2" ], "maxspeed": "40", "name": [ "Jalan Pelatina" ], "oneway": "False", "reversed": "False", "length": 78.498113019059701, "bridge": null, "junction": null, "length_m": 78.607793652423837, "building_count_50m": 49.0, "avg_building_area": 194.60064897246653, "poi_count_50m": 7.0, "highway_clean": "residential", "highway_rank": 2.0, "sinuosity": 1.0004854580195039, "poi_diversity": 0.59826958858525725, "food_drink_count": 5.0, "street_furniture_count": 1.0, "degree_u": 6.0, "degree_v": 6.0, "avg_connectivity": 6.0, "city": "Singapore", "cluster": 2.0, "typology": "Local Mixed Street" }, "geometry": { "type": "LineString", "coordinates": [ [ 370349.386354210495483, 149351.07060608183383 ], [ 370375.318815893493593, 149365.993971640185919 ], [ 370398.491906499024481, 149381.051324760512216 ], [ 370408.364278623717837, 149387.215485428663669 ], [ 370412.070541497902013, 149389.424781557230745 ], [ 370416.466661815939005, 149391.633746909094043 ] ] } },
{ "type": "Feature", "properties": { "from_node": 554, "to_node": 435, "u": 1318498357.0, "v": 1318498402.0, "key": 0.0, "index": 172.0, "osmid": "146880647", "highway": "residential", "lanes": [ "2" ], "maxspeed": "40", "name": [ "Taman Permata" ], "oneway": "False", "reversed": "False", "length": 66.762786774556389, "bridge": null, "junction": null, "length_m": 66.856057793500938, "building_count_50m": 49.0, "avg_building_area": 154.2187790599823, "poi_count_50m": 1.0, "highway_clean": "residential", "highway_rank": 2.0, "sinuosity": 1.0001410412141067, "poi_diversity": 0.0, "food_drink_count": 1.0, "street_furniture_count": 1.0, "degree_u": 6.0, "degree_v": 8.0, "avg_connectivity": 7.0, "city": "Singapore", "cluster": 2.0, "typology": "Local Mixed Street" }, "geometry": { "type": "LineString", "coordinates": [ [ 370349.386354210495483, 149351.07060608183383 ], [ 370351.754085551947355, 149346.348828240879811 ], [ 370373.616878806555178, 149297.318844511872157 ], [ 370376.439748224394862, 149290.385776039154734 ] ] } },
{ "type": "Feature", "properties": { "from_node": 561, "to_node": 581, "u": 1318498377.0, "v": 1318498410.0, "key": 0.0, "index": 179.0, "osmid": [ 636865841, 717027121 ], "highway": "residential", "lanes": [ "2" ], "maxspeed": "40", "name": [ "Soo Chow Garden Road" ], "oneway": "False", "reversed": "False", "length": 67.297870544209346, "bridge": null, "junction": null, "length_m": 67.391959982377443, "building_count_50m": 64.0, "avg_building_area": 130.25795826262004, "poi_count_50m": 1.0, "highway_clean": "residential", "highway_rank": 2.0, "sinuosity": 1.0000178712197789, "poi_diversity": 0.0, "food_drink_count": 1.0, "street_furniture_count": 1.0, "degree_u": 6.0, "degree_v": 8.0, "avg_connectivity": 7.0, "city": "Singapore", "cluster": 2.0, "typology": "Local Mixed Street" }, "geometry": { "type": "LineString", "coordinates": [ [ 369876.065022873401176, 149580.940490536129801 ], [ 369893.051684529113118, 149595.967625372140901 ], [ 369925.990134591353126, 149625.856561468855944 ] ] } },
{ "type": "Feature", "properties": { "from_node": 561, "to_node": 564, "u": 1318498377.0, "v": 1318498384.0, "key": 0.0, "index": 180.0, "osmid": [ 717075368, 117038434 ], "highway": "residential", "lanes": [ "2" ], "maxspeed": "40", "name": [ "Soo Chow View" ], "oneway": "False", "reversed": "True", "length": 116.01247704852977, "bridge": null, "junction": null, "length_m": 116.17468145512696, "building_count_50m": 78.0, "avg_building_area": 135.87831238867972, "poi_count_50m": 1.0, "highway_clean": "residential", "highway_rank": 2.0, "sinuosity": 1.0002177324635677, "poi_diversity": 0.0, "food_drink_count": 1.0, "street_furniture_count": 1.0, "degree_u": 6.0, "degree_v": 6.0, "avg_connectivity": 6.0, "city": "Singapore", "cluster": 2.0, "typology": "Local Mixed Street" }, "geometry": { "type": "LineString", "coordinates": [ [ 369876.065022873401176, 149580.940490536129801 ], [ 369808.799193206243217, 149640.539357206434943 ], [ 369788.567453246563673, 149656.734209433605429 ] ] } },
{ "type": "Feature", "properties": { "from_node": 564, "to_node": 587, "u": 1318498384.0, "v": 4749280927.0, "key": 0.0, "index": 183.0, "osmid": "645135902", "highway": "residential", "lanes": [ "2" ], "maxspeed": "40", "name": [ "Marigold Drive" ], "oneway": "False", "reversed": "False", "length": 62.303023715293683, "bridge": null, "junction": null, "length_m": 62.390148017292518, "building_count_50m": 42.0, "avg_building_area": 559.90781698328362, "poi_count_50m": 11.0, "highway_clean": "residential", "highway_rank": 2.0, "sinuosity": 1.0000000006777057, "poi_diversity": 0.93476989785827935, "food_drink_count": 5.0, "street_furniture_count": 1.0, "degree_u": 6.0, "degree_v": 6.0, "avg_connectivity": 6.0, "city": "Singapore", "cluster": 1.0, "typology": "Active Commercial High Street" }, "geometry": { "type": "LineString", "coordinates": [ [ 369788.567453246563673, 149656.734209433605429 ], [ 369800.313661451102234, 149672.250305357418256 ], [ 369826.043980184942484, 149706.244258897961117 ] ] } },
{ "type": "Feature", "properties": { "from_node": 553, "to_node": 574, "u": 1318498399.0, "v": 1318498403.0, "key": 0.0, "index": 185.0, "osmid": "279817722", "highway": "residential", "lanes": [ "2" ], "maxspeed": "40", "name": [ "Jalan Pelatina" ], "oneway": "False", "reversed": "False", "length": 60.267604958293063, "bridge": null, "junction": null, "length_m": 60.351787451965158, "building_count_50m": 41.0, "avg_building_area": 157.33615761289127, "poi_count_50m": 1.0, "highway_clean": "residential", "highway_rank": 2.0, "sinuosity": 1.0001503409059145, "poi_diversity": 0.0, "food_drink_count": 1.0, "street_furniture_count": 1.0, "degree_u": 6.0, "degree_v": 6.0, "avg_connectivity": 6.0, "city": "Singapore", "cluster": 2.0, "typology": "Local Mixed Street" }, "geometry": { "type": "LineString", "coordinates": [ [ 370194.614617624494713, 149284.182479158451315 ], [ 370216.387784388381988, 149233.881137665914139 ], [ 370218.733316761441529, 149229.269921955448808 ] ] } },
{ "type": "Feature", "properties": { "from_node": 484, "to_node": 494, "u": 1318498401.0, "v": 4749280942.0, "key": 0.0, "index": 189.0, "osmid": "464768863", "highway": "residential", "lanes": [ "2" ], "maxspeed": "40", "name": [ "Thomson Ridge" ], "oneway": "False", "reversed": "False", "length": 251.07061025241882, "bridge": null, "junction": null, "length_m": 251.42151140230621, "building_count_50m": 89.0, "avg_building_area": 190.04907677381152, "poi_count_50m": 1.0, "highway_clean": "residential", "highway_rank": 2.0, "sinuosity": 1.0000408873217945, "poi_diversity": 0.0, "food_drink_count": 1.0, "street_furniture_count": 1.0, "degree_u": 6.0, "degree_v": 6.0, "avg_connectivity": 6.0, "city": "Singapore", "cluster": 2.0, "typology": "Local Mixed Street" }, "geometry": { "type": "LineString", "coordinates": [ [ 370033.855586788267829, 149423.634855820273515 ], [ 370165.167274691979401, 149480.230523962294683 ], [ 370261.74512985011097, 149521.862867787334835 ], [ 370264.282678663730621, 149523.221459282620344 ] ] } },
{ "type": "Feature", "properties": { "from_node": 435, "to_node": 1638, "u": 1318498402.0, "v": 4726897886.0, "key": 0.0, "index": 190.0, "osmid": "146880645", "highway": "residential", "lanes": [ "2" ], "maxspeed": "40", "name": [ "Taman Permata" ], "oneway": "False", "reversed": "True", "length": 68.38981974565678, "bridge": null, "junction": null, "length_m": 68.485359497982344, "building_count_50m": 31.0, "avg_building_area": 226.48265023903735, "poi_count_50m": 5.0, "highway_clean": "residential", "highway_rank": 2.0, "sinuosity": 1.0000000005516283, "poi_diversity": 0.95027053923323468, "food_drink_count": 1.0, "street_furniture_count": 1.0, "degree_u": 8.0, "degree_v": 2.0, "avg_connectivity": 5.0, "city": "Singapore", "cluster": 2.0, "typology": "Local Mixed Street" }, "geometry": { "type": "LineString", "coordinates": [ [ 370376.439748224394862, 149290.385776039154734 ], [ 370436.057966931490228, 149315.98354410729371 ], [ 370439.274256013566628, 149317.363923639350105 ] ] } },
{ "type": "Feature", "properties": { "from_node": 435, "to_node": 574, "u": 1318498402.0, "v": 1318498403.0, "key": 0.0, "index": 192.0, "osmid": "279817723", "highway": "residential", "lanes": [ "2" ], "maxspeed": "40", "name": [ "Taman Permata" ], "oneway": "False", "reversed": "False", "length": 171.29932370871231, "bridge": null, "junction": null, "length_m": 171.53859596236072, "building_count_50m": 71.0, "avg_building_area": 156.47670800469595, "poi_count_50m": 1.0, "highway_clean": "residential", "highway_rank": 2.0, "sinuosity": 1.0128446319202333, "poi_diversity": 0.0, "food_drink_count": 1.0, "street_furniture_count": 1.0, "degree_u": 8.0, "degree_v": 6.0, "avg_connectivity": 7.0, "city": "Singapore", "cluster": 2.0, "typology": "Local Mixed Street" }, "geometry": { "type": "LineString", "coordinates": [ [ 370376.439748224394862, 149290.385776039154734 ], [ 370305.836121445696335, 149257.927893740852596 ], [ 370233.597686872177292, 149227.250714263645932 ], [ 370231.539116582134739, 149226.997428056027275 ], [ 370229.191462935646996, 149227.186495422152802 ], [ 370218.733316761441529, 149229.269921955448808 ] ] } },
{ "type": "Feature", "properties": { "from_node": 575, "to_node": 578, "u": 1318498406.0, "v": 7738998388.0, "key": 0.0, "index": 198.0, "osmid": [ 640218100, 479566798 ], "highway": "primary", "lanes": [ "4" ], "maxspeed": "60", "name": [ "Upper Thomson Road" ], "oneway": "True", "reversed": "False", "length": 20.170558943876028, "bridge": null, "junction": null, "length_m": 20.19874541392268, "building_count_50m": 5.0, "avg_building_area": 1521.9635947649433, "poi_count_50m": 12.0, "highway_clean": "primary", "highway_rank": 5.0, "sinuosity": 1.0000096707605888, "poi_diversity": 0.91842778499309763, "food_drink_count": 5.0, "street_furniture_count": 1.0, "degree_u": 6.0, "degree_v": 3.0, "avg_connectivity": 4.5, "city": "Singapore", "cluster": 1.0, "typology": "Active Commercial High Street" }, "geometry": { "type": "LineString", "coordinates": [ [ 370462.516207532957196, 149406.470080730679911 ], [ 370458.283918456349056, 149421.065190859662835 ], [ 370457.86180758534465, 149422.535756727535045 ], [ 370456.895313728309702, 149425.731220487796236 ] ] } },
{ "type": "Feature", "properties": { "from_node": 575, "to_node": 580, "u": 1318498406.0, "v": 4728224830.0, "key": 0.0, "index": 199.0, "osmid": "632692142", "highway": "residential", "lanes": [ "2" ], "maxspeed": "40", "name": [ "Jalan Pelatina" ], "oneway": "False", "reversed": "True", "length": 15.928578207000271, "bridge": null, "junction": null, "length_m": 15.950836181793916, "building_count_50m": 7.0, "avg_building_area": 1151.6397297560056, "poi_count_50m": 10.0, "highway_clean": "residential", "highway_rank": 2.0, "sinuosity": 1.0000003015923937, "poi_diversity": 0.94334839232903911, "food_drink_count": 5.0, "street_furniture_count": 1.0, "degree_u": 6.0, "degree_v": 5.0, "avg_connectivity": 5.5, "city": "Singapore", "cluster": 1.0, "typology": "Active Commercial High Street" }, "geometry": { "type": "LineString", "coordinates": [ [ 370462.516207532957196, 149406.470080730679911 ], [ 370456.428899243474007, 149404.416700977279106 ], [ 370447.414793635718524, 149401.391852258093422 ] ] } },
{ "type": "Feature", "properties": { "from_node": 581, "to_node": 1104, "u": 1318498410.0, "v": 4598764358.0, "key": 0.0, "index": 200.0, "osmid": "636865838", "highway": "residential", "lanes": [ "2" ], "maxspeed": "40", "name": [ "Soo Chow Garden Road" ], "oneway": "False", "reversed": "False", "length": 68.23924597160773, "bridge": null, "junction": null, "length_m": 68.334663458612923, "building_count_50m": 58.0, "avg_building_area": 381.77185276923962, "poi_count_50m": 1.0, "highway_clean": "residential", "highway_rank": 2.0, "sinuosity": 1.0001279382232431, "poi_diversity": 0.0, "food_drink_count": 1.0, "street_furniture_count": 1.0, "degree_u": 8.0, "degree_v": 8.0, "avg_connectivity": 8.0, "city": "Singapore", "cluster": 2.0, "typology": "Local Mixed Street" }, "geometry": { "type": "LineString", "coordinates": [ [ 369925.990134591353126, 149625.856561468855944 ], [ 369961.590675932588056, 149661.570398695883341 ], [ 369973.580414235591888, 149674.510471899877302 ] ] } },
{ "type": "Feature", "properties": { "from_node": 581, "to_node": 1639, "u": 1318498410.0, "v": 6539271521.0, "key": 0.0, "index": 201.0, "osmid": [ 717027122, 645123293 ], "highway": "residential", "lanes": [ "2" ], "maxspeed": "40", "name": [ "Soo Chow Rise" ], "oneway": "False", "reversed": "False", "length": 84.65588600353388, "bridge": null, "junction": null, "length_m": 84.774241763304389, "building_count_50m": 81.0, "avg_building_area": 125.69716895981088, "poi_count_50m": 1.0, "highway_clean": "residential", "highway_rank": 2.0, "sinuosity": 1.0000137476857724, "poi_diversity": 0.0, "food_drink_count": 1.0, "street_furniture_count": 1.0, "degree_u": 8.0, "degree_v": 2.0, "avg_connectivity": 5.0, "city": "Singapore", "cluster": 2.0, "typology": "Local Mixed Street" }, "geometry": { "type": "LineString", "coordinates": [ [ 369925.990134591353126, 149625.856561468855944 ], [ 369941.149143554270267, 149611.864194740250241 ], [ 369987.526534817588981, 149567.996204059862066 ] ] } },
{ "type": "Feature", "properties": { "from_node": 581, "to_node": 587, "u": 1318498410.0, "v": 4749280927.0, "key": 0.0, "index": 203.0, "osmid": [ 117038449, 717027123, 717075369 ], "highway": "residential", "lanes": [ "2" ], "maxspeed": "40", "name": [ "Soo Chow Rise" ], "oneway": "False", "reversed": "True", "length": 128.54748882424701, "bridge": null, "junction": null, "length_m": 128.72724189973576, "building_count_50m": 83.0, "avg_building_area": 345.42264140374647, "poi_count_50m": 16.0, "highway_clean": "residential", "highway_rank": 2.0, "sinuosity": 1.0005002220001022, "poi_diversity": 1.1626998334975678, "food_drink_count": 6.0, "street_furniture_count": 1.0, "degree_u": 8.0, "degree_v": 6.0, "avg_connectivity": 7.0, "city": "Singapore", "cluster": 1.0, "typology": "Active Commercial High Street" }, "geometry": { "type": "LineString", "coordinates": [ [ 369925.990134591353126, 149625.856561468855944 ], [ 369909.373689099680632, 149640.192350056167925 ], [ 369869.465951896621846, 149671.34356122938334 ], [ 369847.97811058012303, 149690.059642041975167 ], [ 369826.043980184942484, 149706.244258897961117 ] ] } },
{ "type": "Feature", "properties": { "from_node": 10, "to_node": 590, "u": 1318498426.0, "v": 1601016995.0, "key": 0.0, "index": 204.0, "osmid": "591643536", "highway": "residential", "lanes": [ "1" ], "maxspeed": "40", "name": [ "Thomson Ridge" ], "oneway": "True", "reversed": "False", "length": 24.076086022079462, "bridge": null, "junction": null, "length_m": 24.109747254500711, "building_count_50m": 7.0, "avg_building_area": 849.66166895473089, "poi_count_50m": 23.0, "highway_clean": "residential", "highway_rank": 2.0, "sinuosity": 1.0077159991367348, "poi_diversity": 0.96245621677964244, "food_drink_count": 8.0, "street_furniture_count": 1.0, "degree_u": 4.0, "degree_v": 4.0, "avg_connectivity": 4.0, "city": "Singapore", "cluster": 1.0, "typology": "Active Commercial High Street" }, "geometry": { "type": "LineString", "coordinates": [ [ 370306.662897710571997, 149612.694321544928243 ], [ 370298.393224537197966, 149607.469105834985385 ], [ 370291.693663223995827, 149604.830092214018805 ], [ 370284.872053018189035, 149602.909736419765977 ] ] } },
{ "type": "Feature", "properties": { "from_node": 10, "to_node": 592, "u": 1318498426.0, "v": 5984305199.0, "key": 0.0, "index": 205.0, "osmid": "634035254", "highway": "primary", "lanes": [ "3" ], "maxspeed": "60", "name": [ "Upper Thomson Road" ], "oneway": "True", "reversed": "False", "length": 22.619830116203747, "bridge": null, "junction": null, "length_m": 22.651456448058951, "building_count_50m": 6.0, "avg_building_area": 933.2115232529942, "poi_count_50m": 23.0, "highway_clean": "primary", "highway_rank": 5.0, "sinuosity": 1.0001045665905433, "poi_diversity": 0.82595670101497787, "food_drink_count": 9.0, "street_furniture_count": 1.0, "degree_u": 4.0, "degree_v": 3.0, "avg_connectivity": 3.5, "city": "Singapore", "cluster": 1.0, "typology": "Active Commercial High Street" }, "geometry": { "type": "LineString", "coordinates": [ [ 370306.662897710571997, 149612.694321544928243 ], [ 370303.737784672703128, 149615.22740716158296 ], [ 370290.080298791232053, 149628.002924783242634 ] ] } },
{ "type": "Feature", "properties": { "from_node": 596, "to_node": 610, "u": null, "v": null, "key": null, "index": null, "osmid": null, "highway": null, "lanes": null, "maxspeed": null, "name": null, "oneway": null, "reversed": null, "length": null, "bridge": null, "junction": null, "length_m": null, "building_count_50m": null, "avg_building_area": null, "poi_count_50m": null, "highway_clean": null, "highway_rank": null, "sinuosity": null, "poi_diversity": null, "food_drink_count": null, "street_furniture_count": null, "degree_u": null, "degree_v": null, "avg_connectivity": null, "city": null, "cluster": null, "typology": null }, "geometry": { "type": "LineString", "coordinates": [ [ 369655.386696764151566, 150748.485502116585849 ], [ 369655.725331291207112, 150781.275636916456278 ], [ 369656.160384768852964, 150806.415391884715063 ], [ 369657.164150969067123, 150811.268221297243144 ], [ 369658.288561569584999, 150812.527988799876766 ], [ 369660.825993425911292, 150813.643348211713601 ], [ 369663.062675944180228, 150814.084475012437906 ], [ 369666.868115832039621, 150814.303730191488285 ], [ 369671.418824045744259, 150814.069351450249087 ], [ 369674.289340985938907, 150813.71418140802416 ], [ 369676.336503478582017, 150813.403633794601774 ], [ 369677.816231071949005, 150813.148639398190426 ], [ 369682.555942404898815, 150812.60461784817744 ], [ 369692.201845707255416, 150810.654173356073443 ], [ 369813.778985379613005, 150755.970348503207788 ], [ 369801.391487155633513, 150703.032112062501255 ] ] } },
{ "type": "Feature", "properties": { "from_node": 596, "to_node": 610, "u": null, "v": null, "key": null, "index": null, "osmid": null, "highway": null, "lanes": null, "maxspeed": null, "name": null, "oneway": null, "reversed": null, "length": null, "bridge": null, "junction": null, "length_m": null, "building_count_50m": null, "avg_building_area": null, "poi_count_50m": null, "highway_clean": null, "highway_rank": null, "sinuosity": null, "poi_diversity": null, "food_drink_count": null, "street_furniture_count": null, "degree_u": null, "degree_v": null, "avg_connectivity": null, "city": null, "cluster": null, "typology": null }, "geometry": { "type": "LineString", "coordinates": [ [ 369655.386696764151566, 150748.485502116585849 ], [ 369677.350613660528325, 150748.065764062368544 ], [ 369692.961369287106209, 150748.0360575937666 ], [ 369697.344887311104685, 150747.204770418582484 ], [ 369779.252675426192582, 150709.88615851229406 ], [ 369790.21017756377114, 150705.149125671421643 ], [ 369801.391487155633513, 150703.032112062501255 ] ] } },
{ "type": "Feature", "properties": { "from_node": 596, "to_node": 617, "u": 1318514010.0, "v": 1318514124.0, "key": 0.0, "index": 211.0, "osmid": [ 720096467, 647086197 ], "highway": "residential", "lanes": [ "2" ], "maxspeed": "50", "name": [ "Jalan Rebana" ], "oneway": "False", "reversed": "True", "length": 61.425561038949844, "bridge": null, "junction": null, "length_m": 61.511696997963099, "building_count_50m": 25.0, "avg_building_area": 166.77392706137442, "poi_count_50m": 1.0, "highway_clean": "residential", "highway_rank": 2.0, "sinuosity": 1.0000036129562906, "poi_diversity": 0.0, "food_drink_count": 1.0, "street_furniture_count": 1.0, "degree_u": 6.0, "degree_v": 8.0, "avg_connectivity": 7.0, "city": "Singapore", "cluster": 2.0, "typology": "Local Mixed Street" }, "geometry": { "type": "LineString", "coordinates": [ [ 369655.386696764151566, 150748.485502116585849 ], [ 369653.686481550219469, 150707.216542364680208 ], [ 369652.987013944657519, 150687.460892939707264 ] ] } },
{ "type": "Feature", "properties": { "from_node": 618, "to_node": 1397, "u": 1318514013.0, "v": 5689382224.0, "key": 0.0, "index": 212.0, "osmid": [ 630111778, 597566254 ], "highway": "residential", "lanes": [ "3" ], "maxspeed": "50", "name": [ "Sin Ming Walk" ], "oneway": "True", "reversed": "False", "length": 79.709602583380061, "bridge": null, "junction": null, "length_m": 79.821393993589396, "building_count_50m": 4.0, "avg_building_area": 807.52599820761247, "poi_count_50m": 2.0, "highway_clean": "residential", "highway_rank": 2.0, "sinuosity": 1.001875357160515, "poi_diversity": 0.0, "food_drink_count": 1.0, "street_furniture_count": 1.0, "degree_u": 4.0, "degree_v": 4.0, "avg_connectivity": 4.0, "city": "Singapore", "cluster": 0.0, "typology": "Arterial Movement Corridor" }, "geometry": { "type": "LineString", "coordinates": [ [ 370159.34321412735153, 150806.878427330666455 ], [ 370173.294879339984618, 150781.455352085264167 ], [ 370177.362508102902211, 150771.680427743616747 ], [ 370181.430132059263997, 150761.894448353530606 ], [ 370186.908611226535868, 150747.497693891986273 ], [ 370191.809253917192109, 150734.64897263032617 ] ] } },
{ "type": "Feature", "properties": { "from_node": 618, "to_node": 1397, "u": 1318514013.0, "v": 5689382224.0, "key": 0.0, "index": 212.0, "osmid": [ 630111778, 597566254 ], "highway": "residential", "lanes": [ "3" ], "maxspeed": "50", "name": [ "Sin Ming Walk" ], "oneway": "True", "reversed": "False", "length": 79.709602583380061, "bridge": null, "junction": null, "length_m": 79.821393993589396, "building_count_50m": 4.0, "avg_building_area": 807.52599820761247, "poi_count_50m": 2.0, "highway_clean": "residential", "highway_rank": 2.0, "sinuosity": 1.001875357160515, "poi_diversity": 0.0, "food_drink_count": 1.0, "street_furniture_count": 1.0, "degree_u": 4.0, "degree_v": 4.0, "avg_connectivity": 4.0, "city": "Singapore", "cluster": 0.0, "typology": "Arterial Movement Corridor" }, "geometry": { "type": "LineString", "coordinates": [ [ 370159.34321412735153, 150806.878427330666455 ], [ 370173.294879339984618, 150781.455352085264167 ], [ 370177.362508102902211, 150771.680427743616747 ], [ 370181.430132059263997, 150761.894448353530606 ], [ 370186.908611226535868, 150747.497693891986273 ], [ 370191.809253917192109, 150734.64897263032617 ] ] } },
{ "type": "Feature", "properties": { "from_node": 618, "to_node": 635, "u": null, "v": null, "key": null, "index": null, "osmid": null, "highway": null, "lanes": null, "maxspeed": null, "name": null, "oneway": null, "reversed": null, "length": null, "bridge": null, "junction": null, "length_m": null, "building_count_50m": null, "avg_building_area": null, "poi_count_50m": null, "highway_clean": null, "highway_rank": null, "sinuosity": null, "poi_diversity": null, "food_drink_count": null, "street_furniture_count": null, "degree_u": null, "degree_v": null, "avg_connectivity": null, "city": null, "cluster": null, "typology": null }, "geometry": { "type": "LineString", "coordinates": [ [ 370159.34321412735153, 150806.878427330666455 ], [ 370154.408392385521438, 150818.068861824547639 ], [ 370146.9597129606409, 150830.852490518474951 ], [ 370141.444036457629409, 150837.366783388424665 ], [ 370138.207753573602531, 150840.629689770983532 ], [ 370125.917085457243957, 150849.535232172784163 ], [ 370085.382242389430758, 150871.798327473865356 ], [ 370075.459702933498193, 150876.877563945337897 ], [ 370055.959465807187371, 150886.858985422120895 ], [ 370048.016934502462391, 150890.820668875676347 ], [ 370038.450309908483177, 150895.612295180209912 ], [ 370021.753327291924506, 150904.210437169967918 ], [ 369942.296130609756801, 150946.889667434152216 ], [ 369922.439999377820641, 150957.191886598535348 ] ] } },
{ "type": "Feature", "properties": { "from_node": 636, "to_node": 1641, "u": 1318514040.0, "v": 1318514197.0, "key": 0.0, "index": 215.0, "osmid": "168043023", "highway": "residential", "lanes": [ "2" ], "maxspeed": "50", "name": [ "Jalan Tambur" ], "oneway": "False", "reversed": "False", "length": 265.50075807450764, "bridge": null, "junction": null, "length_m": 265.87318053693303, "building_count_50m": 76.0, "avg_building_area": 206.67788566792373, "poi_count_50m": 17.0, "highway_clean": "residential", "highway_rank": 2.0, "sinuosity": 1.0049090298383696, "poi_diversity": 1.0283941667143721, "food_drink_count": 1.0, "street_furniture_count": 1.0, "degree_u": 6.0, "degree_v": 2.0, "avg_connectivity": 4.0, "city": "Singapore", "cluster": 1.0, "typology": "Active Commercial High Street" }, "geometry": { "type": "LineString", "coordinates": [ [ 369695.68856291269185, 150887.553789833036717 ], [ 369699.572114378330298, 150888.237333014258184 ], [ 369701.552731240692083, 150888.369033242197474 ], [ 369703.288479984854348, 150888.335021831066115 ], [ 369704.879527810146101, 150888.190526966238394 ], [ 369706.214537760999519, 150887.791882756719133 ], [ 369711.999085633666255, 150885.047328769695014 ], [ 369724.624652621219866, 150878.396890983043704 ], [ 369737.339271113916766, 150871.823798730009003 ], [ 369763.113651637919247, 150859.119665328267729 ], [ 369934.724423489184119, 150775.192173081682995 ] ] } },
{ "type": "Feature", "properties": { "from_node": 636, "to_node": 1642, "u": 1318514040.0, "v": 1318514149.0, "key": 0.0, "index": 216.0, "osmid": [ 168043026, 628456695 ], "highway": "residential", "lanes": [ "2" ], "maxspeed": "50", "name": [ "Jalan Tambur" ], "oneway": "False", "reversed": "False", "length": 45.594302373819232, "bridge": null, "junction": null, "length_m": 45.658269976932303, "building_count_50m": 30.0, "avg_building_area": 242.72435906968184, "poi_count_50m": 13.0, "highway_clean": "residential", "highway_rank": 2.0, "sinuosity": 1.0013495910749592, "poi_diversity": 1.0579054247036734, "food_drink_count": 1.0, "street_furniture_count": 1.0, "degree_u": 6.0, "degree_v": 2.0, "avg_connectivity": 4.0, "city": "Singapore", "cluster": 1.0, "typology": "Active Commercial High Street" }, "geometry": { "type": "LineString", "coordinates": [ [ 369695.68856291269185, 150887.553789833036717 ], [ 369707.866101821418852, 150897.674599521065829 ], [ 369722.035619815578684, 150908.413540940236999 ], [ 369727.489418296026997, 150911.937555300013628 ], [ 369732.119496564147994, 150914.754425671155332 ] ] } },
{ "type": "Feature", "properties": { "from_node": 649, "to_node": 16, "u": null, "v": null, "key": null, "index": null, "osmid": null, "highway": null, "lanes": null, "maxspeed": null, "name": null, "oneway": null, "reversed": null, "length": null, "bridge": null, "junction": null, "length_m": null, "building_count_50m": null, "avg_building_area": null, "poi_count_50m": null, "highway_clean": null, "highway_rank": null, "sinuosity": null, "poi_diversity": null, "food_drink_count": null, "street_furniture_count": null, "degree_u": null, "degree_v": null, "avg_connectivity": null, "city": null, "cluster": null, "typology": null }, "geometry": { "type": "LineString", "coordinates": [ [ 369634.594328142120503, 150686.983404077356681 ], [ 369634.600924682745244, 150654.80114598714863 ], [ 369635.031732208095491, 150625.482028956903378 ], [ 369636.252533818304073, 150596.151472537050722 ], [ 369637.10192090208875, 150580.994113172841026 ], [ 369638.841161066316999, 150565.250385384366382 ], [ 369643.557181471493095, 150538.847810449980898 ] ] } },
{ "type": "Feature", "properties": { "from_node": 649, "to_node": 617, "u": 1318514046.0, "v": 1318514124.0, "key": 0.0, "index": 218.0, "osmid": "628467562", "highway": "residential", "lanes": [ "2" ], "maxspeed": "50", "name": [ "Jalan Angklong" ], "oneway": "False", "reversed": "True", "length": 18.382108347164408, "bridge": null, "junction": null, "length_m": 18.407883120441689, "building_count_50m": 16.0, "avg_building_area": 155.59376847758648, "poi_count_50m": 1.0, "highway_clean": "residential", "highway_rank": 2.0, "sinuosity": 1.0000135740607152, "poi_diversity": 0.0, "food_drink_count": 1.0, "street_furniture_count": 1.0, "degree_u": 5.0, "degree_v": 8.0, "avg_connectivity": 6.5, "city": "Singapore", "cluster": 2.0, "typology": "Local Mixed Street" }, "geometry": { "type": "LineString", "coordinates": [ [ 369634.594328142120503, 150686.983404077356681 ], [ 369642.427654773171525, 150687.233866897819098 ], [ 369652.987013944657519, 150687.460892939707264 ] ] } },
{ "type": "Feature", "properties": { "from_node": 617, "to_node": 594, "u": null, "v": null, "key": null, "index": null, "osmid": null, "highway": null, "lanes": null, "maxspeed": null, "name": null, "oneway": null, "reversed": null, "length": null, "bridge": null, "junction": null, "length_m": null, "building_count_50m": null, "avg_building_area": null, "poi_count_50m": null, "highway_clean": null, "highway_rank": null, "sinuosity": null, "poi_diversity": null, "food_drink_count": null, "street_furniture_count": null, "degree_u": null, "degree_v": null, "avg_connectivity": null, "city": null, "cluster": null, "typology": null }, "geometry": { "type": "LineString", "coordinates": [ [ 369652.987013944657519, 150687.460892939707264 ], [ 369669.776866542641073, 150686.734124748269096 ], [ 369686.466384393279441, 150685.609412331832573 ], [ 369692.241037753468845, 150685.385495970171178 ], [ 369697.336386630951893, 150683.978983071021503 ], [ 369711.286739180097356, 150678.754054012155393 ], [ 369739.553943071688991, 150666.899986641685246 ] ] } },
{ "type": "Feature", "properties": { "from_node": 617, "to_node": 593, "u": null, "v": null, "key": null, "index": null, "osmid": null, "highway": null, "lanes": null, "maxspeed": null, "name": null, "oneway": null, "reversed": null, "length": null, "bridge": null, "junction": null, "length_m": null, "building_count_50m": null, "avg_building_area": null, "poi_count_50m": null, "highway_clean": null, "highway_rank": null, "sinuosity": null, "poi_diversity": null, "food_drink_count": null, "street_furniture_count": null, "degree_u": null, "degree_v": null, "avg_connectivity": null, "city": null, "cluster": null, "typology": null }, "geometry": { "type": "LineString", "coordinates": [ [ 369652.987013944657519, 150687.460892939707264 ], [ 369650.672153989085928, 150640.675589871068951 ], [ 369650.691987898084335, 150635.700652740459191 ], [ 369652.269039862032514, 150629.652585063857259 ], [ 369654.648510809289292, 150626.268477276084013 ], [ 369657.195581366424449, 150624.321489305555588 ], [ 369660.377412026922684, 150623.479732141306158 ], [ 369701.756656958372332, 150621.42542213757406 ], [ 369706.752603061264381, 150621.533547596452991 ], [ 369710.247018373163883, 150622.825329955812776 ], [ 369738.848976956447586, 150635.812569064612035 ] ] } },
{ "type": "Feature", "properties": { "from_node": 1367, "to_node": 672, "u": 1601010905.0, "v": 206256152.0, "key": 0.0, "index": 232.0, "osmid": [ 633210691, 633210692 ], "highway": "primary", "lanes": [ "3" ], "maxspeed": "60", "name": [ "Upper Thomson Road" ], "oneway": "True", "reversed": "False", "length": 64.092057508692534, "bridge": null, "junction": null, "length_m": 64.181730213580153, "building_count_50m": 8.0, "avg_building_area": 2318.6092805841349, "poi_count_50m": 2.0, "highway_clean": "primary", "highway_rank": 5.0, "sinuosity": 1.0001322572921609, "poi_diversity": 0.0, "food_drink_count": 1.0, "street_furniture_count": 1.0, "degree_u": 3.0, "degree_v": 4.0, "avg_connectivity": 3.5, "city": "Singapore", "cluster": 0.0, "typology": "Arterial Movement Corridor" }, "geometry": { "type": "LineString", "coordinates": [ [ 369908.453781453194097, 149855.220021355693461 ], [ 369896.085749319987372, 149865.363781657448271 ], [ 369860.161748323647771, 149897.154313199687749 ] ] } },
{ "type": "Feature", "properties": { "from_node": 590, "to_node": 592, "u": null, "v": null, "key": null, "index": null, "osmid": null, "highway": null, "lanes": null, "maxspeed": null, "name": null, "oneway": null, "reversed": null, "length": null, "bridge": null, "junction": null, "length_m": null, "building_count_50m": null, "avg_building_area": null, "poi_count_50m": null, "highway_clean": null, "highway_rank": null, "sinuosity": null, "poi_diversity": null, "food_drink_count": null, "street_furniture_count": null, "degree_u": null, "degree_v": null, "avg_connectivity": null, "city": null, "cluster": null, "typology": null }, "geometry": { "type": "LineString", "coordinates": [ [ 370284.872053018189035, 149602.909736419765977 ], [ 370289.169585241761524, 149608.346913283603499 ], [ 370290.473936706141103, 149613.597587457683403 ], [ 370290.644387417589314, 149620.982493190327659 ], [ 370290.080298791232053, 149628.002924783242634 ] ] } },
{ "type": "Feature", "properties": { "from_node": 255, "to_node": 676, "u": 1601017000.0, "v": 4598784968.0, "key": 0.0, "index": 235.0, "osmid": "28281833", "highway": "residential", "lanes": [ "2" ], "maxspeed": "40", "name": [ "Jalan Isnin" ], "oneway": "False", "reversed": "True", "length": 56.266746236684412, "bridge": null, "junction": null, "length_m": 56.345418296471436, "building_count_50m": 28.0, "avg_building_area": 167.52160717721725, "poi_count_50m": 13.0, "highway_clean": "residential", "highway_rank": 2.0, "sinuosity": 1.0000758817921755, "poi_diversity": 0.42932302193061622, "food_drink_count": 2.0, "street_furniture_count": 1.0, "degree_u": 6.0, "degree_v": 4.0, "avg_connectivity": 5.0, "city": "Singapore", "cluster": 2.0, "typology": "Local Mixed Street" }, "geometry": { "type": "LineString", "coordinates": [ [ 370552.67190364934504, 149629.767289109557169 ], [ 370503.712974756490439, 149626.960608239663998 ], [ 370496.436024468624964, 149626.809325564390747 ] ] } },
{ "type": "Feature", "properties": { "from_node": 996, "to_node": 676, "u": 1601017004.0, "v": 4598784968.0, "key": 0.0, "index": 238.0, "osmid": "533640184", "highway": "tertiary", "lanes": [ "2" ], "maxspeed": "50", "name": [ "Sin Ming Road" ], "oneway": "True", "reversed": "False", "length": 34.818433387186218, "bridge": null, "junction": null, "length_m": 34.867118527119018, "building_count_50m": 15.0, "avg_building_area": 375.79994693610683, "poi_count_50m": 12.0, "highway_clean": "tertiary", "highway_rank": 3.0, "sinuosity": 1.0000578440606986, "poi_diversity": 0.45056120886630463, "food_drink_count": 2.0, "street_furniture_count": 1.0, "degree_u": 3.0, "degree_v": 4.0, "avg_connectivity": 3.5, "city": "Singapore", "cluster": 0.0, "typology": "Arterial Movement Corridor" }, "geometry": { "type": "LineString", "coordinates": [ [ 370497.732201463659294, 149661.400935625453712 ], [ 370496.652403997897636, 149637.168097267509438 ], [ 370496.436024468624964, 149626.809325564390747 ] ] } },
{ "type": "Feature", "properties": { "from_node": 681, "to_node": 680, "u": 1699613322.0, "v": 1867626546.0, "key": 0.0, "index": 239.0, "osmid": "646830008", "highway": "residential", "lanes": [ "2" ], "maxspeed": "50", "name": [ "Jalan Keli" ], "oneway": "False", "reversed": "False", "length": 46.57808228663535, "bridge": null, "junction": null, "length_m": 46.643252833691221, "building_count_50m": 39.0, "avg_building_area": 145.75660006706036, "poi_count_50m": 1.0, "highway_clean": "residential", "highway_rank": 2.0, "sinuosity": 1.0000001167236567, "poi_diversity": 0.0, "food_drink_count": 1.0, "street_furniture_count": 1.0, "degree_u": 6.0, "degree_v": 6.0, "avg_connectivity": 6.0, "city": "Singapore", "cluster": 2.0, "typology": "Local Mixed Street" }, "geometry": { "type": "LineString", "coordinates": [ [ 370393.871379378950223, 149907.687007957079913 ], [ 370392.668683451309334, 149905.587066924083047 ], [ 370372.245200474979356, 149870.08705362631008 ], [ 370370.741838339599781, 149867.478710146184312 ] ] } },
{ "type": "Feature", "properties": { "from_node": 681, "to_node": 742, "u": 1699613322.0, "v": 1867626553.0, "key": 0.0, "index": 240.0, "osmid": "646831117", "highway": "residential", "lanes": null, "maxspeed": "50", "name": [ "Jalan Keli" ], "oneway": "False", "reversed": "True", "length": 4.350952229427353, "bridge": null, "junction": null, "length_m": 4.3570402999247628, "building_count_50m": 26.0, "avg_building_area": 141.30473929742109, "poi_count_50m": 1.0, "highway_clean": "residential", "highway_rank": 2.0, "sinuosity": 1.0, "poi_diversity": 0.0, "food_drink_count": 1.0, "street_furniture_count": 1.0, "degree_u": 6.0, "degree_v": 6.0, "avg_connectivity": 6.0, "city": "Singapore", "cluster": 2.0, "typology": "Local Mixed Street" }, "geometry": { "type": "LineString", "coordinates": [ [ 370393.871379378950223, 149907.687007957079913 ], [ 370394.962840076885186, 149909.853334712504875 ], [ 370395.541982489754446, 149911.002814211213263 ], [ 370395.82041633821791, 149911.555448584520491 ] ] } },
{ "type": "Feature", "properties": { "from_node": 681, "to_node": 742, "u": 1699613322.0, "v": 1867626553.0, "key": 0.0, "index": 240.0, "osmid": "646831117", "highway": "residential", "lanes": null, "maxspeed": "50", "name": [ "Jalan Keli" ], "oneway": "False", "reversed": "True", "length": 4.350952229427353, "bridge": null, "junction": null, "length_m": 4.3570402999247628, "building_count_50m": 26.0, "avg_building_area": 141.30473929742109, "poi_count_50m": 1.0, "highway_clean": "residential", "highway_rank": 2.0, "sinuosity": 1.0, "poi_diversity": 0.0, "food_drink_count": 1.0, "street_furniture_count": 1.0, "degree_u": 6.0, "degree_v": 6.0, "avg_connectivity": 6.0, "city": "Singapore", "cluster": 2.0, "typology": "Local Mixed Street" }, "geometry": { "type": "LineString", "coordinates": [ [ 370393.871379378950223, 149907.687007957079913 ], [ 370394.962840076885186, 149909.853334712504875 ], [ 370395.541982489754446, 149911.002814211213263 ], [ 370395.82041633821791, 149911.555448584520491 ] ] } },
{ "type": "Feature", "properties": { "from_node": 681, "to_node": 726, "u": 1699613322.0, "v": 1867626547.0, "key": 0.0, "index": 241.0, "osmid": [ 464809792, 671417547 ], "highway": "residential", "lanes": [ "2" ], "maxspeed": "50", "name": [ "Jalan Sembilang" ], "oneway": "False", "reversed": "True", "length": 65.445748058696978, "bridge": null, "junction": null, "length_m": 65.537318449756398, "building_count_50m": 37.0, "avg_building_area": 148.50356634497649, "poi_count_50m": 1.0, "highway_clean": "residential", "highway_rank": 2.0, "sinuosity": 1.0001095907540694, "poi_diversity": 0.0, "food_drink_count": 1.0, "street_furniture_count": 1.0, "degree_u": 6.0, "degree_v": 5.0, "avg_connectivity": 5.5, "city": "Singapore", "cluster": 2.0, "typology": "Local Mixed Street" }, "geometry": { "type": "LineString", "coordinates": [ [ 370393.871379378950223, 149907.687007957079913 ], [ 370395.528791587566957, 149906.713338057277724 ], [ 370420.57907641219208, 149891.99764740045066 ], [ 370449.722270534140989, 149873.698054705979303 ] ] } },
{ "type": "Feature", "properties": { "from_node": 1645, "to_node": 692, "u": 1803882300.0, "v": 1803882316.0, "key": 0.0, "index": 242.0, "osmid": [ 169226634, 719636467 ], "highway": "residential", "lanes": [ "2" ], "maxspeed": "50", "name": [ "Shangri-La Walk" ], "oneway": "False", "reversed": "True", "length": 90.661556929901522, "bridge": null, "junction": null, "length_m": 90.788921268880401, "building_count_50m": 26.0, "avg_building_area": 344.72078450769465, "poi_count_50m": 2.0, "highway_clean": "residential", "highway_rank": 2.0, "sinuosity": 1.0207930553022717, "poi_diversity": 0.0, "food_drink_count": 1.0, "street_furniture_count": 1.0, "degree_u": 2.0, "degree_v": 6.0, "avg_connectivity": 4.0, "city": "Singapore", "cluster": 2.0, "typology": "Local Mixed Street" }, "geometry": { "type": "LineString", "coordinates": [ [ 370121.086332268372644, 151349.494937316892901 ], [ 370114.377827708784025, 151419.832521748438012 ], [ 370120.081883813429158, 151434.621839445811929 ], [ 370121.897075115295593, 151437.793848746630829 ] ] } },
{ "type": "Feature", "properties": { "from_node": 1646, "to_node": 692, "u": 1803882313.0, "v": 1803882316.0, "key": 0.0, "index": 244.0, "osmid": "630874698", "highway": "residential", "lanes": [ "2" ], "maxspeed": "50", "name": [ "Shangri-La Walk" ], "oneway": "False", "reversed": "True", "length": 52.147064046102308, "bridge": null, "junction": null, "length_m": 52.220330084179601, "building_count_50m": 26.0, "avg_building_area": 203.66448554145148, "poi_count_50m": 1.0, "highway_clean": "residential", "highway_rank": 2.0, "sinuosity": 1.0000002730078101, "poi_diversity": 0.0, "food_drink_count": 1.0, "street_furniture_count": 1.0, "degree_u": 4.0, "degree_v": 6.0, "avg_connectivity": 5.0, "city": "Singapore", "cluster": 2.0, "typology": "Local Mixed Street" }, "geometry": { "type": "LineString", "coordinates": [ [ 370208.23589288367657, 151429.427104659494944 ], [ 370206.555853728787042, 151429.604808522330131 ], [ 370175.847871190519072, 151432.892150736995973 ], [ 370173.878554937487934, 151433.103161832666956 ], [ 370172.7103096335195, 151433.21428447321523 ], [ 370121.897075115295593, 151437.793848746630829 ] ] } },
{ "type": "Feature", "properties": { "from_node": 692, "to_node": 695, "u": 1803882316.0, "v": 4592960089.0, "key": 0.0, "index": 248.0, "osmid": [ 719636464, 169226637 ], "highway": "residential", "lanes": [ "2" ], "maxspeed": "50", "name": [ "Shangri-La Walk" ], "oneway": "False", "reversed": "True", "length": 52.328837898587189, "bridge": null, "junction": null, "length_m": 52.402362103854706, "building_count_50m": 19.0, "avg_building_area": 207.03102928450039, "poi_count_50m": 1.0, "highway_clean": "residential", "highway_rank": 2.0, "sinuosity": 1.000235593038715, "poi_diversity": 0.0, "food_drink_count": 1.0, "street_furniture_count": 1.0, "degree_u": 6.0, "degree_v": 5.0, "avg_connectivity": 5.5, "city": "Singapore", "cluster": 2.0, "typology": "Local Mixed Street" }, "geometry": { "type": "LineString", "coordinates": [ [ 370121.897075115295593, 151437.793848746630829 ], [ 370098.569994940247852, 151449.148032698343741 ], [ 370080.749793466937263, 151458.819118656741921 ], [ 370075.388143957825378, 151461.696130656375317 ] ] } },
{ "type": "Feature", "properties": { "from_node": 692, "to_node": 695, "u": 1803882316.0, "v": 4592960089.0, "key": 0.0, "index": 248.0, "osmid": [ 719636464, 169226637 ], "highway": "residential", "lanes": [ "2" ], "maxspeed": "50", "name": [ "Shangri-La Walk" ], "oneway": "False", "reversed": "True", "length": 52.328837898587189, "bridge": null, "junction": null, "length_m": 52.402362103854706, "building_count_50m": 19.0, "avg_building_area": 207.03102928450039, "poi_count_50m": 1.0, "highway_clean": "residential", "highway_rank": 2.0, "sinuosity": 1.000235593038715, "poi_diversity": 0.0, "food_drink_count": 1.0, "street_furniture_count": 1.0, "degree_u": 6.0, "degree_v": 5.0, "avg_connectivity": 5.5, "city": "Singapore", "cluster": 2.0, "typology": "Local Mixed Street" }, "geometry": { "type": "LineString", "coordinates": [ [ 370121.897075115295593, 151437.793848746630829 ], [ 370098.569994940247852, 151449.148032698343741 ], [ 370080.749793466937263, 151458.819118656741921 ], [ 370075.388143957825378, 151461.696130656375317 ] ] } },
{ "type": "Feature", "properties": { "from_node": 696, "to_node": 1647, "u": null, "v": null, "key": null, "index": null, "osmid": null, "highway": null, "lanes": null, "maxspeed": null, "name": null, "oneway": null, "reversed": null, "length": null, "bridge": null, "junction": null, "length_m": null, "building_count_50m": null, "avg_building_area": null, "poi_count_50m": null, "highway_clean": null, "highway_rank": null, "sinuosity": null, "poi_diversity": null, "food_drink_count": null, "street_furniture_count": null, "degree_u": null, "degree_v": null, "avg_connectivity": null, "city": null, "cluster": null, "typology": null }, "geometry": { "type": "LineString", "coordinates": [ [ 370480.866646961425431, 149411.590973708254751 ], [ 370496.23117821890628, 149362.044527042016853 ], [ 370512.978889110789169, 149319.705520370305749 ], [ 370518.671959866245743, 149311.731877758080373 ], [ 370608.790757268783636, 149202.472846466116607 ], [ 370669.303767514356878, 149121.496594601077959 ], [ 370680.44425621436676, 149103.692149266484194 ] ] } },
{ "type": "Feature", "properties": { "from_node": 704, "to_node": 703, "u": 1867626513.0, "v": 1867626514.0, "key": 0.0, "index": 251.0, "osmid": "176216264", "highway": "residential", "lanes": [ "2" ], "maxspeed": "50", "name": [ "Jalan Ikan Merah" ], "oneway": "False", "reversed": "False", "length": 33.658393399957411, "bridge": null, "junction": null, "length_m": 33.705454858242675, "building_count_50m": 16.0, "avg_building_area": 546.9034208402519, "poi_count_50m": 27.0, "highway_clean": "residential", "highway_rank": 2.0, "sinuosity": 1.000092197146508, "poi_diversity": 0.65915250382299084, "food_drink_count": 10.0, "street_furniture_count": 1.0, "degree_u": 4.0, "degree_v": 4.0, "avg_connectivity": 4.0, "city": "Singapore", "cluster": 1.0, "typology": "Active Commercial High Street" }, "geometry": { "type": "LineString", "coordinates": [ [ 370411.147746570699383, 149622.804008264472941 ], [ 370402.304309748637024, 149627.617339973541675 ], [ 370381.948100546607748, 149639.48952702616225 ] ] } },
{ "type": "Feature", "properties": { "from_node": 704, "to_node": 127, "u": 1867626513.0, "v": 243415199.0, "key": 0.0, "index": 252.0, "osmid": [ 634101305, 634085388, 634085389 ], "highway": "tertiary", "lanes": [ "2" ], "maxspeed": "50", "name": [ "Jalan Todak" ], "oneway": "True", "reversed": "False", "length": 57.928155194089229, "bridge": null, "junction": null, "length_m": 58.009152034222716, "building_count_50m": 12.0, "avg_building_area": 811.66092592497716, "poi_count_50m": 27.0, "highway_clean": "tertiary", "highway_rank": 3.0, "sinuosity": 1.0000168818325368, "poi_diversity": 0.63651416829481278, "food_drink_count": 9.0, "street_furniture_count": 1.0, "degree_u": 4.0, "degree_v": 3.0, "avg_connectivity": 3.5, "city": "Singapore", "cluster": 1.0, "typology": "Active Commercial High Street" }, "geometry": { "type": "LineString", "coordinates": [ [ 370411.147746570699383, 149622.804008264472941 ], [ 370418.014714394405019, 149626.504258218512405 ], [ 370440.652337344421539, 149638.709566695499234 ], [ 370455.988937551679555, 149646.98267102232785 ], [ 370459.127485427481588, 149648.67263486245065 ], [ 370462.065746931184549, 149650.351639506814536 ] ] } },
{ "type": "Feature", "properties": { "from_node": 703, "to_node": 726, "u": null, "v": null, "key": null, "index": null, "osmid": null, "highway": null, "lanes": null, "maxspeed": null, "name": null, "oneway": null, "reversed": null, "length": null, "bridge": null, "junction": null, "length_m": null, "building_count_50m": null, "avg_building_area": null, "poi_count_50m": null, "highway_clean": null, "highway_rank": null, "sinuosity": null, "poi_diversity": null, "food_drink_count": null, "street_furniture_count": null, "degree_u": null, "degree_v": null, "avg_connectivity": null, "city": null, "cluster": null, "typology": null }, "geometry": { "type": "LineString", "coordinates": [ [ 370381.948100546607748, 149639.48952702616225 ], [ 370376.653972795116715, 149644.057937275880249 ], [ 370374.195980977267027, 149646.170693456515437 ], [ 370345.35976283159107, 149678.189842344349017 ], [ 370344.614734564209357, 149679.152017548127333 ], [ 370344.070215859916061, 149680.589477241213899 ], [ 370343.514809580869041, 149682.524433775863145 ], [ 370343.381692758935969, 149683.3647058022907 ], [ 370343.271041957836132, 149684.647181787819136 ], [ 370343.483246870920993, 149686.305385121959262 ], [ 370344.084658644045703, 149687.48802049816004 ], [ 370385.893561228876933, 149768.97915047450806 ], [ 370429.210674120753538, 149840.044330080418149 ], [ 370448.708936813171022, 149872.029181858350057 ], [ 370449.722270534140989, 149873.698054705979303 ] ] } },
{ "type": "Feature", "properties": { "from_node": 1648, "to_node": 724, "u": 1867626523.0, "v": 1867626537.0, "key": 0.0, "index": 255.0, "osmid": "464809793", "highway": "residential", "lanes": [ "2" ], "maxspeed": "50", "name": [ "Jalan Sembilang" ], "oneway": "False", "reversed": "False", "length": 26.085773688746528, "bridge": null, "junction": null, "length_m": 26.122267095352633, "building_count_50m": 16.0, "avg_building_area": 316.16720682325013, "poi_count_50m": 6.0, "highway_clean": "residential", "highway_rank": 2.0, "sinuosity": 1.0000001483008829, "poi_diversity": 1.0114042647073516, "food_drink_count": 2.0, "street_furniture_count": 1.0, "degree_u": 2.0, "degree_v": 5.0, "avg_connectivity": 3.5, "city": "Singapore", "cluster": 0.0, "typology": "Arterial Movement Corridor" }, "geometry": { "type": "LineString", "coordinates": [ [ 370520.333530542906374, 149829.741150149056921 ], [ 370504.449350236507598, 149839.665443943231367 ], [ 370501.501653344661463, 149841.502050939248875 ], [ 370498.231382757483516, 149843.548864948592382 ] ] } },
{ "type": "Feature", "properties": { "from_node": 724, "to_node": 726, "u": 1867626537.0, "v": 1867626547.0, "key": 0.0, "index": 256.0, "osmid": "176216266", "highway": "residential", "lanes": [ "2" ], "maxspeed": "50", "name": [ "Jalan Sembilang" ], "oneway": "False", "reversed": "True", "length": 57.169094562446702, "bridge": null, "junction": null, "length_m": 57.249077527822813, "building_count_50m": 30.0, "avg_building_area": 206.9793461932218, "poi_count_50m": 1.0, "highway_clean": "residential", "highway_rank": 2.0, "sinuosity": 1.0000000257219621, "poi_diversity": 0.0, "food_drink_count": 1.0, "street_furniture_count": 1.0, "degree_u": 5.0, "degree_v": 5.0, "avg_connectivity": 5.0, "city": "Singapore", "cluster": 2.0, "typology": "Local Mixed Street" }, "geometry": { "type": "LineString", "coordinates": [ [ 370498.231382757483516, 149843.548864948592382 ], [ 370492.258123353298288, 149847.266338174027624 ], [ 370449.722270534140989, 149873.698054705979303 ] ] } },
{ "type": "Feature", "properties": { "from_node": 724, "to_node": 703, "u": null, "v": null, "key": null, "index": null, "osmid": null, "highway": null, "lanes": null, "maxspeed": null, "name": null, "oneway": null, "reversed": null, "length": null, "bridge": null, "junction": null, "length_m": null, "building_count_50m": null, "avg_building_area": null, "poi_count_50m": null, "highway_clean": null, "highway_rank": null, "sinuosity": null, "poi_diversity": null, "food_drink_count": null, "street_furniture_count": null, "degree_u": null, "degree_v": null, "avg_connectivity": null, "city": null, "cluster": null, "typology": null }, "geometry": { "type": "LineString", "coordinates": [ [ 370498.231382757483516, 149843.548864948592382 ], [ 370496.494228710769676, 149840.664249974157428 ], [ 370424.023544673691504, 149719.985548079159344 ], [ 370397.048840076837223, 149666.335759410983883 ], [ 370381.948100546607748, 149639.48952702616225 ] ] } },
{ "type": "Feature", "properties": { "from_node": 680, "to_node": 739, "u": 1867626546.0, "v": 4598549326.0, "key": 0.0, "index": 260.0, "osmid": [ 644914080, 646830009, 485856943 ], "highway": "residential", "lanes": [ "2" ], "maxspeed": "50", "name": [ "Jalan Keli" ], "oneway": "False", "reversed": "False", "length": 211.39550740289386, "bridge": null, "junction": null, "length_m": 211.69119345892716, "building_count_50m": 46.0, "avg_building_area": 278.00378151613393, "poi_count_50m": 12.0, "highway_clean": "residential", "highway_rank": 2.0, "sinuosity": 1.0011246214731562, "poi_diversity": 1.3086053872534491, "food_drink_count": 3.0, "street_furniture_count": 1.0, "degree_u": 6.0, "degree_v": 5.0, "avg_connectivity": 5.5, "city": "Singapore", "cluster": 1.0, "typology": "Active Commercial High Street" }, "geometry": { "type": "LineString", "coordinates": [ [ 370370.741838339599781, 149867.478710146184312 ], [ 370368.893361784692388, 149864.483594824821921 ], [ 370360.184529179590754, 149848.402224313060287 ], [ 370357.533375579223502, 149842.179327445395757 ], [ 370349.836137686448637, 149824.151724499388365 ], [ 370348.677623863215558, 149821.377384299295954 ], [ 370343.408632797480095, 149808.798909362085396 ], [ 370318.712292570970021, 149749.775116506527411 ], [ 370303.841398414282594, 149715.024185264745029 ], [ 370295.687761544599198, 149696.576693173905369 ], [ 370283.86132622032892, 149676.096778317092685 ] ] } },
{ "type": "Feature", "properties": { "from_node": 680, "to_node": 741, "u": 1867626546.0, "v": 1867626551.0, "key": 0.0, "index": 261.0, "osmid": [ 706628690, 176216263 ], "highway": "residential", "lanes": [ "2" ], "maxspeed": "50", "name": [ "Jalan Belibas" ], "oneway": "False", "reversed": "True", "length": 99.268473545231387, "bridge": null, "junction": null, "length_m": 99.407365336251985, "building_count_50m": 43.0, "avg_building_area": 161.28827084252478, "poi_count_50m": 1.0, "highway_clean": "residential", "highway_rank": 2.0, "sinuosity": 1.0000083859043456, "poi_diversity": 0.0, "food_drink_count": 1.0, "street_furniture_count": 1.0, "degree_u": 6.0, "degree_v": 2.0, "avg_connectivity": 4.0, "city": "Singapore", "cluster": 2.0, "typology": "Local Mixed Street" }, "geometry": { "type": "LineString", "coordinates": [ [ 370370.741838339599781, 149867.478710146184312 ], [ 370352.67512028029887, 149873.866351867385674 ], [ 370276.859005311504006, 149899.794530339102494 ] ] } },
{ "type": "Feature", "properties": { "from_node": 742, "to_node": 745, "u": null, "v": null, "key": null, "index": null, "osmid": null, "highway": null, "lanes": null, "maxspeed": null, "name": null, "oneway": null, "reversed": null, "length": null, "bridge": null, "junction": null, "length_m": null, "building_count_50m": null, "avg_building_area": null, "poi_count_50m": null, "highway_clean": null, "highway_rank": null, "sinuosity": null, "poi_diversity": null, "food_drink_count": null, "street_furniture_count": null, "degree_u": null, "degree_v": null, "avg_connectivity": null, "city": null, "cluster": null, "typology": null }, "geometry": { "type": "LineString", "coordinates": [ [ 370395.82041633821791, 149911.555448584520491 ], [ 370422.762989298673347, 149944.642251172452234 ], [ 370420.220213099615648, 149955.533010790473782 ], [ 370335.918944168428425, 150013.879614909004886 ], [ 370323.203546926903073, 150018.938045284390682 ] ] } },
{ "type": "Feature", "properties": { "from_node": 742, "to_node": 747, "u": 1867626553.0, "v": 1867626581.0, "key": 0.0, "index": 266.0, "osmid": "176216265", "highway": "residential", "lanes": null, "maxspeed": "50", "name": [ "Jalan Sembilang" ], "oneway": "False", "reversed": "True", "length": 107.58220737955993, "bridge": null, "junction": null, "length_m": 107.73275221579871, "building_count_50m": 53.0, "avg_building_area": 146.36517150160776, "poi_count_50m": 3.0, "highway_clean": "residential", "highway_rank": 2.0, "sinuosity": 1.0000000000852018, "poi_diversity": 0.63651416829481278, "food_drink_count": 1.0, "street_furniture_count": 2.0, "degree_u": 6.0, "degree_v": 2.0, "avg_connectivity": 4.0, "city": "Singapore", "cluster": 2.0, "typology": "Local Mixed Street" }, "geometry": { "type": "LineString", "coordinates": [ [ 370395.82041633821791, 149911.555448584520491 ], [ 370394.974988265137654, 149911.975959386938484 ], [ 370299.541746204369701, 149959.460497591964668 ] ] } },
{ "type": "Feature", "properties": { "from_node": 748, "to_node": 803, "u": null, "v": null, "key": null, "index": null, "osmid": null, "highway": null, "lanes": null, "maxspeed": null, "name": null, "oneway": null, "reversed": null, "length": null, "bridge": null, "junction": null, "length_m": null, "building_count_50m": null, "avg_building_area": null, "poi_count_50m": null, "highway_clean": null, "highway_rank": null, "sinuosity": null, "poi_diversity": null, "food_drink_count": null, "street_furniture_count": null, "degree_u": null, "degree_v": null, "avg_connectivity": null, "city": null, "cluster": null, "typology": null }, "geometry": { "type": "LineString", "coordinates": [ [ 370057.450859736884013, 149945.38212416425813 ], [ 370057.716858704399783, 149966.276662710995879 ], [ 370060.240302944555879, 149984.516820516582811 ], [ 370065.598836476739962, 149998.145516351738479 ], [ 370075.142020436178427, 150013.850602906226413 ], [ 370085.395648707810324, 150026.106067817803705 ], [ 370092.053200377791654, 150033.919006331765559 ], [ 370094.980680362670682, 150036.305554768798174 ], [ 370099.35555704246508, 150040.603984854271403 ], [ 370107.949108975531999, 150048.316490075230831 ], [ 370115.440053304075263, 150053.829507319635013 ] ] } },
{ "type": "Feature", "properties": { "from_node": 748, "to_node": 1355, "u": 1867626561.0, "v": 5648108210.0, "key": 0.0, "index": 269.0, "osmid": [ 760541592, 644408859, 717075366 ], "highway": "residential", "lanes": "['2' '4']", "maxspeed": "50", "name": [ "Bright Hill Drive" ], "oneway": "False", "reversed": "True", "length": 107.07446968376749, "bridge": null, "junction": null, "length_m": 107.2242866317433, "building_count_50m": 20.0, "avg_building_area": 180.73773967653344, "poi_count_50m": 2.0, "highway_clean": "residential", "highway_rank": 2.0, "sinuosity": 1.0007645414565296, "poi_diversity": 0.69314718055994529, "food_drink_count": 1.0, "street_furniture_count": 1.0, "degree_u": 6.0, "degree_v": 4.0, "avg_connectivity": 5.0, "city": "Singapore", "cluster": 2.0, "typology": "Local Mixed Street" }, "geometry": { "type": "LineString", "coordinates": [ [ 370057.450859736884013, 149945.38212416425813 ], [ 370057.574185495497659, 149924.25523479070398 ], [ 370060.661527206364553, 149888.987085524131544 ], [ 370060.951582023641095, 149867.495288554142462 ], [ 370063.586088616342749, 149839.181192183925305 ] ] } },
{ "type": "Feature", "properties": { "from_node": 748, "to_node": 792, "u": null, "v": null, "key": null, "index": null, "osmid": null, "highway": null, "lanes": null, "maxspeed": null, "name": null, "oneway": null, "reversed": null, "length": null, "bridge": null, "junction": null, "length_m": null, "building_count_50m": null, "avg_building_area": null, "poi_count_50m": null, "highway_clean": null, "highway_rank": null, "sinuosity": null, "poi_diversity": null, "food_drink_count": null, "street_furniture_count": null, "degree_u": null, "degree_v": null, "avg_connectivity": null, "city": null, "cluster": null, "typology": null }, "geometry": { "type": "LineString", "coordinates": [ [ 370057.450859736884013, 149945.38212416425813 ], [ 370067.017697989824228, 149940.93324509341619 ], [ 370079.56716512190178, 149937.864849870995386 ], [ 370089.012558839400299, 149935.383888043113984 ], [ 370097.066594720934518, 149931.831226237118244 ], [ 370104.029865122400224, 149927.560491454933072 ], [ 370112.014586692792363, 149918.712338151148288 ], [ 370120.142655388743151, 149907.166604413563618 ], [ 370126.78068751457613, 149897.578391686547548 ], [ 370128.99272004456725, 149893.044620632834267 ], [ 370129.581855398893822, 149891.839300515042851 ], [ 370133.783844783261884, 149883.722628153220285 ], [ 370140.978555702546146, 149874.841692433750723 ], [ 370143.080547337653115, 149872.850711445469642 ], [ 370151.944507389795035, 149864.466463863296667 ], [ 370160.49850207020063, 149859.365812982839998 ], [ 370169.142416380404029, 149856.144533121667337 ], [ 370176.185073292988818, 149854.980325040291063 ], [ 370186.588714421959594, 149855.295917991024908 ], [ 370195.381345283356495, 149860.520873696979834 ], [ 370202.615792400552891, 149864.828984072315507 ], [ 370214.361696130363271, 149879.792301168141421 ], [ 370216.936102165782358, 149888.370030742953531 ], [ 370220.246059705328662, 149899.412754080287414 ], [ 370221.035515460418537, 149921.379400779493153 ], [ 370218.739115037431475, 149935.553496360778809 ], [ 370217.651930933992844, 149942.264632130827522 ], [ 370215.577373374952003, 149955.001422552741133 ], [ 370210.833235660917126, 149969.464138478797395 ], [ 370209.755537662829738, 149972.770214844029397 ], [ 370207.36681658658199, 149980.078968718386022 ], [ 370199.673333050974179, 149992.951133908733027 ], [ 370190.745776741416194, 150007.88019483134849 ], [ 370175.74587176926434, 150028.693645771563752 ] ] } },
{ "type": "Feature", "properties": { "from_node": 1651, "to_node": 792, "u": 1867626583.0, "v": 1867626587.0, "key": 0.0, "index": 272.0, "osmid": [ 788337249, 176216262, 646833263 ], "highway": "residential", "lanes": [ "2" ], "maxspeed": "50", "name": [ "Bright Hill Crescent" ], "oneway": "False", "reversed": "True", "length": 111.47327904633229, "bridge": null, "junction": null, "length_m": 111.62929929954211, "building_count_50m": 36.0, "avg_building_area": 171.35056261229695, "poi_count_50m": 3.0, "highway_clean": "residential", "highway_rank": 2.0, "sinuosity": 1.0000069238817941, "poi_diversity": 0.63651416829481278, "food_drink_count": 1.0, "street_furniture_count": 2.0, "degree_u": 2.0, "degree_v": 6.0, "avg_connectivity": 4.0, "city": "Singapore", "cluster": 2.0, "typology": "Local Mixed Street" }, "geometry": { "type": "LineString", "coordinates": [ [ 370279.761351002729498, 149988.589875689882319 ], [ 370267.17933828162495, 149993.3718600012362 ], [ 370261.661494748259429, 149995.463984813046409 ], [ 370248.478751335118432, 150000.478422940417659 ], [ 370244.918847296969034, 150001.817839151975932 ], [ 370212.802026564488187, 150014.292730227782158 ], [ 370175.74587176926434, 150028.693645771563752 ] ] } },
{ "type": "Feature", "properties": { "from_node": 792, "to_node": 803, "u": 1867626587.0, "v": 1867626588.0, "key": 0.0, "index": 276.0, "osmid": [ 646833264, 646314740, 760112488 ], "highway": "residential", "lanes": [ "2" ], "maxspeed": "50", "name": [ "Bright Hill Crescent" ], "oneway": "False", "reversed": "True", "length": 65.405645689499352, "bridge": null, "junction": null, "length_m": 65.497196802730244, "building_count_50m": 18.0, "avg_building_area": 357.21321408252521, "poi_count_50m": 1.0, "highway_clean": "residential", "highway_rank": 2.0, "sinuosity": 1.0010198883139592, "poi_diversity": 0.0, "food_drink_count": 1.0, "street_furniture_count": 1.0, "degree_u": 6.0, "degree_v": 6.0, "avg_connectivity": 6.0, "city": "Singapore", "cluster": 2.0, "typology": "Local Mixed Street" }, "geometry": { "type": "LineString", "coordinates": [ [ 370175.74587176926434, 150028.693645771563752 ], [ 370171.374186785658821, 150031.006328250019578 ], [ 370152.785139317449648, 150038.676672669156687 ], [ 370136.687980482471175, 150045.31766661448637 ], [ 370119.544776870985515, 150051.682782713061897 ], [ 370118.454550641647074, 150052.081302553357091 ], [ 370115.440053304075263, 150053.829507319635013 ] ] } },
{ "type": "Feature", "properties": { "from_node": 803, "to_node": 1652, "u": 1867626588.0, "v": 5648108224.0, "key": 0.0, "index": 277.0, "osmid": "646314738", "highway": "residential", "lanes": [ "2" ], "maxspeed": "50", "name": [ "Bright Hill Drive" ], "oneway": "False", "reversed": "False", "length": 47.234381484518529, "bridge": null, "junction": null, "length_m": 47.300503491331249, "building_count_50m": 11.0, "avg_building_area": 449.06665760344828, "poi_count_50m": 2.0, "highway_clean": "residential", "highway_rank": 2.0, "sinuosity": 1.0000009190026304, "poi_diversity": 0.0, "food_drink_count": 1.0, "street_furniture_count": 1.0, "degree_u": 6.0, "degree_v": 2.0, "avg_connectivity": 4.0, "city": "Singapore", "cluster": 2.0, "typology": "Local Mixed Street" }, "geometry": { "type": "LineString", "coordinates": [ [ 370115.440053304075263, 150053.829507319635013 ], [ 370116.453721346333623, 150056.183813364652451 ], [ 370134.276129785808735, 150096.903218288207427 ] ] } },
{ "type": "Feature", "properties": { "from_node": 94, "to_node": 1335, "u": null, "v": null, "key": null, "index": null, "osmid": null, "highway": null, "lanes": null, "maxspeed": null, "name": null, "oneway": null, "reversed": null, "length": null, "bridge": null, "junction": null, "length_m": null, "building_count_50m": null, "avg_building_area": null, "poi_count_50m": null, "highway_clean": null, "highway_rank": null, "sinuosity": null, "poi_diversity": null, "food_drink_count": null, "street_furniture_count": null, "degree_u": null, "degree_v": null, "avg_connectivity": null, "city": null, "cluster": null, "typology": null }, "geometry": { "type": "LineString", "coordinates": [ [ 370639.128937293600757, 151388.312859942554496 ], [ 370628.755483735352755, 151381.264572033280274 ], [ 370614.330450448440388, 151371.166969909565523 ], [ 370596.264792745234445, 151356.516324907017406 ], [ 370570.03625217510853, 151327.342893641936826 ], [ 370560.595528086123522, 151316.369498632586328 ], [ 370556.653937423659954, 151310.688954361132346 ], [ 370550.641003767785151, 151301.327978991059354 ], [ 370542.612156325893011, 151287.866441579448292 ], [ 370527.042531354003586, 151257.847626842703903 ], [ 370518.319175727374386, 151234.790368924761424 ], [ 370500.170680776238441, 151187.017885819106596 ], [ 370491.01140190998558, 151159.870351279387251 ], [ 370481.740117007051595, 151131.197229413519381 ], [ 370469.016180311213247, 151095.538788870209828 ], [ 370465.70667953469092, 151085.4689549622708 ] ] } },
{ "type": "Feature", "properties": { "from_node": 828, "to_node": 817, "u": 2291053366.0, "v": 2291053397.0, "key": 0.0, "index": 281.0, "osmid": "219977145", "highway": "residential", "lanes": [ "2" ], "maxspeed": "50", "name": [ "The Inglewood" ], "oneway": "False", "reversed": "True", "length": 30.92443585432364, "bridge": null, "junction": null, "length_m": 30.967765280096536, "building_count_50m": 22.0, "avg_building_area": 177.5030503082545, "poi_count_50m": 1.0, "highway_clean": "residential", "highway_rank": 2.0, "sinuosity": 1.000000001050567, "poi_diversity": 0.0, "food_drink_count": 1.0, "street_furniture_count": 1.0, "degree_u": 6.0, "degree_v": 6.0, "avg_connectivity": 6.0, "city": "Singapore", "cluster": 2.0, "typology": "Local Mixed Street" }, "geometry": { "type": "LineString", "coordinates": [ [ 369932.886044209823012, 150403.12410730693955 ], [ 369926.980445056804456, 150408.665716380462982 ], [ 369910.386937629140448, 150424.239739642856875 ] ] } },
{ "type": "Feature", "properties": { "from_node": 828, "to_node": 1482, "u": null, "v": null, "key": null, "index": null, "osmid": null, "highway": null, "lanes": null, "maxspeed": null, "name": null, "oneway": null, "reversed": null, "length": null, "bridge": null, "junction": null, "length_m": null, "building_count_50m": null, "avg_building_area": null, "poi_count_50m": null, "highway_clean": null, "highway_rank": null, "sinuosity": null, "poi_diversity": null, "food_drink_count": null, "street_furniture_count": null, "degree_u": null, "degree_v": null, "avg_connectivity": null, "city": null, "cluster": null, "typology": null }, "geometry": { "type": "LineString", "coordinates": [ [ 369932.886044209823012, 150403.12410730693955 ], [ 369922.153858454432338, 150390.669889240554767 ], [ 369919.314565200125799, 150386.580772672372404 ], [ 369917.54408432287164, 150383.828839741472621 ], [ 369914.459173053153791, 150378.026257467485266 ], [ 369908.899932236934546, 150363.557452151959296 ], [ 369906.203979089681525, 150356.770751908683451 ], [ 369904.420571733906399, 150350.304215647629462 ], [ 369903.716932283481583, 150344.821085510338889 ], [ 369904.447755285771564, 150337.51312190797762 ], [ 369905.979798297223169, 150330.403767167852493 ], [ 369908.531327949021943, 150314.681773836317006 ] ] } },
{ "type": "Feature", "properties": { "from_node": 828, "to_node": 838, "u": null, "v": null, "key": null, "index": null, "osmid": null, "highway": null, "lanes": null, "maxspeed": null, "name": null, "oneway": null, "reversed": null, "length": null, "bridge": null, "junction": null, "length_m": null, "building_count_50m": null, "avg_building_area": null, "poi_count_50m": null, "highway_clean": null, "highway_rank": null, "sinuosity": null, "poi_diversity": null, "food_drink_count": null, "street_furniture_count": null, "degree_u": null, "degree_v": null, "avg_connectivity": null, "city": null, "cluster": null, "typology": null }, "geometry": { "type": "LineString", "coordinates": [ [ 369932.886044209823012, 150403.12410730693955 ], [ 369944.118914937018417, 150415.544916204293258 ], [ 369950.142439003742766, 150423.74509228914394 ], [ 369954.085391628439538, 150432.200550136592938 ], [ 369955.422460763598792, 150436.047175681160297 ], [ 369957.104929251596332, 150440.866507565340726 ], [ 369958.577977828215808, 150449.787488081026822 ], [ 369959.059924605709966, 150457.006419802753953 ], [ 369958.496212934551295, 150464.745461279235315 ], [ 369957.287211472168565, 150472.606424753990723 ], [ 369956.08934233780019, 150480.478438287769677 ], [ 369951.584992103918921, 150507.488923583558062 ] ] } },
{ "type": "Feature", "properties": { "from_node": 839, "to_node": 838, "u": 2291053370.0, "v": 5659506912.0, "key": 0.0, "index": 284.0, "osmid": "646955798", "highway": "residential", "lanes": [ "2" ], "maxspeed": "50", "name": [ "Lorong Puntong" ], "oneway": "False", "reversed": "False", "length": 16.840116832657372, "bridge": null, "junction": null, "length_m": 16.863718624302383, "building_count_50m": 15.0, "avg_building_area": 135.49311541016766, "poi_count_50m": 4.0, "highway_clean": "residential", "highway_rank": 2.0, "sinuosity": 1.0209318132713976, "poi_diversity": 1.0397207708399179, "food_drink_count": 1.0, "street_furniture_count": 1.0, "degree_u": 2.0, "degree_v": 6.0, "avg_connectivity": 4.0, "city": "Singapore", "cluster": 2.0, "typology": "Local Mixed Street" }, "geometry": { "type": "LineString", "coordinates": [ [ 369947.409042740007862, 150523.355423748755129 ], [ 369950.944043622002937, 150516.565704245498637 ], [ 369951.584992103918921, 150507.488923583558062 ] ] } },
{ "type": "Feature", "properties": { "from_node": 1654, "to_node": 842, "u": 2291053371.0, "v": 2291053414.0, "key": 0.0, "index": 285.0, "osmid": [ 717075376, 219977129 ], "highway": "residential", "lanes": [ "2" ], "maxspeed": "50", "name": [ "Fulton Avenue" ], "oneway": "False", "reversed": "False", "length": 55.814107980467277, "bridge": null, "junction": null, "length_m": 55.892341496918831, "building_count_50m": 54.0, "avg_building_area": 139.70438229383146, "poi_count_50m": 2.0, "highway_clean": "residential", "highway_rank": 2.0, "sinuosity": 1.000018429642183, "poi_diversity": 0.69314718055994529, "food_drink_count": 1.0, "street_furniture_count": 1.0, "degree_u": 2.0, "degree_v": 6.0, "avg_connectivity": 4.0, "city": "Singapore", "cluster": 2.0, "typology": "Local Mixed Street" }, "geometry": { "type": "LineString", "coordinates": [ [ 370333.601344289199915, 150583.43127293989528 ], [ 370322.560954057378694, 150554.814258470403729 ], [ 370313.325760425534099, 150531.72405501070898 ] ] } },
{ "type": "Feature", "properties": { "from_node": 843, "to_node": 883, "u": null, "v": null, "key": null, "index": null, "osmid": null, "highway": null, "lanes": null, "maxspeed": null, "name": null, "oneway": null, "reversed": null, "length": null, "bridge": null, "junction": null, "length_m": null, "building_count_50m": null, "avg_building_area": null, "poi_count_50m": null, "highway_clean": null, "highway_rank": null, "sinuosity": null, "poi_diversity": null, "food_drink_count": null, "street_furniture_count": null, "degree_u": null, "degree_v": null, "avg_connectivity": null, "city": null, "cluster": null, "typology": null }, "geometry": { "type": "LineString", "coordinates": [ [ 370139.446963869268075, 150527.784029333328363 ], [ 370157.774317840056028, 150577.214799201930873 ], [ 370159.177614403946791, 150579.966908337868517 ], [ 370160.55828816711437, 150581.956207454961259 ], [ 370161.80500794085674, 150583.050085962138837 ], [ 370163.363114528765436, 150583.812152392813005 ], [ 370165.165767461934593, 150584.07660848199157 ], [ 370166.712410060456023, 150584.142191783816088 ], [ 370168.603835614107084, 150583.90911298795254 ], [ 370169.961126324080396, 150583.565739092591684 ], [ 370172.275050396623556, 150582.680188572587213 ], [ 370203.769346094341017, 150571.565344199945685 ], [ 370252.061641237465665, 150553.610157117363997 ] ] } },
{ "type": "Feature", "properties": { "from_node": 843, "to_node": 237, "u": 2291053373.0, "v": 2291053401.0, "key": 0.0, "index": 288.0, "osmid": "631750810", "highway": "residential", "lanes": [ "2" ], "maxspeed": "50", "name": [ "Fulton Road" ], "oneway": "False", "reversed": "True", "length": 222.18221686561213, "bridge": null, "junction": null, "length_m": 222.4935884073393, "building_count_50m": 102.0, "avg_building_area": 204.04076785106474, "poi_count_50m": 3.0, "highway_clean": "residential", "highway_rank": 2.0, "sinuosity": 1.000000006081071, "poi_diversity": 1.0986122886681096, "food_drink_count": 1.0, "street_furniture_count": 1.0, "degree_u": 6.0, "degree_v": 6.0, "avg_connectivity": 6.0, "city": "Singapore", "cluster": 2.0, "typology": "Local Mixed Street" }, "geometry": { "type": "LineString", "coordinates": [ [ 370139.446963869268075, 150527.784029333328363 ], [ 370344.275391536648385, 150452.663199259084649 ], [ 370348.068920868216082, 150451.268389865377685 ] ] } },
{ "type": "Feature", "properties": { "from_node": 856, "to_node": 842, "u": 2291053377.0, "v": 2291053414.0, "key": 0.0, "index": 291.0, "osmid": "645129338", "highway": "residential", "lanes": [ "3" ], "maxspeed": "50", "name": [ "Fulton Avenue" ], "oneway": "False", "reversed": "True", "length": 62.897951848985059, "bridge": null, "junction": null, "length_m": 62.98610597573802, "building_count_50m": 60.0, "avg_building_area": 131.19159655242325, "poi_count_50m": 1.0, "highway_clean": "residential", "highway_rank": 2.0, "sinuosity": 1.0000035593847743, "poi_diversity": 0.0, "food_drink_count": 1.0, "street_furniture_count": 1.0, "degree_u": 6.0, "degree_v": 6.0, "avg_connectivity": 6.0, "city": "Singapore", "cluster": 2.0, "typology": "Local Mixed Street" }, "geometry": { "type": "LineString", "coordinates": [ [ 370372.342341187701095, 150509.949615312420065 ], [ 370369.505558851000387, 150511.034412299894029 ], [ 370313.325760425534099, 150531.72405501070898 ] ] } },
{ "type": "Feature", "properties": { "from_node": 817, "to_node": 817, "u": null, "v": null, "key": null, "index": null, "osmid": null, "highway": null, "lanes": null, "maxspeed": null, "name": null, "oneway": null, "reversed": null, "length": null, "bridge": null, "junction": null, "length_m": null, "building_count_50m": null, "avg_building_area": null, "poi_count_50m": null, "highway_clean": null, "highway_rank": null, "sinuosity": null, "poi_diversity": null, "food_drink_count": null, "street_furniture_count": null, "degree_u": null, "degree_v": null, "avg_connectivity": null, "city": null, "cluster": null, "typology": null }, "geometry": { "type": "LineString", "coordinates": [ [ 369788.609462327265646, 150502.128731663600774 ], [ 369789.562962801253889, 150495.130207398702623 ], [ 369801.261736650019884, 150435.812368124577915 ], [ 369802.68403594486881, 150431.853848938364536 ], [ 369806.153870476933662, 150428.347607501345919 ], [ 369809.958428859477863, 150426.742730657599168 ], [ 369815.799722725176252, 150426.264515615999699 ], [ 369833.64684142509941, 150425.990530309674796 ], [ 369910.386937629140448, 150424.239739642856875 ], [ 369906.016616316512227, 150429.349445824482245 ], [ 369905.350439168396406, 150432.290501181501895 ], [ 369905.218542402726598, 150435.640346818196122 ], [ 369905.94431839697063, 150463.831227126385784 ], [ 369906.041174083249643, 150480.005208657385083 ], [ 369905.698669146688189, 150485.002408832835499 ], [ 369904.231932628899813, 150489.10466797472327 ], [ 369901.618898738292046, 150492.698935319669545 ], [ 369897.659093722351827, 150495.387314272287767 ], [ 369892.286036063276697, 150497.744717189489165 ], [ 369886.233922181883827, 150499.428071110218298 ], [ 369817.534457115572877, 150515.867596491618315 ], [ 369814.753101695561782, 150516.53226967214141 ], [ 369810.002211359678768, 150516.976791040418902 ], [ 369803.570420447038487, 150515.84120777292992 ], [ 369796.748384194157552, 150513.036450283630984 ], [ 369791.338940847490449, 150509.202855960320449 ], [ 369789.145315295201726, 150505.776750054850709 ], [ 369788.609462327265646, 150502.128731663600774 ] ] } },
{ "type": "Feature", "properties": { "from_node": 883, "to_node": 1657, "u": 2291053422.0, "v": 2291053437.0, "key": 0.0, "index": 304.0, "osmid": "219977144", "highway": "residential", "lanes": null, "maxspeed": "50", "name": [ "Fulton Avenue" ], "oneway": "False", "reversed": "True", "length": 47.54362143991807, "bridge": null, "junction": null, "length_m": 47.610265670009206, "building_count_50m": 38.0, "avg_building_area": 233.49599572733399, "poi_count_50m": 1.0, "highway_clean": "residential", "highway_rank": 2.0, "sinuosity": 1.0000454551804467, "poi_diversity": 0.0, "food_drink_count": 1.0, "street_furniture_count": 1.0, "degree_u": 6.0, "degree_v": 2.0, "avg_connectivity": 4.0, "city": "Singapore", "cluster": 2.0, "typology": "Local Mixed Street" }, "geometry": { "type": "LineString", "coordinates": [ [ 370252.061641237465665, 150553.610157117363997 ], [ 370256.719391705759335, 150567.648227016732562 ], [ 370267.59387061331654, 150598.28845783972065 ] ] } },
{ "type": "Feature", "properties": { "from_node": 57, "to_node": 886, "u": null, "v": null, "key": null, "index": null, "osmid": null, "highway": null, "lanes": null, "maxspeed": null, "name": null, "oneway": null, "reversed": null, "length": null, "bridge": null, "junction": null, "length_m": null, "building_count_50m": null, "avg_building_area": null, "poi_count_50m": null, "highway_clean": null, "highway_rank": null, "sinuosity": null, "poi_diversity": null, "food_drink_count": null, "street_furniture_count": null, "degree_u": null, "degree_v": null, "avg_connectivity": null, "city": null, "cluster": null, "typology": null }, "geometry": { "type": "LineString", "coordinates": [ [ 370665.087009241688065, 149098.779850186023396 ], [ 370599.272698729590047, 149192.649183284200262 ], [ 370510.485514756059274, 149294.412044621800305 ] ] } },
{ "type": "Feature", "properties": { "from_node": 887, "to_node": 431, "u": 3784797714.0, "v": 3784797715.0, "key": 0.0, "index": 308.0, "osmid": [ 644360723, 717017684, 717017685, 375092095 ], "highway": "residential", "lanes": [ "2" ], "maxspeed": "40", "name": [ "Windsor Park Road" ], "oneway": "False", "reversed": "False", "length": 128.83347452351745, "bridge": null, "junction": null, "length_m": 129.01377333038772, "building_count_50m": 15.0, "avg_building_area": 363.40199408744854, "poi_count_50m": 1.0, "highway_clean": "residential", "highway_rank": 2.0, "sinuosity": 1.0000303823452317, "poi_diversity": 0.0, "food_drink_count": 1.0, "street_furniture_count": 1.0, "degree_u": 6.0, "degree_v": 6.0, "avg_connectivity": 6.0, "city": "Singapore", "cluster": 2.0, "typology": "Local Mixed Street" }, "geometry": { "type": "LineString", "coordinates": [ [ 369291.615971341438126, 150029.674392390035791 ], [ 369294.527082523389254, 150021.237703196704388 ], [ 369298.049456594977528, 150011.341403694153996 ], [ 369328.751510402013082, 149926.54259207987343 ], [ 369334.706915033049881, 149908.950552852766123 ] ] } },
{ "type": "Feature", "properties": { "from_node": 895, "to_node": 894, "u": 3806372868.0, "v": 6167717130.0, "key": 0.0, "index": 313.0, "osmid": "117038456", "highway": "residential", "lanes": null, "maxspeed": "40", "name": [ "Taman Permata" ], "oneway": "False", "reversed": "False", "length": 35.205709490504603, "bridge": null, "junction": null, "length_m": 35.254911391889912, "building_count_50m": 21.0, "avg_building_area": 243.79049030829447, "poi_count_50m": 18.0, "highway_clean": "residential", "highway_rank": 2.0, "sinuosity": 1.0019667998210477, "poi_diversity": 0.85441498160018414, "food_drink_count": 10.0, "street_furniture_count": 1.0, "degree_u": 6.0, "degree_v": 2.0, "avg_connectivity": 4.0, "city": "Singapore", "cluster": 1.0, "typology": "Active Commercial High Street" }, "geometry": { "type": "LineString", "coordinates": [ [ 370395.40479362901533, 149440.210073141061002 ], [ 370390.647622254211456, 149450.781286179000745 ], [ 370384.989074798591901, 149461.120769418717828 ], [ 370380.541686661716085, 149468.010397317935713 ], [ 370378.618151876900811, 149470.907826638576807 ] ] } },
{ "type": "Feature", "properties": { "from_node": 895, "to_node": 897, "u": 3806372868.0, "v": 3806372869.0, "key": 0.0, "index": 314.0, "osmid": "645111654", "highway": "residential", "lanes": [ "2" ], "maxspeed": "40", "name": [ "Taman Permata" ], "oneway": "False", "reversed": "True", "length": 53.196688088068399, "bridge": null, "junction": null, "length_m": 53.271025443795807, "building_count_50m": 25.0, "avg_building_area": 250.03577928498328, "poi_count_50m": 14.0, "highway_clean": "residential", "highway_rank": 2.0, "sinuosity": 1.0000001277575619, "poi_diversity": 0.59826958858525725, "food_drink_count": 10.0, "street_furniture_count": 1.0, "degree_u": 6.0, "degree_v": 6.0, "avg_connectivity": 6.0, "city": "Singapore", "cluster": 1.0, "typology": "Active Commercial High Street" }, "geometry": { "type": "LineString", "coordinates": [ [ 370395.40479362901533, 149440.210073141061002 ], [ 370414.377136383322068, 149396.432777724752668 ], [ 370416.466661815939005, 149391.633746909094043 ] ] } },
{ "type": "Feature", "properties": { "from_node": 897, "to_node": 580, "u": 3806372869.0, "v": 4728224830.0, "key": 0.0, "index": 318.0, "osmid": [ 645111666, 646402502 ], "highway": "residential", "lanes": [ "2" ], "maxspeed": "40", "name": [ "Jalan Pelatina" ], "oneway": "False", "reversed": "False", "length": 32.455630800369377, "bridge": null, "junction": null, "length_m": 32.500982106184331, "building_count_50m": 15.0, "avg_building_area": 346.79479612551035, "poi_count_50m": 9.0, "highway_clean": "residential", "highway_rank": 2.0, "sinuosity": 1.0004864802323898, "poi_diversity": 0.93688830753901597, "food_drink_count": 5.0, "street_furniture_count": 1.0, "degree_u": 6.0, "degree_v": 5.0, "avg_connectivity": 5.5, "city": "Singapore", "cluster": 1.0, "typology": "Active Commercial High Street" }, "geometry": { "type": "LineString", "coordinates": [ [ 370416.466661815939005, 149391.633746909094043 ], [ 370432.491332054254599, 149396.158763703890145 ], [ 370447.414793635718524, 149401.391852258093422 ] ] } },
{ "type": "Feature", "properties": { "from_node": 897, "to_node": 580, "u": 3806372869.0, "v": 4728224830.0, "key": 0.0, "index": 318.0, "osmid": [ 645111666, 646402502 ], "highway": "residential", "lanes": [ "2" ], "maxspeed": "40", "name": [ "Jalan Pelatina" ], "oneway": "False", "reversed": "False", "length": 32.455630800369377, "bridge": null, "junction": null, "length_m": 32.500982106184331, "building_count_50m": 15.0, "avg_building_area": 346.79479612551035, "poi_count_50m": 9.0, "highway_clean": "residential", "highway_rank": 2.0, "sinuosity": 1.0004864802323898, "poi_diversity": 0.93688830753901597, "food_drink_count": 5.0, "street_furniture_count": 1.0, "degree_u": 6.0, "degree_v": 5.0, "avg_connectivity": 5.5, "city": "Singapore", "cluster": 1.0, "typology": "Active Commercial High Street" }, "geometry": { "type": "LineString", "coordinates": [ [ 370416.466661815939005, 149391.633746909094043 ], [ 370432.491332054254599, 149396.158763703890145 ], [ 370447.414793635718524, 149401.391852258093422 ] ] } },
{ "type": "Feature", "properties": { "from_node": 1187, "to_node": 436, "u": null, "v": null, "key": null, "index": null, "osmid": null, "highway": null, "lanes": null, "maxspeed": null, "name": null, "oneway": null, "reversed": null, "length": null, "bridge": null, "junction": null, "length_m": null, "building_count_50m": null, "avg_building_area": null, "poi_count_50m": null, "highway_clean": null, "highway_rank": null, "sinuosity": null, "poi_diversity": null, "food_drink_count": null, "street_furniture_count": null, "degree_u": null, "degree_v": null, "avg_connectivity": null, "city": null, "cluster": null, "typology": null }, "geometry": { "type": "LineString", "coordinates": [ [ 370441.304689754615538, 149421.416047932667425 ], [ 370437.73727083299309, 149430.306272238172824 ], [ 370435.158700020983815, 149436.21107390456018 ], [ 370429.158578621281777, 149453.54876476386562 ], [ 370424.379413522896357, 149464.661699754477013 ], [ 370417.375618981954176, 149477.268176862678956 ], [ 370411.560428268276155, 149485.794654235534836 ], [ 370409.692336329317186, 149488.294063367124181 ], [ 370402.98726245900616, 149497.351625955081545 ], [ 370393.224328013602644, 149510.55641929936246 ], [ 370377.410337584849913, 149527.688774081296287 ], [ 370367.711952893179841, 149536.283450989052653 ], [ 370355.777812666376121, 149546.371677115297643 ], [ 370344.222189103427809, 149556.890882139210589 ], [ 370330.942576401284896, 149568.770727003808133 ], [ 370315.44937222689623, 149581.956170727265999 ], [ 370309.977103258832358, 149586.292505084478762 ], [ 370304.01535392482765, 149590.828071584488498 ], [ 370300.722373036434874, 149591.935191045398824 ], [ 370296.839531983714551, 149592.744099035917316 ], [ 370292.934086783556268, 149592.823363502975553 ], [ 370288.883712436712813, 149592.316763029491995 ], [ 370279.402329657343216, 149589.391646592324832 ], [ 370265.223595149698667, 149582.577297323936364 ], [ 370259.670537503436208, 149580.877439228555886 ], [ 370256.421478538890369, 149580.768447256064974 ], [ 370252.640084799670149, 149584.296928622818086 ], [ 370250.071993919555098, 149588.841921096638544 ] ] } },
{ "type": "Feature", "properties": { "from_node": 1658, "to_node": 933, "u": null, "v": null, "key": null, "index": null, "osmid": null, "highway": null, "lanes": null, "maxspeed": null, "name": null, "oneway": null, "reversed": null, "length": null, "bridge": null, "junction": null, "length_m": null, "building_count_50m": null, "avg_building_area": null, "poi_count_50m": null, "highway_clean": null, "highway_rank": null, "sinuosity": null, "poi_diversity": null, "food_drink_count": null, "street_furniture_count": null, "degree_u": null, "degree_v": null, "avg_connectivity": null, "city": null, "cluster": null, "typology": null }, "geometry": { "type": "LineString", "coordinates": [ [ 369696.756622999615502, 150315.03870158616337 ], [ 369696.197779475653078, 150332.804988473217236 ], [ 369692.492183455207851, 150354.917571734666126 ], [ 369687.170596717623994, 150371.635908222087892 ], [ 369683.182259075576439, 150384.318379772827029 ], [ 369680.161335031734779, 150395.740067267441191 ], [ 369666.53836249129381, 150433.611404126830166 ], [ 369653.335613740666304, 150466.131730198481819 ], [ 369638.96590887720231, 150501.416475512931356 ], [ 369633.200626150355674, 150520.932049218885368 ] ] } },
{ "type": "Feature", "properties": { "from_node": 934, "to_node": 960, "u": 4000033078.0, "v": 4000033092.0, "key": 0.0, "index": 327.0, "osmid": [ 628184262, 671970631, 51814770, 639600692, 682666167, 793734617 ], "highway": "unclassified", "lanes": [ "1" ], "maxspeed": "50", "name": [ "Venus Drive" ], "oneway": "True", "reversed": "False", "length": 170.92330259564267, "bridge": null, "junction": null, "length_m": 171.162748862028, "building_count_50m": 4.0, "avg_building_area": 1037.9083200884086, "poi_count_50m": 11.0, "highway_clean": "unclassified", "highway_rank": 1.0, "sinuosity": 1.0231139959254745, "poi_diversity": 1.0900596587107838, "food_drink_count": 1.0, "street_furniture_count": 4.0, "degree_u": 4.0, "degree_v": 4.0, "avg_connectivity": 4.0, "city": "Singapore", "cluster": 1.0, "typology": "Active Commercial High Street" }, "geometry": { "type": "LineString", "coordinates": [ [ 369634.780425264267251, 150291.421285746939247 ], [ 369629.473846450913697, 150293.214834947051713 ], [ 369620.107139604806434, 150297.331987846235279 ], [ 369613.722636765392963, 150301.945186565542826 ], [ 369609.618447375774849, 150305.186409648886183 ], [ 369605.781616116757505, 150309.079771442571655 ], [ 369599.054165723966435, 150317.772578574542422 ], [ 369595.785017894697376, 150322.118936427868903 ], [ 369577.315429289184976, 150346.637719147081953 ], [ 369570.865612329449505, 150354.224854077096097 ], [ 369551.728124985587783, 150378.124864699901082 ], [ 369546.490370648854878, 150384.163656877353787 ], [ 369541.875627190689556, 150390.025260244961828 ], [ 369536.048855439876206, 150397.501541046367493 ], [ 369529.088995923579205, 150408.759319291129941 ], [ 369526.710397204267792, 150413.94545739152818 ], [ 369526.957340054155793, 150418.378552213223884 ] ] } },
{ "type": "Feature", "properties": { "from_node": 960, "to_node": 933, "u": null, "v": null, "key": null, "index": null, "osmid": null, "highway": null, "lanes": null, "maxspeed": null, "name": null, "oneway": null, "reversed": null, "length": null, "bridge": null, "junction": null, "length_m": null, "building_count_50m": null, "avg_building_area": null, "poi_count_50m": null, "highway_clean": null, "highway_rank": null, "sinuosity": null, "poi_diversity": null, "food_drink_count": null, "street_furniture_count": null, "degree_u": null, "degree_v": null, "avg_connectivity": null, "city": null, "cluster": null, "typology": null }, "geometry": { "type": "LineString", "coordinates": [ [ 369526.957340054155793, 150418.378552213223884 ], [ 369523.106164492375683, 150438.534416259324644 ], [ 369522.573544016806409, 150464.426419259805698 ], [ 369522.117296644952148, 150487.200762775493786 ], [ 369522.030385156394914, 150491.523466005251976 ], [ 369531.588410381868016, 150491.872590413870057 ], [ 369551.205909485172015, 150494.107296661415603 ], [ 369569.421999430749565, 150497.492446709045907 ], [ 369593.370454420219176, 150505.208526333182817 ], [ 369622.850276226352435, 150515.785265762795461 ], [ 369628.248302617459558, 150519.010817480913829 ], [ 369633.200626150355674, 150520.932049218885368 ] ] } },
{ "type": "Feature", "properties": { "from_node": 960, "to_node": 1552, "u": 4000033092.0, "v": 7424629435.0, "key": 0.0, "index": 329.0, "osmid": [ 793734624, 793734620, 793734621, 793734622, 793734623 ], "highway": "unclassified", "lanes": [ "1" ], "maxspeed": "50", "name": [ "Venus Drive" ], "oneway": "True", "reversed": "False", "length": 167.66869680054862, "bridge": null, "junction": null, "length_m": 167.90358616256577, "building_count_50m": 4.0, "avg_building_area": 1037.9083200884086, "poi_count_50m": 11.0, "highway_clean": "unclassified", "highway_rank": 1.0, "sinuosity": 1.0180803126340623, "poi_diversity": 1.0900596587107838, "food_drink_count": 1.0, "street_furniture_count": 4.0, "degree_u": 4.0, "degree_v": 4.0, "avg_connectivity": 4.0, "city": "Singapore", "cluster": 1.0, "typology": "Active Commercial High Street" }, "geometry": { "type": "LineString", "coordinates": [ [ 369526.957340054155793, 150418.378552213223884 ], [ 369532.519412246358115, 150415.722552965773502 ], [ 369534.743075096514076, 150412.261132448416902 ], [ 369540.390835339669138, 150402.761800438252976 ], [ 369558.548790992645081, 150378.088384639762808 ], [ 369575.596118888468482, 150357.616563245450379 ], [ 369581.711994374520145, 150349.742150344187394 ], [ 369599.235467497783247, 150324.516282099561067 ], [ 369602.282059313496575, 150320.125810776575236 ], [ 369609.232221222424414, 150311.797723705414683 ], [ 369612.601992907410022, 150308.446303066652035 ], [ 369616.528337059658952, 150305.581049782631453 ], [ 369623.257687743345741, 150300.801852795411833 ], [ 369630.999940790468827, 150296.784986856247997 ], [ 369635.972991367627401, 150295.555424617108656 ] ] } },
{ "type": "Feature", "properties": { "from_node": 933, "to_node": 977, "u": null, "v": null, "key": null, "index": null, "osmid": null, "highway": null, "lanes": null, "maxspeed": null, "name": null, "oneway": null, "reversed": null, "length": null, "bridge": null, "junction": null, "length_m": null, "building_count_50m": null, "avg_building_area": null, "poi_count_50m": null, "highway_clean": null, "highway_rank": null, "sinuosity": null, "poi_diversity": null, "food_drink_count": null, "street_furniture_count": null, "degree_u": null, "degree_v": null, "avg_connectivity": null, "city": null, "cluster": null, "typology": null }, "geometry": { "type": "LineString", "coordinates": [ [ 369633.200626150355674, 150520.932049218885368 ], [ 369627.139803987578489, 150550.486066286481218 ], [ 369618.407549933937844, 150600.81447193492204 ], [ 369613.214354270719923, 150652.688914452650351 ], [ 369611.979507413343526, 150676.005345015524654 ] ] } },
{ "type": "Feature", "properties": { "from_node": 979, "to_node": 985, "u": 4459074535.0, "v": 4459074536.0, "key": 0.0, "index": 334.0, "osmid": "448937616", "highway": "tertiary", "lanes": null, "maxspeed": "50", "name": [ "Sin Ming Drive" ], "oneway": "True", "reversed": "False", "length": 6.8044918593038668, "bridge": null, "junction": null, "length_m": 6.8140136468629926, "building_count_50m": 1.0, "avg_building_area": 172.25563315747215, "poi_count_50m": 1.0, "highway_clean": "tertiary", "highway_rank": 3.0, "sinuosity": 1.0019988467642247, "poi_diversity": 0.0, "food_drink_count": 1.0, "street_furniture_count": 1.0, "degree_u": 3.0, "degree_v": 3.0, "avg_connectivity": 3.0, "city": "Singapore", "cluster": 0.0, "typology": "Arterial Movement Corridor" }, "geometry": { "type": "LineString", "coordinates": [ [ 370510.045121746021323, 149930.239345308800694 ], [ 370510.601818685885519, 149930.990842311817687 ], [ 370511.37014636117965, 149932.206562801264226 ], [ 370512.116401369217783, 149933.798176248412346 ], [ 370513.463828239473514, 149936.07493311795406 ] ] } },
{ "type": "Feature", "properties": { "from_node": 979, "to_node": 985, "u": 4459074535.0, "v": 4459074536.0, "key": 0.0, "index": 334.0, "osmid": "448937616", "highway": "tertiary", "lanes": null, "maxspeed": "50", "name": [ "Sin Ming Drive" ], "oneway": "True", "reversed": "False", "length": 6.8044918593038668, "bridge": null, "junction": null, "length_m": 6.8140136468629926, "building_count_50m": 1.0, "avg_building_area": 172.25563315747215, "poi_count_50m": 1.0, "highway_clean": "tertiary", "highway_rank": 3.0, "sinuosity": 1.0019988467642247, "poi_diversity": 0.0, "food_drink_count": 1.0, "street_furniture_count": 1.0, "degree_u": 3.0, "degree_v": 3.0, "avg_connectivity": 3.0, "city": "Singapore", "cluster": 0.0, "typology": "Arterial Movement Corridor" }, "geometry": { "type": "LineString", "coordinates": [ [ 370510.045121746021323, 149930.239345308800694 ], [ 370510.601818685885519, 149930.990842311817687 ], [ 370511.37014636117965, 149932.206562801264226 ], [ 370512.116401369217783, 149933.798176248412346 ], [ 370513.463828239473514, 149936.07493311795406 ] ] } },
{ "type": "Feature", "properties": { "from_node": 979, "to_node": 984, "u": 4459074535.0, "v": 5698333651.0, "key": 0.0, "index": 335.0, "osmid": "638468101", "highway": "unclassified", "lanes": [ "2" ], "maxspeed": "50", "name": [ "Sin Ming Drive" ], "oneway": "True", "reversed": "False", "length": 17.578867220228961, "bridge": null, "junction": null, "length_m": 17.603466221810908, "building_count_50m": 1.0, "avg_building_area": 0.0, "poi_count_50m": 1.0, "highway_clean": "unclassified", "highway_rank": 1.0, "sinuosity": 1.0000001280813591, "poi_diversity": 0.0, "food_drink_count": 1.0, "street_furniture_count": 1.0, "degree_u": 3.0, "degree_v": 4.0, "avg_connectivity": 3.5, "city": "Singapore", "cluster": 2.0, "typology": "Local Mixed Street" }, "geometry": { "type": "LineString", "coordinates": [ [ 370510.045121746021323, 149930.239345308800694 ], [ 370502.593836681277025, 149937.74952028086409 ], [ 370497.689329438842833, 149942.682571179844672 ] ] } },
{ "type": "Feature", "properties": { "from_node": 986, "to_node": 984, "u": null, "v": null, "key": null, "index": null, "osmid": null, "highway": null, "lanes": null, "maxspeed": null, "name": null, "oneway": null, "reversed": null, "length": null, "bridge": null, "junction": null, "length_m": null, "building_count_50m": null, "avg_building_area": null, "poi_count_50m": null, "highway_clean": null, "highway_rank": null, "sinuosity": null, "poi_diversity": null, "food_drink_count": null, "street_furniture_count": null, "degree_u": null, "degree_v": null, "avg_connectivity": null, "city": null, "cluster": null, "typology": null }, "geometry": { "type": "LineString", "coordinates": [ [ 370276.492805544985458, 150063.458427315519657 ], [ 370279.296182522492018, 150062.307317016093293 ], [ 370290.220449259853922, 150057.813569470366929 ], [ 370341.025929205643479, 150036.606993811146822 ], [ 370437.945279614534229, 149979.094520593906054 ], [ 370497.689329438842833, 149942.682571179844672 ] ] } },
{ "type": "Feature", "properties": { "from_node": 264, "to_node": 996, "u": null, "v": null, "key": null, "index": null, "osmid": null, "highway": null, "lanes": null, "maxspeed": null, "name": null, "oneway": null, "reversed": null, "length": null, "bridge": null, "junction": null, "length_m": null, "building_count_50m": null, "avg_building_area": null, "poi_count_50m": null, "highway_clean": null, "highway_rank": null, "sinuosity": null, "poi_diversity": null, "food_drink_count": null, "street_furniture_count": null, "degree_u": null, "degree_v": null, "avg_connectivity": null, "city": null, "cluster": null, "typology": null }, "geometry": { "type": "LineString", "coordinates": [ [ 370536.21079143055249, 149735.906662763620261 ], [ 370533.338532778841909, 149732.646710016444558 ], [ 370520.479430373292416, 149716.523110388254281 ], [ 370510.913893755408935, 149700.519537716754712 ], [ 370503.594568532833364, 149681.62943619932048 ], [ 370500.786856274469756, 149673.759365470468765 ], [ 370497.732201463659294, 149661.400935625453712 ] ] } },
{ "type": "Feature", "properties": { "from_node": 978, "to_node": 1000, "u": 4459074630.0, "v": 5977080283.0, "key": 0.0, "index": 342.0, "osmid": [ 537570253, 633788583 ], "highway": "tertiary", "lanes": "['2' '3']", "maxspeed": "50", "name": [ "Sin Ming Road" ], "oneway": "True", "reversed": "False", "length": 74.619023942503944, "bridge": null, "junction": null, "length_m": 74.723406709515899, "building_count_50m": 10.0, "avg_building_area": 807.42969343920731, "poi_count_50m": 5.0, "highway_clean": "tertiary", "highway_rank": 3.0, "sinuosity": 1.0002975441344217, "poi_diversity": 0.50040242353818787, "food_drink_count": 1.0, "street_furniture_count": 1.0, "degree_u": 3.0, "degree_v": 3.0, "avg_connectivity": 3.0, "city": "Singapore", "cluster": 0.0, "typology": "Arterial Movement Corridor" }, "geometry": { "type": "LineString", "coordinates": [ [ 370641.516359936445951, 149833.485991933732294 ], [ 370635.260623535490595, 149828.226644429872977 ], [ 370596.869198334403336, 149796.162422966852318 ], [ 370585.013889412395656, 149785.00220104874461 ] ] } },
{ "type": "Feature", "properties": { "from_node": 997, "to_node": 116, "u": 4459074631.0, "v": 4459074534.0, "key": 0.0, "index": 344.0, "osmid": [ 762160676, 633149637, 762160677, 479569230, 448937617 ], "highway": "tertiary", "lanes": [ "2" ], "maxspeed": "50", "name": [ "Sin Ming Drive" ], "oneway": "True", "reversed": "False", "length": 148.57128610912511, "bridge": null, "junction": null, "length_m": 148.77916204721672, "building_count_50m": 8.0, "avg_building_area": 1651.5232580238699, "poi_count_50m": 7.0, "highway_clean": "tertiary", "highway_rank": 3.0, "sinuosity": 1.0076083070533368, "poi_diversity": 1.0789922078775833, "food_drink_count": 2.0, "street_furniture_count": 1.0, "degree_u": 4.0, "degree_v": 3.0, "avg_connectivity": 3.5, "city": "Singapore", "cluster": 0.0, "typology": "Arterial Movement Corridor" }, "geometry": { "type": "LineString", "coordinates": [ [ 370636.146591766388156, 149842.719794326811098 ], [ 370631.943859779799823, 149849.310806021472672 ], [ 370629.964425845770165, 149851.644437187962467 ], [ 370626.594933845975902, 149855.603873660904355 ], [ 370620.422339828743134, 149861.289292419474805 ], [ 370597.118986174231395, 149876.081500913045602 ], [ 370592.213605591678061, 149879.201468937972095 ], [ 370574.727445100375917, 149889.66824118475779 ], [ 370562.925402242050041, 149896.738288137508789 ], [ 370546.896422000078019, 149906.330990272050258 ], [ 370521.112922465312295, 149923.423919922846835 ], [ 370515.495725908491295, 149927.152278077497613 ] ] } },
{ "type": "Feature", "properties": { "from_node": 430, "to_node": 1660, "u": 4486815539.0, "v": 4486815540.0, "key": 0.0, "index": 351.0, "osmid": [ 717017688, 451876761 ], "highway": "residential", "lanes": [ "2" ], "maxspeed": "40", "name": [ "Florida Road" ], "oneway": "False", "reversed": "True", "length": 94.300526301223954, "bridge": null, "junction": null, "length_m": 94.432492382507618, "building_count_50m": 27.0, "avg_building_area": 297.48638539752551, "poi_count_50m": 1.0, "highway_clean": "residential", "highway_rank": 2.0, "sinuosity": 1.000014864447563, "poi_diversity": 0.0, "food_drink_count": 1.0, "street_furniture_count": 1.0, "degree_u": 6.0, "degree_v": 2.0, "avg_connectivity": 4.0, "city": "Singapore", "cluster": 2.0, "typology": "Local Mixed Street" }, "geometry": { "type": "LineString", "coordinates": [ [ 369440.982014543551486, 149939.091314475575928 ], [ 369442.673580223927274, 149939.709596775413956 ], [ 369469.849928591924254, 149949.668392546882387 ], [ 369529.277688166243024, 149972.225767661468126 ] ] } },
{ "type": "Feature", "properties": { "from_node": 1013, "to_node": 1615, "u": 4592960007.0, "v": 11766131930.0, "key": 0.0, "index": 353.0, "osmid": "1266778812", "highway": "residential", "lanes": null, "maxspeed": null, "name": [ "Ang Mo Kio Rise" ], "oneway": "False", "reversed": "False", "length": 65.411734305165496, "bridge": null, "junction": null, "length_m": 65.503582142653997, "building_count_50m": 6.0, "avg_building_area": 1303.366589958885, "poi_count_50m": 4.0, "highway_clean": "residential", "highway_rank": 2.0, "sinuosity": 1.0000494144206049, "poi_diversity": 0.56233514461880829, "food_drink_count": 1.0, "street_furniture_count": 1.0, "degree_u": 4.0, "degree_v": 4.0, "avg_connectivity": 4.0, "city": "Singapore", "cluster": 0.0, "typology": "Arterial Movement Corridor" }, "geometry": { "type": "LineString", "coordinates": [ [ 370165.623073438240681, 151182.592347482102923 ], [ 370168.5536120441393, 151191.280448622186668 ], [ 370187.939519979176112, 151243.728782099613454 ] ] } },
{ "type": "Feature", "properties": { "from_node": 1013, "to_node": 1335, "u": 4592960007.0, "v": 5643502199.0, "key": 0.0, "index": 354.0, "osmid": [ 479762187, 1447652811, 75127550 ], "highway": "primary", "lanes": [ "3" ], "maxspeed": "70", "name": [ "Ang Mo Kio Avenue 1" ], "oneway": "True", "reversed": "False", "length": 315.34828005548331, "bridge": null, "junction": null, "length_m": 315.79098159645656, "building_count_50m": 5.0, "avg_building_area": 1085.7812590298502, "poi_count_50m": 2.0, "highway_clean": "primary", "highway_rank": 5.0, "sinuosity": 1.0000958068017591, "poi_diversity": 0.0, "food_drink_count": 1.0, "street_furniture_count": 1.0, "degree_u": 4.0, "degree_v": 4.0, "avg_connectivity": 4.0, "city": "Singapore", "cluster": 0.0, "typology": "Arterial Movement Corridor" }, "geometry": { "type": "LineString", "coordinates": [ [ 370165.623073438240681, 151182.592347482102923 ], [ 370195.737833872728515, 151172.01982468352071 ], [ 370246.979369918582961, 151155.743525721074548 ], [ 370299.922962478362024, 151138.803093257040018 ], [ 370339.316394778317772, 151126.236124240473146 ], [ 370367.072863850393333, 151116.825590431108139 ], [ 370453.903193020843901, 151089.399331806198461 ], [ 370459.799520331143867, 151087.738168471929384 ], [ 370465.70667953469092, 151085.4689549622708 ] ] } },
{ "type": "Feature", "properties": { "from_node": 1022, "to_node": 1029, "u": null, "v": null, "key": null, "index": null, "osmid": null, "highway": null, "lanes": null, "maxspeed": null, "name": null, "oneway": null, "reversed": null, "length": null, "bridge": null, "junction": null, "length_m": null, "building_count_50m": null, "avg_building_area": null, "poi_count_50m": null, "highway_clean": null, "highway_rank": null, "sinuosity": null, "poi_diversity": null, "food_drink_count": null, "street_furniture_count": null, "degree_u": null, "degree_v": null, "avg_connectivity": null, "city": null, "cluster": null, "typology": null }, "geometry": { "type": "LineString", "coordinates": [ [ 369949.485792109218892, 151247.824783369578654 ], [ 369953.775771152984817, 151237.729127667291323 ], [ 369955.921005928714294, 151233.184319803491235 ], [ 369958.078363743261434, 151230.684752147208201 ], [ 369964.273562904039863, 151225.839476441935403 ], [ 369977.07678471080726, 151218.481410877400776 ] ] } },
{ "type": "Feature", "properties": { "from_node": 1022, "to_node": 1028, "u": 4592960015.0, "v": 4592960082.0, "key": 0.0, "index": 356.0, "osmid": "631753788", "highway": "secondary", "lanes": [ "2" ], "maxspeed": "50", "name": [ "Ang Mo Kio Avenue 2" ], "oneway": "True", "reversed": "False", "length": 25.630362724163085, "bridge": null, "junction": null, "length_m": 25.666353696320492, "building_count_50m": 1.0, "avg_building_area": 0.0, "poi_count_50m": 1.0, "highway_clean": "secondary", "highway_rank": 4.0, "sinuosity": 1.0000000167872198, "poi_diversity": 0.0, "food_drink_count": 1.0, "street_furniture_count": 1.0, "degree_u": 3.0, "degree_v": 4.0, "avg_connectivity": 3.5, "city": "Singapore", "cluster": 0.0, "typology": "Arterial Movement Corridor" }, "geometry": { "type": "LineString", "coordinates": [ [ 369949.485792109218892, 151247.824783369578654 ], [ 369946.87263893726049, 151228.302247711399104 ], [ 369946.102103318204172, 151222.564878579345532 ] ] } },
{ "type": "Feature", "properties": { "from_node": 1029, "to_node": 1013, "u": null, "v": null, "key": null, "index": null, "osmid": null, "highway": null, "lanes": null, "maxspeed": null, "name": null, "oneway": null, "reversed": null, "length": null, "bridge": null, "junction": null, "length_m": null, "building_count_50m": null, "avg_building_area": null, "poi_count_50m": null, "highway_clean": null, "highway_rank": null, "sinuosity": null, "poi_diversity": null, "food_drink_count": null, "street_furniture_count": null, "degree_u": null, "degree_v": null, "avg_connectivity": null, "city": null, "cluster": null, "typology": null }, "geometry": { "type": "LineString", "coordinates": [ [ 369977.07678471080726, 151218.481410877400776 ], [ 370012.590947620104998, 151213.986688377335668 ], [ 370025.95321019156836, 151212.189211545919534 ], [ 370039.137359521992039, 151210.214936134783784 ], [ 370094.364939976599999, 151199.464342993829632 ], [ 370113.878861807170324, 151194.811591407458764 ], [ 370131.24537884851452, 151190.248329181602458 ], [ 370165.623073438240681, 151182.592347482102923 ] ] } },
{ "type": "Feature", "properties": { "from_node": 1036, "to_node": 1042, "u": null, "v": null, "key": null, "index": null, "osmid": null, "highway": null, "lanes": null, "maxspeed": null, "name": null, "oneway": null, "reversed": null, "length": null, "bridge": null, "junction": null, "length_m": null, "building_count_50m": null, "avg_building_area": null, "poi_count_50m": null, "highway_clean": null, "highway_rank": null, "sinuosity": null, "poi_diversity": null, "food_drink_count": null, "street_furniture_count": null, "degree_u": null, "degree_v": null, "avg_connectivity": null, "city": null, "cluster": null, "typology": null }, "geometry": { "type": "LineString", "coordinates": [ [ 369906.28145346022211, 151226.122002527816221 ], [ 369914.449317449994851, 151227.931105815427145 ], [ 369919.212235128332395, 151229.365985181357246 ], [ 369924.086704929941334, 151231.386745650292141 ], [ 369929.30637624533847, 151233.971162589587038 ], [ 369935.239592754340265, 151239.507019632699667 ], [ 369941.518840120406821, 151247.309061841573566 ] ] } },
{ "type": "Feature", "properties": { "from_node": 1042, "to_node": 695, "u": null, "v": null, "key": null, "index": null, "osmid": null, "highway": null, "lanes": null, "maxspeed": null, "name": null, "oneway": null, "reversed": null, "length": null, "bridge": null, "junction": null, "length_m": null, "building_count_50m": null, "avg_building_area": null, "poi_count_50m": null, "highway_clean": null, "highway_rank": null, "sinuosity": null, "poi_diversity": null, "food_drink_count": null, "street_furniture_count": null, "degree_u": null, "degree_v": null, "avg_connectivity": null, "city": null, "cluster": null, "typology": null }, "geometry": { "type": "LineString", "coordinates": [ [ 369941.518840120406821, 151247.309061841573566 ], [ 369943.339226654265076, 151261.138460926711559 ], [ 369946.499485211621504, 151284.552225248218747 ], [ 369949.822334586118814, 151299.121602481667651 ], [ 369953.533238359435927, 151310.860611976415385 ], [ 369958.144669723289553, 151321.09565010672668 ], [ 369962.510500593867619, 151329.661444763100008 ], [ 369970.80538211890962, 151340.96705932871555 ], [ 369991.734738105151337, 151363.974166055966634 ], [ 370004.114096049102955, 151377.311979154241271 ], [ 370030.967051586078014, 151408.972560266411165 ], [ 370037.892012805154081, 151417.537105578259798 ], [ 370042.267809204466175, 151423.725986248231493 ], [ 370054.315663441200741, 151441.784606337314472 ], [ 370069.158970616583247, 151465.303220821777359 ], [ 370075.388143957825378, 151461.696130656375317 ] ] } },
{ "type": "Feature", "properties": { "from_node": 1028, "to_node": 1029, "u": 4592960082.0, "v": 4592960020.0, "key": 0.0, "index": 363.0, "osmid": "630870971", "highway": "primary", "lanes": [ "3" ], "maxspeed": "70", "name": [ "Ang Mo Kio Avenue 1" ], "oneway": "True", "reversed": "False", "length": 31.219578649036283, "bridge": null, "junction": null, "length_m": 31.263416457040453, "building_count_50m": 1.0, "avg_building_area": 0.0, "poi_count_50m": 1.0, "highway_clean": "primary", "highway_rank": 5.0, "sinuosity": 1.0000748585922514, "poi_diversity": 0.0, "food_drink_count": 1.0, "street_furniture_count": 1.0, "degree_u": 4.0, "degree_v": 3.0, "avg_connectivity": 3.5, "city": "Singapore", "cluster": 0.0, "typology": "Arterial Movement Corridor" }, "geometry": { "type": "LineString", "coordinates": [ [ 369946.102103318204172, 151222.564878579345532 ], [ 369954.090625335462391, 151221.676556585007347 ], [ 369960.666059489944018, 151220.788923133019125 ], [ 369977.07678471080726, 151218.481410877400776 ] ] } },
{ "type": "Feature", "properties": { "from_node": 1028, "to_node": 1029, "u": 4592960082.0, "v": 4592960020.0, "key": 0.0, "index": 363.0, "osmid": "630870971", "highway": "primary", "lanes": [ "3" ], "maxspeed": "70", "name": [ "Ang Mo Kio Avenue 1" ], "oneway": "True", "reversed": "False", "length": 31.219578649036283, "bridge": null, "junction": null, "length_m": 31.263416457040453, "building_count_50m": 1.0, "avg_building_area": 0.0, "poi_count_50m": 1.0, "highway_clean": "primary", "highway_rank": 5.0, "sinuosity": 1.0000748585922514, "poi_diversity": 0.0, "food_drink_count": 1.0, "street_furniture_count": 1.0, "degree_u": 4.0, "degree_v": 3.0, "avg_connectivity": 3.5, "city": "Singapore", "cluster": 0.0, "typology": "Arterial Movement Corridor" }, "geometry": { "type": "LineString", "coordinates": [ [ 369946.102103318204172, 151222.564878579345532 ], [ 369954.090625335462391, 151221.676556585007347 ], [ 369960.666059489944018, 151220.788923133019125 ], [ 369977.07678471080726, 151218.481410877400776 ] ] } },
{ "type": "Feature", "properties": { "from_node": 695, "to_node": 1022, "u": null, "v": null, "key": null, "index": null, "osmid": null, "highway": null, "lanes": null, "maxspeed": null, "name": null, "oneway": null, "reversed": null, "length": null, "bridge": null, "junction": null, "length_m": null, "building_count_50m": null, "avg_building_area": null, "poi_count_50m": null, "highway_clean": null, "highway_rank": null, "sinuosity": null, "poi_diversity": null, "food_drink_count": null, "street_furniture_count": null, "degree_u": null, "degree_v": null, "avg_connectivity": null, "city": null, "cluster": null, "typology": null }, "geometry": { "type": "LineString", "coordinates": [ [ 370075.388143957825378, 151461.696130656375317 ], [ 370058.072552573750727, 151433.734458116203314 ], [ 370047.918128268211149, 151419.566409062128514 ], [ 370033.566671491309535, 151400.723978678055573 ], [ 370019.561314398073591, 151384.291451928787865 ], [ 369999.689551175222732, 151362.422535382065689 ], [ 369983.346868015243672, 151344.50972475297749 ], [ 369973.092998395382892, 151331.778920633834787 ], [ 369965.108699403994251, 151318.494240779022221 ], [ 369959.906827525817789, 151306.767013636563206 ], [ 369955.080945788184181, 151290.285787816188531 ], [ 369952.61472698149737, 151275.461719432205427 ], [ 369950.38105373660801, 151258.349073009419953 ], [ 369949.485792109218892, 151247.824783369578654 ] ] } },
{ "type": "Feature", "properties": { "from_node": 1071, "to_node": 1658, "u": 4593195739.0, "v": 4000033077.0, "key": 0.0, "index": 368.0, "osmid": "628483515", "highway": "primary", "lanes": [ "3" ], "maxspeed": "60", "name": [ "Upper Thomson Road" ], "oneway": "True", "reversed": "False", "length": 24.238390036629227, "bridge": null, "junction": null, "length_m": 24.272341305934592, "building_count_50m": 1.0, "avg_building_area": 2194.1763607701064, "poi_count_50m": 1.0, "highway_clean": "primary", "highway_rank": 5.0, "sinuosity": 1.0001282236187945, "poi_diversity": 0.0, "food_drink_count": 1.0, "street_furniture_count": 1.0, "degree_u": 4.0, "degree_v": 3.0, "avg_connectivity": 3.5, "city": "Singapore", "cluster": 0.0, "typology": "Arterial Movement Corridor" }, "geometry": { "type": "LineString", "coordinates": [ [ 369695.365239829814527, 150290.9828424397856 ], [ 369695.767920052632689, 150295.349527159240097 ], [ 369696.756622999615502, 150315.03870158616337 ] ] } },
{ "type": "Feature", "properties": { "from_node": 1073, "to_node": 1075, "u": 4593195751.0, "v": 5689382226.0, "key": 0.0, "index": 370.0, "osmid": "630111780", "highway": "residential", "lanes": [ "1" ], "maxspeed": "50", "name": [ "Sin Ming Walk" ], "oneway": "True", "reversed": "False", "length": 48.578695607776815, "bridge": null, "junction": null, "length_m": 48.646823382685731, "building_count_50m": 2.0, "avg_building_area": 185.32668358081239, "poi_count_50m": 2.0, "highway_clean": "residential", "highway_rank": 2.0, "sinuosity": 1.0000000078124505, "poi_diversity": 0.0, "food_drink_count": 1.0, "street_furniture_count": 1.0, "degree_u": 4.0, "degree_v": 3.0, "avg_connectivity": 3.5, "city": "Singapore", "cluster": 0.0, "typology": "Arterial Movement Corridor" }, "geometry": { "type": "LineString", "coordinates": [ [ 370184.887382992426865, 150732.44125219489797 ], [ 370180.186040127533488, 150743.266743488697102 ], [ 370165.637457441538572, 150776.79369616767508 ] ] } },
{ "type": "Feature", "properties": { "from_node": 1076, "to_node": 422, "u": null, "v": null, "key": null, "index": null, "osmid": null, "highway": null, "lanes": null, "maxspeed": null, "name": null, "oneway": null, "reversed": null, "length": null, "bridge": null, "junction": null, "length_m": null, "building_count_50m": null, "avg_building_area": null, "poi_count_50m": null, "highway_clean": null, "highway_rank": null, "sinuosity": null, "poi_diversity": null, "food_drink_count": null, "street_furniture_count": null, "degree_u": null, "degree_v": null, "avg_connectivity": null, "city": null, "cluster": null, "typology": null }, "geometry": { "type": "LineString", "coordinates": [ [ 369913.926174350839574, 150288.378400686109671 ], [ 369969.147287137922831, 150286.759691434475826 ], [ 369973.998475295957178, 150286.635734193201642 ], [ 369977.280812884331681, 150286.545702493953286 ], [ 370019.517674054950476, 150286.237823691713857 ], [ 370030.266724492888898, 150287.57032422409975 ], [ 370039.370310191181488, 150291.56796775184921 ], [ 370046.382432207581587, 150296.307333577802638 ], [ 370050.25629757787101, 150299.964790307130897 ], [ 370056.659958455653396, 150311.956779463624116 ], [ 370057.841860582702793, 150317.063793074339628 ], [ 370058.334008428733796, 150322.381192570319399 ], [ 370061.942035306419712, 150351.521427361789392 ], [ 370063.308925327262841, 150371.011399946000893 ], [ 370063.745937929430511, 150377.356976268114522 ] ] } },
{ "type": "Feature", "properties": { "from_node": 1091, "to_node": 1485, "u": 4593195770.0, "v": 5935920073.0, "key": 0.0, "index": 374.0, "osmid": [ 639742224, 628714174, 639742223 ], "highway": "secondary", "lanes": [ "2" ], "maxspeed": "50", "name": [ "Sin Ming Avenue" ], "oneway": "True", "reversed": "False", "length": 137.82520458785081, "bridge": null, "junction": null, "length_m": 138.01825242562063, "building_count_50m": 9.0, "avg_building_area": 641.75391497762575, "poi_count_50m": 5.0, "highway_clean": "secondary", "highway_rank": 4.0, "sinuosity": 1.0000106720791666, "poi_diversity": 0.0, "food_drink_count": 1.0, "street_furniture_count": 1.0, "degree_u": 4.0, "degree_v": 4.0, "avg_connectivity": 4.0, "city": "Singapore", "cluster": 0.0, "typology": "Arterial Movement Corridor" }, "geometry": { "type": "LineString", "coordinates": [ [ 369769.657690984196961, 150289.56489317343221 ], [ 369772.506142131867819, 150289.585623117629439 ], [ 369802.05872608802747, 150289.604464944801293 ], [ 369863.288793957326561, 150289.033082714071497 ], [ 369907.606312396470457, 150288.61362412161543 ] ] } },
{ "type": "Feature", "properties": { "from_node": 1096, "to_node": 1124, "u": 4593195773.0, "v": 4598764373.0, "key": 0.0, "index": 376.0, "osmid": "628483514", "highway": "secondary", "lanes": [ "2" ], "maxspeed": "50", "name": [ "Sin Ming Avenue" ], "oneway": "True", "reversed": "False", "length": 20.695052188780238, "bridge": null, "junction": null, "length_m": 20.724039251649714, "building_count_50m": 1.0, "avg_building_area": 32.971273607553286, "poi_count_50m": 1.0, "highway_clean": "secondary", "highway_rank": 4.0, "sinuosity": 1.0000195716150666, "poi_diversity": 0.0, "food_drink_count": 1.0, "street_furniture_count": 1.0, "degree_u": 4.0, "degree_v": 3.0, "avg_connectivity": 3.5, "city": "Singapore", "cluster": 0.0, "typology": "Arterial Movement Corridor" }, "geometry": { "type": "LineString", "coordinates": [ [ 369710.530952287255786, 150290.953375903336564 ], [ 369722.536412239540368, 150290.383728591958061 ], [ 369731.226237351831514, 150290.081019035220379 ] ] } },
{ "type": "Feature", "properties": { "from_node": 739, "to_node": 1219, "u": 4598549326.0, "v": 4786218633.0, "key": 0.0, "index": 378.0, "osmid": "485860201", "highway": "residential", "lanes": [ "1" ], "maxspeed": null, "name": null, "oneway": "True", "reversed": "False", "length": 126.29830445047889, "bridge": null, "junction": null, "length_m": 126.47489643129938, "building_count_50m": 8.0, "avg_building_area": 1011.5873426971087, "poi_count_50m": 26.0, "highway_clean": "residential", "highway_rank": 2.0, "sinuosity": 1.0005102332299105, "poi_diversity": 1.0434033780461756, "food_drink_count": 11.0, "street_furniture_count": 1.0, "degree_u": 5.0, "degree_v": 3.0, "avg_connectivity": 4.0, "city": "Singapore", "cluster": 1.0, "typology": "Active Commercial High Street" }, "geometry": { "type": "LineString", "coordinates": [ [ 370283.86132622032892, 149676.096778317092685 ], [ 370301.255889194086194, 149660.201846767886309 ], [ 370324.555797317123506, 149638.168349651270546 ], [ 370362.601167399901897, 149598.262298729940085 ], [ 370367.928135289461352, 149592.566225485148607 ], [ 370372.932529186364263, 149587.08035945368465 ] ] } },
{ "type": "Feature", "properties": { "from_node": 739, "to_node": 1567, "u": 4598549326.0, "v": 8882789474.0, "key": 0.0, "index": 379.0, "osmid": "960072582", "highway": "residential", "lanes": null, "maxspeed": null, "name": null, "oneway": "True", "reversed": "False", "length": 21.410420515751071, "bridge": null, "junction": null, "length_m": 21.440359514669431, "building_count_50m": 5.0, "avg_building_area": 804.76647186476919, "poi_count_50m": 13.0, "highway_clean": "residential", "highway_rank": 2.0, "sinuosity": 1.0269083491488837, "poi_diversity": 1.2202821662722374, "food_drink_count": 5.0, "street_furniture_count": 1.0, "degree_u": 5.0, "degree_v": 3.0, "avg_connectivity": 4.0, "city": "Singapore", "cluster": 1.0, "typology": "Active Commercial High Street" }, "geometry": { "type": "LineString", "coordinates": [ [ 370283.86132622032892, 149676.096778317092685 ], [ 370282.779067152529024, 149669.928401702374686 ], [ 370283.343175830435939, 149662.952191305550514 ], [ 370286.399453871534206, 149655.521512451610761 ] ] } },
{ "type": "Feature", "properties": { "from_node": 1104, "to_node": 1205, "u": 4598764358.0, "v": 8129041254.0, "key": 0.0, "index": 380.0, "osmid": "117038425", "highway": "residential", "lanes": [ "2" ], "maxspeed": "40", "name": [ "Soo Chow Drive" ], "oneway": "False", "reversed": "False", "length": 130.27262419308622, "bridge": null, "junction": null, "length_m": 130.45477153959052, "building_count_50m": 72.0, "avg_building_area": 318.78058981827297, "poi_count_50m": 2.0, "highway_clean": "residential", "highway_rank": 2.0, "sinuosity": 1.0007392697089401, "poi_diversity": 0.0, "food_drink_count": 1.0, "street_furniture_count": 1.0, "degree_u": 8.0, "degree_v": 6.0, "avg_connectivity": 7.0, "city": "Singapore", "cluster": 2.0, "typology": "Local Mixed Street" }, "geometry": { "type": "LineString", "coordinates": [ [ 369973.580414235591888, 149674.510471899877302 ], [ 369976.983698814874515, 149671.402269099868136 ], [ 369980.976434188720305, 149667.741013214254053 ], [ 370006.52279496146366, 149643.32947589669493 ], [ 370033.714916491066106, 149616.838740987033816 ], [ 370060.961160045175347, 149587.197204466967378 ], [ 370064.931010914151557, 149582.22037286523846 ] ] } },
{ "type": "Feature", "properties": { "from_node": 1104, "to_node": 1214, "u": 4598764358.0, "v": 4749280930.0, "key": 0.0, "index": 381.0, "osmid": "464804362", "highway": "residential", "lanes": [ "2" ], "maxspeed": "40", "name": [ "Soo Chow Garden Road" ], "oneway": "False", "reversed": "False", "length": 90.005709674046457, "bridge": null, "junction": null, "length_m": 90.131581998093552, "building_count_50m": 38.0, "avg_building_area": 530.66047564342205, "poi_count_50m": 18.0, "highway_clean": "residential", "highway_rank": 2.0, "sinuosity": 1.0010337939892657, "poi_diversity": 1.0870753771611175, "food_drink_count": 5.0, "street_furniture_count": 1.0, "degree_u": 8.0, "degree_v": 6.0, "avg_connectivity": 7.0, "city": "Singapore", "cluster": 1.0, "typology": "Active Commercial High Street" }, "geometry": { "type": "LineString", "coordinates": [ [ 369973.580414235591888, 149674.510471899877302 ], [ 370026.982733228709549, 149731.254112893191632 ], [ 370029.09807568101678, 149733.87321836661431 ], [ 370030.979751352861058, 149736.481381073099328 ], [ 370032.917151263856795, 149739.277458361699246 ], [ 370033.919308676908258, 149740.835783880960662 ] ] } },
{ "type": "Feature", "properties": { "from_node": 192, "to_node": 1176, "u": null, "v": null, "key": null, "index": null, "osmid": null, "highway": null, "lanes": null, "maxspeed": null, "name": null, "oneway": null, "reversed": null, "length": null, "bridge": null, "junction": null, "length_m": null, "building_count_50m": null, "avg_building_area": null, "poi_count_50m": null, "highway_clean": null, "highway_rank": null, "sinuosity": null, "poi_diversity": null, "food_drink_count": null, "street_furniture_count": null, "degree_u": null, "degree_v": null, "avg_connectivity": null, "city": null, "cluster": null, "typology": null }, "geometry": { "type": "LineString", "coordinates": [ [ 369706.493334171071183, 150247.916692702507135 ], [ 369705.821758691745345, 150239.724972780968528 ], [ 369703.610874540929217, 150200.700510389811825 ], [ 369701.11897090630373, 150155.783659718697891 ], [ 369702.209396019228734, 150132.832137199380668 ], [ 369702.38704873417737, 150132.058173674129648 ], [ 369707.772265146486461, 150108.839241455600131 ], [ 369716.418242736952379, 150086.912211764079984 ] ] } },
{ "type": "Feature", "properties": { "from_node": 1411, "to_node": 192, "u": null, "v": null, "key": null, "index": null, "osmid": null, "highway": null, "lanes": null, "maxspeed": null, "name": null, "oneway": null, "reversed": null, "length": null, "bridge": null, "junction": null, "length_m": null, "building_count_50m": null, "avg_building_area": null, "poi_count_50m": null, "highway_clean": null, "highway_rank": null, "sinuosity": null, "poi_diversity": null, "food_drink_count": null, "street_furniture_count": null, "degree_u": null, "degree_v": null, "avg_connectivity": null, "city": null, "cluster": null, "typology": null }, "geometry": { "type": "LineString", "coordinates": [ [ 369744.841361908824183, 150281.860261846828507 ], [ 369725.298822826996911, 150273.589249370474136 ], [ 369719.098166504350957, 150267.257516634010244 ], [ 369713.876066550496034, 150259.698160805099178 ], [ 369706.493334171071183, 150247.916692702507135 ] ] } },
{ "type": "Feature", "properties": { "from_node": 1411, "to_node": 1095, "u": 4598764372.0, "v": 245174751.0, "key": 0.0, "index": 386.0, "osmid": "479616493", "highway": "secondary", "lanes": [ "2" ], "maxspeed": "50", "name": [ "Sin Ming Avenue" ], "oneway": "True", "reversed": "False", "length": 35.02464352770297, "bridge": null, "junction": null, "length_m": 35.073700670132034, "building_count_50m": 1.0, "avg_building_area": 32.971273607553286, "poi_count_50m": 1.0, "highway_clean": "secondary", "highway_rank": 4.0, "sinuosity": 1.0014308311914315, "poi_diversity": 0.0, "food_drink_count": 1.0, "street_furniture_count": 1.0, "degree_u": 3.0, "degree_v": 4.0, "avg_connectivity": 3.5, "city": "Singapore", "cluster": 0.0, "typology": "Arterial Movement Corridor" }, "geometry": { "type": "LineString", "coordinates": [ [ 369744.841361908824183, 150281.860261846828507 ], [ 369722.521452276501805, 150282.479130890715169 ], [ 369709.915722610196099, 150284.231995953829028 ] ] } },
{ "type": "Feature", "properties": { "from_node": 1124, "to_node": 1091, "u": 4598764373.0, "v": 4593195770.0, "key": 0.0, "index": 387.0, "osmid": "537570247", "highway": "secondary", "lanes": [ "2" ], "maxspeed": "50", "name": [ "Sin Ming Avenue" ], "oneway": "True", "reversed": "False", "length": 38.399450031583349, "bridge": null, "junction": null, "length_m": 38.453235121995576, "building_count_50m": 3.0, "avg_building_area": 1350.7184545002026, "poi_count_50m": 1.0, "highway_clean": "secondary", "highway_rank": 4.0, "sinuosity": 1.0000056719303634, "poi_diversity": 0.0, "food_drink_count": 1.0, "street_furniture_count": 1.0, "degree_u": 3.0, "degree_v": 4.0, "avg_connectivity": 3.5, "city": "Singapore", "cluster": 0.0, "typology": "Arterial Movement Corridor" }, "geometry": { "type": "LineString", "coordinates": [ [ 369731.226237351831514, 150290.081019035220379 ], [ 369756.394693502457812, 150289.681876938935602 ], [ 369769.657690984196961, 150289.56489317343221 ] ] } },
{ "type": "Feature", "properties": { "from_node": 1126, "to_node": 1124, "u": 4598764376.0, "v": 4598764373.0, "key": 0.0, "index": 388.0, "osmid": "464804365", "highway": "primary_link", "lanes": [ "1" ], "maxspeed": "50", "name": null, "oneway": "True", "reversed": "False", "length": 37.578061341220852, "bridge": null, "junction": null, "length_m": 37.630698066243639, "building_count_50m": 2.0, "avg_building_area": 1113.5738171888299, "poi_count_50m": 1.0, "highway_clean": "primary_link", "highway_rank": 5.0, "sinuosity": 1.0048253456356051, "poi_diversity": 0.0, "food_drink_count": 1.0, "street_furniture_count": 1.0, "degree_u": 3.0, "degree_v": 3.0, "avg_connectivity": 3.0, "city": "Singapore", "cluster": 0.0, "typology": "Arterial Movement Corridor" }, "geometry": { "type": "LineString", "coordinates": [ [ 369710.222782559168991, 150320.858360731654102 ], [ 369717.515310578222852, 150307.245636021718383 ], [ 369721.651518059312366, 150301.196330694394419 ], [ 369724.987658015917987, 150297.325325710873585 ], [ 369731.226237351831514, 150290.081019035220379 ] ] } },
{ "type": "Feature", "properties": { "from_node": 1132, "to_node": 194, "u": 4598764380.0, "v": 5930664450.0, "key": 0.0, "index": 390.0, "osmid": "464804366", "highway": "primary_link", "lanes": [ "1" ], "maxspeed": "50", "name": null, "oneway": "True", "reversed": "False", "length": 32.967680726264064, "bridge": null, "junction": null, "length_m": 33.013855689895649, "building_count_50m": 2.0, "avg_building_area": 1816.6566896113111, "poi_count_50m": 1.0, "highway_clean": "primary_link", "highway_rank": 5.0, "sinuosity": 1.0093348426607673, "poi_diversity": 0.0, "food_drink_count": 1.0, "street_furniture_count": 1.0, "degree_u": 3.0, "degree_v": 3.0, "avg_connectivity": 3.0, "city": "Singapore", "cluster": 0.0, "typology": "Arterial Movement Corridor" }, "geometry": { "type": "LineString", "coordinates": [ [ 369693.013147933699656, 150259.067064931470668 ], [ 369685.888815679587424, 150275.355113686528057 ], [ 369681.430114959657658, 150281.78045970085077 ], [ 369676.548073432641104, 150287.12258281323011 ] ] } },
{ "type": "Feature", "properties": { "from_node": 1132, "to_node": 190, "u": 4598764380.0, "v": 245174757.0, "key": 0.0, "index": 391.0, "osmid": "482041666", "highway": "primary", "lanes": [ "4" ], "maxspeed": "60", "name": [ "Upper Thomson Road" ], "oneway": "True", "reversed": "False", "length": 26.442933421208103, "bridge": null, "junction": null, "length_m": 26.479969585354446, "building_count_50m": 2.0, "avg_building_area": 1816.6566896113111, "poi_count_50m": 1.0, "highway_clean": "primary", "highway_rank": 5.0, "sinuosity": 1.0002611735875773, "poi_diversity": 0.0, "food_drink_count": 1.0, "street_furniture_count": 1.0, "degree_u": 3.0, "degree_v": 4.0, "avg_connectivity": 3.5, "city": "Singapore", "cluster": 0.0, "typology": "Arterial Movement Corridor" }, "geometry": { "type": "LineString", "coordinates": [ [ 369693.013147933699656, 150259.067064931470668 ], [ 369694.713696486374829, 150278.214180092589231 ], [ 369694.973037539457437, 150285.278450132813305 ] ] } },
{ "type": "Feature", "properties": { "from_node": 112, "to_node": 109, "u": 4598768655.0, "v": 206256075.0, "key": 0.0, "index": 393.0, "osmid": "464804814", "highway": "residential", "lanes": [ "2" ], "maxspeed": "50", "name": [ "Upper Thomson Road" ], "oneway": "True", "reversed": "False", "length": 23.743521327816321, "bridge": null, "junction": null, "length_m": 23.776668695727061, "building_count_50m": 1.0, "avg_building_area": 231.63645019956647, "poi_count_50m": 1.0, "highway_clean": "residential", "highway_rank": 2.0, "sinuosity": 1.0000238274292002, "poi_diversity": 0.0, "food_drink_count": 1.0, "street_furniture_count": 1.0, "degree_u": 4.0, "degree_v": 3.0, "avg_connectivity": 3.5, "city": "Singapore", "cluster": 0.0, "typology": "Arterial Movement Corridor" }, "geometry": { "type": "LineString", "coordinates": [ [ 370670.936924629553687, 149046.418886383791687 ], [ 370676.970219478360377, 149051.866296733584022 ], [ 370688.369061578530818, 149062.462941391393542 ] ] } },
{ "type": "Feature", "properties": { "from_node": 1450, "to_node": 424, "u": null, "v": null, "key": null, "index": null, "osmid": null, "highway": null, "lanes": null, "maxspeed": null, "name": null, "oneway": null, "reversed": null, "length": null, "bridge": null, "junction": null, "length_m": null, "building_count_50m": null, "avg_building_area": null, "poi_count_50m": null, "highway_clean": null, "highway_rank": null, "sinuosity": null, "poi_diversity": null, "food_drink_count": null, "street_furniture_count": null, "degree_u": null, "degree_v": null, "avg_connectivity": null, "city": null, "cluster": null, "typology": null }, "geometry": { "type": "LineString", "coordinates": [ [ 370100.005256060510874, 150371.93335071040201 ], [ 370089.545120611554012, 150369.804723554523662 ], [ 370082.678723498072941, 150367.287419519067043 ], [ 370079.128009717271198, 150364.613735887425719 ], [ 370077.157865890883841, 150363.13326839034562 ], [ 370068.495264719706029, 150350.689102992648259 ] ] } },
{ "type": "Feature", "properties": { "from_node": 1450, "to_node": 1142, "u": 4598816959.0, "v": 1318459274.0, "key": 0.0, "index": 397.0, "osmid": "629371237", "highway": "residential", "lanes": [ "1" ], "maxspeed": "40", "name": [ "Bright Hill Drive" ], "oneway": "True", "reversed": "False", "length": 29.285270368545731, "bridge": null, "junction": null, "length_m": 29.326298860867773, "building_count_50m": 3.0, "avg_building_area": 2723.2587640594561, "poi_count_50m": 4.0, "highway_clean": "residential", "highway_rank": 2.0, "sinuosity": 1.0069218408207303, "poi_diversity": 0.56233514461880829, "food_drink_count": 1.0, "street_furniture_count": 1.0, "degree_u": 3.0, "degree_v": 4.0, "avg_connectivity": 3.5, "city": "Singapore", "cluster": 0.0, "typology": "Arterial Movement Corridor" }, "geometry": { "type": "LineString", "coordinates": [ [ 370100.005256060510874, 150371.93335071040201 ], [ 370093.797752660000697, 150374.412758782127639 ], [ 370086.86625915177865, 150375.333709026948782 ], [ 370077.164119500899687, 150376.057003391091712 ], [ 370071.322994769318029, 150376.877928072819486 ] ] } },
{ "type": "Feature", "properties": { "from_node": 424, "to_node": 1154, "u": null, "v": null, "key": null, "index": null, "osmid": null, "highway": null, "lanes": null, "maxspeed": null, "name": null, "oneway": null, "reversed": null, "length": null, "bridge": null, "junction": null, "length_m": null, "building_count_50m": null, "avg_building_area": null, "poi_count_50m": null, "highway_clean": null, "highway_rank": null, "sinuosity": null, "poi_diversity": null, "food_drink_count": null, "street_furniture_count": null, "degree_u": null, "degree_v": null, "avg_connectivity": null, "city": null, "cluster": null, "typology": null }, "geometry": { "type": "LineString", "coordinates": [ [ 370068.495264719706029, 150350.689102992648259 ], [ 370065.198829316883348, 150321.637161014601588 ], [ 370063.346308440261055, 150310.295237935235491 ], [ 370061.407517544575967, 150304.62476614798652 ], [ 370057.086739077232778, 150297.153419661539374 ], [ 370050.10700828069821, 150290.368792792578461 ], [ 370043.239250154059846, 150285.043421813403256 ], [ 370033.545515587960836, 150280.150577689724742 ], [ 370020.704429234203417, 150278.376873673900263 ], [ 369973.850430319900624, 150279.61563790650689 ], [ 369969.077048762701452, 150279.573726641188841 ], [ 369937.143277023977134, 150279.379132128931815 ], [ 369913.977568187168799, 150279.622511103167199 ] ] } },
{ "type": "Feature", "properties": { "from_node": 1155, "to_node": 1569, "u": 4598816973.0, "v": 9080932825.0, "key": 0.0, "index": 400.0, "osmid": "629371233", "highway": "residential", "lanes": [ "1" ], "maxspeed": "40", "name": [ "Bright Hill Drive" ], "oneway": "True", "reversed": "False", "length": 16.023104302231395, "bridge": null, "junction": null, "length_m": 16.045553130402094, "building_count_50m": 2.0, "avg_building_area": 3689.3263090313644, "poi_count_50m": 4.0, "highway_clean": "residential", "highway_rank": 2.0, "sinuosity": 1.0033793132230711, "poi_diversity": 0.56233514461880829, "food_drink_count": 1.0, "street_furniture_count": 1.0, "degree_u": 4.0, "degree_v": 3.0, "avg_connectivity": 3.5, "city": "Singapore", "cluster": 0.0, "typology": "Arterial Movement Corridor" }, "geometry": { "type": "LineString", "coordinates": [ [ 370071.905654957517982, 150385.290789659164147 ], [ 370077.969522235449404, 150384.900916820537532 ], [ 370087.659775177075062, 150382.607764198881341 ] ] } },
{ "type": "Feature", "properties": { "from_node": 1157, "to_node": 1159, "u": 4684558079.0, "v": 213279094.0, "key": 0.0, "index": 403.0, "osmid": [ 721889421, 536925871 ], "highway": "primary", "lanes": [ "3" ], "maxspeed": "70", "name": [ "Ang Mo Kio Avenue 1" ], "oneway": "True", "reversed": "False", "length": 224.1799238822565, "bridge": null, "junction": null, "length_m": 224.49471006467073, "building_count_50m": 2.0, "avg_building_area": 909.13908542737454, "poi_count_50m": 1.0, "highway_clean": "primary", "highway_rank": 5.0, "sinuosity": 1.0000275225031132, "poi_diversity": 0.0, "food_drink_count": 1.0, "street_furniture_count": 1.0, "degree_u": 3.0, "degree_v": 3.0, "avg_connectivity": 3.0, "city": "Singapore", "cluster": 0.0, "typology": "Arterial Movement Corridor" }, "geometry": { "type": "LineString", "coordinates": [ [ 369936.248134358844254, 151208.485118719458114 ], [ 369759.730898260895628, 151224.015542295586783 ], [ 369712.666621404932812, 151227.299846412352053 ] ] } },
{ "type": "Feature", "properties": { "from_node": 247, "to_node": 1167, "u": 4684558080.0, "v": 5643502198.0, "key": 0.0, "index": 405.0, "osmid": [ 631707821, 536925853 ], "highway": "primary", "lanes": "['4' '3']", "maxspeed": "70", "name": [ "Ang Mo Kio Avenue 1" ], "oneway": "True", "reversed": "False", "length": 135.97100436108616, "bridge": null, "junction": null, "length_m": 136.16184274963967, "building_count_50m": 2.0, "avg_building_area": 411.29723771112202, "poi_count_50m": 1.0, "highway_clean": "primary", "highway_rank": 5.0, "sinuosity": 1.0000645386326852, "poi_diversity": 0.0, "food_drink_count": 1.0, "street_furniture_count": 1.0, "degree_u": 2.0, "degree_v": 3.0, "avg_connectivity": 2.5, "city": "Singapore", "cluster": 0.0, "typology": "Arterial Movement Corridor" }, "geometry": { "type": "LineString", "coordinates": [ [ 370467.589954617316835, 151068.431723522022367 ], [ 370480.41697176580783, 151064.246578835445689 ], [ 370526.106557394028641, 151048.503713895683177 ], [ 370596.81675886339508, 151026.04919950113981 ], [ 370594.96012642577989, 151029.189820786821656 ], [ 370594.549344425438903, 151031.058375672262628 ], [ 370594.428101784491446, 151033.435337015136611 ], [ 370595.130055390589405, 151035.44707293753163 ], [ 370596.710940202057827, 151037.30360831215512 ], [ 370600.08309410669608, 151038.905003241961822 ] ] } },
{ "type": "Feature", "properties": { "from_node": 977, "to_node": 1276, "u": 4727940658.0, "v": 5175569970.0, "key": 0.0, "index": 408.0, "osmid": "479744113", "highway": "primary", "lanes": [ "3" ], "maxspeed": "60", "name": [ "Upper Thomson Road" ], "oneway": "True", "reversed": "False", "length": 46.969444725799633, "bridge": null, "junction": null, "length_m": 47.035305836486103, "building_count_50m": 2.0, "avg_building_area": 184.21212860375482, "poi_count_50m": 1.0, "highway_clean": "primary", "highway_rank": 5.0, "sinuosity": 1.0002751441334712, "poi_diversity": 0.0, "food_drink_count": 1.0, "street_furniture_count": 1.0, "degree_u": 3.0, "degree_v": 3.0, "avg_connectivity": 3.0, "city": "Singapore", "cluster": 0.0, "typology": "Arterial Movement Corridor" }, "geometry": { "type": "LineString", "coordinates": [ [ 369611.979507413343526, 150676.005345015524654 ], [ 369610.83716823864961, 150706.496682721073739 ], [ 369611.034200155350845, 150722.681686408177484 ] ] } },
{ "type": "Feature", "properties": { "from_node": 977, "to_node": 649, "u": null, "v": null, "key": null, "index": null, "osmid": null, "highway": null, "lanes": null, "maxspeed": null, "name": null, "oneway": null, "reversed": null, "length": null, "bridge": null, "junction": null, "length_m": null, "building_count_50m": null, "avg_building_area": null, "poi_count_50m": null, "highway_clean": null, "highway_rank": null, "sinuosity": null, "poi_diversity": null, "food_drink_count": null, "street_furniture_count": null, "degree_u": null, "degree_v": null, "avg_connectivity": null, "city": null, "cluster": null, "typology": null }, "geometry": { "type": "LineString", "coordinates": [ [ 369611.979507413343526, 150676.005345015524654 ], [ 369615.286501934868284, 150680.857054543215781 ], [ 369620.40676806285046, 150684.922948569379514 ], [ 369627.105880867689848, 150686.633275101805339 ], [ 369634.594328142120503, 150686.983404077356681 ] ] } },
{ "type": "Feature", "properties": { "from_node": 1176, "to_node": 1175, "u": null, "v": null, "key": null, "index": null, "osmid": null, "highway": null, "lanes": null, "maxspeed": null, "name": null, "oneway": null, "reversed": null, "length": null, "bridge": null, "junction": null, "length_m": null, "building_count_50m": null, "avg_building_area": null, "poi_count_50m": null, "highway_clean": null, "highway_rank": null, "sinuosity": null, "poi_diversity": null, "food_drink_count": null, "street_furniture_count": null, "degree_u": null, "degree_v": null, "avg_connectivity": null, "city": null, "cluster": null, "typology": null }, "geometry": { "type": "LineString", "coordinates": [ [ 369716.418242736952379, 150086.912211764079984 ], [ 369713.668162579648197, 150083.243153645045822 ], [ 369708.960013249714393, 150080.061481057113269 ], [ 369703.886223726847675, 150080.063938452396542 ], [ 369699.859048372076359, 150081.514145383553114 ] ] } },
{ "type": "Feature", "properties": { "from_node": 1176, "to_node": 1180, "u": 4727949659.0, "v": 4727949662.0, "key": 0.0, "index": 411.0, "osmid": "634041245", "highway": "primary", "lanes": [ "3" ], "maxspeed": "60", "name": [ "Upper Thomson Road" ], "oneway": "True", "reversed": "False", "length": 9.3402379107278151, "bridge": null, "junction": null, "length_m": 9.3533132765968148, "building_count_50m": 2.0, "avg_building_area": 136.17384668231824, "poi_count_50m": 1.0, "highway_clean": "primary", "highway_rank": 5.0, "sinuosity": 1.0000000005245877, "poi_diversity": 0.0, "food_drink_count": 1.0, "street_furniture_count": 1.0, "degree_u": 3.0, "degree_v": 3.0, "avg_connectivity": 3.0, "city": "Singapore", "cluster": 0.0, "typology": "Arterial Movement Corridor" }, "geometry": { "type": "LineString", "coordinates": [ [ 369716.418242736952379, 150086.912211764079984 ], [ 369718.474005506839603, 150081.372464980988298 ], [ 369719.651902406709269, 150078.198997185885673 ] ] } },
{ "type": "Feature", "properties": { "from_node": 1175, "to_node": 365, "u": 4727949660.0, "v": 1318459219.0, "key": 0.0, "index": 412.0, "osmid": [ 482041665, 482040815 ], "highway": "primary", "lanes": "['4' '3']", "maxspeed": "60", "name": [ "Upper Thomson Road" ], "oneway": "True", "reversed": "False", "length": 74.529440103988634, "bridge": null, "junction": null, "length_m": 74.63378330748597, "building_count_50m": 11.0, "avg_building_area": 236.54032258882282, "poi_count_50m": 5.0, "highway_clean": "primary", "highway_rank": 5.0, "sinuosity": 1.0022928939375952, "poi_diversity": 0.0, "food_drink_count": 1.0, "street_furniture_count": 1.0, "degree_u": 3.0, "degree_v": 4.0, "avg_connectivity": 3.5, "city": "Singapore", "cluster": 0.0, "typology": "Arterial Movement Corridor" }, "geometry": { "type": "LineString", "coordinates": [ [ 369699.859048372076359, 150081.514145383553114 ], [ 369692.438527248625178, 150106.569259001553291 ], [ 369686.186508867773227, 150132.021801983035402 ], [ 369683.548826691461727, 150153.647428497613873 ] ] } },
{ "type": "Feature", "properties": { "from_node": 1180, "to_node": 1359, "u": null, "v": null, "key": null, "index": null, "osmid": null, "highway": null, "lanes": null, "maxspeed": null, "name": null, "oneway": null, "reversed": null, "length": null, "bridge": null, "junction": null, "length_m": null, "building_count_50m": null, "avg_building_area": null, "poi_count_50m": null, "highway_clean": null, "highway_rank": null, "sinuosity": null, "poi_diversity": null, "food_drink_count": null, "street_furniture_count": null, "degree_u": null, "degree_v": null, "avg_connectivity": null, "city": null, "cluster": null, "typology": null }, "geometry": { "type": "LineString", "coordinates": [ [ 369719.651902406709269, 150078.198997185885673 ], [ 369726.665364275162574, 150062.695942339923931 ], [ 369759.458696226240136, 150022.604276974103414 ], [ 369839.888087109138723, 149941.650987079949118 ], [ 369876.022112745034974, 149907.019109882792691 ], [ 369896.520402740861755, 149889.873360283934744 ], [ 369915.785026330559049, 149875.624720936728409 ] ] } },
{ "type": "Feature", "properties": { "from_node": 580, "to_node": 1187, "u": 4728224830.0, "v": 3987285531.0, "key": 0.0, "index": 414.0, "osmid": "479775050", "highway": "residential", "lanes": [ "1" ], "maxspeed": null, "name": null, "oneway": "True", "reversed": "False", "length": 21.04766563144868, "bridge": null, "junction": null, "length_m": 21.077077407996534, "building_count_50m": 6.0, "avg_building_area": 616.72666211513342, "poi_count_50m": 12.0, "highway_clean": "residential", "highway_rank": 2.0, "sinuosity": 1.0001205769969219, "poi_diversity": 0.88769427579910398, "food_drink_count": 7.0, "street_furniture_count": 1.0, "degree_u": 5.0, "degree_v": 3.0, "avg_connectivity": 4.0, "city": "Singapore", "cluster": 1.0, "typology": "Active Commercial High Street" }, "geometry": { "type": "LineString", "coordinates": [ [ 370447.414793635718524, 149401.391852258093422 ], [ 370445.415379097976256, 149408.479299796919804 ], [ 370441.304689754615538, 149421.416047932667425 ] ] } },
{ "type": "Feature", "properties": { "from_node": 1188, "to_node": 494, "u": 4735281549.0, "v": 4749280942.0, "key": 0.0, "index": 421.0, "osmid": [ 767427921, 767427922, 117038430 ], "highway": "residential", "lanes": [ "2" ], "maxspeed": "40", "name": [ "Thomson Ridge" ], "oneway": "False", "reversed": "False", "length": 65.986275780084696, "bridge": null, "junction": null, "length_m": 66.078519037107625, "building_count_50m": 31.0, "avg_building_area": 259.16783360228254, "poi_count_50m": 8.0, "highway_clean": "residential", "highway_rank": 2.0, "sinuosity": 1.0012969992270631, "poi_diversity": 1.2554823251787537, "food_drink_count": 3.0, "street_furniture_count": 1.0, "degree_u": 6.0, "degree_v": 6.0, "avg_connectivity": 6.0, "city": "Singapore", "cluster": 1.0, "typology": "Active Commercial High Street" }, "geometry": { "type": "LineString", "coordinates": [ [ 370236.594560394994915, 149582.690557900932617 ], [ 370238.973427754244767, 149578.001936278742505 ], [ 370245.308145943272393, 149562.355539176729508 ], [ 370256.633929116243962, 149536.635300469759386 ], [ 370261.325580783304758, 149528.662122974579688 ], [ 370264.282678663730621, 149523.221459282620344 ] ] } },
{ "type": "Feature", "properties": { "from_node": 451, "to_node": 1205, "u": 4735281551.0, "v": 8129041254.0, "key": 0.0, "index": 422.0, "osmid": "117038432", "highway": "residential", "lanes": [ "2" ], "maxspeed": "40", "name": [ "Soo Chow Way" ], "oneway": "False", "reversed": "True", "length": 118.90714662738047, "bridge": null, "junction": null, "length_m": 119.07339250717997, "building_count_50m": 70.0, "avg_building_area": 120.6526238517764, "poi_count_50m": 6.0, "highway_clean": "residential", "highway_rank": 2.0, "sinuosity": 1.0004276025522065, "poi_diversity": 0.63651416829481278, "food_drink_count": 4.0, "street_furniture_count": 1.0, "degree_u": 6.0, "degree_v": 6.0, "avg_connectivity": 6.0, "city": "Singapore", "cluster": 2.0, "typology": "Local Mixed Street" }, "geometry": { "type": "LineString", "coordinates": [ [ 370174.384770743781701, 149628.522891273518326 ], [ 370163.667795402987394, 149624.514946625946322 ], [ 370153.373715132474899, 149620.672629269130994 ], [ 370150.202021276345477, 149619.480174902186263 ], [ 370144.860231049591675, 149617.492777757957811 ], [ 370139.140014631382655, 149615.262344485643553 ], [ 370134.209817521099467, 149613.075752568925964 ], [ 370127.65480295434827, 149610.237675405864138 ], [ 370122.268393374863081, 149608.018136968574254 ], [ 370116.303185832803138, 149605.367717425804585 ], [ 370111.295031738467515, 149603.037443227542099 ], [ 370106.27580396772828, 149600.817728150112089 ], [ 370068.770518201519735, 149583.843665224034339 ], [ 370064.931010914151557, 149582.22037286523846 ] ] } },
{ "type": "Feature", "properties": { "from_node": 451, "to_node": 1214, "u": null, "v": null, "key": null, "index": null, "osmid": null, "highway": null, "lanes": null, "maxspeed": null, "name": null, "oneway": null, "reversed": null, "length": null, "bridge": null, "junction": null, "length_m": null, "building_count_50m": null, "avg_building_area": null, "poi_count_50m": null, "highway_clean": null, "highway_rank": null, "sinuosity": null, "poi_diversity": null, "food_drink_count": null, "street_furniture_count": null, "degree_u": null, "degree_v": null, "avg_connectivity": null, "city": null, "cluster": null, "typology": null }, "geometry": { "type": "LineString", "coordinates": [ [ 370174.384770743781701, 149628.522891273518326 ], [ 370173.451284742273856, 149630.93341214657994 ], [ 370167.527853785490151, 149645.728354220715119 ], [ 370158.590234222938307, 149662.923764201201266 ], [ 370150.539258590666577, 149672.855366773845162 ], [ 370138.60434620390879, 149681.318474954256089 ], [ 370063.282483775750734, 149717.163120874698507 ], [ 370054.461439803184476, 149722.263901150930906 ], [ 370049.267295631172601, 149726.50061450607609 ], [ 370033.919308676908258, 149740.835783880960662 ] ] } },
{ "type": "Feature", "properties": { "from_node": 1214, "to_node": 1218, "u": null, "v": null, "key": null, "index": null, "osmid": null, "highway": null, "lanes": null, "maxspeed": null, "name": null, "oneway": null, "reversed": null, "length": null, "bridge": null, "junction": null, "length_m": null, "building_count_50m": null, "avg_building_area": null, "poi_count_50m": null, "highway_clean": null, "highway_rank": null, "sinuosity": null, "poi_diversity": null, "food_drink_count": null, "street_furniture_count": null, "degree_u": null, "degree_v": null, "avg_connectivity": null, "city": null, "cluster": null, "typology": null }, "geometry": { "type": "LineString", "coordinates": [ [ 370033.919308676908258, 149740.835783880960662 ], [ 370035.002396112657152, 149748.706692336098058 ], [ 370047.019380189944059, 149772.016695339465514 ], [ 370047.878813988761976, 149777.566081548196962 ], [ 370046.335865234374069, 149785.172926540108165 ], [ 370042.934187612438109, 149791.608797562104883 ] ] } },
{ "type": "Feature", "properties": { "from_node": 1219, "to_node": 704, "u": 4786218633.0, "v": 1867626513.0, "key": 0.0, "index": 436.0, "osmid": [ 634101304, 634101306, 176216269 ], "highway": "tertiary", "lanes": [ "2" ], "maxspeed": "50", "name": [ "Jalan Todak" ], "oneway": "True", "reversed": "False", "length": 52.588988812513712, "bridge": null, "junction": null, "length_m": 52.662514219899982, "building_count_50m": 9.0, "avg_building_area": 920.00859976803213, "poi_count_50m": 27.0, "highway_clean": "tertiary", "highway_rank": 3.0, "sinuosity": 1.003061900012205, "poi_diversity": 0.63651416829481278, "food_drink_count": 9.0, "street_furniture_count": 1.0, "degree_u": 3.0, "degree_v": 4.0, "avg_connectivity": 3.5, "city": "Singapore", "cluster": 1.0, "typology": "Active Commercial High Street" }, "geometry": { "type": "LineString", "coordinates": [ [ 370372.932529186364263, 149587.08035945368465 ], [ 370374.312976161600091, 149588.605337218556087 ], [ 370392.369728903810028, 149607.755616912792902 ], [ 370401.419617148581892, 149615.788522388116689 ], [ 370411.147746570699383, 149622.804008264472941 ] ] } },
{ "type": "Feature", "properties": { "from_node": 70, "to_node": 64, "u": 4810544981.0, "v": 5698521001.0, "key": 0.0, "index": 437.0, "osmid": [ 665224793, 665224794, 598740187 ], "highway": "residential", "lanes": [ "1" ], "maxspeed": "50", "name": [ "Upper Thomson Road" ], "oneway": "True", "reversed": "False", "length": 59.095715732526628, "bridge": null, "junction": null, "length_m": 59.17826814326417, "building_count_50m": 8.0, "avg_building_area": 349.39481696626115, "poi_count_50m": 4.0, "highway_clean": "residential", "highway_rank": 2.0, "sinuosity": 1.0012370074036323, "poi_diversity": 0.56233514461880829, "food_drink_count": 1.0, "street_furniture_count": 1.0, "degree_u": 4.0, "degree_v": 3.0, "avg_connectivity": 3.5, "city": "Singapore", "cluster": 0.0, "typology": "Arterial Movement Corridor" }, "geometry": { "type": "LineString", "coordinates": [ [ 370455.442103412235156, 149272.360843110916903 ], [ 370459.749702366709244, 149275.598001783830114 ], [ 370462.409770995203871, 149277.221866319334367 ], [ 370467.662856482435018, 149279.861582469660789 ], [ 370480.72912406316027, 149287.118698867561761 ], [ 370495.265099093317986, 149296.420353670837358 ], [ 370498.859971703030169, 149298.375431429944001 ], [ 370501.497696189326234, 149299.811365483503323 ], [ 370506.227770910365507, 149302.34077850743779 ] ] } },
{ "type": "Feature", "properties": { "from_node": 70, "to_node": 64, "u": 4810544981.0, "v": 5698521001.0, "key": 0.0, "index": 437.0, "osmid": [ 665224793, 665224794, 598740187 ], "highway": "residential", "lanes": [ "1" ], "maxspeed": "50", "name": [ "Upper Thomson Road" ], "oneway": "True", "reversed": "False", "length": 59.095715732526628, "bridge": null, "junction": null, "length_m": 59.17826814326417, "building_count_50m": 8.0, "avg_building_area": 349.39481696626115, "poi_count_50m": 4.0, "highway_clean": "residential", "highway_rank": 2.0, "sinuosity": 1.0012370074036323, "poi_diversity": 0.56233514461880829, "food_drink_count": 1.0, "street_furniture_count": 1.0, "degree_u": 4.0, "degree_v": 3.0, "avg_connectivity": 3.5, "city": "Singapore", "cluster": 0.0, "typology": "Arterial Movement Corridor" }, "geometry": { "type": "LineString", "coordinates": [ [ 370455.442103412235156, 149272.360843110916903 ], [ 370459.749702366709244, 149275.598001783830114 ], [ 370462.409770995203871, 149277.221866319334367 ], [ 370467.662856482435018, 149279.861582469660789 ], [ 370480.72912406316027, 149287.118698867561761 ], [ 370495.265099093317986, 149296.420353670837358 ], [ 370498.859971703030169, 149298.375431429944001 ], [ 370501.497696189326234, 149299.811365483503323 ], [ 370506.227770910365507, 149302.34077850743779 ] ] } },
{ "type": "Feature", "properties": { "from_node": 1396, "to_node": 204, "u": null, "v": null, "key": null, "index": null, "osmid": null, "highway": null, "lanes": null, "maxspeed": null, "name": null, "oneway": null, "reversed": null, "length": null, "bridge": null, "junction": null, "length_m": null, "building_count_50m": null, "avg_building_area": null, "poi_count_50m": null, "highway_clean": null, "highway_rank": null, "sinuosity": null, "poi_diversity": null, "food_drink_count": null, "street_furniture_count": null, "degree_u": null, "degree_v": null, "avg_connectivity": null, "city": null, "cluster": null, "typology": null }, "geometry": { "type": "LineString", "coordinates": [ [ 370191.589569525152911, 150717.568524394679116 ], [ 370184.645252030633856, 150714.962820947432192 ], [ 370176.220816837740131, 150711.805066066503059 ], [ 370148.476660386077128, 150700.840523719001794 ], [ 370145.79460299492348, 150699.758396759600146 ], [ 370138.193583926768042, 150696.688686193374451 ], [ 370127.408675037848298, 150690.204407400306081 ], [ 370119.750864123168867, 150684.746762881841278 ], [ 370110.321202424005605, 150673.707011309656082 ], [ 370099.943718659109436, 150658.433508924703347 ], [ 370093.495404028159101, 150646.143053651263472 ], [ 370090.107932244834956, 150635.918470288044773 ], [ 370088.167654237069655, 150627.185661477531539 ], [ 370082.826318871229887, 150603.153856420103693 ], [ 370075.08863024006132, 150570.632680625509238 ], [ 370071.030600411468185, 150554.305851619661553 ] ] } },
{ "type": "Feature", "properties": { "from_node": 676, "to_node": 1246, "u": null, "v": null, "key": null, "index": null, "osmid": null, "highway": null, "lanes": null, "maxspeed": null, "name": null, "oneway": null, "reversed": null, "length": null, "bridge": null, "junction": null, "length_m": null, "building_count_50m": null, "avg_building_area": null, "poi_count_50m": null, "highway_clean": null, "highway_rank": null, "sinuosity": null, "poi_diversity": null, "food_drink_count": null, "street_furniture_count": null, "degree_u": null, "degree_v": null, "avg_connectivity": null, "city": null, "cluster": null, "typology": null }, "geometry": { "type": "LineString", "coordinates": [ [ 370496.436024468624964, 149626.809325564390747 ], [ 370496.687949136656243, 149618.495571348146768 ], [ 370497.394541758403648, 149606.997654302162118 ], [ 370496.33520597970346, 149602.211190283327596 ], [ 370493.673839607159607, 149597.878764883324038 ], [ 370490.389631318103056, 149594.077295765891904 ], [ 370459.567221546778455, 149568.023537904868135 ], [ 370448.914546609390527, 149558.863752560806461 ] ] } },
{ "type": "Feature", "properties": { "from_node": 1247, "to_node": 119, "u": 5137827223.0, "v": 243415165.0, "key": 0.0, "index": 443.0, "osmid": [ 479569232, 652182963, 634518205 ], "highway": "tertiary", "lanes": [ "2" ], "maxspeed": "50", "name": [ "Sin Ming Drive" ], "oneway": "True", "reversed": "False", "length": 128.93433893601255, "bridge": null, "junction": null, "length_m": 129.11473929935619, "building_count_50m": 8.0, "avg_building_area": 1661.3122601406958, "poi_count_50m": 7.0, "highway_clean": "tertiary", "highway_rank": 3.0, "sinuosity": 1.0011616613078849, "poi_diversity": 1.0789922078775833, "food_drink_count": 2.0, "street_furniture_count": 1.0, "degree_u": 3.0, "degree_v": 3.0, "avg_connectivity": 3.0, "city": "Singapore", "cluster": 0.0, "typology": "Arterial Movement Corridor" }, "geometry": { "type": "LineString", "coordinates": [ [ 370540.516307515848894, 149920.097982808307279 ], [ 370568.22503578895703, 149903.645342106785392 ], [ 370580.104954456211999, 149896.553147100639762 ], [ 370601.617564308806323, 149883.132659620634513 ], [ 370629.526120798371267, 149865.729174925218103 ], [ 370640.08235593943391, 149859.455717578413896 ], [ 370649.369345283193979, 149851.513511342986021 ] ] } },
{ "type": "Feature", "properties": { "from_node": 117, "to_node": 1247, "u": 5137827227.0, "v": 5137827223.0, "key": 0.0, "index": 444.0, "osmid": "528770389", "highway": "tertiary_link", "lanes": [ "1" ], "maxspeed": "50", "name": null, "oneway": "True", "reversed": "False", "length": 42.177033812282303, "bridge": null, "junction": null, "length_m": 42.236054715274705, "building_count_50m": 2.0, "avg_building_area": 827.78110078555744, "poi_count_50m": 1.0, "highway_clean": "tertiary_link", "highway_rank": 3.0, "sinuosity": 1.0467581374153023, "poi_diversity": 0.0, "food_drink_count": 1.0, "street_furniture_count": 1.0, "degree_u": 2.0, "degree_v": 3.0, "avg_connectivity": 2.5, "city": "Singapore", "cluster": 0.0, "typology": "Arterial Movement Corridor" }, "geometry": { "type": "LineString", "coordinates": [ [ 370518.936791938962415, 149933.208962393167894 ], [ 370525.173324873670936, 149944.80303915622062 ], [ 370533.069214811548591, 149959.469708438700764 ], [ 370530.773030388052575, 149950.980294210545253 ], [ 370530.857748840295244, 149942.047520571388304 ], [ 370532.345575554587413, 149935.490975262684515 ], [ 370534.757009597844444, 149929.121927145315567 ], [ 370540.516307515848894, 149920.097982808307279 ] ] } },
{ "type": "Feature", "properties": { "from_node": 117, "to_node": 1247, "u": 5137827227.0, "v": 5137827223.0, "key": 0.0, "index": 444.0, "osmid": "528770389", "highway": "tertiary_link", "lanes": [ "1" ], "maxspeed": "50", "name": null, "oneway": "True", "reversed": "False", "length": 42.177033812282303, "bridge": null, "junction": null, "length_m": 42.236054715274705, "building_count_50m": 2.0, "avg_building_area": 827.78110078555744, "poi_count_50m": 1.0, "highway_clean": "tertiary_link", "highway_rank": 3.0, "sinuosity": 1.0467581374153023, "poi_diversity": 0.0, "food_drink_count": 1.0, "street_furniture_count": 1.0, "degree_u": 2.0, "degree_v": 3.0, "avg_connectivity": 2.5, "city": "Singapore", "cluster": 0.0, "typology": "Arterial Movement Corridor" }, "geometry": { "type": "LineString", "coordinates": [ [ 370518.936791938962415, 149933.208962393167894 ], [ 370525.173324873670936, 149944.80303915622062 ], [ 370533.069214811548591, 149959.469708438700764 ], [ 370530.773030388052575, 149950.980294210545253 ], [ 370530.857748840295244, 149942.047520571388304 ], [ 370532.345575554587413, 149935.490975262684515 ], [ 370534.757009597844444, 149929.121927145315567 ], [ 370540.516307515848894, 149920.097982808307279 ] ] } },
{ "type": "Feature", "properties": { "from_node": 1258, "to_node": 196, "u": 5138050329.0, "v": 5950255468.0, "key": 0.0, "index": 447.0, "osmid": [ 629414016, 630075830, 630075831, 629371230, 629371231 ], "highway": "secondary", "lanes": [ "2" ], "maxspeed": "40", "name": [ "Sin Ming Avenue" ], "oneway": "True", "reversed": "False", "length": 172.14181184515505, "bridge": null, "junction": null, "length_m": 172.38304352963144, "building_count_50m": 4.0, "avg_building_area": 2014.3190309440197, "poi_count_50m": 4.0, "highway_clean": "secondary", "highway_rank": 4.0, "sinuosity": 1.0051314685125048, "poi_diversity": 1.0397207708399179, "food_drink_count": 1.0, "street_furniture_count": 1.0, "degree_u": 3.0, "degree_v": 4.0, "avg_connectivity": 3.5, "city": "Singapore", "cluster": 0.0, "typology": "Arterial Movement Corridor" }, "geometry": { "type": "LineString", "coordinates": [ [ 370064.339719737472478, 150385.758777280483628 ], [ 370064.462980308162514, 150387.549689094448695 ], [ 370064.201343788066879, 150398.715748979302589 ], [ 370063.830699019657914, 150414.547231804579496 ], [ 370061.993952838820405, 150435.796560469345422 ], [ 370061.320046703272965, 150445.757783768174704 ], [ 370060.01596606959356, 150464.077179293730296 ], [ 370057.51071152696386, 150483.447417836083332 ], [ 370054.638014981406741, 150502.27612111644703 ], [ 370054.06383933435427, 150511.386032298178179 ], [ 370054.245272746484261, 150518.417166034836555 ], [ 370056.21142395446077, 150534.62340041185962 ], [ 370058.454955801076721, 150549.20435938614537 ], [ 370059.626537575153634, 150555.969684130308451 ] ] } },
{ "type": "Feature", "properties": { "from_node": 593, "to_node": 594, "u": 5143793921.0, "v": 5143788820.0, "key": 0.0, "index": 453.0, "osmid": "529547683", "highway": "residential", "lanes": [ "1" ], "maxspeed": "50", "name": [ "Jalan Rebana" ], "oneway": "True", "reversed": "False", "length": 32.378748315238255, "bridge": null, "junction": null, "length_m": 32.424144346895339, "building_count_50m": 38.0, "avg_building_area": 148.00175315360576, "poi_count_50m": 1.0, "highway_clean": "residential", "highway_rank": 2.0, "sinuosity": 1.0352701137393614, "poi_diversity": 0.0, "food_drink_count": 1.0, "street_furniture_count": 1.0, "degree_u": 5.0, "degree_v": 5.0, "avg_connectivity": 5.0, "city": "Singapore", "cluster": 2.0, "typology": "Local Mixed Street" }, "geometry": { "type": "LineString", "coordinates": [ [ 369738.848976956447586, 150635.812569064612035 ], [ 369740.597632314893417, 150639.437887529580621 ], [ 369741.456435892323498, 150643.649574180977652 ], [ 369742.003568127634935, 150647.607138298422797 ], [ 369742.361444289679639, 150651.354741958872182 ], [ 369742.463701790024061, 150655.71051636946504 ], [ 369742.176427905913442, 150659.867483077250654 ], [ 369741.388285729975905, 150663.681976131949341 ], [ 369739.553943071688991, 150666.899986641685246 ] ] } },
{ "type": "Feature", "properties": { "from_node": 593, "to_node": 594, "u": 5143793921.0, "v": 5143788820.0, "key": 0.0, "index": 453.0, "osmid": "529547683", "highway": "residential", "lanes": [ "1" ], "maxspeed": "50", "name": [ "Jalan Rebana" ], "oneway": "True", "reversed": "False", "length": 32.378748315238255, "bridge": null, "junction": null, "length_m": 32.424144346895339, "building_count_50m": 38.0, "avg_building_area": 148.00175315360576, "poi_count_50m": 1.0, "highway_clean": "residential", "highway_rank": 2.0, "sinuosity": 1.0352701137393614, "poi_diversity": 0.0, "food_drink_count": 1.0, "street_furniture_count": 1.0, "degree_u": 5.0, "degree_v": 5.0, "avg_connectivity": 5.0, "city": "Singapore", "cluster": 2.0, "typology": "Local Mixed Street" }, "geometry": { "type": "LineString", "coordinates": [ [ 369738.848976956447586, 150635.812569064612035 ], [ 369740.597632314893417, 150639.437887529580621 ], [ 369741.456435892323498, 150643.649574180977652 ], [ 369742.003568127634935, 150647.607138298422797 ], [ 369742.361444289679639, 150651.354741958872182 ], [ 369742.463701790024061, 150655.71051636946504 ], [ 369742.176427905913442, 150659.867483077250654 ], [ 369741.388285729975905, 150663.681976131949341 ], [ 369739.553943071688991, 150666.899986641685246 ] ] } },
{ "type": "Feature", "properties": { "from_node": 1289, "to_node": 1276, "u": null, "v": null, "key": null, "index": null, "osmid": null, "highway": null, "lanes": null, "maxspeed": null, "name": null, "oneway": null, "reversed": null, "length": null, "bridge": null, "junction": null, "length_m": null, "building_count_50m": null, "avg_building_area": null, "poi_count_50m": null, "highway_clean": null, "highway_rank": null, "sinuosity": null, "poi_diversity": null, "food_drink_count": null, "street_furniture_count": null, "degree_u": null, "degree_v": null, "avg_connectivity": null, "city": null, "cluster": null, "typology": null }, "geometry": { "type": "LineString", "coordinates": [ [ 369633.812459540378768, 150726.551043462270172 ], [ 369627.757093298016116, 150721.545896541705588 ], [ 369623.227936749230139, 150720.34306279651355 ], [ 369619.400230840721633, 150720.101707099151099 ], [ 369615.194841013173573, 150721.142961189849302 ], [ 369611.034200155350845, 150722.681686408177484 ] ] } },
{ "type": "Feature", "properties": { "from_node": 1294, "to_node": 1075, "u": null, "v": null, "key": null, "index": null, "osmid": null, "highway": null, "lanes": null, "maxspeed": null, "name": null, "oneway": null, "reversed": null, "length": null, "bridge": null, "junction": null, "length_m": null, "building_count_50m": null, "avg_building_area": null, "poi_count_50m": null, "highway_clean": null, "highway_rank": null, "sinuosity": null, "poi_diversity": null, "food_drink_count": null, "street_furniture_count": null, "degree_u": null, "degree_v": null, "avg_connectivity": null, "city": null, "cluster": null, "typology": null }, "geometry": { "type": "LineString", "coordinates": [ [ 370156.109668843448162, 150723.997837903851178 ], [ 370167.653071076318156, 150734.362185446894728 ], [ 370170.649033082474489, 150740.308525524189463 ], [ 370171.562300302437507, 150742.121164491254603 ], [ 370171.969388456200249, 150755.58641504382831 ], [ 370165.637457441538572, 150776.79369616767508 ] ] } },
{ "type": "Feature", "properties": { "from_node": 1294, "to_node": 1073, "u": 5175569981.0, "v": 4593195751.0, "key": 0.0, "index": 458.0, "osmid": "630096325", "highway": "secondary", "lanes": [ "2" ], "maxspeed": "50", "name": [ "Sin Ming Avenue" ], "oneway": "True", "reversed": "False", "length": 29.979062964074398, "bridge": null, "junction": null, "length_m": 30.021103249515548, "building_count_50m": 3.0, "avg_building_area": 325.43996035541551, "poi_count_50m": 2.0, "highway_clean": "secondary", "highway_rank": 4.0, "sinuosity": 1.0000001412863642, "poi_diversity": 0.0, "food_drink_count": 1.0, "street_furniture_count": 1.0, "degree_u": 3.0, "degree_v": 4.0, "avg_connectivity": 3.5, "city": "Singapore", "cluster": 0.0, "typology": "Arterial Movement Corridor" }, "geometry": { "type": "LineString", "coordinates": [ [ 370156.109668843448162, 150723.997837903851178 ], [ 370178.544271031569224, 150730.587023355357815 ], [ 370184.887382992426865, 150732.44125219489797 ] ] } },
{ "type": "Feature", "properties": { "from_node": 635, "to_node": 635, "u": null, "v": null, "key": null, "index": null, "osmid": null, "highway": null, "lanes": null, "maxspeed": null, "name": null, "oneway": null, "reversed": null, "length": null, "bridge": null, "junction": null, "length_m": null, "building_count_50m": null, "avg_building_area": null, "poi_count_50m": null, "highway_clean": null, "highway_rank": null, "sinuosity": null, "poi_diversity": null, "food_drink_count": null, "street_furniture_count": null, "degree_u": null, "degree_v": null, "avg_connectivity": null, "city": null, "cluster": null, "typology": null }, "geometry": { "type": "LineString", "coordinates": [ [ 369894.493777170137037, 150965.463853192457464 ], [ 369894.895096278050914, 150967.022467379254522 ], [ 369896.899696442415006, 150970.713991061813431 ], [ 369899.171283297066111, 150974.294830965896836 ], [ 369900.62959466711618, 150975.764487813663436 ], [ 369902.532779884990305, 150976.835934340953827 ], [ 369904.424408130522352, 150977.02295563914231 ], [ 369906.671810676460154, 150976.634923821984557 ], [ 369922.73459499666933, 150968.092352913459763 ], [ 369924.002375899348408, 150966.731923933199141 ], [ 369924.602378165815026, 150965.006992057111347 ], [ 369924.757226939604152, 150963.10539053811226 ], [ 369924.400264253024943, 150961.23720410084934 ], [ 369922.439999377820641, 150957.191886598535348 ], [ 369920.54688711342169, 150953.953579509892734 ], [ 369918.732667103118729, 150952.782591043534921 ], [ 369916.562527484144084, 150951.888160310307285 ], [ 369914.481707830098458, 150951.623843100271188 ], [ 369912.278741933521815, 150951.868133037700318 ], [ 369903.724367684684694, 150956.084395753918216 ], [ 369899.052573064051103, 150958.994234729441814 ], [ 369896.282866702764295, 150960.720222268049838 ], [ 369895.115231341274921, 150962.091658143821405 ], [ 369894.59308373433305, 150963.750220053159865 ], [ 369894.493777170137037, 150965.463853192457464 ] ] } },
{ "type": "Feature", "properties": { "from_node": 1321, "to_node": 696, "u": null, "v": null, "key": null, "index": null, "osmid": null, "highway": null, "lanes": null, "maxspeed": null, "name": null, "oneway": null, "reversed": null, "length": null, "bridge": null, "junction": null, "length_m": null, "building_count_50m": null, "avg_building_area": null, "poi_count_50m": null, "highway_clean": null, "highway_rank": null, "sinuosity": null, "poi_diversity": null, "food_drink_count": null, "street_furniture_count": null, "degree_u": null, "degree_v": null, "avg_connectivity": null, "city": null, "cluster": null, "typology": null }, "geometry": { "type": "LineString", "coordinates": [ [ 370436.327665864431765, 149507.174904177372809 ], [ 370441.876106050040107, 149499.256600661377888 ], [ 370452.860378865269013, 149480.623041529092006 ], [ 370454.528062676545233, 149477.858400453638751 ], [ 370462.430917760182638, 149460.652463012258522 ], [ 370475.833503126865253, 149426.750290237891022 ], [ 370478.17809544672491, 149420.182280134205939 ], [ 370480.866646961425431, 149411.590973708254751 ] ] } },
{ "type": "Feature", "properties": { "from_node": 1246, "to_node": 1321, "u": null, "v": null, "key": null, "index": null, "osmid": null, "highway": null, "lanes": null, "maxspeed": null, "name": null, "oneway": null, "reversed": null, "length": null, "bridge": null, "junction": null, "length_m": null, "building_count_50m": null, "avg_building_area": null, "poi_count_50m": null, "highway_clean": null, "highway_rank": null, "sinuosity": null, "poi_diversity": null, "food_drink_count": null, "street_furniture_count": null, "degree_u": null, "degree_v": null, "avg_connectivity": null, "city": null, "cluster": null, "typology": null }, "geometry": { "type": "LineString", "coordinates": [ [ 370448.914546609390527, 149558.863752560806461 ], [ 370436.990150472149253, 149542.883416820375714 ], [ 370432.514229651307687, 149536.683504687331151 ], [ 370430.876473213313147, 149532.251088986726245 ], [ 370430.762266881123651, 149526.126471193798352 ], [ 370431.972035270067863, 149519.780110790889012 ], [ 370436.327665864431765, 149507.174904177372809 ] ] } },
{ "type": "Feature", "properties": { "from_node": 1246, "to_node": 3, "u": 5176761860.0, "v": 206089495.0, "key": 0.0, "index": 463.0, "osmid": "633144180", "highway": "tertiary", "lanes": [ "2" ], "maxspeed": "50", "name": [ "Sin Ming Road" ], "oneway": "True", "reversed": "False", "length": 43.505059110534894, "bridge": null, "junction": null, "length_m": 43.565874264528908, "building_count_50m": 7.0, "avg_building_area": 1544.6070966932534, "poi_count_50m": 17.0, "highway_clean": "tertiary", "highway_rank": 3.0, "sinuosity": 1.0000342323936717, "poi_diversity": 0.84636582962628737, "food_drink_count": 6.0, "street_furniture_count": 1.0, "degree_u": 3.0, "degree_v": 4.0, "avg_connectivity": 3.5, "city": "Singapore", "cluster": 1.0, "typology": "Active Commercial High Street" }, "geometry": { "type": "LineString", "coordinates": [ [ 370448.914546609390527, 149558.863752560806461 ], [ 370426.229135156900156, 149539.826244812633377 ], [ 370422.422213044250384, 149536.533572795655346 ], [ 370415.810166721523274, 149530.765844991285121 ] ] } },
{ "type": "Feature", "properties": { "from_node": 1339, "to_node": 1658, "u": null, "v": null, "key": null, "index": null, "osmid": null, "highway": null, "lanes": null, "maxspeed": null, "name": null, "oneway": null, "reversed": null, "length": null, "bridge": null, "junction": null, "length_m": null, "building_count_50m": null, "avg_building_area": null, "poi_count_50m": null, "highway_clean": null, "highway_rank": null, "sinuosity": null, "poi_diversity": null, "food_drink_count": null, "street_furniture_count": null, "degree_u": null, "degree_v": null, "avg_connectivity": null, "city": null, "cluster": null, "typology": null }, "geometry": { "type": "LineString", "coordinates": [ [ 369678.285724801709875, 150291.002182853029808 ], [ 369686.967931711114943, 150297.929702406778233 ], [ 369692.333227074588649, 150302.492976876266766 ], [ 369696.756622999615502, 150315.03870158616337 ] ] } },
{ "type": "Feature", "properties": { "from_node": 1339, "to_node": 1071, "u": 5646398857.0, "v": 4593195739.0, "key": 0.0, "index": 468.0, "osmid": "628483516", "highway": "unclassified", "lanes": [ "2" ], "maxspeed": "50", "name": [ "Venus Drive" ], "oneway": "True", "reversed": "False", "length": 17.063673812098163, "bridge": null, "junction": null, "length_m": 17.087574522769479, "building_count_50m": 1.0, "avg_building_area": 2194.1763607701064, "poi_count_50m": 1.0, "highway_clean": "unclassified", "highway_rank": 1.0, "sinuosity": 1.0000017005040638, "poi_diversity": 0.0, "food_drink_count": 1.0, "street_furniture_count": 1.0, "degree_u": 3.0, "degree_v": 4.0, "avg_connectivity": 3.5, "city": "Singapore", "cluster": 0.0, "typology": "Arterial Movement Corridor" }, "geometry": { "type": "LineString", "coordinates": [ [ 369678.285724801709875, 150291.002182853029808 ], [ 369689.92426683625672, 150290.974426264700014 ], [ 369695.365239829814527, 150290.9828424397856 ] ] } },
{ "type": "Feature", "properties": { "from_node": 1521, "to_node": 1344, "u": 5648108171.0, "v": 10898604744.0, "key": 0.0, "index": 469.0, "osmid": [ 634529104, 736525668 ], "highway": "primary", "lanes": [ "3" ], "maxspeed": "60", "name": [ "Upper Thomson Road" ], "oneway": "True", "reversed": "False", "length": 44.14868519054999, "bridge": null, "junction": null, "length_m": 44.210434512739468, "building_count_50m": 33.0, "avg_building_area": 128.61985978251946, "poi_count_50m": 1.0, "highway_clean": "primary", "highway_rank": 5.0, "sinuosity": 1.0001473396442335, "poi_diversity": 0.0, "food_drink_count": 1.0, "street_furniture_count": 1.0, "degree_u": 3.0, "degree_v": 3.0, "avg_connectivity": 3.0, "city": "Singapore", "cluster": 0.0, "typology": "Arterial Movement Corridor" }, "geometry": { "type": "LineString", "coordinates": [ [ 370156.982353746891022, 149743.673001294169808 ], [ 370133.722305077651981, 149756.022003858757671 ], [ 370117.725817298167385, 149763.812695274857106 ] ] } },
{ "type": "Feature", "properties": { "from_node": 1521, "to_node": 1599, "u": 5648108171.0, "v": 11279640732.0, "key": 0.0, "index": 470.0, "osmid": "1217366062", "highway": "primary_link", "lanes": null, "maxspeed": null, "name": null, "oneway": "True", "reversed": "False", "length": 12.679739009699892, "bridge": null, "junction": null, "length_m": 12.697473516934727, "building_count_50m": 24.0, "avg_building_area": 310.64145623049779, "poi_count_50m": 1.0, "highway_clean": "primary_link", "highway_rank": 5.0, "sinuosity": 1.1093465220708421, "poi_diversity": 0.0, "food_drink_count": 1.0, "street_furniture_count": 1.0, "degree_u": 3.0, "degree_v": 3.0, "avg_connectivity": 3.0, "city": "Singapore", "cluster": 0.0, "typology": "Arterial Movement Corridor" }, "geometry": { "type": "LineString", "coordinates": [ [ 370156.982353746891022, 149743.673001294169808 ], [ 370156.794349343224894, 149746.061052965640556 ], [ 370157.886083838413469, 149748.791204975335859 ], [ 370160.42425580060808, 149751.44327275257092 ], [ 370163.79630943830125, 149752.801460007554851 ] ] } },
{ "type": "Feature", "properties": { "from_node": 1348, "to_node": 1355, "u": null, "v": null, "key": null, "index": null, "osmid": null, "highway": null, "lanes": null, "maxspeed": null, "name": null, "oneway": null, "reversed": null, "length": null, "bridge": null, "junction": null, "length_m": null, "building_count_50m": null, "avg_building_area": null, "poi_count_50m": null, "highway_clean": null, "highway_rank": null, "sinuosity": null, "poi_diversity": null, "food_drink_count": null, "street_furniture_count": null, "degree_u": null, "degree_v": null, "avg_connectivity": null, "city": null, "cluster": null, "typology": null }, "geometry": { "type": "LineString", "coordinates": [ [ 370040.751907645841129, 149811.697474847343983 ], [ 370049.276459757704288, 149814.755704353738111 ], [ 370053.606213038903661, 149817.771735130809247 ], [ 370054.363235811353661, 149818.61157892664778 ], [ 370057.347107798035722, 149822.567965890979394 ], [ 370062.469129549164791, 149830.293206060392549 ], [ 370063.586088616342749, 149839.181192183925305 ] ] } },
{ "type": "Feature", "properties": { "from_node": 1348, "to_node": 14, "u": 5648108207.0, "v": 206089498.0, "key": 0.0, "index": 472.0, "osmid": [ 655635261, 634056111 ], "highway": "primary", "lanes": [ "3" ], "maxspeed": "60", "name": [ "Upper Thomson Road" ], "oneway": "True", "reversed": "False", "length": 34.192120867737586, "bridge": null, "junction": null, "length_m": 34.239950822117081, "building_count_50m": 17.0, "avg_building_area": 185.82169402173483, "poi_count_50m": 2.0, "highway_clean": "primary", "highway_rank": 5.0, "sinuosity": 1.0003134513179508, "poi_diversity": 0.69314718055994529, "food_drink_count": 1.0, "street_furniture_count": 1.0, "degree_u": 3.0, "degree_v": 3.0, "avg_connectivity": 3.0, "city": "Singapore", "cluster": 0.0, "typology": "Arterial Movement Corridor" }, "geometry": { "type": "LineString", "coordinates": [ [ 370040.751907645841129, 149811.697474847343983 ], [ 370047.148370277776849, 149808.775770183245186 ], [ 370072.50149779219646, 149799.034813084348571 ] ] } },
{ "type": "Feature", "properties": { "from_node": 1355, "to_node": 14, "u": 5648108210.0, "v": 206089498.0, "key": 0.0, "index": 473.0, "osmid": "591643542", "highway": "residential", "lanes": [ "1" ], "maxspeed": "50", "name": [ "Bright Hill Drive" ], "oneway": "True", "reversed": "False", "length": 42.396623581462542, "bridge": null, "junction": null, "length_m": 42.455932579239061, "building_count_50m": 19.0, "avg_building_area": 219.76507642074202, "poi_count_50m": 2.0, "highway_clean": "residential", "highway_rank": 2.0, "sinuosity": 1.0253129201288791, "poi_diversity": 0.69314718055994529, "food_drink_count": 1.0, "street_furniture_count": 1.0, "degree_u": 4.0, "degree_v": 3.0, "avg_connectivity": 3.5, "city": "Singapore", "cluster": 2.0, "typology": "Local Mixed Street" }, "geometry": { "type": "LineString", "coordinates": [ [ 370063.586088616342749, 149839.181192183925305 ], [ 370065.991760910314042, 149820.872324619907886 ], [ 370066.144315592129715, 149814.194802206271561 ], [ 370066.586170729831792, 149807.528195705264807 ], [ 370072.50149779219646, 149799.034813084348571 ] ] } },
{ "type": "Feature", "properties": { "from_node": 1359, "to_node": 1367, "u": null, "v": null, "key": null, "index": null, "osmid": null, "highway": null, "lanes": null, "maxspeed": null, "name": null, "oneway": null, "reversed": null, "length": null, "bridge": null, "junction": null, "length_m": null, "building_count_50m": null, "avg_building_area": null, "poi_count_50m": null, "highway_clean": null, "highway_rank": null, "sinuosity": null, "poi_diversity": null, "food_drink_count": null, "street_furniture_count": null, "degree_u": null, "degree_v": null, "avg_connectivity": null, "city": null, "cluster": null, "typology": null }, "geometry": { "type": "LineString", "coordinates": [ [ 369915.785026330559049, 149875.624720936728409 ], [ 369918.20879086892819, 149871.76522143278271 ], [ 369919.498280044528656, 149869.255026569677284 ], [ 369920.620142296771519, 149865.241380431049038 ], [ 369920.373720762261655, 149861.858551869168878 ], [ 369919.237262042821385, 149858.686205334175611 ], [ 369917.589710224769078, 149857.039748571638484 ], [ 369915.252519777161069, 149855.846895536757074 ], [ 369912.437205381516833, 149855.328651809773874 ], [ 369908.453781453194097, 149855.220021355693461 ] ] } },
{ "type": "Feature", "properties": { "from_node": 1359, "to_node": 1348, "u": 5648108234.0, "v": 5648108207.0, "key": 0.0, "index": 477.0, "osmid": [ 634085466, 634085467, 634101390, 482040487 ], "highway": "primary", "lanes": [ "3" ], "maxspeed": "60", "name": [ "Upper Thomson Road" ], "oneway": "True", "reversed": "False", "length": 140.52773984742907, "bridge": null, "junction": null, "length_m": 140.72433802964017, "building_count_50m": 8.0, "avg_building_area": 2129.1453972555605, "poi_count_50m": 6.0, "highway_clean": "primary", "highway_rank": 5.0, "sinuosity": 1.000663672642961, "poi_diversity": 0.86756322848146117, "food_drink_count": 1.0, "street_furniture_count": 1.0, "degree_u": 3.0, "degree_v": 3.0, "avg_connectivity": 3.0, "city": "Singapore", "cluster": 0.0, "typology": "Arterial Movement Corridor" }, "geometry": { "type": "LineString", "coordinates": [ [ 369915.785026330559049, 149875.624720936728409 ], [ 369927.609198185964487, 149868.278236471902346 ], [ 369934.394812784041278, 149864.770403667818755 ], [ 369949.345298006490339, 149856.803310301620513 ], [ 369959.935225260094739, 149851.159953469439643 ], [ 369975.363984511583112, 149842.827804427361116 ], [ 370000.037660394038539, 149831.594686847733101 ], [ 370015.811621160013601, 149823.82620006747311 ], [ 370040.751907645841129, 149811.697474847343983 ] ] } },
{ "type": "Feature", "properties": { "from_node": 838, "to_node": 1393, "u": null, "v": null, "key": null, "index": null, "osmid": null, "highway": null, "lanes": null, "maxspeed": null, "name": null, "oneway": null, "reversed": null, "length": null, "bridge": null, "junction": null, "length_m": null, "building_count_50m": null, "avg_building_area": null, "poi_count_50m": null, "highway_clean": null, "highway_rank": null, "sinuosity": null, "poi_diversity": null, "food_drink_count": null, "street_furniture_count": null, "degree_u": null, "degree_v": null, "avg_connectivity": null, "city": null, "cluster": null, "typology": null }, "geometry": { "type": "LineString", "coordinates": [ [ 369951.584992103918921, 150507.488923583558062 ], [ 369962.769859905587509, 150512.701642277097562 ], [ 369965.362783937249333, 150513.529539042123361 ], [ 369967.799794741207734, 150514.070071440772153 ], [ 369970.61491516395472, 150514.201371397211915 ], [ 369973.429890863772016, 150514.034176115470473 ], [ 370002.824342628591694, 150509.27717037210823 ], [ 370004.815995670098346, 150509.220928291499149 ], [ 370006.796811300329864, 150509.761682084703352 ], [ 370008.288110920228064, 150510.42428229941288 ], [ 370010.258185539278202, 150511.761028776149033 ], [ 370013.942966988368426, 150515.562294368544826 ], [ 370016.136732758022845, 150519.286894788383506 ], [ 370016.115502619999461, 150521.398482900985982 ], [ 370015.348788825504016, 150523.52148766440223 ], [ 370014.125965997809544, 150525.821599583054194 ], [ 370012.457860817492474, 150527.679712069133529 ], [ 369999.621542201377451, 150535.723195939644938 ] ] } },
{ "type": "Feature", "properties": { "from_node": 1394, "to_node": 1090, "u": 5661632956.0, "v": 5698393581.0, "key": 0.0, "index": 483.0, "osmid": [ 766241233, 639647722 ], "highway": "residential", "lanes": [ "2" ], "maxspeed": "50", "name": null, "oneway": "False", "reversed": "True", "length": 12.667956240612465, "bridge": null, "junction": null, "length_m": 12.685699239414189, "building_count_50m": 3.0, "avg_building_area": 1350.7184545002026, "poi_count_50m": 1.0, "highway_clean": "residential", "highway_rank": 2.0, "sinuosity": 1.0000020913448275, "poi_diversity": 0.0, "food_drink_count": 1.0, "street_furniture_count": 1.0, "degree_u": 2.0, "degree_v": 6.0, "avg_connectivity": 4.0, "city": "Singapore", "cluster": 0.0, "typology": "Arterial Movement Corridor" }, "geometry": { "type": "LineString", "coordinates": [ [ 369769.091558695596177, 150269.355914919462521 ], [ 369769.12591949646594, 150271.379034610785311 ], [ 369769.364703751110937, 150281.947871581709478 ] ] } },
{ "type": "Feature", "properties": { "from_node": 1397, "to_node": 208, "u": null, "v": null, "key": null, "index": null, "osmid": null, "highway": null, "lanes": null, "maxspeed": null, "name": null, "oneway": null, "reversed": null, "length": null, "bridge": null, "junction": null, "length_m": null, "building_count_50m": null, "avg_building_area": null, "poi_count_50m": null, "highway_clean": null, "highway_rank": null, "sinuosity": null, "poi_diversity": null, "food_drink_count": null, "street_furniture_count": null, "degree_u": null, "degree_v": null, "avg_connectivity": null, "city": null, "cluster": null, "typology": null }, "geometry": { "type": "LineString", "coordinates": [ [ 370191.809253917192109, 150734.64897263032617 ], [ 370202.993588415207341, 150738.800373497884721 ], [ 370230.959186827414669, 150747.531623399612727 ], [ 370289.817706210771576, 150767.093229990685359 ], [ 370318.007024759775959, 150778.300778695556801 ], [ 370332.818418971961364, 150781.97504420473706 ], [ 370359.201601083099376, 150785.732150153577095 ], [ 370370.430004042456858, 150788.999103105365066 ], [ 370393.936601055203937, 150803.558698767184978 ], [ 370413.49491042282898, 150821.602646275452571 ], [ 370434.290366297471337, 150820.973479788284749 ], [ 370460.642492317478172, 150806.566640345408814 ], [ 370504.091456783935428, 150782.102210458280751 ], [ 370499.927091994904913, 150775.924275811994448 ] ] } },
{ "type": "Feature", "properties": { "from_node": 1075, "to_node": 618, "u": 5689382226.0, "v": 1318514013.0, "key": 0.0, "index": 487.0, "osmid": "597566253", "highway": "residential", "lanes": [ "1" ], "maxspeed": "50", "name": [ "Sin Ming Walk" ], "oneway": "True", "reversed": "False", "length": 30.931800426413801, "bridge": null, "junction": null, "length_m": 30.975184154298521, "building_count_50m": 2.0, "avg_building_area": 599.07841838558124, "poi_count_50m": 1.0, "highway_clean": "residential", "highway_rank": 2.0, "sinuosity": 1.0008435931154782, "poi_diversity": 0.0, "food_drink_count": 1.0, "street_furniture_count": 1.0, "degree_u": 3.0, "degree_v": 4.0, "avg_connectivity": 3.5, "city": "Singapore", "cluster": 0.0, "typology": "Arterial Movement Corridor" }, "geometry": { "type": "LineString", "coordinates": [ [ 370165.637457441538572, 150776.79369616767508 ], [ 370164.326502589101437, 150780.906931764591718 ], [ 370159.34321412735153, 150806.878427330666455 ] ] } },
{ "type": "Feature", "properties": { "from_node": 984, "to_node": 985, "u": 5698333651.0, "v": 4459074536.0, "key": 0.0, "index": 489.0, "osmid": "638468104", "highway": "unclassified", "lanes": [ "2" ], "maxspeed": "50", "name": [ "Sin Ming Drive" ], "oneway": "True", "reversed": "False", "length": 17.103838745484055, "bridge": null, "junction": null, "length_m": 17.12777320365668, "building_count_50m": 1.0, "avg_building_area": 172.25563315747215, "poi_count_50m": 1.0, "highway_clean": "unclassified", "highway_rank": 1.0, "sinuosity": 1.0000000841762147, "poi_diversity": 0.0, "food_drink_count": 1.0, "street_furniture_count": 1.0, "degree_u": 4.0, "degree_v": 3.0, "avg_connectivity": 3.5, "city": "Singapore", "cluster": 2.0, "typology": "Local Mixed Street" }, "geometry": { "type": "LineString", "coordinates": [ [ 370497.689329438842833, 149942.682571179844672 ], [ 370504.286138478666544, 149939.915557665197412 ], [ 370513.463828239473514, 149936.07493311795406 ] ] } },
{ "type": "Feature", "properties": { "from_node": 425, "to_node": 63, "u": null, "v": null, "key": null, "index": null, "osmid": null, "highway": null, "lanes": null, "maxspeed": null, "name": null, "oneway": null, "reversed": null, "length": null, "bridge": null, "junction": null, "length_m": null, "building_count_50m": null, "avg_building_area": null, "poi_count_50m": null, "highway_clean": null, "highway_rank": null, "sinuosity": null, "poi_diversity": null, "food_drink_count": null, "street_furniture_count": null, "degree_u": null, "degree_v": null, "avg_connectivity": null, "city": null, "cluster": null, "typology": null }, "geometry": { "type": "LineString", "coordinates": [ [ 369735.395530171517748, 149938.816060910670785 ], [ 369733.093456365459133, 149941.216194409818854 ], [ 369731.437214673089329, 149944.611000696138944 ], [ 369731.972640513966326, 149947.38564477826003 ], [ 369733.631700874364469, 149949.817028106597718 ], [ 369735.758078767801635, 149952.237129935558187 ], [ 369755.50749142060522, 149974.106192701641703 ], [ 369756.743034924787935, 149975.089524655399146 ], [ 369758.289896975737065, 149975.597324219706934 ], [ 369760.125872241216712, 149975.729100657685194 ], [ 369770.725114315922838, 149966.349002658360405 ], [ 369841.62392066832399, 149895.737125845131231 ], [ 369851.610834754421376, 149885.605565876932815 ] ] } },
{ "type": "Feature", "properties": { "from_node": 64, "to_node": 575, "u": null, "v": null, "key": null, "index": null, "osmid": null, "highway": null, "lanes": null, "maxspeed": null, "name": null, "oneway": null, "reversed": null, "length": null, "bridge": null, "junction": null, "length_m": null, "building_count_50m": null, "avg_building_area": null, "poi_count_50m": null, "highway_clean": null, "highway_rank": null, "sinuosity": null, "poi_diversity": null, "food_drink_count": null, "street_furniture_count": null, "degree_u": null, "degree_v": null, "avg_connectivity": null, "city": null, "cluster": null, "typology": null }, "geometry": { "type": "LineString", "coordinates": [ [ 370506.227770910365507, 149302.34077850743779 ], [ 370501.292768522864208, 149313.343227942968952 ], [ 370498.302636715874542, 149319.524607972300146 ], [ 370495.400973599927966, 149324.567243368306663 ], [ 370491.188622553599998, 149334.342202247760724 ], [ 370487.753697569889482, 149341.09867478342494 ], [ 370484.541127463220619, 149347.479158623260446 ], [ 370479.939617512281984, 149357.829183717665728 ], [ 370477.528119874885306, 149364.098730502097169 ], [ 370474.116450854227878, 149372.944656507985201 ], [ 370473.305205940210726, 149375.045564436586574 ], [ 370471.394014515855815, 149380.485719474905636 ], [ 370467.605091837409418, 149391.531844225915847 ], [ 370462.516207532957196, 149406.470080730679911 ] ] } },
{ "type": "Feature", "properties": { "from_node": 1673, "to_node": 1450, "u": null, "v": null, "key": null, "index": null, "osmid": null, "highway": null, "lanes": null, "maxspeed": null, "name": null, "oneway": null, "reversed": null, "length": null, "bridge": null, "junction": null, "length_m": null, "building_count_50m": null, "avg_building_area": null, "poi_count_50m": null, "highway_clean": null, "highway_rank": null, "sinuosity": null, "poi_diversity": null, "food_drink_count": null, "street_furniture_count": null, "degree_u": null, "degree_v": null, "avg_connectivity": null, "city": null, "cluster": null, "typology": null }, "geometry": { "type": "LineString", "coordinates": [ [ 370198.585968185099773, 150298.93125747187878 ], [ 370198.05495275685098, 150305.277299095119815 ], [ 370196.845416883938015, 150312.054828253079904 ], [ 370194.589842809829861, 150318.567534011148382 ], [ 370190.520872709166724, 150325.611774326738669 ], [ 370185.405378243362065, 150331.385152605886105 ], [ 370182.936190500622615, 150333.332092155731516 ], [ 370180.200063429772854, 150335.489212925866013 ], [ 370172.64674698933959, 150339.041639800183475 ], [ 370166.639668332820293, 150341.819443199026864 ], [ 370153.190219715062995, 150347.486298490082845 ], [ 370147.56135286873905, 150350.064922997553367 ], [ 370136.592977739870548, 150355.354697231116006 ], [ 370129.707119517028332, 150358.608308315189788 ], [ 370120.496309427020606, 150362.957526654266985 ], [ 370105.434029172523879, 150369.741759441880276 ], [ 370100.005256060510874, 150371.93335071040201 ] ] } },
{ "type": "Feature", "properties": { "from_node": 1587, "to_node": 1674, "u": null, "v": null, "key": null, "index": null, "osmid": null, "highway": null, "lanes": null, "maxspeed": null, "name": null, "oneway": null, "reversed": null, "length": null, "bridge": null, "junction": null, "length_m": null, "building_count_50m": null, "avg_building_area": null, "poi_count_50m": null, "highway_clean": null, "highway_rank": null, "sinuosity": null, "poi_diversity": null, "food_drink_count": null, "street_furniture_count": null, "degree_u": null, "degree_v": null, "avg_connectivity": null, "city": null, "cluster": null, "typology": null }, "geometry": { "type": "LineString", "coordinates": [ [ 370206.016149691888131, 150293.842195070843445 ], [ 370203.452563500904944, 150284.645362194743939 ], [ 370197.169586534786504, 150269.093485732999397 ], [ 370192.156715042365249, 150256.979216797335539 ], [ 370191.655473820050247, 150255.862866089242743 ], [ 370189.238393510109745, 150250.513232327532023 ], [ 370187.945772847160697, 150246.533921799942618 ], [ 370187.756009995297063, 150245.273700726946117 ], [ 370188.389799730386585, 150244.377909192146035 ], [ 370190.025105279521085, 150243.713796740601538 ], [ 370192.96186710218899, 150242.286234779807273 ], [ 370202.662561515753623, 150238.566943282610737 ], [ 370208.013514432124794, 150236.508059238287387 ] ] } },
{ "type": "Feature", "properties": { "from_node": 1587, "to_node": 1673, "u": null, "v": null, "key": null, "index": null, "osmid": null, "highway": null, "lanes": null, "maxspeed": null, "name": null, "oneway": null, "reversed": null, "length": null, "bridge": null, "junction": null, "length_m": null, "building_count_50m": null, "avg_building_area": null, "poi_count_50m": null, "highway_clean": null, "highway_rank": null, "sinuosity": null, "poi_diversity": null, "food_drink_count": null, "street_furniture_count": null, "degree_u": null, "degree_v": null, "avg_connectivity": null, "city": null, "cluster": null, "typology": null }, "geometry": { "type": "LineString", "coordinates": [ [ 370206.016149691888131, 150293.842195070843445 ], [ 370204.902389550290536, 150291.587436828500358 ], [ 370204.657431117550004, 150291.233783202449558 ], [ 370204.423652802535798, 150290.99067791813286 ], [ 370204.167647786845919, 150290.802860244642943 ], [ 370203.856014586228412, 150290.626124822854763 ], [ 370203.477626497158781, 150290.460477028856985 ], [ 370203.054774320917204, 150290.383293713704916 ], [ 370202.565193959337194, 150290.372474886418786 ], [ 370202.075634968990926, 150290.405877547542332 ], [ 370201.574997346266173, 150290.538783932832303 ], [ 370201.063249040627852, 150290.704861811391311 ], [ 370200.551527447358239, 150290.926216551190009 ], [ 370200.062064601224847, 150291.158615912281675 ], [ 370199.628267333668191, 150291.457320626010187 ], [ 370199.150048714247532, 150291.932932797964895 ], [ 370198.605208753433544, 150292.696016902162228 ], [ 370198.483258369902615, 150293.61367191869067 ], [ 370198.585968185099773, 150298.93125747187878 ] ] } },
{ "type": "Feature", "properties": { "from_node": 194, "to_node": 934, "u": 5930664450.0, "v": 4000033078.0, "key": 0.0, "index": 503.0, "osmid": [ 628202360, 628184259, 628704005 ], "highway": "unclassified", "lanes": [ "1" ], "maxspeed": "50", "name": [ "Venus Drive" ], "oneway": "True", "reversed": "False", "length": 41.989298357247009, "bridge": null, "junction": null, "length_m": 42.048111508641114, "building_count_50m": 2.0, "avg_building_area": 1816.6566896113111, "poi_count_50m": 1.0, "highway_clean": "unclassified", "highway_rank": 1.0, "sinuosity": 1.0008849574070746, "poi_diversity": 0.0, "food_drink_count": 1.0, "street_furniture_count": 1.0, "degree_u": 3.0, "degree_v": 4.0, "avg_connectivity": 3.5, "city": "Singapore", "cluster": 0.0, "typology": "Arterial Movement Corridor" }, "geometry": { "type": "LineString", "coordinates": [ [ 369676.548073432641104, 150287.12258281323011 ], [ 369663.40795930812601, 150288.256607701332541 ], [ 369656.053376808122266, 150288.636059370590374 ], [ 369648.854643404774833, 150289.170211156480946 ], [ 369634.780425264267251, 150291.421285746939247 ] ] } },
{ "type": "Feature", "properties": { "from_node": 194, "to_node": 934, "u": 5930664450.0, "v": 4000033078.0, "key": 0.0, "index": 503.0, "osmid": [ 628202360, 628184259, 628704005 ], "highway": "unclassified", "lanes": [ "1" ], "maxspeed": "50", "name": [ "Venus Drive" ], "oneway": "True", "reversed": "False", "length": 41.989298357247009, "bridge": null, "junction": null, "length_m": 42.048111508641114, "building_count_50m": 2.0, "avg_building_area": 1816.6566896113111, "poi_count_50m": 1.0, "highway_clean": "unclassified", "highway_rank": 1.0, "sinuosity": 1.0008849574070746, "poi_diversity": 0.0, "food_drink_count": 1.0, "street_furniture_count": 1.0, "degree_u": 3.0, "degree_v": 4.0, "avg_connectivity": 3.5, "city": "Singapore", "cluster": 0.0, "typology": "Arterial Movement Corridor" }, "geometry": { "type": "LineString", "coordinates": [ [ 369676.548073432641104, 150287.12258281323011 ], [ 369663.40795930812601, 150288.256607701332541 ], [ 369656.053376808122266, 150288.636059370590374 ], [ 369648.854643404774833, 150289.170211156480946 ], [ 369634.780425264267251, 150291.421285746939247 ] ] } },
{ "type": "Feature", "properties": { "from_node": 1482, "to_node": 1076, "u": 5935920071.0, "v": 4593195766.0, "key": 0.0, "index": 504.0, "osmid": "628714177", "highway": "residential", "lanes": [ "2" ], "maxspeed": "50", "name": [ "Lorong Puntong" ], "oneway": "True", "reversed": "False", "length": 27.465029242789115, "bridge": null, "junction": null, "length_m": 27.503500031776497, "building_count_50m": 5.0, "avg_building_area": 1137.3335860841385, "poi_count_50m": 4.0, "highway_clean": "residential", "highway_rank": 2.0, "sinuosity": 1.0172475279327382, "poi_diversity": 0.0, "food_drink_count": 1.0, "street_furniture_count": 1.0, "degree_u": 4.0, "degree_v": 4.0, "avg_connectivity": 4.0, "city": "Singapore", "cluster": 0.0, "typology": "Arterial Movement Corridor" }, "geometry": { "type": "LineString", "coordinates": [ [ 369908.531327949021943, 150314.681773836317006 ], [ 369912.388705145916902, 150307.261742396454792 ], [ 369913.474583076545969, 150297.88625024058274 ], [ 369913.926174350839574, 150288.378400686109671 ] ] } },
{ "type": "Feature", "properties": { "from_node": 1485, "to_node": 1482, "u": 5935920073.0, "v": 5935920071.0, "key": 0.0, "index": 507.0, "osmid": "628714178", "highway": "residential", "lanes": [ "1" ], "maxspeed": "50", "name": [ "Lorong Puntong" ], "oneway": "True", "reversed": "False", "length": 26.432675943466698, "bridge": null, "junction": null, "length_m": 26.469700680173311, "building_count_50m": 5.0, "avg_building_area": 1137.3335860841385, "poi_count_50m": 4.0, "highway_clean": "residential", "highway_rank": 2.0, "sinuosity": 1.0075101992835016, "poi_diversity": 0.0, "food_drink_count": 1.0, "street_furniture_count": 1.0, "degree_u": 4.0, "degree_v": 4.0, "avg_connectivity": 4.0, "city": "Singapore", "cluster": 0.0, "typology": "Arterial Movement Corridor" }, "geometry": { "type": "LineString", "coordinates": [ [ 369907.606312396470457, 150288.61362412161543 ], [ 369908.079063219251111, 150299.823555515351472 ], [ 369907.092463903245516, 150307.419082798791351 ], [ 369908.531327949021943, 150314.681773836317006 ] ] } },
{ "type": "Feature", "properties": { "from_node": 195, "to_node": 1090, "u": 5935920074.0, "v": 5698393581.0, "key": 0.0, "index": 509.0, "osmid": [ 479616491, 479616492, 628218676, 628202358, 628714171 ], "highway": "secondary", "lanes": [ "2" ], "maxspeed": "50", "name": [ "Sin Ming Avenue" ], "oneway": "True", "reversed": "False", "length": 138.12806894879057, "bridge": null, "junction": null, "length_m": 138.32153674101403, "building_count_50m": 8.0, "avg_building_area": 730.46631003424204, "poi_count_50m": 5.0, "highway_clean": "secondary", "highway_rank": 4.0, "sinuosity": 1.0000837375018388, "poi_diversity": 0.0, "food_drink_count": 1.0, "street_furniture_count": 1.0, "degree_u": 3.0, "degree_v": 6.0, "avg_connectivity": 4.5, "city": "Singapore", "cluster": 0.0, "typology": "Arterial Movement Corridor" }, "geometry": { "type": "LineString", "coordinates": [ [ 369907.590860072639771, 150279.68088056857232 ], [ 369863.128992708341684, 150280.719509454269428 ], [ 369835.368142019258812, 150281.374170609808061 ], [ 369808.508156796800904, 150281.210299437952926 ], [ 369783.896179332863539, 150281.896606300899293 ], [ 369774.605378482257947, 150281.923220442229649 ], [ 369769.364703751110937, 150281.947871581709478 ] ] } },
{ "type": "Feature", "properties": { "from_node": 196, "to_node": 1294, "u": null, "v": null, "key": null, "index": null, "osmid": null, "highway": null, "lanes": null, "maxspeed": null, "name": null, "oneway": null, "reversed": null, "length": null, "bridge": null, "junction": null, "length_m": null, "building_count_50m": null, "avg_building_area": null, "poi_count_50m": null, "highway_clean": null, "highway_rank": null, "sinuosity": null, "poi_diversity": null, "food_drink_count": null, "street_furniture_count": null, "degree_u": null, "degree_v": null, "avg_connectivity": null, "city": null, "cluster": null, "typology": null }, "geometry": { "type": "LineString", "coordinates": [ [ 370059.626537575153634, 150555.969684130308451 ], [ 370064.031435320619494, 150576.298392878117738 ], [ 370069.573266013059765, 150600.772317433875287 ], [ 370070.87788112211274, 150606.531537812959868 ], [ 370071.892553810554091, 150610.953197779628681 ], [ 370076.452899993746541, 150630.607451748801395 ], [ 370081.571350004407577, 150653.909709784609731 ], [ 370084.646551591751631, 150662.641968369280221 ], [ 370089.780277188110631, 150671.550114881712943 ], [ 370095.759550852992106, 150680.292020588094601 ], [ 370106.068602794373874, 150692.116277483437443 ], [ 370116.922154291300103, 150702.480960144166602 ], [ 370127.51871912041679, 150710.63469162050751 ], [ 370146.10488382296171, 150720.100139709567884 ], [ 370156.109668843448162, 150723.997837903851178 ] ] } },
{ "type": "Feature", "properties": { "from_node": 1000, "to_node": 264, "u": 5977080283.0, "v": 4459074625.0, "key": 0.0, "index": 512.0, "osmid": "633150987", "highway": "tertiary", "lanes": [ "2" ], "maxspeed": "50", "name": [ "Sin Ming Road" ], "oneway": "True", "reversed": "False", "length": 69.397471426510251, "bridge": null, "junction": null, "length_m": 69.494537147965119, "building_count_50m": 19.0, "avg_building_area": 493.44045089672017, "poi_count_50m": 9.0, "highway_clean": "tertiary", "highway_rank": 3.0, "sinuosity": 1.0000232756539869, "poi_diversity": 0.34883209584303193, "food_drink_count": 1.0, "street_furniture_count": 1.0, "degree_u": 3.0, "degree_v": 6.0, "avg_connectivity": 4.5, "city": "Singapore", "cluster": 0.0, "typology": "Arterial Movement Corridor" }, "geometry": { "type": "LineString", "coordinates": [ [ 370585.013889412395656, 149785.00220104874461 ], [ 370577.221353057480883, 149777.012916715815663 ], [ 370538.771225953125395, 149738.591886376176262 ], [ 370536.21079143055249, 149735.906662763620261 ] ] } },
{ "type": "Feature", "properties": { "from_node": 1000, "to_node": 1511, "u": null, "v": null, "key": null, "index": null, "osmid": null, "highway": null, "lanes": null, "maxspeed": null, "name": null, "oneway": null, "reversed": null, "length": null, "bridge": null, "junction": null, "length_m": null, "building_count_50m": null, "avg_building_area": null, "poi_count_50m": null, "highway_clean": null, "highway_rank": null, "sinuosity": null, "poi_diversity": null, "food_drink_count": null, "street_furniture_count": null, "degree_u": null, "degree_v": null, "avg_connectivity": null, "city": null, "cluster": null, "typology": null }, "geometry": { "type": "LineString", "coordinates": [ [ 370585.013889412395656, 149785.00220104874461 ], [ 370579.994245314272121, 149781.886999432434095 ], [ 370576.165536187880207, 149779.556156613689382 ], [ 370572.493046831339598, 149778.153889099048683 ], [ 370568.565279997885227, 149778.078387496760115 ], [ 370564.849562989082187, 149779.34048282893491 ] ] } },
{ "type": "Feature", "properties": { "from_node": 1511, "to_node": 997, "u": 5982355851.0, "v": 4459074631.0, "key": 0.0, "index": 514.0, "osmid": [ 633149636, 537570252, 634084470 ], "highway": "tertiary", "lanes": [ "2" ], "maxspeed": "50", "name": [ "Sin Ming Road" ], "oneway": "True", "reversed": "False", "length": 95.67412289424216, "bridge": null, "junction": null, "length_m": 95.807959949657445, "building_count_50m": 11.0, "avg_building_area": 1346.7825004380591, "poi_count_50m": 7.0, "highway_clean": "tertiary", "highway_rank": 3.0, "sinuosity": 1.0008719629865817, "poi_diversity": 0.410116318288409, "food_drink_count": 1.0, "street_furniture_count": 1.0, "degree_u": 3.0, "degree_v": 4.0, "avg_connectivity": 3.5, "city": "Singapore", "cluster": 0.0, "typology": "Arterial Movement Corridor" }, "geometry": { "type": "LineString", "coordinates": [ [ 370564.849562989082187, 149779.34048282893491 ], [ 370574.022523690247908, 149788.810522577201482 ], [ 370610.111171682714485, 149821.804499879159266 ], [ 370628.822393962414935, 149836.841859931795625 ], [ 370636.146591766388156, 149842.719794326811098 ] ] } },
{ "type": "Feature", "properties": { "from_node": 592, "to_node": 1521, "u": 5984305199.0, "v": 5648108171.0, "key": 0.0, "index": 515.0, "osmid": [ 736525669, 736525670, 736525671, 75117646, 634529104 ], "highway": "primary", "lanes": "['4' '3']", "maxspeed": "60", "name": [ "Upper Thomson Road" ], "oneway": "True", "reversed": "False", "length": 176.85846826675993, "bridge": null, "junction": null, "length_m": 177.10579007403308, "building_count_50m": 42.0, "avg_building_area": 351.00725164377195, "poi_count_50m": 25.0, "highway_clean": "primary", "highway_rank": 5.0, "sinuosity": 1.0009871937992127, "poi_diversity": 1.1050865957723421, "food_drink_count": 12.0, "street_furniture_count": 1.0, "degree_u": 3.0, "degree_v": 3.0, "avg_connectivity": 3.0, "city": "Singapore", "cluster": 1.0, "typology": "Active Commercial High Street" }, "geometry": { "type": "LineString", "coordinates": [ [ 370290.080298791232053, 149628.002924783242634 ], [ 370272.217888567072805, 149642.814654337416869 ], [ 370252.154849413200282, 149662.746082471712725 ], [ 370227.986752277123742, 149684.138798914151266 ], [ 370217.73244547448121, 149693.573966174153611 ], [ 370200.226880047121085, 149710.010676034755306 ], [ 370178.715805957443081, 149726.681480150931748 ], [ 370156.982353746891022, 149743.673001294169808 ] ] } },
{ "type": "Feature", "properties": { "from_node": 1218, "to_node": 1367, "u": null, "v": null, "key": null, "index": null, "osmid": null, "highway": null, "lanes": null, "maxspeed": null, "name": null, "oneway": null, "reversed": null, "length": null, "bridge": null, "junction": null, "length_m": null, "building_count_50m": null, "avg_building_area": null, "poi_count_50m": null, "highway_clean": null, "highway_rank": null, "sinuosity": null, "poi_diversity": null, "food_drink_count": null, "street_furniture_count": null, "degree_u": null, "degree_v": null, "avg_connectivity": null, "city": null, "cluster": null, "typology": null }, "geometry": { "type": "LineString", "coordinates": [ [ 370042.934187612438109, 149791.608797562104883 ], [ 370019.161165692959912, 149801.581158703367691 ], [ 369981.148545416188426, 149816.98858545353869 ], [ 369965.296322756039444, 149823.983235767140286 ], [ 369948.320711080974434, 149831.829694409127114 ], [ 369931.979926499014255, 149840.925106897600926 ], [ 369924.137655618134886, 149845.229437020985642 ], [ 369908.453781453194097, 149855.220021355693461 ] ] } },
{ "type": "Feature", "properties": { "from_node": 1598, "to_node": 1214, "u": null, "v": null, "key": null, "index": null, "osmid": null, "highway": null, "lanes": null, "maxspeed": null, "name": null, "oneway": null, "reversed": null, "length": null, "bridge": null, "junction": null, "length_m": null, "building_count_50m": null, "avg_building_area": null, "poi_count_50m": null, "highway_clean": null, "highway_rank": null, "sinuosity": null, "poi_diversity": null, "food_drink_count": null, "street_furniture_count": null, "degree_u": null, "degree_v": null, "avg_connectivity": null, "city": null, "cluster": null, "typology": null }, "geometry": { "type": "LineString", "coordinates": [ [ 370065.884028887143359, 149782.045885869738413 ], [ 370055.321766011125874, 149775.837854326324305 ], [ 370051.213827679515816, 149771.329239816550398 ], [ 370040.920549908070825, 149746.072659216384636 ], [ 370033.919308676908258, 149740.835783880960662 ] ] } },
{ "type": "Feature", "properties": { "from_node": 61, "to_node": 1180, "u": 6913094587.0, "v": 4727949662.0, "key": 0.0, "index": 523.0, "osmid": "479745807", "highway": "primary_link", "lanes": null, "maxspeed": "50", "name": null, "oneway": "True", "reversed": "False", "length": 61.470830078999448, "bridge": null, "junction": null, "length_m": 61.556875914464854, "building_count_50m": 16.0, "avg_building_area": 103.22985695355018, "poi_count_50m": 2.0, "highway_clean": "primary_link", "highway_rank": 5.0, "sinuosity": 1.0890440541733495, "poi_diversity": 0.0, "food_drink_count": 1.0, "street_furniture_count": 1.0, "degree_u": 3.0, "degree_v": 3.0, "avg_connectivity": 3.0, "city": "Singapore", "cluster": 0.0, "typology": "Arterial Movement Corridor" }, "geometry": { "type": "LineString", "coordinates": [ [ 369734.746951503911987, 150024.119770489516668 ], [ 369733.638104554847814, 150032.02491174012539 ], [ 369730.660518125107046, 150041.069663006870542 ], [ 369714.774378749716561, 150069.909815565915778 ], [ 369714.33099594945088, 150073.392478654248407 ], [ 369717.091999360651243, 150076.641426687594503 ], [ 369719.651902406709269, 150078.198997185885673 ] ] } },
{ "type": "Feature", "properties": { "from_node": 61, "to_node": 1175, "u": null, "v": null, "key": null, "index": null, "osmid": null, "highway": null, "lanes": null, "maxspeed": null, "name": null, "oneway": null, "reversed": null, "length": null, "bridge": null, "junction": null, "length_m": null, "building_count_50m": null, "avg_building_area": null, "poi_count_50m": null, "highway_clean": null, "highway_rank": null, "sinuosity": null, "poi_diversity": null, "food_drink_count": null, "street_furniture_count": null, "degree_u": null, "degree_v": null, "avg_connectivity": null, "city": null, "cluster": null, "typology": null }, "geometry": { "type": "LineString", "coordinates": [ [ 369734.746951503911987, 150024.119770489516668 ], [ 369729.998309041315224, 150029.229659760283539 ], [ 369724.8715558880358, 150034.748781798582058 ], [ 369711.673588067642413, 150054.301104053505696 ], [ 369704.770740196108818, 150068.455348445801064 ], [ 369703.737292676931247, 150071.219696954853134 ], [ 369699.859048372076359, 150081.514145383553114 ] ] } },
{ "type": "Feature", "properties": { "from_node": 1676, "to_node": 1673, "u": null, "v": null, "key": null, "index": null, "osmid": null, "highway": null, "lanes": null, "maxspeed": null, "name": null, "oneway": null, "reversed": null, "length": null, "bridge": null, "junction": null, "length_m": null, "building_count_50m": null, "avg_building_area": null, "poi_count_50m": null, "highway_clean": null, "highway_rank": null, "sinuosity": null, "poi_diversity": null, "food_drink_count": null, "street_furniture_count": null, "degree_u": null, "degree_v": null, "avg_connectivity": null, "city": null, "cluster": null, "typology": null }, "geometry": { "type": "LineString", "coordinates": [ [ 370204.905708567879628, 150229.35673305002274 ], [ 370199.944323685776908, 150231.691813259501942 ], [ 370189.687822186155245, 150236.505855256022187 ], [ 370182.746332006587181, 150239.770544011378661 ], [ 370180.499452689778991, 150241.253049707825994 ], [ 370179.755180969717912, 150243.774034808157012 ], [ 370182.752308354130946, 150252.141505881416379 ], [ 370184.390006629051641, 150256.430200216273079 ], [ 370185.181006949627772, 150258.508228575286921 ], [ 370192.043048668187112, 150275.043754139886005 ], [ 370195.151395021413919, 150283.311672628187807 ], [ 370197.826280646899249, 150292.574784149765037 ], [ 370198.585968185099773, 150298.93125747187878 ] ] } },
{ "type": "Feature", "properties": { "from_node": 1552, "to_node": 1339, "u": 7424629435.0, "v": 5646398857.0, "key": 0.0, "index": 527.0, "osmid": [ 793734625, 793734626, 464176748 ], "highway": "unclassified", "lanes": "['1' '3']", "maxspeed": "50", "name": [ "Venus Drive" ], "oneway": "True", "reversed": "False", "length": 42.591983125100811, "bridge": null, "junction": null, "length_m": 42.651641040967796, "building_count_50m": 2.0, "avg_building_area": 1816.6566896113111, "poi_count_50m": 1.0, "highway_clean": "unclassified", "highway_rank": 1.0, "sinuosity": 1.0016764762495305, "poi_diversity": 0.0, "food_drink_count": 1.0, "street_furniture_count": 1.0, "degree_u": 4.0, "degree_v": 3.0, "avg_connectivity": 3.5, "city": "Singapore", "cluster": 0.0, "typology": "Arterial Movement Corridor" }, "geometry": { "type": "LineString", "coordinates": [ [ 369635.972991367627401, 150295.555424617108656 ], [ 369649.690971637493931, 150292.928639365243725 ], [ 369656.433509217866231, 150292.394708862848347 ], [ 369665.724028961034492, 150291.782154589949641 ], [ 369678.285724801709875, 150291.002182853029808 ] ] } },
{ "type": "Feature", "properties": { "from_node": 1552, "to_node": 1339, "u": 7424629435.0, "v": 5646398857.0, "key": 0.0, "index": 527.0, "osmid": [ 793734625, 793734626, 464176748 ], "highway": "unclassified", "lanes": "['1' '3']", "maxspeed": "50", "name": [ "Venus Drive" ], "oneway": "True", "reversed": "False", "length": 42.591983125100811, "bridge": null, "junction": null, "length_m": 42.651641040967796, "building_count_50m": 2.0, "avg_building_area": 1816.6566896113111, "poi_count_50m": 1.0, "highway_clean": "unclassified", "highway_rank": 1.0, "sinuosity": 1.0016764762495305, "poi_diversity": 0.0, "food_drink_count": 1.0, "street_furniture_count": 1.0, "degree_u": 4.0, "degree_v": 3.0, "avg_connectivity": 3.5, "city": "Singapore", "cluster": 0.0, "typology": "Arterial Movement Corridor" }, "geometry": { "type": "LineString", "coordinates": [ [ 369635.972991367627401, 150295.555424617108656 ], [ 369649.690971637493931, 150292.928639365243725 ], [ 369656.433509217866231, 150292.394708862848347 ], [ 369665.724028961034492, 150291.782154589949641 ], [ 369678.285724801709875, 150291.002182853029808 ] ] } },
{ "type": "Feature", "properties": { "from_node": 578, "to_node": 1187, "u": 7738998388.0, "v": 3987285531.0, "key": 0.0, "index": 529.0, "osmid": "632693628", "highway": "residential", "lanes": [ "1" ], "maxspeed": null, "name": null, "oneway": "True", "reversed": "False", "length": 16.173832486577947, "bridge": null, "junction": null, "length_m": 16.196434349421175, "building_count_50m": 5.0, "avg_building_area": 1056.9763424814278, "poi_count_50m": 11.0, "highway_clean": "residential", "highway_rank": 2.0, "sinuosity": 1.0002631589496527, "poi_diversity": 0.68900923847665863, "food_drink_count": 6.0, "street_furniture_count": 1.0, "degree_u": 3.0, "degree_v": 3.0, "avg_connectivity": 3.0, "city": "Singapore", "cluster": 1.0, "typology": "Active Commercial High Street" }, "geometry": { "type": "LineString", "coordinates": [ [ 370456.895313728309702, 149425.731220487796236 ], [ 370452.53297236043727, 149424.351391408476047 ], [ 370449.372582974086981, 149423.523754316585837 ], [ 370441.304689754615538, 149421.416047932667425 ] ] } },
{ "type": "Feature", "properties": { "from_node": 578, "to_node": 1187, "u": 7738998388.0, "v": 3987285531.0, "key": 0.0, "index": 529.0, "osmid": "632693628", "highway": "residential", "lanes": [ "1" ], "maxspeed": null, "name": null, "oneway": "True", "reversed": "False", "length": 16.173832486577947, "bridge": null, "junction": null, "length_m": 16.196434349421175, "building_count_50m": 5.0, "avg_building_area": 1056.9763424814278, "poi_count_50m": 11.0, "highway_clean": "residential", "highway_rank": 2.0, "sinuosity": 1.0002631589496527, "poi_diversity": 0.68900923847665863, "food_drink_count": 6.0, "street_furniture_count": 1.0, "degree_u": 3.0, "degree_v": 3.0, "avg_connectivity": 3.0, "city": "Singapore", "cluster": 1.0, "typology": "Active Commercial High Street" }, "geometry": { "type": "LineString", "coordinates": [ [ 370456.895313728309702, 149425.731220487796236 ], [ 370452.53297236043727, 149424.351391408476047 ], [ 370449.372582974086981, 149423.523754316585837 ], [ 370441.304689754615538, 149421.416047932667425 ] ] } },
{ "type": "Feature", "properties": { "from_node": 578, "to_node": 2, "u": null, "v": null, "key": null, "index": null, "osmid": null, "highway": null, "lanes": null, "maxspeed": null, "name": null, "oneway": null, "reversed": null, "length": null, "bridge": null, "junction": null, "length_m": null, "building_count_50m": null, "avg_building_area": null, "poi_count_50m": null, "highway_clean": null, "highway_rank": null, "sinuosity": null, "poi_diversity": null, "food_drink_count": null, "street_furniture_count": null, "degree_u": null, "degree_v": null, "avg_connectivity": null, "city": null, "cluster": null, "typology": null }, "geometry": { "type": "LineString", "coordinates": [ [ 370456.895313728309702, 149425.731220487796236 ], [ 370454.673799774900544, 149433.725314312032424 ], [ 370448.595774285146035, 149451.029874865111196 ], [ 370442.928426669328474, 149466.222664522472769 ], [ 370427.518615355482325, 149490.905632281297585 ], [ 370407.046066525101196, 149515.425202546612127 ], [ 370397.938161814003251, 149525.611566593986936 ] ] } },
{ "type": "Feature", "properties": { "from_node": 1563, "to_node": 739, "u": 8882789469.0, "v": 4598549326.0, "key": 0.0, "index": 534.0, "osmid": "1175534165", "highway": "residential", "lanes": [ "2" ], "maxspeed": null, "name": null, "oneway": "True", "reversed": "False", "length": 15.062908582346203, "bridge": null, "junction": null, "length_m": 15.083972037037034, "building_count_50m": 4.0, "avg_building_area": 633.39905264852359, "poi_count_50m": 11.0, "highway_clean": "residential", "highway_rank": 2.0, "sinuosity": 1.0367269692042056, "poi_diversity": 1.2406842919533958, "food_drink_count": 3.0, "street_furniture_count": 1.0, "degree_u": 3.0, "degree_v": 5.0, "avg_connectivity": 4.0, "city": "Singapore", "cluster": 1.0, "typology": "Active Commercial High Street" }, "geometry": { "type": "LineString", "coordinates": [ [ 370269.873126102262177, 149672.14568241458619 ], [ 370274.924660604214296, 149672.143253046349855 ], [ 370279.320084929931909, 149672.903959902410861 ], [ 370283.86132622032892, 149676.096778317092685 ] ] } },
{ "type": "Feature", "properties": { "from_node": 1563, "to_node": 1567, "u": 8882789469.0, "v": 8882789474.0, "key": 0.0, "index": 535.0, "osmid": [ 1175534166, 633834263 ], "highway": "primary", "lanes": "['5' '3']", "maxspeed": "60", "name": [ "Upper Thomson Road" ], "oneway": "True", "reversed": "False", "length": 23.498913484409503, "bridge": null, "junction": null, "length_m": 23.531772743801703, "building_count_50m": 4.0, "avg_building_area": 996.22719615058429, "poi_count_50m": 13.0, "highway_clean": "primary", "highway_rank": 5.0, "sinuosity": 1.0000096156380291, "poi_diversity": 1.2202821662722374, "food_drink_count": 5.0, "street_furniture_count": 1.0, "degree_u": 3.0, "degree_v": 3.0, "avg_connectivity": 3.0, "city": "Singapore", "cluster": 1.0, "typology": "Active Commercial High Street" }, "geometry": { "type": "LineString", "coordinates": [ [ 370269.873126102262177, 149672.14568241458619 ], [ 370278.225295581913088, 149663.816971226333408 ], [ 370286.399453871534206, 149655.521512451610761 ] ] } },
{ "type": "Feature", "properties": { "from_node": 1563, "to_node": 1567, "u": 8882789469.0, "v": 8882789474.0, "key": 0.0, "index": 535.0, "osmid": [ 1175534166, 633834263 ], "highway": "primary", "lanes": "['5' '3']", "maxspeed": "60", "name": [ "Upper Thomson Road" ], "oneway": "True", "reversed": "False", "length": 23.498913484409503, "bridge": null, "junction": null, "length_m": 23.531772743801703, "building_count_50m": 4.0, "avg_building_area": 996.22719615058429, "poi_count_50m": 13.0, "highway_clean": "primary", "highway_rank": 5.0, "sinuosity": 1.0000096156380291, "poi_diversity": 1.2202821662722374, "food_drink_count": 5.0, "street_furniture_count": 1.0, "degree_u": 3.0, "degree_v": 3.0, "avg_connectivity": 3.0, "city": "Singapore", "cluster": 1.0, "typology": "Active Commercial High Street" }, "geometry": { "type": "LineString", "coordinates": [ [ 370269.873126102262177, 149672.14568241458619 ], [ 370278.225295581913088, 149663.816971226333408 ], [ 370286.399453871534206, 149655.521512451610761 ] ] } },
{ "type": "Feature", "properties": { "from_node": 1567, "to_node": 5, "u": 8882789474.0, "v": 206089496.0, "key": 0.0, "index": 536.0, "osmid": [ 1175534168, 485860195 ], "highway": "primary", "lanes": "['4' '5']", "maxspeed": "60", "name": [ "Upper Thomson Road" ], "oneway": "True", "reversed": "False", "length": 32.820484943432866, "bridge": null, "junction": null, "length_m": 32.866376380077483, "building_count_50m": 5.0, "avg_building_area": 1132.4117848452174, "poi_count_50m": 19.0, "highway_clean": "primary", "highway_rank": 5.0, "sinuosity": 1.0000686379536416, "poi_diversity": 1.0937704472491416, "food_drink_count": 6.0, "street_furniture_count": 1.0, "degree_u": 3.0, "degree_v": 3.0, "avg_connectivity": 3.0, "city": "Singapore", "cluster": 1.0, "typology": "Active Commercial High Street" }, "geometry": { "type": "LineString", "coordinates": [ [ 370286.399453871534206, 149655.521512451610761 ], [ 370293.828488611383364, 149647.989233163825702 ], [ 370308.986454946105368, 149631.830050505319377 ] ] } },
{ "type": "Feature", "properties": { "from_node": 1569, "to_node": 1587, "u": null, "v": null, "key": null, "index": null, "osmid": null, "highway": null, "lanes": null, "maxspeed": null, "name": null, "oneway": null, "reversed": null, "length": null, "bridge": null, "junction": null, "length_m": null, "building_count_50m": null, "avg_building_area": null, "poi_count_50m": null, "highway_clean": null, "highway_rank": null, "sinuosity": null, "poi_diversity": null, "food_drink_count": null, "street_furniture_count": null, "degree_u": null, "degree_v": null, "avg_connectivity": null, "city": null, "cluster": null, "typology": null }, "geometry": { "type": "LineString", "coordinates": [ [ 370087.659775177075062, 150382.607764198881341 ], [ 370098.495618591317907, 150379.363295256858692 ], [ 370108.029081229120493, 150374.969697756692767 ], [ 370116.238915322115645, 150371.505392876570113 ], [ 370123.113593034213409, 150368.141232652036706 ], [ 370126.117075995425694, 150366.636248550465098 ], [ 370131.245251534273848, 150364.079976033623097 ], [ 370138.709746289707255, 150360.925583427830134 ], [ 370150.145640440576244, 150356.044631965545705 ], [ 370153.071396932937205, 150354.871347288280958 ], [ 370164.95242346188752, 150350.122846177808242 ], [ 370176.310388073616195, 150345.153491316479631 ], [ 370186.110763921285979, 150340.494440713606309 ], [ 370191.716468889615498, 150336.036414974951185 ], [ 370196.54271701129619, 150330.362675023614429 ], [ 370202.034633508592378, 150320.686568066914333 ], [ 370204.912309400679078, 150312.117262254672823 ], [ 370206.499042273906525, 150303.04003318856121 ], [ 370206.519196365843527, 150298.695261342771119 ], [ 370206.016149691888131, 150293.842195070843445 ] ] } },
{ "type": "Feature", "properties": { "from_node": 1588, "to_node": 1569, "u": 9080932827.0, "v": 9080932825.0, "key": 0.0, "index": 540.0, "osmid": "464809797", "highway": "secondary_link", "lanes": [ "1" ], "maxspeed": "40", "name": null, "oneway": "True", "reversed": "False", "length": 23.817602102808657, "bridge": null, "junction": null, "length_m": 23.850971854911563, "building_count_50m": 2.0, "avg_building_area": 3689.3263090313644, "poi_count_50m": 4.0, "highway_clean": "secondary_link", "highway_rank": 4.0, "sinuosity": 1.0030915361963659, "poi_diversity": 0.56233514461880829, "food_drink_count": 1.0, "street_furniture_count": 1.0, "degree_u": 3.0, "degree_v": 3.0, "avg_connectivity": 3.0, "city": "Singapore", "cluster": 0.0, "typology": "Arterial Movement Corridor" }, "geometry": { "type": "LineString", "coordinates": [ [ 370071.779336374485865, 150400.171391182171647 ], [ 370077.016643590701278, 150393.203967580280732 ], [ 370080.897793160518631, 150388.923657658102456 ], [ 370081.720859038818162, 150388.282047377520939 ], [ 370087.659775177075062, 150382.607764198881341 ] ] } },
{ "type": "Feature", "properties": { "from_node": 1592, "to_node": 1599, "u": 10898604743.0, "v": 11279640732.0, "key": 0.0, "index": 542.0, "osmid": "634056112", "highway": "primary", "lanes": [ "3" ], "maxspeed": "60", "name": [ "Upper Thomson Road" ], "oneway": "True", "reversed": "False", "length": 45.297804528225726, "bridge": null, "junction": null, "length_m": 45.361162762123435, "building_count_50m": 34.0, "avg_building_area": 250.7954575028119, "poi_count_50m": 1.0, "highway_clean": "primary", "highway_rank": 5.0, "sinuosity": 1.0007265094515969, "poi_diversity": 0.0, "food_drink_count": 1.0, "street_furniture_count": 1.0, "degree_u": 3.0, "degree_v": 3.0, "avg_connectivity": 3.0, "city": "Singapore", "cluster": 0.0, "typology": "Arterial Movement Corridor" }, "geometry": { "type": "LineString", "coordinates": [ [ 370123.861582751560491, 149774.05807352589909 ], [ 370145.664853353810031, 149763.423353326070355 ], [ 370163.79630943830125, 149752.801460007554851 ] ] } },
{ "type": "Feature", "properties": { "from_node": 1592, "to_node": 1344, "u": null, "v": null, "key": null, "index": null, "osmid": null, "highway": null, "lanes": null, "maxspeed": null, "name": null, "oneway": null, "reversed": null, "length": null, "bridge": null, "junction": null, "length_m": null, "building_count_50m": null, "avg_building_area": null, "poi_count_50m": null, "highway_clean": null, "highway_rank": null, "sinuosity": null, "poi_diversity": null, "food_drink_count": null, "street_furniture_count": null, "degree_u": null, "degree_v": null, "avg_connectivity": null, "city": null, "cluster": null, "typology": null }, "geometry": { "type": "LineString", "coordinates": [ [ 370123.861582751560491, 149774.05807352589909 ], [ 370125.551002671709284, 149770.232099220622331 ], [ 370124.359260225028265, 149767.778379729454173 ], [ 370122.555478407011833, 149765.181235188880237 ], [ 370117.725817298167385, 149763.812695274857106 ] ] } },
{ "type": "Feature", "properties": { "from_node": 1344, "to_node": 1598, "u": 10898604744.0, "v": 6895851977.0, "key": 0.0, "index": 544.0, "osmid": [ 630414234, 736525668 ], "highway": "primary", "lanes": [ "3" ], "maxspeed": "60", "name": [ "Upper Thomson Road" ], "oneway": "True", "reversed": "False", "length": 55.177645336609466, "bridge": null, "junction": null, "length_m": 55.254824540152711, "building_count_50m": 32.0, "avg_building_area": 135.24060607311822, "poi_count_50m": 1.0, "highway_clean": "primary", "highway_rank": 5.0, "sinuosity": 1.004245036265824, "poi_diversity": 0.0, "food_drink_count": 1.0, "street_furniture_count": 1.0, "degree_u": 3.0, "degree_v": 3.0, "avg_connectivity": 3.0, "city": "Singapore", "cluster": 0.0, "typology": "Arterial Movement Corridor" }, "geometry": { "type": "LineString", "coordinates": [ [ 370117.725817298167385, 149763.812695274857106 ], [ 370102.952987767930608, 149771.016863795026438 ], [ 370073.092631697305478, 149778.891628251440125 ], [ 370065.884028887143359, 149782.045885869738413 ] ] } },
{ "type": "Feature", "properties": { "from_node": 1599, "to_node": 1563, "u": null, "v": null, "key": null, "index": null, "osmid": null, "highway": null, "lanes": null, "maxspeed": null, "name": null, "oneway": null, "reversed": null, "length": null, "bridge": null, "junction": null, "length_m": null, "building_count_50m": null, "avg_building_area": null, "poi_count_50m": null, "highway_clean": null, "highway_rank": null, "sinuosity": null, "poi_diversity": null, "food_drink_count": null, "street_furniture_count": null, "degree_u": null, "degree_v": null, "avg_connectivity": null, "city": null, "cluster": null, "typology": null }, "geometry": { "type": "LineString", "coordinates": [ [ 370163.79630943830125, 149752.801460007554851 ], [ 370174.363720216788352, 149746.60536117531592 ], [ 370190.75978042249335, 149736.758183425758034 ], [ 370213.262057713116519, 149722.010538151749643 ], [ 370238.576180536590982, 149700.573043488373514 ], [ 370244.426243858237285, 149695.175207128428156 ], [ 370257.972886875621043, 149683.295220753236208 ], [ 370263.400480853975751, 149678.616187841573264 ], [ 370269.873126102262177, 149672.14568241458619 ] ] } },
{ "type": "Feature", "properties": { "from_node": 1615, "to_node": 1615, "u": null, "v": null, "key": null, "index": null, "osmid": null, "highway": null, "lanes": null, "maxspeed": null, "name": null, "oneway": null, "reversed": null, "length": null, "bridge": null, "junction": null, "length_m": null, "building_count_50m": null, "avg_building_area": null, "poi_count_50m": null, "highway_clean": null, "highway_rank": null, "sinuosity": null, "poi_diversity": null, "food_drink_count": null, "street_furniture_count": null, "degree_u": null, "degree_v": null, "avg_connectivity": null, "city": null, "cluster": null, "typology": null }, "geometry": { "type": "LineString", "coordinates": [ [ 370176.480170684226323, 151268.907446461904328 ], [ 370180.035137181985192, 151280.336976196151227 ], [ 370184.297913416638039, 151282.932916025776649 ], [ 370188.470509303384461, 151283.129883169865934 ], [ 370193.844204102410004, 151282.132285603205673 ], [ 370197.314497304847464, 151279.609972113452386 ], [ 370198.558774895966053, 151275.684708664164646 ], [ 370198.72371774626663, 151271.660471790033625 ], [ 370187.939519979176112, 151243.728782099613454 ], [ 370178.079587407119107, 151263.102596016629832 ], [ 370176.480170684226323, 151268.907446461904328 ] ] } },
{ "type": "Feature", "properties": { "from_node": 1126, "to_node": 1096, "u": 4598764376.0, "v": 4593195773.0, "key": 0.0, "index": 389.0, "osmid": "479745395", "highway": "primary", "lanes": [ "4" ], "maxspeed": "60", "name": [ "Upper Thomson Road" ], "oneway": "True", "reversed": "False", "length": 30.081100890679551, "bridge": null, "junction": null, "length_m": 30.123236507365885, "building_count_50m": 2.0, "avg_building_area": 1113.5738171888299, "poi_count_50m": 1.0, "highway_clean": "primary", "highway_rank": 5.0, "sinuosity": 1.0000366757521306, "poi_diversity": 0.0, "food_drink_count": 1.0, "street_furniture_count": 1.0, "degree_u": 3.0, "degree_v": 4.0, "avg_connectivity": 3.5, "city": "Singapore", "cluster": 0.0, "typology": "Arterial Movement Corridor" }, "geometry": { "type": "LineString", "coordinates": [ [ 369710.222782559168991, 150320.858360731654102 ], [ 369710.577432357007638, 150295.021737608913099 ], [ 369710.530952287255786, 150290.953375903336564 ] ] } },
{ "type": "Feature", "properties": { "from_node": 1588, "to_node": 1155, "u": 9080932827.0, "v": 4598816973.0, "key": 0.0, "index": 541.0, "osmid": "479616490", "highway": "secondary", "lanes": [ "2" ], "maxspeed": "40", "name": [ "Sin Ming Avenue" ], "oneway": "True", "reversed": "False", "length": 14.976867223457699, "bridge": null, "junction": null, "length_m": 14.997850718870435, "building_count_50m": 2.0, "avg_building_area": 3689.3263090313644, "poi_count_50m": 3.0, "highway_clean": "secondary", "highway_rank": 4.0, "sinuosity": 1.0006289980321728, "poi_diversity": 0.63651416829481278, "food_drink_count": 1.0, "street_furniture_count": 1.0, "degree_u": 3.0, "degree_v": 4.0, "avg_connectivity": 3.5, "city": "Singapore", "cluster": 0.0, "typology": "Arterial Movement Corridor" }, "geometry": { "type": "LineString", "coordinates": [ [ 370071.779336374485865, 150400.171391182171647 ], [ 370072.051003022992518, 150386.738973989093211 ], [ 370071.905654957517982, 150385.290789659164147 ] ] } }
]
}
