{
"type": "FeatureCollection",
"name": "singapore_streets",
"crs": { "type": "name", "properties": { "name": "urn:ogc:def:crs:OGC:1.3:CRS84" } },
"features": [
{ "type": "Feature", "properties": { "u": 206089495, "v": 206256177, "key": 0, "index": 0, "osmid": "448937619", "highway": "tertiary", "lanes": "2", "maxspeed": "50", "name": "Sin Ming Road", "oneway": true, "reversed": "False", "length": 18.960016356260226, "bridge": null, "junction": null, "length_m": 18.986519065902513, "building_count_50m": 5, "avg_building_area": 1534.4585807942453, "poi_count_50m": 18, "highway_clean": "tertiary", "highway_rank": 3, "sinuosity": 1.0197488820055021, "poi_diversity": 0.86756322848146128, "food_drink_count": 8, "street_furniture_count": 1, "degree_u": 4, "degree_v": 3, "avg_connectivity": 3.5, "city": "Singapore", "cluster": 1, "typology": "Active Commercial High Street" }, "geometry": { "type": "LineString", "coordinates": [ [ 103.835217899999989, 1.3525679 ], [ 103.8351592, 1.3525359 ], [ 103.835121, 1.3525243 ], [ 103.835057299999988, 1.3525212 ] ] } },
{ "type": "Feature", "properties": { "u": 206089495, "v": 5176761855, "key": 0, "index": 1, "osmid": "632685925", "highway": "primary", "lanes": "4", "maxspeed": "60", "name": "Upper Thomson Road", "oneway": true, "reversed": "False", "length": 31.368078422114458, "bridge": null, "junction": null, "length_m": 31.411924429028275, "building_count_50m": 4, "avg_building_area": 1498.7856910868691, "poi_count_50m": 17, "highway_clean": "primary", "highway_rank": 5, "sinuosity": 1.0003894951354111, "poi_diversity": 0.86871968291426505, "food_drink_count": 7, "street_furniture_count": 1, "degree_u": 4, "degree_v": 3, "avg_connectivity": 3.5, "city": "Singapore", "cluster": 1, "typology": "Active Commercial High Street" }, "geometry": { "type": "LineString", "coordinates": [ [ 103.835217899999989, 1.3525679 ], [ 103.83525419999998, 1.3525306 ], [ 103.8354024, 1.3523546 ] ] } },
{ "type": "Feature", "properties": { "u": 206089496, "v": 1318498426, "key": 0, "index": 2, "osmid": "591643536", "highway": "residential", "lanes": "1", "maxspeed": "40", "name": "Thomson Ridge", "oneway": true, "reversed": "False", "length": 21.569195021959075, "bridge": null, "junction": null, "length_m": 21.599352510049162, "building_count_50m": 4, "avg_building_area": 1325.7639219376983, "poi_count_50m": 23, "highway_clean": "residential", "highway_rank": 2, "sinuosity": 1.1126026003111362, "poi_diversity": 0.82595670101497787, "food_drink_count": 9, "street_furniture_count": 1, "degree_u": 3, "degree_v": 4, "avg_connectivity": 3.5, "city": "Singapore", "cluster": 1, "typology": "Active Commercial High Street" }, "geometry": { "type": "LineString", "coordinates": [ [ 103.8342574, 1.3534816 ], [ 103.8342707, 1.3534432 ], [ 103.8342806, 1.3534135 ], [ 103.834285, 1.3533845 ], [ 103.834282099999982, 1.353363 ], [ 103.834250299999979, 1.3533261 ], [ 103.8342366, 1.3533085 ] ] } },
{ "type": "Feature", "properties": { "u": 206089496, "v": 243415197, "key": 0, "index": 3, "osmid": "630437403", "highway": "primary", "lanes": "4", "maxspeed": "60", "name": "Upper Thomson Road", "oneway": true, "reversed": "False", "length": 77.58197221221927, "bridge": null, "junction": null, "length_m": 77.690440612144528, "building_count_50m": 6, "avg_building_area": 1396.4676788538882, "poi_count_50m": 32, "highway_clean": "primary", "highway_rank": 5, "sinuosity": 1.0001230688153606, "poi_diversity": 0.92485395997316022, "food_drink_count": 16, "street_furniture_count": 1, "degree_u": 3, "degree_v": 4, "avg_connectivity": 3.5, "city": "Singapore", "cluster": 1, "typology": "Active Commercial High Street" }, "geometry": { "type": "LineString", "coordinates": [ [ 103.8342574, 1.3534816 ], [ 103.8345247, 1.3532308 ], [ 103.834577, 1.3531838 ], [ 103.8346645, 1.3531056 ], [ 103.834772900000019, 1.3530114 ] ] } },
{ "type": "Feature", "properties": { "u": 206089498, "v": 10898604743, "key": 0, "index": 4, "osmid": "634056112", "highway": "primary", "lanes": "3", "maxspeed": "60", "name": "Upper Thomson Road", "oneway": true, "reversed": "False", "length": 57.13182371184341, "bridge": null, "junction": null, "length_m": 57.211739096490966, "building_count_50m": 31, "avg_building_area": 140.58308453505057, "poi_count_50m": 2, "highway_clean": "primary", "highway_rank": 5, "sinuosity": 1.0000005573801722, "poi_diversity": 0.69314718055994529, "food_drink_count": 1, "street_furniture_count": 1, "degree_u": 3, "degree_v": 3, "avg_connectivity": 3.0, "city": "Singapore", "cluster": 0, "typology": "Arterial Movement Corridor" }, "geometry": { "type": "LineString", "coordinates": [ [ 103.832131299999986, 1.354993 ], [ 103.8324849, 1.3548204 ], [ 103.832593, 1.3547673 ] ] } },
{ "type": "Feature", "properties": { "u": 206089520, "v": 4598764376, "key": 0, "index": 5, "osmid": [ 482044344, 479745394, 482044347, 628202356 ], "highway": "primary", "lanes": [ "4", "5", "3" ], "maxspeed": "60", "name": "Upper Thomson Road", "oneway": true, "reversed": "False", "length": 229.79605025005148, "bridge": null, "junction": null, "length_m": 230.11804104709441, "building_count_50m": 14, "avg_building_area": 508.59416692156725, "poi_count_50m": 4, "highway_clean": "primary", "highway_rank": 5, "sinuosity": 1.0028354812674669, "poi_diversity": 0.56233514461880829, "food_drink_count": 1, "street_furniture_count": 1, "degree_u": 4, "degree_v": 3, "avg_connectivity": 3.5, "city": "Singapore", "cluster": 0, "typology": "Arterial Movement Corridor" }, "geometry": { "type": "LineString", "coordinates": [ [ 103.828273, 1.361683 ], [ 103.8283571, 1.3614076 ], [ 103.828602800000013, 1.3607688 ], [ 103.8287506, 1.3603222 ], [ 103.8288483, 1.3599192 ], [ 103.8288571, 1.3598523 ], [ 103.828873099999981, 1.3597115 ] ] } },
{ "type": "Feature", "properties": { "u": 206089520, "v": 5661386006, "key": 0, "index": 6, "osmid": [ 628475000, 628481691, 482044343 ], "highway": "residential", "lanes": "2", "maxspeed": "50", "name": "Island Gardens Walk", "oneway": false, "reversed": "False", "length": 170.20725226005149, "bridge": null, "junction": null, "length_m": 170.44583239555871, "building_count_50m": 67, "avg_building_area": 145.47579539421614, "poi_count_50m": 3, "highway_clean": "residential", "highway_rank": 2, "sinuosity": 1.0005395651445999, "poi_diversity": 0.63651416829481278, "food_drink_count": 1, "street_furniture_count": 1, "degree_u": 4, "degree_v": 2, "avg_connectivity": 3.0, "city": "Singapore", "cluster": 2, "typology": "Local Mixed Street" }, "geometry": { "type": "LineString", "coordinates": [ [ 103.828273, 1.361683 ], [ 103.8283073, 1.3616916 ], [ 103.828361, 1.3617082 ], [ 103.828386200000011, 1.3617177 ], [ 103.828524, 1.3617585 ], [ 103.8286203, 1.361787 ], [ 103.8286699, 1.3618017 ], [ 103.828837, 1.3618493 ], [ 103.828966899999983, 1.3618898 ], [ 103.8292705, 1.3619948 ], [ 103.829556, 1.3621046 ], [ 103.8297269, 1.3621604 ] ] } },
{ "type": "Feature", "properties": { "u": 206089579, "v": 1318514040, "key": 0, "index": 7, "osmid": [ 628456691, 641139677, 117041310 ], "highway": "residential", "lanes": "2", "maxspeed": "50", "name": "Jalan Tambur", "oneway": false, "reversed": "False", "length": 60.817671636379345, "bridge": null, "junction": null, "length_m": 60.90299258377221, "building_count_50m": 21, "avg_building_area": 146.3764116876838, "poi_count_50m": 7, "highway_clean": "residential", "highway_rank": 2, "sinuosity": 1.0000880054132963, "poi_diversity": 1.0042424730540764, "food_drink_count": 1, "street_furniture_count": 1, "degree_u": 4, "degree_v": 6, "avg_connectivity": 5.0, "city": "Singapore", "cluster": 2, "typology": "Local Mixed Street" }, "geometry": { "type": "LineString", "coordinates": [ [ 103.828203699999989, 1.3647295 ], [ 103.8282849, 1.3647449 ], [ 103.8283847, 1.3647637 ], [ 103.8284788, 1.3647825 ], [ 103.828657899999982, 1.3648184 ], [ 103.82874, 1.3648374 ] ] } },
{ "type": "Feature", "properties": { "u": 206089579, "v": 5175569975, "key": 0, "index": 8, "osmid": [ 628457699, 793764996, 479747046, 479747047, 661060670 ], "highway": "primary", "lanes": [ "4", "3" ], "maxspeed": "60", "name": "Upper Thomson Road", "oneway": true, "reversed": "False", "length": 150.13497373326098, "bridge": null, "junction": null, "length_m": 150.34555229017272, "building_count_50m": 20, "avg_building_area": 145.25968011461305, "poi_count_50m": 5, "highway_clean": "primary", "highway_rank": 5, "sinuosity": 1.0010076753876056, "poi_diversity": 1.0549201679861442, "food_drink_count": 1, "street_furniture_count": 1, "degree_u": 4, "degree_v": 3, "avg_connectivity": 3.5, "city": "Singapore", "cluster": 0, "typology": "Arterial Movement Corridor" }, "geometry": { "type": "LineString", "coordinates": [ [ 103.828203699999989, 1.3647295 ], [ 103.828195, 1.3646437 ], [ 103.8281748, 1.3643534 ], [ 103.828172699999982, 1.3638387 ], [ 103.82817249999998, 1.3637864 ], [ 103.8281714, 1.36367 ], [ 103.828180599999982, 1.3634282 ], [ 103.8281846, 1.3633808 ] ] } },
{ "type": "Feature", "properties": { "u": 206089580, "v": 206256147, "key": 0, "index": 9, "osmid": "536925866", "highway": "primary", "lanes": null, "maxspeed": "70", "name": "Ang Mo Kio Avenue 1", "oneway": true, "reversed": "False", "length": 17.711965414029827, "bridge": null, "junction": null, "length_m": 17.736836708344651, "building_count_50m": 1, "avg_building_area": 0.0, "poi_count_50m": 1, "highway_clean": "primary", "highway_rank": 5, "sinuosity": 1.0, "poi_diversity": 0.0, "food_drink_count": 1, "street_furniture_count": 1, "degree_u": 4, "degree_v": 3, "avg_connectivity": 3.5, "city": "Singapore", "cluster": 0, "typology": "Arterial Movement Corridor" }, "geometry": { "type": "LineString", "coordinates": [ [ 103.828429699999987, 1.3679241 ], [ 103.828270499999988, 1.3679306 ] ] } },
{ "type": "Feature", "properties": { "u": 206089580, "v": 213279069, "key": 0, "index": 10, "osmid": [ 630436734, 536925862 ], "highway": "primary", "lanes": "3", "maxspeed": "60", "name": "Upper Thomson Road", "oneway": true, "reversed": "False", "length": 43.285955571921406, "bridge": null, "junction": null, "length_m": 43.346734513789073, "building_count_50m": 1, "avg_building_area": 0.0, "poi_count_50m": 1, "highway_clean": "primary", "highway_rank": 5, "sinuosity": 1.0000151185236394, "poi_diversity": 0.0, "food_drink_count": 1, "street_furniture_count": 1, "degree_u": 4, "degree_v": 3, "avg_connectivity": 3.5, "city": "Singapore", "cluster": 0, "typology": "Arterial Movement Corridor" }, "geometry": { "type": "LineString", "coordinates": [ [ 103.828429699999987, 1.3679241 ], [ 103.828427600000012, 1.3678777 ], [ 103.828422, 1.3677829 ], [ 103.8284105, 1.3675353 ] ] } },
{ "type": "Feature", "properties": { "u": 206224089, "v": 4593448998, "key": 0, "index": 11, "osmid": "632406656", "highway": "primary", "lanes": "3", "maxspeed": "70", "name": "Ang Mo Kio Avenue 1", "oneway": true, "reversed": "False", "length": 23.836008416724592, "bridge": null, "junction": null, "length_m": 23.869461708436788, "building_count_50m": 3, "avg_building_area": 788.01252682078757, "poi_count_50m": 1, "highway_clean": "primary", "highway_rank": 5, "sinuosity": 1.0, "poi_diversity": 0.0, "food_drink_count": 1, "street_furniture_count": 1, "degree_u": 2, "degree_v": 1, "avg_connectivity": 1.5, "city": "Singapore", "cluster": 0, "typology": "Arterial Movement Corridor" }, "geometry": { "type": "LineString", "coordinates": [ [ 103.83689, 1.3662061 ], [ 103.837094199999981, 1.3661407 ] ] } },
{ "type": "Feature", "properties": { "u": 206250818, "v": 4592960021, "key": 0, "index": 12, "osmid": [ 634493368, 479762184, 175840031 ], "highway": "primary", "lanes": "3", "maxspeed": "70", "name": "Ang Mo Kio Avenue 1", "oneway": true, "reversed": "False", "length": 184.60852276216008, "bridge": null, "junction": null, "length_m": 184.86775403772245, "building_count_50m": 2, "avg_building_area": 909.13908542737454, "poi_count_50m": 1, "highway_clean": "primary", "highway_rank": 5, "sinuosity": 1.0000915991739627, "poi_diversity": 0.0, "food_drink_count": 1, "street_furniture_count": 1, "degree_u": 3, "degree_v": 3, "avg_connectivity": 3.0, "city": "Singapore", "cluster": 0, "typology": "Arterial Movement Corridor" }, "geometry": { "type": "LineString", "coordinates": [ [ 103.8289749, 1.3680194 ], [ 103.829315, 1.367999 ], [ 103.82957709999998, 1.3679728 ], [ 103.8302496, 1.3679238 ], [ 103.830631199999985, 1.3679008 ] ] } },
{ "type": "Feature", "properties": { "u": 206250869, "v": 206089580, "key": 0, "index": 13, "osmid": "482046505", "highway": "primary", "lanes": null, "maxspeed": "60", "name": "Upper Thomson Road", "oneway": true, "reversed": "False", "length": 13.055941892097989, "bridge": null, "junction": null, "length_m": 13.074275459845891, "building_count_50m": 1, "avg_building_area": 532.29595172496261, "poi_count_50m": 1, "highway_clean": "primary", "highway_rank": 5, "sinuosity": 1.0, "poi_diversity": 0.0, "food_drink_count": 1, "street_furniture_count": 1, "degree_u": 4, "degree_v": 4, "avg_connectivity": 4.0, "city": "Singapore", "cluster": 0, "typology": "Arterial Movement Corridor" }, "geometry": { "type": "LineString", "coordinates": [ [ 103.8284368, 1.3680413 ], [ 103.828429699999987, 1.3679241 ] ] } },
{ "type": "Feature", "properties": { "u": 206250869, "v": 206250818, "key": 0, "index": 14, "osmid": "482046506", "highway": "primary", "lanes": "3", "maxspeed": "70", "name": "Ang Mo Kio Avenue 1", "oneway": true, "reversed": "False", "length": 59.86694139777358, "bridge": null, "junction": null, "length_m": 59.951009641504797, "building_count_50m": 1, "avg_building_area": 532.29595172496261, "poi_count_50m": 1, "highway_clean": "primary", "highway_rank": 5, "sinuosity": 1.0000062420971592, "poi_diversity": 0.0, "food_drink_count": 1, "street_furniture_count": 1, "degree_u": 4, "degree_v": 3, "avg_connectivity": 3.5, "city": "Singapore", "cluster": 0, "typology": "Arterial Movement Corridor" }, "geometry": { "type": "LineString", "coordinates": [ [ 103.8284368, 1.3680413 ], [ 103.8284827, 1.3680389 ], [ 103.8289749, 1.3680194 ] ] } },
{ "type": "Feature", "properties": { "u": 206256075, "v": 3174051929, "key": 0, "index": 15, "osmid": [ 630437487, 19795863 ], "highway": "primary", "lanes": "3", "maxspeed": "60", "name": "Upper Thomson Road", "oneway": true, "reversed": "False", "length": 43.3048323490261, "bridge": null, "junction": null, "length_m": 43.365292692108568, "building_count_50m": 2, "avg_building_area": 210.32989031515058, "poi_count_50m": 3, "highway_clean": "primary", "highway_rank": 5, "sinuosity": 1.0000000509129918, "poi_diversity": 0.0, "food_drink_count": 1, "street_furniture_count": 1, "degree_u": 3, "degree_v": 3, "avg_connectivity": 3.0, "city": "Singapore", "cluster": 0, "typology": "Arterial Movement Corridor" }, "geometry": { "type": "LineString", "coordinates": [ [ 103.8376695, 1.3483331 ], [ 103.837648799999982, 1.3483655 ], [ 103.8375321, 1.3485486 ], [ 103.837460100000015, 1.3486615 ] ] } },
{ "type": "Feature", "properties": { "u": 206256147, "v": 206256176, "key": 0, "index": 16, "osmid": "175840067", "highway": "primary", "lanes": null, "maxspeed": "60", "name": "Upper Thomson Road", "oneway": true, "reversed": "False", "length": 12.892169603047847, "bridge": null, "junction": null, "length_m": 12.910273227218985, "building_count_50m": 1, "avg_building_area": 0.0, "poi_count_50m": 1, "highway_clean": "primary", "highway_rank": 5, "sinuosity": 1.0, "poi_diversity": 0.0, "food_drink_count": 1, "street_furniture_count": 1, "degree_u": 3, "degree_v": 2, "avg_connectivity": 2.5, "city": "Singapore", "cluster": 0, "typology": "Arterial Movement Corridor" }, "geometry": { "type": "LineString", "coordinates": [ [ 103.828270499999988, 1.3679306 ], [ 103.828279399999985, 1.3680462 ] ] } },
{ "type": "Feature", "properties": { "u": 206256152, "v": 6913094587, "key": 0, "index": 17, "osmid": [ 633207448, 633207450, 633207451, 738285901 ], "highway": "primary", "lanes": [ "4", "3" ], "maxspeed": "60", "name": "Upper Thomson Road", "oneway": true, "reversed": "False", "length": 178.97890483129129, "bridge": null, "junction": null, "length_m": 179.2293747953436, "building_count_50m": 18, "avg_building_area": 249.1642291889342, "poi_count_50m": 2, "highway_clean": "primary", "highway_rank": 5, "sinuosity": 1.0004099280278995, "poi_diversity": 0.0, "food_drink_count": 1, "street_furniture_count": 1, "degree_u": 4, "degree_v": 3, "avg_connectivity": 3.5, "city": "Singapore", "cluster": 0, "typology": "Arterial Movement Corridor" }, "geometry": { "type": "LineString", "coordinates": [ [ 103.8302225, 1.3558796 ], [ 103.830085699999984, 1.3560176 ], [ 103.829373799999985, 1.3567299 ], [ 103.8291781, 1.3569247 ], [ 103.829094799999979, 1.3570275 ] ] } },
{ "type": "Feature", "properties": { "u": 206256152, "v": 4749279415, "key": 0, "index": 18, "osmid": "633798232", "highway": "residential", "lanes": "2", "maxspeed": "40", "name": "Jasmine Road", "oneway": false, "reversed": "True", "length": 14.425367540910095, "bridge": null, "junction": null, "length_m": 14.44555123576923, "building_count_50m": 6, "avg_building_area": 570.40844908613133, "poi_count_50m": 1, "highway_clean": "residential", "highway_rank": 2, "sinuosity": 1.000438600659602, "poi_diversity": 0.0, "food_drink_count": 1, "street_furniture_count": 1, "degree_u": 4, "degree_v": 5, "avg_connectivity": 4.5, "city": "Singapore", "cluster": 2, "typology": "Local Mixed Street" }, "geometry": { "type": "LineString", "coordinates": [ [ 103.8302225, 1.3558796 ], [ 103.830187399999986, 1.3558286 ], [ 103.8301457, 1.3557751 ] ] } },
{ "type": "Feature", "properties": { "u": 206256158, "v": 5698521001, "key": 0, "index": 19, "osmid": "632449346", "highway": "primary", "lanes": null, "maxspeed": "60", "name": "Upper Thomson Road", "oneway": true, "reversed": "False", "length": 9.0382967567555177, "bridge": null, "junction": null, "length_m": 9.0509229646097751, "building_count_50m": 2, "avg_building_area": 392.94669928701774, "poi_count_50m": 4, "highway_clean": "primary", "highway_rank": 5, "sinuosity": 1.0, "poi_diversity": 0.56233514461880829, "food_drink_count": 1, "street_furniture_count": 1, "degree_u": 3, "degree_v": 3, "avg_connectivity": 3.0, "city": "Singapore", "cluster": 0, "typology": "Arterial Movement Corridor" }, "geometry": { "type": "LineString", "coordinates": [ [ 103.8360698, 1.3504304 ], [ 103.8360315, 1.3505021 ] ] } },
{ "type": "Feature", "properties": { "u": 206256158, "v": 4810544981, "key": 0, "index": 20, "osmid": [ 632449344, 598740180 ], "highway": "residential", "lanes": "1", "maxspeed": "50", "name": "Upper Thomson Road", "oneway": true, "reversed": "False", "length": 60.474642215125236, "bridge": null, "junction": null, "length_m": 60.559119384547792, "building_count_50m": 7, "avg_building_area": 269.31478088239697, "poi_count_50m": 4, "highway_clean": "residential", "highway_rank": 2, "sinuosity": 1.0198662799996576, "poi_diversity": 0.56233514461880829, "food_drink_count": 1, "street_furniture_count": 1, "degree_u": 3, "degree_v": 4, "avg_connectivity": 3.5, "city": "Singapore", "cluster": 0, "typology": "Arterial Movement Corridor" }, "geometry": { "type": "LineString", "coordinates": [ [ 103.8360698, 1.3504304 ], [ 103.8360059, 1.3503945 ], [ 103.8359879, 1.3503821 ], [ 103.835781399999988, 1.3502773 ], [ 103.8356911, 1.3502322 ], [ 103.8356455, 1.3502268 ], [ 103.83557519999998, 1.3502307 ] ] } },
{ "type": "Feature", "properties": { "u": 206256176, "v": 206250869, "key": 0, "index": 21, "osmid": "19793212", "highway": "primary", "lanes": null, "maxspeed": "70", "name": "Ang Mo Kio Avenue 1", "oneway": true, "reversed": "False", "length": 17.505598682928667, "bridge": null, "junction": null, "length_m": 17.530181045752045, "building_count_50m": 1, "avg_building_area": 532.29595172496261, "poi_count_50m": 1, "highway_clean": "primary", "highway_rank": 5, "sinuosity": 1.0, "poi_diversity": 0.0, "food_drink_count": 1, "street_furniture_count": 1, "degree_u": 2, "degree_v": 4, "avg_connectivity": 3.0, "city": "Singapore", "cluster": 0, "typology": "Arterial Movement Corridor" }, "geometry": { "type": "LineString", "coordinates": [ [ 103.828279399999985, 1.3680462 ], [ 103.8284368, 1.3680413 ] ] } },
{ "type": "Feature", "properties": { "u": 206256177, "v": 248889863, "key": 0, "index": 22, "osmid": "176216276", "highway": "primary", "lanes": "5", "maxspeed": "60", "name": "Upper Thomson Road", "oneway": true, "reversed": "False", "length": 42.392329091938826, "bridge": null, "junction": null, "length_m": 42.451588054925729, "building_count_50m": 5, "avg_building_area": 1655.1165298345848, "poi_count_50m": 22, "highway_clean": "primary", "highway_rank": 5, "sinuosity": 1.0, "poi_diversity": 0.91646488553947125, "food_drink_count": 12, "street_furniture_count": 1, "degree_u": 3, "degree_v": 3, "avg_connectivity": 3.0, "city": "Singapore", "cluster": 1, "typology": "Active Commercial High Street" }, "geometry": { "type": "LineString", "coordinates": [ [ 103.835057299999988, 1.3525212 ], [ 103.8347846, 1.3527877 ] ] } },
{ "type": "Feature", "properties": { "u": 213271239, "v": 206250869, "key": 0, "index": 23, "osmid": "19780542", "highway": "primary", "lanes": "3", "maxspeed": "60", "name": "Upper Thomson Road", "oneway": true, "reversed": "False", "length": 45.43542218941694, "bridge": null, "junction": null, "length_m": 45.4992290323272, "building_count_50m": 1, "avg_building_area": 532.29595172496261, "poi_count_50m": 1, "highway_clean": "primary", "highway_rank": 5, "sinuosity": 1.0000223463874687, "poi_diversity": 0.0, "food_drink_count": 1, "street_furniture_count": 1, "degree_u": 2, "degree_v": 4, "avg_connectivity": 3.0, "city": "Singapore", "cluster": 0, "typology": "Arterial Movement Corridor" }, "geometry": { "type": "LineString", "coordinates": [ [ 103.8284549, 1.3684495 ], [ 103.828445700000017, 1.3682116 ], [ 103.8284368, 1.3680413 ] ] } },
{ "type": "Feature", "properties": { "u": 213271239, "v": 206250818, "key": 0, "index": 24, "osmid": "20167938", "highway": "primary_link", "lanes": "1", "maxspeed": "50", "name": null, "oneway": true, "reversed": "False", "length": 78.169760652253373, "bridge": null, "junction": null, "length_m": 78.279535953484938, "building_count_50m": 1, "avg_building_area": 532.29595172496261, "poi_count_50m": 1, "highway_clean": "primary_link", "highway_rank": 5, "sinuosity": 1.041925995026215, "poi_diversity": 0.0, "food_drink_count": 1, "street_furniture_count": 1, "degree_u": 2, "degree_v": 3, "avg_connectivity": 2.5, "city": "Singapore", "cluster": 0, "typology": "Arterial Movement Corridor" }, "geometry": { "type": "LineString", "coordinates": [ [ 103.8284549, 1.3684495 ], [ 103.8286139, 1.3682121 ], [ 103.8286298, 1.3681956 ], [ 103.828693, 1.3681438 ], [ 103.8287603, 1.3680879 ], [ 103.8289749, 1.3680194 ] ] } },
{ "type": "Feature", "properties": { "u": 213279069, "v": 206089579, "key": 0, "index": 25, "osmid": [ 628457698, 628457700, 37372205, 37437076, 75122489 ], "highway": "primary", "lanes": "3", "maxspeed": "60", "name": "Upper Thomson Road", "oneway": true, "reversed": "False", "length": 312.8519950454193, "bridge": "yes", "junction": null, "length_m": 313.29107034675201, "building_count_50m": 20, "avg_building_area": 137.70706634444406, "poi_count_50m": 8, "highway_clean": "primary", "highway_rank": 5, "sinuosity": 1.0000480597515971, "poi_diversity": 1.0821955300387673, "food_drink_count": 1, "street_furniture_count": 1, "degree_u": 3, "degree_v": 4, "avg_connectivity": 3.5, "city": "Singapore", "cluster": 0, "typology": "Arterial Movement Corridor" }, "geometry": { "type": "LineString", "coordinates": [ [ 103.8284105, 1.3675353 ], [ 103.8283959, 1.3673208 ], [ 103.8283923, 1.367282 ], [ 103.8283784, 1.3671275 ], [ 103.828373499999984, 1.3670904 ], [ 103.8283311, 1.3665173 ], [ 103.8283028, 1.3661345 ], [ 103.828282, 1.3658172 ], [ 103.8282412, 1.3651945 ], [ 103.82823590000001, 1.3651285 ], [ 103.828203699999989, 1.3647295 ] ] } },
{ "type": "Feature", "properties": { "u": 213279094, "v": 213279069, "key": 0, "index": 26, "osmid": "20168632", "highway": "primary_link", "lanes": "1", "maxspeed": "50", "name": null, "oneway": true, "reversed": "False", "length": 69.61742164475659, "bridge": null, "junction": null, "length_m": 69.715173958453462, "building_count_50m": 1, "avg_building_area": 532.29595172496261, "poi_count_50m": 1, "highway_clean": "primary_link", "highway_rank": 5, "sinuosity": 1.0269258319315242, "poi_diversity": 0.0, "food_drink_count": 1, "street_furniture_count": 1, "degree_u": 3, "degree_v": 3, "avg_connectivity": 3.0, "city": "Singapore", "cluster": 0, "typology": "Arterial Movement Corridor" }, "geometry": { "type": "LineString", "coordinates": [ [ 103.8288911, 1.3679106 ], [ 103.8286648, 1.3678086 ], [ 103.8285904, 1.3677532 ], [ 103.8285256, 1.3677009 ], [ 103.828488399999983, 1.3676555 ], [ 103.8284597, 1.3676102 ], [ 103.8284105, 1.3675353 ] ] } },
{ "type": "Feature", "properties": { "u": 213279094, "v": 206089580, "key": 0, "index": 27, "osmid": "75122490", "highway": "primary", "lanes": "2", "maxspeed": "70", "name": "Ang Mo Kio Avenue 1", "oneway": true, "reversed": "False", "length": 51.313252135545255, "bridge": null, "junction": null, "length_m": 51.385306426752969, "building_count_50m": 1, "avg_building_area": 532.29595172496261, "poi_count_50m": 1, "highway_clean": "primary", "highway_rank": 5, "sinuosity": 1.000009736493668, "poi_diversity": 0.0, "food_drink_count": 1, "street_furniture_count": 1, "degree_u": 3, "degree_v": 4, "avg_connectivity": 3.5, "city": "Singapore", "cluster": 0, "typology": "Arterial Movement Corridor" }, "geometry": { "type": "LineString", "coordinates": [ [ 103.8288911, 1.3679106 ], [ 103.8284741, 1.3679222 ], [ 103.828429699999987, 1.3679241 ] ] } },
{ "type": "Feature", "properties": { "u": 240401390, "v": 439361477, "key": 0, "index": 28, "osmid": "74907895", "highway": "primary", "lanes": null, "maxspeed": "60", "name": "Ang Mo Kio Avenue 3", "oneway": true, "reversed": "False", "length": 6.570803841135227, "bridge": null, "junction": null, "length_m": 6.5800346325448604, "building_count_50m": 2, "avg_building_area": 1728.3059408221839, "poi_count_50m": 1, "highway_clean": "primary", "highway_rank": 5, "sinuosity": 1.0, "poi_diversity": 0.0, "food_drink_count": 1, "street_furniture_count": 1, "degree_u": 3, "degree_v": 2, "avg_connectivity": 2.5, "city": "Singapore", "cluster": 0, "typology": "Arterial Movement Corridor" }, "geometry": { "type": "LineString", "coordinates": [ [ 103.8372169, 1.3693711 ], [ 103.83726249999998, 1.3694087 ] ] } },
{ "type": "Feature", "properties": { "u": 240401395, "v": 240401390, "key": 0, "index": 29, "osmid": "37527278", "highway": "secondary", "lanes": null, "maxspeed": "40", "name": "Ang Mo Kio Avenue 4", "oneway": true, "reversed": "False", "length": 7.2307006345652072, "bridge": null, "junction": null, "length_m": 7.2408583287256398, "building_count_50m": 3, "avg_building_area": 1666.345078585344, "poi_count_50m": 1, "highway_clean": "secondary", "highway_rank": 4, "sinuosity": 1.0, "poi_diversity": 0.0, "food_drink_count": 1, "street_furniture_count": 1, "degree_u": 3, "degree_v": 3, "avg_connectivity": 3.0, "city": "Singapore", "cluster": 0, "typology": "Arterial Movement Corridor" }, "geometry": { "type": "LineString", "coordinates": [ [ 103.837257, 1.3693199 ], [ 103.8372169, 1.3693711 ] ] } },
{ "type": "Feature", "properties": { "u": 240401395, "v": 308938197, "key": 0, "index": 30, "osmid": [ 74907896, 634509692, 634509693 ], "highway": "primary", "lanes": "3", "maxspeed": "60", "name": "Ang Mo Kio Avenue 3", "oneway": true, "reversed": "False", "length": 355.6618888239924, "bridge": null, "junction": null, "length_m": 356.16133348916691, "building_count_50m": 11, "avg_building_area": 1938.3539551410772, "poi_count_50m": 5, "highway_clean": "primary", "highway_rank": 5, "sinuosity": 1.0266003514561328, "poi_diversity": 0.50040242353818787, "food_drink_count": 1, "street_furniture_count": 1, "degree_u": 3, "degree_v": 4, "avg_connectivity": 3.5, "city": "Singapore", "cluster": 0, "typology": "Arterial Movement Corridor" }, "geometry": { "type": "LineString", "coordinates": [ [ 103.837257, 1.3693199 ], [ 103.837158499999987, 1.3692522 ], [ 103.8370488, 1.3691764 ], [ 103.8369102, 1.3690716 ], [ 103.836796099999987, 1.3689585 ], [ 103.836607, 1.3687493 ], [ 103.83651829999998, 1.3686327 ], [ 103.83645, 1.3685221 ], [ 103.8363621, 1.3683593 ], [ 103.8362589, 1.3681746 ], [ 103.836188399999983, 1.3679718 ], [ 103.836016499999985, 1.3674991 ], [ 103.8358051, 1.3668619 ], [ 103.8357532, 1.3667008 ], [ 103.8357244, 1.366607 ] ] } },
{ "type": "Feature", "properties": { "u": 241598770, "v": 206256075, "key": 0, "index": 31, "osmid": "482039932", "highway": "primary", "lanes": null, "maxspeed": "60", "name": "Upper Thomson Road", "oneway": true, "reversed": "False", "length": 14.481973411989706, "bridge": null, "junction": null, "length_m": 14.502191197421789, "building_count_50m": 1, "avg_building_area": 231.63645019956647, "poi_count_50m": 1, "highway_clean": "primary", "highway_rank": 5, "sinuosity": 1.0, "poi_diversity": 0.0, "food_drink_count": 1, "street_furniture_count": 1, "degree_u": 2, "degree_v": 3, "avg_connectivity": 2.5, "city": "Singapore", "cluster": 0, "typology": "Arterial Movement Corridor" }, "geometry": { "type": "LineString", "coordinates": [ [ 103.8377297, 1.3482176 ], [ 103.8376695, 1.3483331 ] ] } },
{ "type": "Feature", "properties": { "u": 241598770, "v": 4598768655, "key": 0, "index": 32, "osmid": "22694195", "highway": "residential", "lanes": "1", "maxspeed": "50", "name": "Upper Thomson Road", "oneway": true, "reversed": "False", "length": 24.494061937233091, "bridge": null, "junction": null, "length_m": 24.528256457397667, "building_count_50m": 1, "avg_building_area": 0.0, "poi_count_50m": 1, "highway_clean": "residential", "highway_rank": 2, "sinuosity": 1.00692365606965, "poi_diversity": 0.0, "food_drink_count": 1, "street_furniture_count": 1, "degree_u": 2, "degree_v": 4, "avg_connectivity": 3.0, "city": "Singapore", "cluster": 0, "typology": "Arterial Movement Corridor" }, "geometry": { "type": "LineString", "coordinates": [ [ 103.8377297, 1.3482176 ], [ 103.837657, 1.3481957 ], [ 103.837597299999985, 1.3481898 ], [ 103.837512899999979, 1.3481879 ] ] } },
{ "type": "Feature", "properties": { "u": 243415163, "v": 4459074534, "key": 0, "index": 33, "osmid": "537570251", "highway": "tertiary", "lanes": null, "maxspeed": "50", "name": "Sin Ming Drive", "oneway": true, "reversed": "False", "length": 7.0032115943666202, "bridge": null, "junction": null, "length_m": 7.0130113798891482, "building_count_50m": 2, "avg_building_area": 827.78110078555744, "poi_count_50m": 1, "highway_clean": "tertiary", "highway_rank": 3, "sinuosity": 1.001178103764101, "poi_diversity": 0.0, "food_drink_count": 1, "street_furniture_count": 1, "degree_u": 4, "degree_v": 3, "avg_connectivity": 3.5, "city": "Singapore", "cluster": 0, "typology": "Arterial Movement Corridor" }, "geometry": { "type": "LineString", "coordinates": [ [ 103.836143, 1.3562086 ], [ 103.83613440000002, 1.3561918 ], [ 103.8361251, 1.3561779 ], [ 103.8361194, 1.3561679 ], [ 103.8361121, 1.3561538 ] ] } },
{ "type": "Feature", "properties": { "u": 243415163, "v": 5137827223, "key": 0, "index": 34, "osmid": "634509985", "highway": "tertiary", "lanes": "2", "maxspeed": "50", "name": "Sin Ming Drive", "oneway": true, "reversed": "False", "length": 25.27991746201327, "bridge": null, "junction": null, "length_m": 25.315292018664366, "building_count_50m": 2, "avg_building_area": 827.78110078555744, "poi_count_50m": 1, "highway_clean": "tertiary", "highway_rank": 3, "sinuosity": 1.0002873234821981, "poi_diversity": 0.0, "food_drink_count": 1, "street_furniture_count": 1, "degree_u": 4, "degree_v": 3, "avg_connectivity": 3.5, "city": "Singapore", "cluster": 0, "typology": "Arterial Movement Corridor" }, "geometry": { "type": "LineString", "coordinates": [ [ 103.836143, 1.3562086 ], [ 103.8361976, 1.3561781 ], [ 103.836337, 1.3560901 ] ] } },
{ "type": "Feature", "properties": { "u": 243415165, "v": 4459074523, "key": 0, "index": 35, "osmid": "537570258", "highway": "tertiary", "lanes": null, "maxspeed": "50", "name": "Sin Ming Drive", "oneway": true, "reversed": "False", "length": 10.380326778570229, "bridge": null, "junction": null, "length_m": 10.394849030587947, "building_count_50m": 5, "avg_building_area": 1969.6822378338443, "poi_count_50m": 3, "highway_clean": "tertiary", "highway_rank": 3, "sinuosity": 1.000846022859198, "poi_diversity": 0.63651416829481278, "food_drink_count": 1, "street_furniture_count": 1, "degree_u": 3, "degree_v": 2, "avg_connectivity": 2.5, "city": "Singapore", "cluster": 0, "typology": "Arterial Movement Corridor" }, "geometry": { "type": "LineString", "coordinates": [ [ 103.837315599999982, 1.3554702 ], [ 103.837328099999979, 1.3554506 ], [ 103.837337399999981, 1.3554337 ], [ 103.8373487, 1.3554167 ], [ 103.837366299999985, 1.3553919 ] ] } },
{ "type": "Feature", "properties": { "u": 243415188, "v": 4459074625, "key": 0, "index": 36, "osmid": "537570254", "highway": "residential", "lanes": null, "maxspeed": "40", "name": "Jalan Minggu", "oneway": false, "reversed": "True", "length": 8.4588830149710681, "bridge": null, "junction": null, "length_m": 8.4707136962405158, "building_count_50m": 15, "avg_building_area": 330.819838650115, "poi_count_50m": 5, "highway_clean": "residential", "highway_rank": 2, "sinuosity": 1.0, "poi_diversity": 0.0, "food_drink_count": 1, "street_furniture_count": 1, "degree_u": 4, "degree_v": 6, "avg_connectivity": 5.0, "city": "Singapore", "cluster": 2, "typology": "Local Mixed Street" }, "geometry": { "type": "LineString", "coordinates": [ [ 103.8362388, 1.3544704 ], [ 103.8362991, 1.354424 ] ] } },
{ "type": "Feature", "properties": { "u": 243415188, "v": 5982355851, "key": 0, "index": 37, "osmid": "634084467", "highway": "tertiary", "lanes": "2", "maxspeed": "50", "name": "Sin Ming Road", "oneway": true, "reversed": "False", "length": 52.259497424390368, "bridge": null, "junction": null, "length_m": 52.332592340123348, "building_count_50m": 17, "avg_building_area": 393.54538220185418, "poi_count_50m": 10, "highway_clean": "tertiary", "highway_rank": 3, "sinuosity": 1.0, "poi_diversity": 0.3250829733914482, "food_drink_count": 1, "street_furniture_count": 1, "degree_u": 4, "degree_v": 3, "avg_connectivity": 3.5, "city": "Singapore", "cluster": 0, "typology": "Arterial Movement Corridor" }, "geometry": { "type": "LineString", "coordinates": [ [ 103.8362388, 1.3544704 ], [ 103.836556300000012, 1.354817 ] ] } },
{ "type": "Feature", "properties": { "u": 243415197, "v": 206089495, "key": 0, "index": 38, "osmid": "176216275", "highway": "primary", "lanes": "4", "maxspeed": "60", "name": "Upper Thomson Road", "oneway": true, "reversed": "False", "length": 69.850241526517166, "bridge": null, "junction": null, "length_m": 69.947886978081215, "building_count_50m": 6, "avg_building_area": 1527.0881754501631, "poi_count_50m": 30, "highway_clean": "primary", "highway_rank": 5, "sinuosity": 1.0, "poi_diversity": 0.89186739531725101, "food_drink_count": 14, "street_furniture_count": 1, "degree_u": 4, "degree_v": 4, "avg_connectivity": 4.0, "city": "Singapore", "cluster": 1, "typology": "Active Commercial High Street" }, "geometry": { "type": "LineString", "coordinates": [ [ 103.834772900000019, 1.3530114 ], [ 103.835217899999989, 1.3525679 ] ] } },
{ "type": "Feature", "properties": { "u": 243415197, "v": 4786218633, "key": 0, "index": 39, "osmid": "634101307", "highway": "tertiary", "lanes": "2", "maxspeed": "50", "name": "Jalan Todak", "oneway": true, "reversed": "False", "length": 9.8474454613804063, "bridge": null, "junction": null, "length_m": 9.8612124932024976, "building_count_50m": 4, "avg_building_area": 1560.7841684315094, "poi_count_50m": 15, "highway_clean": "tertiary", "highway_rank": 3, "sinuosity": 1.0000003183531698, "poi_diversity": 0.88231092451507553, "food_drink_count": 8, "street_furniture_count": 1, "degree_u": 4, "degree_v": 3, "avg_connectivity": 3.5, "city": "Singapore", "cluster": 1, "typology": "Active Commercial High Street" }, "geometry": { "type": "LineString", "coordinates": [ [ 103.834772900000019, 1.3530114 ], [ 103.8348148, 1.3530577 ], [ 103.8348276, 1.3530719 ], [ 103.834832299999988, 1.3530771 ] ] } },
{ "type": "Feature", "properties": { "u": 243415199, "v": 1601017004, "key": 0, "index": 40, "osmid": "146878753", "highway": "tertiary_link", "lanes": "1", "maxspeed": "50", "name": "Sin Ming Road", "oneway": true, "reversed": "False", "length": 38.488628577932516, "bridge": null, "junction": null, "length_m": 38.542447605339177, "building_count_50m": 20, "avg_building_area": 318.56767333977058, "poi_count_50m": 20, "highway_clean": "tertiary_link", "highway_rank": 3, "sinuosity": 1.0311403617154447, "poi_diversity": 0.50040242353818787, "food_drink_count": 4, "street_furniture_count": 1, "degree_u": 3, "degree_v": 3, "avg_connectivity": 3.0, "city": "Singapore", "cluster": 1, "typology": "Active Commercial High Street" }, "geometry": { "type": "LineString", "coordinates": [ [ 103.835633099999981, 1.3536498 ], [ 103.8358267, 1.3537473 ], [ 103.835862099999986, 1.3537582 ], [ 103.8358948, 1.35376 ], [ 103.835921, 1.3537558 ], [ 103.835953599999982, 1.3537499 ] ] } },
{ "type": "Feature", "properties": { "u": 243415199, "v": 243415188, "key": 0, "index": 41, "osmid": [ 22694144, 176216268 ], "highway": "tertiary", "lanes": [ "2", "3" ], "maxspeed": "50", "name": "Sin Ming Road", "oneway": true, "reversed": "False", "length": 114.37487205333743, "bridge": null, "junction": null, "length_m": 114.5348190039046, "building_count_50m": 28, "avg_building_area": 334.0127281601047, "poi_count_50m": 26, "highway_clean": "tertiary", "highway_rank": 3, "sinuosity": 1.0085966208268089, "poi_diversity": 0.42932302193061622, "food_drink_count": 4, "street_furniture_count": 1, "degree_u": 3, "degree_v": 4, "avg_connectivity": 3.5, "city": "Singapore", "cluster": 1, "typology": "Active Commercial High Street" }, "geometry": { "type": "LineString", "coordinates": [ [ 103.835633099999981, 1.3536498 ], [ 103.8357895, 1.3537873 ], [ 103.835848, 1.3538505 ], [ 103.8360063, 1.3541264 ], [ 103.836134, 1.3543411 ], [ 103.8362388, 1.3544704 ] ] } },
{ "type": "Feature", "properties": { "u": 243418546, "v": 4598768655, "key": 0, "index": 42, "osmid": "632412614", "highway": "residential", "lanes": "2", "maxspeed": "50", "name": "Upper Thomson Road", "oneway": false, "reversed": "True", "length": 29.522473469737548, "bridge": null, "junction": null, "length_m": 29.563686960002503, "building_count_50m": 1, "avg_building_area": 0.0, "poi_count_50m": 1, "highway_clean": "residential", "highway_rank": 2, "sinuosity": 1.0, "poi_diversity": 0.0, "food_drink_count": 1, "street_furniture_count": 1, "degree_u": 5, "degree_v": 4, "avg_connectivity": 4.5, "city": "Singapore", "cluster": 2, "typology": "Local Mixed Street" }, "geometry": { "type": "LineString", "coordinates": [ [ 103.8372786, 1.3480629 ], [ 103.837512899999979, 1.3481879 ] ] } },
{ "type": "Feature", "properties": { "u": 243418546, "v": 3174051929, "key": 0, "index": 43, "osmid": "22694198", "highway": "primary_link", "lanes": "1", "maxspeed": "50", "name": null, "oneway": true, "reversed": "False", "length": 72.728862672543968, "bridge": null, "junction": null, "length_m": 72.830399058134248, "building_count_50m": 2, "avg_building_area": 210.32989031515058, "poi_count_50m": 3, "highway_clean": "primary_link", "highway_rank": 5, "sinuosity": 1.0456739017890933, "poi_diversity": 0.0, "food_drink_count": 1, "street_furniture_count": 1, "degree_u": 5, "degree_v": 3, "avg_connectivity": 4.0, "city": "Singapore", "cluster": 0, "typology": "Arterial Movement Corridor" }, "geometry": { "type": "LineString", "coordinates": [ [ 103.8372786, 1.3480629 ], [ 103.8373935, 1.3481989 ], [ 103.8374243, 1.348276 ], [ 103.8374423, 1.3483333 ], [ 103.8374709, 1.3484214 ], [ 103.83746690000001, 1.3485108 ], [ 103.837460100000015, 1.3486615 ] ] } },
{ "type": "Feature", "properties": { "u": 243418546, "v": 4810544981, "key": 0, "index": 44, "osmid": [ 634510244, 635130985, 635130986, 635130987, 760572075, 22694194, 760571705, 665224795, 665224796 ], "highway": "residential", "lanes": "2", "maxspeed": "50", "name": "Upper Thomson Road", "oneway": false, "reversed": "False", "length": 542.28006769057765, "bridge": null, "junction": null, "length_m": 543.03721803995893, "building_count_50m": 17, "avg_building_area": 501.40633345066669, "poi_count_50m": 5, "highway_clean": "residential", "highway_rank": 2, "sinuosity": 1.769092781212056, "poi_diversity": 1.6094379124341005, "food_drink_count": 1, "street_furniture_count": 1, "degree_u": 5, "degree_v": 4, "avg_connectivity": 4.5, "city": "Singapore", "cluster": 3, "typology": "Winding Connector Lane" }, "geometry": { "type": "LineString", "coordinates": [ [ 103.8372786, 1.3480629 ], [ 103.837146099999984, 1.3479714 ], [ 103.836573099999981, 1.3476722 ], [ 103.836473199999986, 1.347593 ], [ 103.8364053, 1.3475667 ], [ 103.8363362, 1.3475592 ], [ 103.836267099999986, 1.3475692 ], [ 103.83620550000002, 1.3475893 ], [ 103.8361413, 1.3476258 ], [ 103.836103599999987, 1.3476735 ], [ 103.8360798, 1.3477414 ], [ 103.8360619, 1.3478716 ], [ 103.8360471, 1.3479186 ], [ 103.8360333, 1.3479478 ], [ 103.836028199999987, 1.3479588 ], [ 103.8356888, 1.3483258 ], [ 103.8355563, 1.3484642 ], [ 103.8355216, 1.3485369 ], [ 103.835520399999979, 1.3486211 ], [ 103.8354965, 1.3486789 ], [ 103.835417899999982, 1.3487348 ], [ 103.8352489, 1.3489246 ], [ 103.83516849999998, 1.349022 ], [ 103.834806499999985, 1.3493649 ], [ 103.834702, 1.3494806 ], [ 103.8346882, 1.3494936 ], [ 103.8348288, 1.3496457 ], [ 103.8351727, 1.3499752 ], [ 103.8351807, 1.3499846 ], [ 103.8353737, 1.3501382 ], [ 103.8354021, 1.3501565 ], [ 103.835464699999989, 1.3501889 ], [ 103.83557519999998, 1.3502307 ] ] } },
{ "type": "Feature", "properties": { "u": 243463507, "v": 4592960082, "key": 0, "index": 45, "osmid": "528886796", "highway": "primary", "lanes": "3", "maxspeed": "70", "name": "Ang Mo Kio Avenue 1", "oneway": true, "reversed": "False", "length": 7.8734110494522582, "bridge": null, "junction": null, "length_m": 7.884466780580718, "building_count_50m": 1, "avg_building_area": 0.0, "poi_count_50m": 1, "highway_clean": "primary", "highway_rank": 5, "sinuosity": 1.0, "poi_diversity": 0.0, "food_drink_count": 1, "street_furniture_count": 1, "degree_u": 4, "degree_v": 4, "avg_connectivity": 4.0, "city": "Singapore", "cluster": 0, "typology": "Arterial Movement Corridor" }, "geometry": { "type": "LineString", "coordinates": [ [ 103.8309186, 1.3678756 ], [ 103.8309891, 1.3678688 ] ] } },
{ "type": "Feature", "properties": { "u": 243463507, "v": 4592960024, "key": 0, "index": 46, "osmid": "631756682", "highway": "secondary", "lanes": "2", "maxspeed": "50", "name": "Ang Mo Kio Avenue 2", "oneway": true, "reversed": "False", "length": 24.346684729967752, "bridge": null, "junction": null, "length_m": 24.380873131278719, "building_count_50m": 1, "avg_building_area": 0.0, "poi_count_50m": 1, "highway_clean": "secondary", "highway_rank": 4, "sinuosity": 1.0000000086484444, "poi_diversity": 0.0, "food_drink_count": 1, "street_furniture_count": 1, "degree_u": 4, "degree_v": 3, "avg_connectivity": 3.5, "city": "Singapore", "cluster": 0, "typology": "Arterial Movement Corridor" }, "geometry": { "type": "LineString", "coordinates": [ [ 103.8309186, 1.3678756 ], [ 103.830925799999989, 1.3679292 ], [ 103.8309478, 1.3680926 ] ] } },
{ "type": "Feature", "properties": { "u": 243465482, "v": 5643502199, "key": 0, "index": 47, "osmid": "591175349", "highway": "primary", "lanes": null, "maxspeed": "60", "name": "Ang Mo Kio Avenue 3", "oneway": true, "reversed": "False", "length": 15.96167318282353, "bridge": null, "junction": null, "length_m": 15.984077612357915, "building_count_50m": 1, "avg_building_area": 1910.1758469173342, "poi_count_50m": 1, "highway_clean": "primary", "highway_rank": 5, "sinuosity": 1.0, "poi_diversity": 0.0, "food_drink_count": 1, "street_furniture_count": 1, "degree_u": 3, "degree_v": 4, "avg_connectivity": 3.5, "city": "Singapore", "cluster": 0, "typology": "Arterial Movement Corridor" }, "geometry": { "type": "LineString", "coordinates": [ [ 103.835618699999984, 1.3664934 ], [ 103.835659599999985, 1.366631 ] ] } },
{ "type": "Feature", "properties": { "u": 243465482, "v": 4684558078, "key": 0, "index": 48, "osmid": [ 634499819, 175959383, 75127551 ], "highway": "primary", "lanes": [ "4", "3" ], "maxspeed": "70", "name": "Ang Mo Kio Avenue 1", "oneway": true, "reversed": "False", "length": 536.39571282440897, "bridge": null, "junction": null, "length_m": 537.14876390595839, "building_count_50m": 7, "avg_building_area": 820.67780616102471, "poi_count_50m": 2, "highway_clean": "primary", "highway_rank": 5, "sinuosity": 1.0030920933471588, "poi_diversity": 0.69314718055994529, "food_drink_count": 1, "street_furniture_count": 1, "degree_u": 3, "degree_v": 3, "avg_connectivity": 3.0, "city": "Singapore", "cluster": 0, "typology": "Arterial Movement Corridor" }, "geometry": { "type": "LineString", "coordinates": [ [ 103.835618699999984, 1.3664934 ], [ 103.8355446, 1.3665196 ], [ 103.83550769999998, 1.3665329 ], [ 103.835287599999987, 1.3666072 ], [ 103.8349995, 1.3667044 ], [ 103.834441799999979, 1.3668987 ], [ 103.834162599999985, 1.3669891 ], [ 103.833878799999979, 1.3670795 ], [ 103.833322, 1.3672635 ], [ 103.8330668, 1.3673465 ], [ 103.8328163, 1.3674079 ], [ 103.832316799999987, 1.3675309 ], [ 103.8320132, 1.3676006 ], [ 103.8316534, 1.3676509 ], [ 103.8310348, 1.3677292 ], [ 103.8309714, 1.3677351 ] ] } },
{ "type": "Feature", "properties": { "u": 245174751, "v": 245174757, "key": 0, "index": 49, "osmid": "174402294", "highway": "secondary", "lanes": "2", "maxspeed": "50", "name": "Venus Drive", "oneway": true, "reversed": "False", "length": 14.965841686201333, "bridge": null, "junction": null, "length_m": 14.98680365887064, "building_count_50m": 1, "avg_building_area": 2194.1763607701064, "poi_count_50m": 1, "highway_clean": "secondary", "highway_rank": 4, "sinuosity": 1.0, "poi_diversity": 0.0, "food_drink_count": 1, "street_furniture_count": 1, "degree_u": 4, "degree_v": 4, "avg_connectivity": 4.0, "city": "Singapore", "cluster": 0, "typology": "Arterial Movement Corridor" }, "geometry": { "type": "LineString", "coordinates": [ [ 103.828870499999979, 1.3593802 ], [ 103.8287362, 1.3593896 ] ] } },
{ "type": "Feature", "properties": { "u": 245174751, "v": 4598764368, "key": 0, "index": 50, "osmid": "628223240", "highway": "primary", "lanes": "3", "maxspeed": "60", "name": "Upper Thomson Road", "oneway": true, "reversed": "False", "length": 36.69506122952393, "bridge": null, "junction": null, "length_m": 36.74645575942278, "building_count_50m": 1, "avg_building_area": 0.0, "poi_count_50m": 1, "highway_clean": "primary", "highway_rank": 5, "sinuosity": 1.0002570886531874, "poi_diversity": 0.0, "food_drink_count": 1, "street_furniture_count": 1, "degree_u": 4, "degree_v": 3, "avg_connectivity": 3.5, "city": "Singapore", "cluster": 0, "typology": "Arterial Movement Corridor" }, "geometry": { "type": "LineString", "coordinates": [ [ 103.828870499999979, 1.3593802 ], [ 103.8288682, 1.3593255 ], [ 103.8288399, 1.3590517 ] ] } },
{ "type": "Feature", "properties": { "u": 245174757, "v": 4593195739, "key": 0, "index": 51, "osmid": "478174018", "highway": "primary", "lanes": "4", "maxspeed": "60", "name": "Upper Thomson Road", "oneway": true, "reversed": "False", "length": 5.7508427903954136, "bridge": null, "junction": null, "length_m": 5.7588978069598431, "building_count_50m": 1, "avg_building_area": 2194.1763607701064, "poi_count_50m": 1, "highway_clean": "primary", "highway_rank": 5, "sinuosity": 1.0, "poi_diversity": 0.0, "food_drink_count": 1, "street_furniture_count": 1, "degree_u": 4, "degree_v": 4, "avg_connectivity": 4.0, "city": "Singapore", "cluster": 0, "typology": "Arterial Movement Corridor" }, "geometry": { "type": "LineString", "coordinates": [ [ 103.8287362, 1.3593896 ], [ 103.8287397, 1.3594412 ] ] } },
{ "type": "Feature", "properties": { "u": 245174757, "v": 5930664450, "key": 0, "index": 52, "osmid": "464176747", "highway": "unclassified", "lanes": "1", "maxspeed": "50", "name": "Venus Drive", "oneway": true, "reversed": "False", "length": 18.514715033191841, "bridge": null, "junction": null, "length_m": 18.540647841996091, "building_count_50m": 1, "avg_building_area": 2194.1763607701064, "poi_count_50m": 1, "highway_clean": "unclassified", "highway_rank": 1, "sinuosity": 1.0007395401249926, "poi_diversity": 0.0, "food_drink_count": 1, "street_furniture_count": 1, "degree_u": 4, "degree_v": 3, "avg_connectivity": 3.5, "city": "Singapore", "cluster": 0, "typology": "Arterial Movement Corridor" }, "geometry": { "type": "LineString", "coordinates": [ [ 103.8287362, 1.3593896 ], [ 103.828689399999988, 1.3593914 ], [ 103.8285706, 1.3594062 ] ] } },
{ "type": "Feature", "properties": { "u": 245174769, "v": 5935920074, "key": 0, "index": 53, "osmid": "537570246", "highway": "secondary", "lanes": null, "maxspeed": "50", "name": "Sin Ming Avenue", "oneway": true, "reversed": "False", "length": 6.381043807457119, "bridge": null, "junction": null, "length_m": 6.389981324458347, "building_count_50m": 1, "avg_building_area": 3943.8880043960398, "poi_count_50m": 1, "highway_clean": "secondary", "highway_rank": 4, "sinuosity": 1.0, "poi_diversity": 0.0, "food_drink_count": 1, "street_furniture_count": 1, "degree_u": 3, "degree_v": 3, "avg_connectivity": 3.0, "city": "Singapore", "cluster": 0, "typology": "Arterial Movement Corridor" }, "geometry": { "type": "LineString", "coordinates": [ [ 103.8307045, 1.3593394 ], [ 103.8306471, 1.3593399 ] ] } },
{ "type": "Feature", "properties": { "u": 245174809, "v": 5950255468, "key": 0, "index": 54, "osmid": "630075834", "highway": "residential", "lanes": "2", "maxspeed": "50", "name": "Fulton Road", "oneway": false, "reversed": "False", "length": 11.515707596784555, "bridge": null, "junction": null, "length_m": 11.531848823931977, "building_count_50m": 5, "avg_building_area": 218.44873908836149, "poi_count_50m": 3, "highway_clean": "residential", "highway_rank": 2, "sinuosity": 1.0, "poi_diversity": 1.0986122886681096, "food_drink_count": 1, "street_furniture_count": 1, "degree_u": 6, "degree_v": 4, "avg_connectivity": 5.0, "city": "Singapore", "cluster": 2, "typology": "Local Mixed Street" }, "geometry": { "type": "LineString", "coordinates": [ [ 103.832114799999985, 1.3618247 ], [ 103.832012299999988, 1.3618397 ] ] } },
{ "type": "Feature", "properties": { "u": 245174809, "v": 9080932827, "key": 0, "index": 55, "osmid": [ 479616488, 629413961, 629413956, 760436007 ], "highway": "secondary", "lanes": "2", "maxspeed": "40", "name": "Sin Ming Avenue", "oneway": true, "reversed": "False", "length": 155.51829624982577, "bridge": null, "junction": null, "length_m": 155.73623619897847, "building_count_50m": 8, "avg_building_area": 1077.061626638274, "poi_count_50m": 5, "highway_clean": "secondary", "highway_rank": 4, "sinuosity": 1.0031473067879442, "poi_diversity": 1.0549201679861442, "food_drink_count": 1, "street_furniture_count": 1, "degree_u": 6, "degree_v": 3, "avg_connectivity": 4.5, "city": "Singapore", "cluster": 0, "typology": "Arterial Movement Corridor" }, "geometry": { "type": "LineString", "coordinates": [ [ 103.832114799999985, 1.3618247 ], [ 103.832097499999989, 1.3617305 ], [ 103.8320741, 1.3615033 ], [ 103.832076699999988, 1.3613612 ], [ 103.8320817, 1.3611908 ], [ 103.8320998, 1.3610013 ], [ 103.832114, 1.3608305 ], [ 103.8321186, 1.3606035 ], [ 103.8321222, 1.3604305 ] ] } },
{ "type": "Feature", "properties": { "u": 245174809, "v": 2291053373, "key": 0, "index": 56, "osmid": [ 630075832, 630075833 ], "highway": "residential", "lanes": "2", "maxspeed": "50", "name": "Fulton Road", "oneway": false, "reversed": "True", "length": 73.392940957154266, "bridge": null, "junction": null, "length_m": 73.49580980985931, "building_count_50m": 28, "avg_building_area": 346.92575890133509, "poi_count_50m": 3, "highway_clean": "residential", "highway_rank": 2, "sinuosity": 1.0002642208636201, "poi_diversity": 1.0986122886681096, "food_drink_count": 1, "street_furniture_count": 1, "degree_u": 6, "degree_v": 6, "avg_connectivity": 6.0, "city": "Singapore", "cluster": 2, "typology": "Local Mixed Street" }, "geometry": { "type": "LineString", "coordinates": [ [ 103.832114799999985, 1.3618247 ], [ 103.8321703, 1.3618071 ], [ 103.8323521, 1.3617315 ], [ 103.8325314, 1.3616628 ], [ 103.8327298, 1.3615851 ] ] } },
{ "type": "Feature", "properties": { "u": 247709736, "v": 5015699283, "key": 0, "index": 57, "osmid": "537159979", "highway": "residential", "lanes": "2", "maxspeed": "50", "name": "Bright Hill Road", "oneway": false, "reversed": "True", "length": 7.4780471918348423, "bridge": null, "junction": null, "length_m": 7.4885352524587541, "building_count_50m": 1, "avg_building_area": 0.0, "poi_count_50m": 1, "highway_clean": "residential", "highway_rank": 2, "sinuosity": 1.0, "poi_diversity": 0.0, "food_drink_count": 1, "street_furniture_count": 1, "degree_u": 5, "degree_v": 3, "avg_connectivity": 4.0, "city": "Singapore", "cluster": 2, "typology": "Local Mixed Street" }, "geometry": { "type": "LineString", "coordinates": [ [ 103.8359685, 1.3638312 ], [ 103.8360059, 1.3638871 ] ] } },
{ "type": "Feature", "properties": { "u": 247709736, "v": 247709808, "key": 0, "index": 58, "osmid": [ 464768840, 631725099, 641126482, 631745747, 631745396, 795112568 ], "highway": "residential", "lanes": "2", "maxspeed": "50", "name": "Bright Hill Road", "oneway": false, "reversed": "False", "length": 368.27221732800979, "bridge": null, "junction": null, "length_m": 368.7884814020228, "building_count_50m": 29, "avg_building_area": 487.56369117943393, "poi_count_50m": 7, "highway_clean": "residential", "highway_rank": 2, "sinuosity": 1.023252257973714, "poi_diversity": 1.277034259466139, "food_drink_count": 1, "street_furniture_count": 1, "degree_u": 5, "degree_v": 6, "avg_connectivity": 5.5, "city": "Singapore", "cluster": 2, "typology": "Local Mixed Street" }, "geometry": { "type": "LineString", "coordinates": [ [ 103.8359685, 1.3638312 ], [ 103.835932899999989, 1.363768 ], [ 103.8358984, 1.3635809 ], [ 103.83592, 1.3634584 ], [ 103.835960400000019, 1.3632571 ], [ 103.8359808, 1.3631427 ], [ 103.835976, 1.3630632 ], [ 103.835960899999989, 1.3629867 ], [ 103.8358479, 1.3627264 ], [ 103.835771, 1.362561 ], [ 103.8355623, 1.362112 ], [ 103.835438899999986, 1.3618331 ], [ 103.8351079, 1.3610886 ], [ 103.8350688, 1.3610005 ], [ 103.834979299999986, 1.3608044 ], [ 103.834957399999979, 1.3607564 ] ] } },
{ "type": "Feature", "properties": { "u": 247709736, "v": 5689382223, "key": 0, "index": 59, "osmid": [ 537159980, 631725102, 630120942, 639901265, 631725106, 630120950, 630111774 ], "highway": "secondary", "lanes": "2", "maxspeed": "50", "name": "Sin Ming Avenue", "oneway": true, "reversed": "False", "length": 335.07506137414805, "bridge": null, "junction": null, "length_m": 335.54500109717935, "building_count_50m": 6, "avg_building_area": 1020.3096989355704, "poi_count_50m": 1, "highway_clean": "secondary", "highway_rank": 4, "sinuosity": 1.0927747230143812, "poi_diversity": 0.0, "food_drink_count": 1, "street_furniture_count": 1, "degree_u": 5, "degree_v": 3, "avg_connectivity": 4.0, "city": "Singapore", "cluster": 0, "typology": "Arterial Movement Corridor" }, "geometry": { "type": "LineString", "coordinates": [ [ 103.8359685, 1.3638312 ], [ 103.8358142, 1.3639173 ], [ 103.835759699999983, 1.3639434 ], [ 103.8353679, 1.3641646 ], [ 103.8351942, 1.3641756 ], [ 103.834980099999981, 1.363964 ], [ 103.8348456, 1.3638803 ], [ 103.8347013, 1.3638212 ], [ 103.8345264, 1.3638096 ], [ 103.8343523, 1.3637764 ], [ 103.834203599999981, 1.3637249 ], [ 103.8337692, 1.3635362 ], [ 103.833344, 1.3633584 ], [ 103.8332571, 1.3633246 ] ] } },
{ "type": "Feature", "properties": { "u": 247709808, "v": 2291053401, "key": 0, "index": 60, "osmid": "22979556", "highway": "residential", "lanes": "2", "maxspeed": "50", "name": "Fulton Road", "oneway": false, "reversed": "False", "length": 42.053196199542214, "bridge": null, "junction": null, "length_m": 42.112123359636293, "building_count_50m": 28, "avg_building_area": 132.74963725707795, "poi_count_50m": 2, "highway_clean": "residential", "highway_rank": 2, "sinuosity": 1.0002740580054739, "poi_diversity": 0.69314718055994529, "food_drink_count": 1, "street_furniture_count": 1, "degree_u": 6, "degree_v": 6, "avg_connectivity": 6.0, "city": "Singapore", "cluster": 2, "typology": "Local Mixed Street" }, "geometry": { "type": "LineString", "coordinates": [ [ 103.834957399999979, 1.3607564 ], [ 103.8346736, 1.3608709 ], [ 103.8346051, 1.3608939 ] ] } },
{ "type": "Feature", "properties": { "u": 247709808, "v": 1318527841, "key": 0, "index": 61, "osmid": "117041963", "highway": "residential", "lanes": "2", "maxspeed": "50", "name": "Bright Hill Road", "oneway": false, "reversed": "False", "length": 31.948889421994117, "bridge": null, "junction": null, "length_m": 31.993655226413217, "building_count_50m": 14, "avg_building_area": 546.36733597105376, "poi_count_50m": 2, "highway_clean": "residential", "highway_rank": 2, "sinuosity": 1.0000000021815714, "poi_diversity": 0.69314718055994529, "food_drink_count": 1, "street_furniture_count": 1, "degree_u": 6, "degree_v": 2, "avg_connectivity": 4.0, "city": "Singapore", "cluster": 2, "typology": "Local Mixed Street" }, "geometry": { "type": "LineString", "coordinates": [ [ 103.834957399999979, 1.3607564 ], [ 103.834939, 1.3607161 ], [ 103.8348381, 1.360495 ] ] } },
{ "type": "Feature", "properties": { "u": 247709808, "v": 247709736, "key": 0, "index": 62, "osmid": [ 464768840, 631725099, 641126482, 631745747, 631745396, 795112568 ], "highway": "residential", "lanes": "2", "maxspeed": "50", "name": "Bright Hill Road", "oneway": false, "reversed": "True", "length": 368.27221732800967, "bridge": null, "junction": null, "length_m": 368.78848140202291, "building_count_50m": 29, "avg_building_area": 487.56369117943393, "poi_count_50m": 7, "highway_clean": "residential", "highway_rank": 2, "sinuosity": 1.0232522579737142, "poi_diversity": 1.277034259466139, "food_drink_count": 1, "street_furniture_count": 1, "degree_u": 6, "degree_v": 5, "avg_connectivity": 5.5, "city": "Singapore", "cluster": 2, "typology": "Local Mixed Street" }, "geometry": { "type": "LineString", "coordinates": [ [ 103.834957399999979, 1.3607564 ], [ 103.834979299999986, 1.3608044 ], [ 103.8350688, 1.3610005 ], [ 103.8351079, 1.3610886 ], [ 103.835438899999986, 1.3618331 ], [ 103.8355623, 1.362112 ], [ 103.835771, 1.362561 ], [ 103.8358479, 1.3627264 ], [ 103.835960899999989, 1.3629867 ], [ 103.835976, 1.3630632 ], [ 103.8359808, 1.3631427 ], [ 103.835960400000019, 1.3632571 ], [ 103.83592, 1.3634584 ], [ 103.8358984, 1.3635809 ], [ 103.835932899999989, 1.363768 ], [ 103.8359685, 1.3638312 ] ] } },
{ "type": "Feature", "properties": { "u": 248889863, "v": 243415197, "key": 0, "index": 63, "osmid": "22694146", "highway": "tertiary", "lanes": "2", "maxspeed": "50", "name": "Jalan Todak", "oneway": true, "reversed": "False", "length": 25.205208985353426, "bridge": null, "junction": null, "length_m": 25.240445138002446, "building_count_50m": 4, "avg_building_area": 1560.7841684315094, "poi_count_50m": 21, "highway_clean": "tertiary", "highway_rank": 3, "sinuosity": 1.0119192627618552, "poi_diversity": 0.84681438073256343, "food_drink_count": 11, "street_furniture_count": 1, "degree_u": 3, "degree_v": 4, "avg_connectivity": 3.5, "city": "Singapore", "cluster": 1, "typology": "Active Commercial High Street" }, "geometry": { "type": "LineString", "coordinates": [ [ 103.8347846, 1.3527877 ], [ 103.8347724, 1.3528549 ], [ 103.8347623, 1.3529052 ], [ 103.834763, 1.3529555 ], [ 103.834772900000019, 1.3530114 ] ] } },
{ "type": "Feature", "properties": { "u": 248889863, "v": 1318498426, "key": 0, "index": 64, "osmid": [ 537570267, 630437404 ], "highway": "primary", "lanes": "3", "maxspeed": "60", "name": "Upper Thomson Road", "oneway": true, "reversed": "False", "length": 84.053509055742836, "bridge": null, "junction": null, "length_m": 84.171018598628081, "building_count_50m": 6, "avg_building_area": 1396.4676788538882, "poi_count_50m": 36, "highway_clean": "primary", "highway_rank": 5, "sinuosity": 1.0000272868444773, "poi_diversity": 0.90607140517923601, "food_drink_count": 16, "street_furniture_count": 1, "degree_u": 3, "degree_v": 4, "avg_connectivity": 3.5, "city": "Singapore", "cluster": 1, "typology": "Active Commercial High Street" }, "geometry": { "type": "LineString", "coordinates": [ [ 103.8347846, 1.3527877 ], [ 103.8346051, 1.3529575 ], [ 103.834482599999987, 1.3530771 ], [ 103.8342366, 1.3533085 ] ] } },
{ "type": "Feature", "properties": { "u": 248894319, "v": 206256147, "key": 0, "index": 65, "osmid": "482041667", "highway": "primary", "lanes": "5", "maxspeed": "60", "name": "Upper Thomson Road", "oneway": true, "reversed": "False", "length": 35.472928437178652, "bridge": null, "junction": null, "length_m": 35.522737520781426, "building_count_50m": 1, "avg_building_area": 0.0, "poi_count_50m": 1, "highway_clean": "primary", "highway_rank": 5, "sinuosity": 1.0000211591060206, "poi_diversity": 0.0, "food_drink_count": 1, "street_furniture_count": 1, "degree_u": 2, "degree_v": 3, "avg_connectivity": 2.5, "city": "Singapore", "cluster": 0, "typology": "Arterial Movement Corridor" }, "geometry": { "type": "LineString", "coordinates": [ [ 103.8282508, 1.3676122 ], [ 103.8282665, 1.3678784 ], [ 103.828270499999988, 1.3679306 ] ] } },
{ "type": "Feature", "properties": { "u": 308938197, "v": 5643502198, "key": 0, "index": 66, "osmid": "536925857", "highway": "primary", "lanes": null, "maxspeed": "60", "name": "Ang Mo Kio Avenue 3", "oneway": true, "reversed": "False", "length": 15.41147434054214, "bridge": null, "junction": null, "length_m": 15.433106359078817, "building_count_50m": 1, "avg_building_area": 1910.1758469173342, "poi_count_50m": 1, "highway_clean": "primary", "highway_rank": 5, "sinuosity": 1.0, "poi_diversity": 0.0, "food_drink_count": 1, "street_furniture_count": 1, "degree_u": 4, "degree_v": 3, "avg_connectivity": 3.5, "city": "Singapore", "cluster": 0, "typology": "Arterial Movement Corridor" }, "geometry": { "type": "LineString", "coordinates": [ [ 103.8357244, 1.366607 ], [ 103.8356766, 1.3664769 ] ] } },
{ "type": "Feature", "properties": { "u": 308938197, "v": 4684558083, "key": 0, "index": 67, "osmid": [ 536925848, 634510470 ], "highway": "primary", "lanes": "3", "maxspeed": "70", "name": "Ang Mo Kio Avenue 1", "oneway": true, "reversed": "False", "length": 134.51066272683533, "bridge": null, "junction": null, "length_m": 134.69945844853947, "building_count_50m": 4, "avg_building_area": 1068.5533568449241, "poi_count_50m": 2, "highway_clean": "primary", "highway_rank": 5, "sinuosity": 1.0000354589042353, "poi_diversity": 0.69314718055994529, "food_drink_count": 1, "street_furniture_count": 1, "degree_u": 4, "degree_v": 3, "avg_connectivity": 3.5, "city": "Singapore", "cluster": 0, "typology": "Arterial Movement Corridor" }, "geometry": { "type": "LineString", "coordinates": [ [ 103.8357244, 1.366607 ], [ 103.835832199999984, 1.3665674 ], [ 103.835923, 1.366534 ], [ 103.836137, 1.3664607 ], [ 103.836447299999989, 1.3663544 ], [ 103.836867499999983, 1.3662104 ] ] } },
{ "type": "Feature", "properties": { "u": 310582055, "v": 1601017000, "key": 0, "index": 68, "osmid": "482698310", "highway": "residential", "lanes": null, "maxspeed": "40", "name": "Jalan Isnin", "oneway": false, "reversed": "True", "length": 208.35695085289396, "bridge": null, "junction": null, "length_m": 208.64823183687113, "building_count_50m": 89, "avg_building_area": 69.279267381661285, "poi_count_50m": 2, "highway_clean": "residential", "highway_rank": 2, "sinuosity": 1.0445963526153221, "poi_diversity": 0.0, "food_drink_count": 1, "street_furniture_count": 1, "degree_u": 2, "degree_v": 6, "avg_connectivity": 4.0, "city": "Singapore", "cluster": 2, "typology": "Local Mixed Street" }, "geometry": { "type": "LineString", "coordinates": [ [ 103.837737899999979, 1.3522176 ], [ 103.8371394, 1.3531473 ], [ 103.8370076, 1.3532562 ], [ 103.8364947, 1.3534465 ], [ 103.8364475, 1.353464 ] ] } },
{ "type": "Feature", "properties": { "u": 310582069, "v": 310582078, "key": 0, "index": 69, "osmid": "646976947", "highway": "residential", "lanes": "2", "maxspeed": "40", "name": "Jalan Minggu", "oneway": false, "reversed": "False", "length": 30.669794781274426, "bridge": null, "junction": null, "length_m": 30.712684565835591, "building_count_50m": 36, "avg_building_area": 154.5240326403399, "poi_count_50m": 1, "highway_clean": "residential", "highway_rank": 2, "sinuosity": 1.0141499642766938, "poi_diversity": 0.0, "food_drink_count": 1, "street_furniture_count": 1, "degree_u": 6, "degree_v": 4, "avg_connectivity": 5.0, "city": "Singapore", "cluster": 2, "typology": "Local Mixed Street" }, "geometry": { "type": "LineString", "coordinates": [ [ 103.836502699999983, 1.3539101 ], [ 103.8365513, 1.3540211 ], [ 103.8366304, 1.354106 ], [ 103.8366567, 1.3541343 ] ] } },
{ "type": "Feature", "properties": { "u": 310582069, "v": 1601017000, "key": 0, "index": 70, "osmid": "647098687", "highway": "residential", "lanes": "2", "maxspeed": "40", "name": "Jalan Minggu", "oneway": false, "reversed": "True", "length": 49.982228984489382, "bridge": null, "junction": null, "length_m": 50.052118948928815, "building_count_50m": 42, "avg_building_area": 112.20491299306757, "poi_count_50m": 4, "highway_clean": "residential", "highway_rank": 2, "sinuosity": 1.0000000362525434, "poi_diversity": 0.56233514461880829, "food_drink_count": 1, "street_furniture_count": 1, "degree_u": 6, "degree_v": 6, "avg_connectivity": 6.0, "city": "Singapore", "cluster": 2, "typology": "Local Mixed Street" }, "geometry": { "type": "LineString", "coordinates": [ [ 103.836502699999983, 1.3539101 ], [ 103.836455499999985, 1.353529 ], [ 103.8364475, 1.353464 ] ] } },
{ "type": "Feature", "properties": { "u": 310582069, "v": 310582364, "key": 0, "index": 71, "osmid": [ 717060328, 646976944 ], "highway": "residential", "lanes": "2", "maxspeed": "40", "name": "Jalan Rabu", "oneway": false, "reversed": "True", "length": 68.916600958405738, "bridge": null, "junction": null, "length_m": 69.012970524869942, "building_count_50m": 58, "avg_building_area": 115.11878480959118, "poi_count_50m": 1, "highway_clean": "residential", "highway_rank": 2, "sinuosity": 1.0000832349644673, "poi_diversity": 0.0, "food_drink_count": 1, "street_furniture_count": 1, "degree_u": 6, "degree_v": 2, "avg_connectivity": 4.0, "city": "Singapore", "cluster": 2, "typology": "Local Mixed Street" }, "geometry": { "type": "LineString", "coordinates": [ [ 103.836502699999983, 1.3539101 ], [ 103.8365769, 1.3538866 ], [ 103.836886, 1.3537901 ], [ 103.837096, 1.3537305 ] ] } },
{ "type": "Feature", "properties": { "u": 310582078, "v": 4459074625, "key": 0, "index": 72, "osmid": "114237277", "highway": "residential", "lanes": "2", "maxspeed": "40", "name": "Jalan Minggu", "oneway": false, "reversed": "False", "length": 51.183481812893653, "bridge": null, "junction": null, "length_m": 51.255064032071594, "building_count_50m": 31, "avg_building_area": 281.97820375308038, "poi_count_50m": 4, "highway_clean": "residential", "highway_rank": 2, "sinuosity": 1.0003467375483881, "poi_diversity": 0.0, "food_drink_count": 1, "street_furniture_count": 1, "degree_u": 4, "degree_v": 6, "avg_connectivity": 5.0, "city": "Singapore", "cluster": 2, "typology": "Local Mixed Street" }, "geometry": { "type": "LineString", "coordinates": [ [ 103.8366567, 1.3541343 ], [ 103.836605399999982, 1.354176 ], [ 103.836344699999984, 1.3543921 ], [ 103.8362991, 1.354424 ] ] } },
{ "type": "Feature", "properties": { "u": 310582078, "v": 310582069, "key": 0, "index": 73, "osmid": "646976947", "highway": "residential", "lanes": "2", "maxspeed": "40", "name": "Jalan Minggu", "oneway": false, "reversed": "True", "length": 30.669794781274426, "bridge": null, "junction": null, "length_m": 30.712684565835591, "building_count_50m": 36, "avg_building_area": 154.5240326403399, "poi_count_50m": 1, "highway_clean": "residential", "highway_rank": 2, "sinuosity": 1.0141499642766938, "poi_diversity": 0.0, "food_drink_count": 1, "street_furniture_count": 1, "degree_u": 4, "degree_v": 6, "avg_connectivity": 5.0, "city": "Singapore", "cluster": 2, "typology": "Local Mixed Street" }, "geometry": { "type": "LineString", "coordinates": [ [ 103.8366567, 1.3541343 ], [ 103.8366304, 1.354106 ], [ 103.8365513, 1.3540211 ], [ 103.836502699999983, 1.3539101 ] ] } },
{ "type": "Feature", "properties": { "u": 310582364, "v": 310582069, "key": 0, "index": 74, "osmid": [ 646976944, 717060328 ], "highway": "residential", "lanes": "2", "maxspeed": "40", "name": "Jalan Rabu", "oneway": false, "reversed": "False", "length": 68.916600958405724, "bridge": null, "junction": null, "length_m": 69.012970524869942, "building_count_50m": 58, "avg_building_area": 115.11878480959118, "poi_count_50m": 1, "highway_clean": "residential", "highway_rank": 2, "sinuosity": 1.0000832349644673, "poi_diversity": 0.0, "food_drink_count": 1, "street_furniture_count": 1, "degree_u": 2, "degree_v": 6, "avg_connectivity": 4.0, "city": "Singapore", "cluster": 2, "typology": "Local Mixed Street" }, "geometry": { "type": "LineString", "coordinates": [ [ 103.837096, 1.3537305 ], [ 103.836886, 1.3537901 ], [ 103.8365769, 1.3538866 ], [ 103.836502699999983, 1.3539101 ] ] } },
{ "type": "Feature", "properties": { "u": 439361445, "v": 240401395, "key": 0, "index": 75, "osmid": "537160004", "highway": "primary", "lanes": null, "maxspeed": "60", "name": "Ang Mo Kio Avenue 3", "oneway": true, "reversed": "False", "length": 6.1679996863695381, "bridge": null, "junction": null, "length_m": 6.1766644742150554, "building_count_50m": 2, "avg_building_area": 1441.3355359021989, "poi_count_50m": 1, "highway_clean": "primary", "highway_rank": 5, "sinuosity": 1.0, "poi_diversity": 0.0, "food_drink_count": 1, "street_furniture_count": 1, "degree_u": 2, "degree_v": 3, "avg_connectivity": 2.5, "city": "Singapore", "cluster": 0, "typology": "Arterial Movement Corridor" }, "geometry": { "type": "LineString", "coordinates": [ [ 103.8373013, 1.3693533 ], [ 103.837257, 1.3693199 ] ] } },
{ "type": "Feature", "properties": { "u": 439361477, "v": 439361445, "key": 0, "index": 76, "osmid": "37527629", "highway": "secondary", "lanes": null, "maxspeed": "40", "name": "Ang Mo Kio Avenue 4", "oneway": true, "reversed": "False", "length": 7.5200604802587208, "bridge": null, "junction": null, "length_m": 7.5306247795276766, "building_count_50m": 3, "avg_building_area": 1666.345078585344, "poi_count_50m": 1, "highway_clean": "secondary", "highway_rank": 4, "sinuosity": 1.0, "poi_diversity": 0.0, "food_drink_count": 1, "street_furniture_count": 1, "degree_u": 2, "degree_v": 2, "avg_connectivity": 2.0, "city": "Singapore", "cluster": 0, "typology": "Arterial Movement Corridor" }, "geometry": { "type": "LineString", "coordinates": [ [ 103.83726249999998, 1.3694087 ], [ 103.8373013, 1.3693533 ] ] } },
{ "type": "Feature", "properties": { "u": 1318459092, "v": 1318459092, "key": 0, "index": 77, "osmid": "117035201", "highway": "residential", "lanes": null, "maxspeed": "40", "name": "Gardenia Road", "oneway": true, "reversed": "False", "length": 40.587351169883114, "bridge": null, "junction": null, "length_m": 40.64411399258308, "building_count_50m": 8, "avg_building_area": 155.68981997835181, "poi_count_50m": 1, "highway_clean": "residential", "highway_rank": 2, "sinuosity": 1.0, "poi_diversity": 0.0, "food_drink_count": 1, "street_furniture_count": 1, "degree_u": 4, "degree_v": 4, "avg_connectivity": 4.0, "city": "Singapore", "cluster": 2, "typology": "Local Mixed Street" }, "geometry": { "type": "LineString", "coordinates": [ [ 103.8268121, 1.3542736 ], [ 103.8268108, 1.3542493 ], [ 103.826799699999981, 1.3542276 ], [ 103.8267807, 1.3542123 ], [ 103.8267571, 1.354206 ], [ 103.826733, 1.3542099 ], [ 103.826712599999979, 1.3542233 ], [ 103.8266984, 1.3542467 ], [ 103.8266964, 1.3542739 ], [ 103.8267069, 1.3542992 ], [ 103.826727799999986, 1.3543168 ], [ 103.826754399999984, 1.3543231 ], [ 103.826781, 1.3543167 ], [ 103.826801700000019, 1.3542989 ], [ 103.8268121, 1.3542736 ] ] } },
{ "type": "Feature", "properties": { "u": 1318459092, "v": 4486815537, "key": 0, "index": 78, "osmid": "644397349", "highway": "residential", "lanes": "2", "maxspeed": "40", "name": "Gardenia Road", "oneway": false, "reversed": "True", "length": 60.274692534279126, "bridge": null, "junction": null, "length_m": 60.358993781663379, "building_count_50m": 21, "avg_building_area": 179.92881780580771, "poi_count_50m": 1, "highway_clean": "residential", "highway_rank": 2, "sinuosity": 1.0052031230347045, "poi_diversity": 0.0, "food_drink_count": 1, "street_furniture_count": 1, "degree_u": 4, "degree_v": 6, "avg_connectivity": 5.0, "city": "Singapore", "cluster": 2, "typology": "Local Mixed Street" }, "geometry": { "type": "LineString", "coordinates": [ [ 103.8268121, 1.3542736 ], [ 103.826866599999988, 1.3543224 ], [ 103.826966499999983, 1.3544106 ], [ 103.8270637, 1.3545208 ], [ 103.8271713, 1.3546759 ] ] } },
{ "type": "Feature", "properties": { "u": 1318459099, "v": 1318459238, "key": 0, "index": 79, "osmid": "117035198", "highway": "residential", "lanes": "2", "maxspeed": "40", "name": "Gardenia Road", "oneway": false, "reversed": "False", "length": 89.79278204452595, "bridge": null, "junction": null, "length_m": 89.918419976190734, "building_count_50m": 37, "avg_building_area": 205.13839343752323, "poi_count_50m": 1, "highway_clean": "residential", "highway_rank": 2, "sinuosity": 1.0219519207704655, "poi_diversity": 0.0, "food_drink_count": 1, "street_furniture_count": 1, "degree_u": 6, "degree_v": 6, "avg_connectivity": 6.0, "city": "Singapore", "cluster": 2, "typology": "Local Mixed Street" }, "geometry": { "type": "LineString", "coordinates": [ [ 103.828701099999989, 1.3560337 ], [ 103.828512499999988, 1.3559714 ], [ 103.828231799999983, 1.3558454 ], [ 103.82817249999998, 1.3558021 ], [ 103.8281366, 1.3557636 ], [ 103.8281018, 1.3557234 ], [ 103.8280201, 1.3556326 ] ] } },
{ "type": "Feature", "properties": { "u": 1318459099, "v": 1318459201, "key": 0, "index": 80, "osmid": [ 117035210, 717017675, 717017676 ], "highway": "residential", "lanes": null, "maxspeed": "40", "name": "Carnation Drive", "oneway": false, "reversed": "False", "length": 190.76486680129099, "bridge": null, "junction": null, "length_m": 191.03175588317282, "building_count_50m": 50, "avg_building_area": 539.92886796198013, "poi_count_50m": 1, "highway_clean": "residential", "highway_rank": 2, "sinuosity": 1.0226593688171841, "poi_diversity": 0.0, "food_drink_count": 1, "street_furniture_count": 1, "degree_u": 6, "degree_v": 6, "avg_connectivity": 6.0, "city": "Singapore", "cluster": 2, "typology": "Local Mixed Street" }, "geometry": { "type": "LineString", "coordinates": [ [ 103.828701099999989, 1.3560337 ], [ 103.828843399999982, 1.3559443 ], [ 103.8290254, 1.3558396 ], [ 103.8292027, 1.3557162 ], [ 103.829356700000019, 1.3555835 ], [ 103.829482299999981, 1.3554613 ], [ 103.829589199999987, 1.3553368 ], [ 103.8296606, 1.3552361 ], [ 103.829748399999986, 1.3551098 ], [ 103.829814099999979, 1.3549956 ], [ 103.829878, 1.3548379 ] ] } },
{ "type": "Feature", "properties": { "u": 1318459099, "v": 1318459301, "key": 0, "index": 81, "osmid": [ 645115405, 717017677 ], "highway": "residential", "lanes": "2", "maxspeed": "40", "name": "Gardenia Road", "oneway": false, "reversed": "True", "length": 53.861077509001227, "bridge": null, "junction": null, "length_m": 53.936445358452879, "building_count_50m": 24, "avg_building_area": 313.43375274008287, "poi_count_50m": 2, "highway_clean": "residential", "highway_rank": 2, "sinuosity": 1.0001901684131256, "poi_diversity": 0.0, "food_drink_count": 1, "street_furniture_count": 1, "degree_u": 6, "degree_v": 6, "avg_connectivity": 6.0, "city": "Singapore", "cluster": 2, "typology": "Local Mixed Street" }, "geometry": { "type": "LineString", "coordinates": [ [ 103.828701099999989, 1.3560337 ], [ 103.8290305, 1.3561558 ], [ 103.8291573, 1.3561966 ] ] } },
{ "type": "Feature", "properties": { "u": 1318459114, "v": 1318459125, "key": 0, "index": 82, "osmid": "117035208", "highway": "residential", "lanes": "2", "maxspeed": "40", "name": "Jasmine Road", "oneway": false, "reversed": "True", "length": 59.919348651011077, "bridge": null, "junction": null, "length_m": 60.003146939920818, "building_count_50m": 32, "avg_building_area": 696.4035891858382, "poi_count_50m": 1, "highway_clean": "residential", "highway_rank": 2, "sinuosity": 1.0, "poi_diversity": 0.0, "food_drink_count": 1, "street_furniture_count": 1, "degree_u": 6, "degree_v": 6, "avg_connectivity": 6.0, "city": "Singapore", "cluster": 2, "typology": "Local Mixed Street" }, "geometry": { "type": "LineString", "coordinates": [ [ 103.829572299999981, 1.3544397 ], [ 103.8292497, 1.354008 ] ] } },
{ "type": "Feature", "properties": { "u": 1318459114, "v": 1318459201, "key": 0, "index": 83, "osmid": "645261378", "highway": "residential", "lanes": "2", "maxspeed": "40", "name": "Jasmine Road", "oneway": false, "reversed": "False", "length": 55.81544650064059, "bridge": null, "junction": null, "length_m": 55.893514979485175, "building_count_50m": 28, "avg_building_area": 768.77183400719764, "poi_count_50m": 1, "highway_clean": "residential", "highway_rank": 2, "sinuosity": 1.0, "poi_diversity": 0.0, "food_drink_count": 1, "street_furniture_count": 1, "degree_u": 6, "degree_v": 6, "avg_connectivity": 6.0, "city": "Singapore", "cluster": 2, "typology": "Local Mixed Street" }, "geometry": { "type": "LineString", "coordinates": [ [ 103.829572299999981, 1.3544397 ], [ 103.829878, 1.3548379 ] ] } },
{ "type": "Feature", "properties": { "u": 1318459114, "v": 1318459238, "key": 0, "index": 84, "osmid": [ 717017680, 717017681, 117035197 ], "highway": "residential", "lanes": "2", "maxspeed": "40", "name": "Orchid Drive", "oneway": false, "reversed": "True", "length": 236.96012221560255, "bridge": null, "junction": null, "length_m": 237.29161341845085, "building_count_50m": 64, "avg_building_area": 453.70216891097925, "poi_count_50m": 1, "highway_clean": "residential", "highway_rank": 2, "sinuosity": 1.0887654260322976, "poi_diversity": 0.0, "food_drink_count": 1, "street_furniture_count": 1, "degree_u": 6, "degree_v": 6, "avg_connectivity": 6.0, "city": "Singapore", "cluster": 2, "typology": "Local Mixed Street" }, "geometry": { "type": "LineString", "coordinates": [ [ 103.829572299999981, 1.3544397 ], [ 103.829474099999985, 1.3546917 ], [ 103.829346799999982, 1.3549559 ], [ 103.8292552, 1.3550961 ], [ 103.829012399999982, 1.3553405 ], [ 103.8286808, 1.3555345 ], [ 103.828441699999985, 1.3555981 ], [ 103.828214099999983, 1.3556318 ], [ 103.8280201, 1.3556326 ] ] } },
{ "type": "Feature", "properties": { "u": 1318459125, "v": 1318459114, "key": 0, "index": 85, "osmid": "117035208", "highway": "residential", "lanes": "2", "maxspeed": "40", "name": "Jasmine Road", "oneway": false, "reversed": "False", "length": 59.919348651011077, "bridge": null, "junction": null, "length_m": 60.003146939920818, "building_count_50m": 32, "avg_building_area": 696.4035891858382, "poi_count_50m": 1, "highway_clean": "residential", "highway_rank": 2, "sinuosity": 1.0, "poi_diversity": 0.0, "food_drink_count": 1, "street_furniture_count": 1, "degree_u": 6, "degree_v": 6, "avg_connectivity": 6.0, "city": "Singapore", "cluster": 2, "typology": "Local Mixed Street" }, "geometry": { "type": "LineString", "coordinates": [ [ 103.8292497, 1.354008 ], [ 103.829572299999981, 1.3544397 ] ] } },
{ "type": "Feature", "properties": { "u": 1318459125, "v": 1318459246, "key": 0, "index": 86, "osmid": [ 636851194, 464804357 ], "highway": "residential", "lanes": "2", "maxspeed": "40", "name": "Jasmine Road", "oneway": false, "reversed": "True", "length": 51.37636607772729, "bridge": null, "junction": null, "length_m": 51.448208498921083, "building_count_50m": 27, "avg_building_area": 169.22929161744017, "poi_count_50m": 1, "highway_clean": "residential", "highway_rank": 2, "sinuosity": 1.0000767953846921, "poi_diversity": 0.0, "food_drink_count": 1, "street_furniture_count": 1, "degree_u": 6, "degree_v": 6, "avg_connectivity": 6.0, "city": "Singapore", "cluster": 2, "typology": "Local Mixed Street" }, "geometry": { "type": "LineString", "coordinates": [ [ 103.8292497, 1.354008 ], [ 103.829105399999989, 1.3538348 ], [ 103.8290552, 1.3537745 ], [ 103.8290037, 1.3537126 ], [ 103.828956, 1.3536513 ] ] } },
{ "type": "Feature", "properties": { "u": 1318459125, "v": 1318459326, "key": 0, "index": 87, "osmid": [ 117035206, 717017678 ], "highway": "residential", "lanes": "2", "maxspeed": "40", "name": "Gladiola Drive", "oneway": false, "reversed": "True", "length": 223.50733831537795, "bridge": null, "junction": null, "length_m": 223.81996954290071, "building_count_50m": 61, "avg_building_area": 187.42322622375565, "poi_count_50m": 1, "highway_clean": "residential", "highway_rank": 2, "sinuosity": 1.2413711943488916, "poi_diversity": 0.0, "food_drink_count": 1, "street_furniture_count": 1, "degree_u": 6, "degree_v": 6, "avg_connectivity": 6.0, "city": "Singapore", "cluster": 2, "typology": "Local Mixed Street" }, "geometry": { "type": "LineString", "coordinates": [ [ 103.8292497, 1.354008 ], [ 103.829241199999984, 1.3540469 ], [ 103.8291949, 1.3542592 ], [ 103.829157199999983, 1.3543446 ], [ 103.8290815, 1.354527 ], [ 103.828981199999987, 1.3546878 ], [ 103.8288524, 1.3548702 ], [ 103.8287076, 1.355015 ], [ 103.828595, 1.3550954 ], [ 103.828439399999979, 1.3551866 ], [ 103.8283311, 1.3552005 ], [ 103.828240899999983, 1.355192 ], [ 103.8281782, 1.3551764 ], [ 103.8281189, 1.3551411 ], [ 103.8280682, 1.3551094 ], [ 103.8279785, 1.3550114 ] ] } },
{ "type": "Feature", "properties": { "u": 1318459146, "v": 1318459160, "key": 0, "index": 88, "osmid": "117035214", "highway": "residential", "lanes": null, "maxspeed": "40", "name": "Venus Road", "oneway": false, "reversed": "True", "length": 92.781146079781507, "bridge": null, "junction": null, "length_m": 92.911070460935235, "building_count_50m": 10, "avg_building_area": 699.29490492357286, "poi_count_50m": 3, "highway_clean": "residential", "highway_rank": 2, "sinuosity": 1.0152373150159606, "poi_diversity": 0.63651416829481278, "food_drink_count": 1, "street_furniture_count": 1, "degree_u": 2, "degree_v": 6, "avg_connectivity": 4.0, "city": "Singapore", "cluster": 0, "typology": "Arterial Movement Corridor" }, "geometry": { "type": "LineString", "coordinates": [ [ 103.828432, 1.3588337 ], [ 103.8280746, 1.3585631 ], [ 103.8280188, 1.3585354 ], [ 103.8277077, 1.3584449 ] ] } },
{ "type": "Feature", "properties": { "u": 1318459153, "v": 4486815537, "key": 0, "index": 89, "osmid": "645117896", "highway": "residential", "lanes": "2", "maxspeed": "40", "name": "Gardenia Road", "oneway": false, "reversed": "False", "length": 51.451458252642169, "bridge": null, "junction": null, "length_m": 51.523427618422751, "building_count_50m": 29, "avg_building_area": 174.47551318206527, "poi_count_50m": 1, "highway_clean": "residential", "highway_rank": 2, "sinuosity": 1.0, "poi_diversity": 0.0, "food_drink_count": 1, "street_furniture_count": 1, "degree_u": 6, "degree_v": 6, "avg_connectivity": 6.0, "city": "Singapore", "cluster": 2, "typology": "Local Mixed Street" }, "geometry": { "type": "LineString", "coordinates": [ [ 103.8274456, 1.3550486 ], [ 103.8271713, 1.3546759 ] ] } },
{ "type": "Feature", "properties": { "u": 1318459153, "v": 1318459247, "key": 0, "index": 90, "osmid": "645117897", "highway": "residential", "lanes": "2", "maxspeed": "40", "name": "Gardenia Road", "oneway": false, "reversed": "True", "length": 32.028207013048494, "bridge": null, "junction": null, "length_m": 32.073011241461849, "building_count_50m": 26, "avg_building_area": 170.46480092599401, "poi_count_50m": 1, "highway_clean": "residential", "highway_rank": 2, "sinuosity": 1.0, "poi_diversity": 0.0, "food_drink_count": 1, "street_furniture_count": 1, "degree_u": 6, "degree_v": 6, "avg_connectivity": 6.0, "city": "Singapore", "cluster": 2, "typology": "Local Mixed Street" }, "geometry": { "type": "LineString", "coordinates": [ [ 103.8274456, 1.3550486 ], [ 103.827658199999988, 1.355243 ] ] } },
{ "type": "Feature", "properties": { "u": 1318459153, "v": 5698393591, "key": 0, "index": 91, "osmid": [ 711326068, 598720594, 696707716 ], "highway": "residential", "lanes": "2", "maxspeed": "40", "name": "Gardenia Road", "oneway": false, "reversed": "True", "length": 236.43685534058707, "bridge": null, "junction": null, "length_m": 236.76766786017365, "building_count_50m": 68, "avg_building_area": 208.51463784730205, "poi_count_50m": 4, "highway_clean": "residential", "highway_rank": 2, "sinuosity": 1.0379866294512694, "poi_diversity": 0.0, "food_drink_count": 1, "street_furniture_count": 1, "degree_u": 6, "degree_v": 5, "avg_connectivity": 5.5, "city": "Singapore", "cluster": 2, "typology": "Local Mixed Street" }, "geometry": { "type": "LineString", "coordinates": [ [ 103.8274456, 1.3550486 ], [ 103.827470099999985, 1.3551147 ], [ 103.8274969, 1.3551617 ], [ 103.827538499999989, 1.35523 ], [ 103.8278188, 1.3555411 ], [ 103.8280548, 1.3557932 ], [ 103.8281098, 1.3558575 ], [ 103.8281527, 1.3558991 ], [ 103.8281943, 1.3559165 ], [ 103.8282922, 1.3559581 ], [ 103.8284451, 1.356017 ], [ 103.828972799999988, 1.3562168 ], [ 103.828984199999979, 1.3562208 ], [ 103.8289936, 1.3562248 ], [ 103.829101, 1.3562559 ] ] } },
{ "type": "Feature", "properties": { "u": 1318459160, "v": 3998723973, "key": 0, "index": 92, "osmid": "632451497", "highway": "residential", "lanes": null, "maxspeed": "40", "name": "Venus Road", "oneway": false, "reversed": "False", "length": 14.073044805864388, "bridge": null, "junction": null, "length_m": 14.092751149647437, "building_count_50m": 7, "avg_building_area": 938.45462511991184, "poi_count_50m": 3, "highway_clean": "residential", "highway_rank": 2, "sinuosity": 1.0, "poi_diversity": 0.63651416829481278, "food_drink_count": 1, "street_furniture_count": 1, "degree_u": 6, "degree_v": 2, "avg_connectivity": 4.0, "city": "Singapore", "cluster": 0, "typology": "Arterial Movement Corridor" }, "geometry": { "type": "LineString", "coordinates": [ [ 103.8277077, 1.3584449 ], [ 103.827672599999985, 1.3585665 ] ] } },
{ "type": "Feature", "properties": { "u": 1318459160, "v": 1318459289, "key": 0, "index": 93, "osmid": [ 632451498, 117035203 ], "highway": "residential", "lanes": "2", "maxspeed": "40", "name": "Venus Road", "oneway": false, "reversed": "True", "length": 54.457882956200905, "bridge": null, "junction": null, "length_m": 54.534133101627134, "building_count_50m": 25, "avg_building_area": 333.7353338289941, "poi_count_50m": 4, "highway_clean": "residential", "highway_rank": 2, "sinuosity": 1.0000000065456056, "poi_diversity": 0.56233514461880829, "food_drink_count": 1, "street_furniture_count": 1, "degree_u": 6, "degree_v": 6, "avg_connectivity": 6.0, "city": "Singapore", "cluster": 2, "typology": "Local Mixed Street" }, "geometry": { "type": "LineString", "coordinates": [ [ 103.8277077, 1.3584449 ], [ 103.8277414, 1.3583284 ], [ 103.8278437, 1.3579744 ] ] } },
{ "type": "Feature", "properties": { "u": 1318459160, "v": 1318459146, "key": 0, "index": 94, "osmid": "117035214", "highway": "residential", "lanes": null, "maxspeed": "40", "name": "Venus Road", "oneway": false, "reversed": "False", "length": 92.781146079781507, "bridge": null, "junction": null, "length_m": 92.911070460935235, "building_count_50m": 10, "avg_building_area": 699.29490492357286, "poi_count_50m": 3, "highway_clean": "residential", "highway_rank": 2, "sinuosity": 1.0152373150159606, "poi_diversity": 0.63651416829481278, "food_drink_count": 1, "street_furniture_count": 1, "degree_u": 6, "degree_v": 2, "avg_connectivity": 4.0, "city": "Singapore", "cluster": 0, "typology": "Arterial Movement Corridor" }, "geometry": { "type": "LineString", "coordinates": [ [ 103.8277077, 1.3584449 ], [ 103.8280188, 1.3585354 ], [ 103.8280746, 1.3585631 ], [ 103.828432, 1.3588337 ] ] } },
{ "type": "Feature", "properties": { "u": 1318459190, "v": 1318459301, "key": 0, "index": 95, "osmid": [ 464768861, 681313558 ], "highway": "residential", "lanes": "2", "maxspeed": "40", "name": "Gardenia Road", "oneway": false, "reversed": "False", "length": 116.14604676770821, "bridge": null, "junction": null, "length_m": 116.30855641046432, "building_count_50m": 31, "avg_building_area": 248.09941078447372, "poi_count_50m": 2, "highway_clean": "residential", "highway_rank": 2, "sinuosity": 1.0000042963020679, "poi_diversity": 0.0, "food_drink_count": 1, "street_furniture_count": 1, "degree_u": 6, "degree_v": 6, "avg_connectivity": 6.0, "city": "Singapore", "cluster": 2, "typology": "Local Mixed Street" }, "geometry": { "type": "LineString", "coordinates": [ [ 103.8299077, 1.3554698 ], [ 103.829609199999979, 1.355761 ], [ 103.8291573, 1.3561966 ] ] } },
{ "type": "Feature", "properties": { "u": 1318459190, "v": 4749279415, "key": 0, "index": 96, "osmid": "464768862", "highway": "residential", "lanes": "2", "maxspeed": "40", "name": "Jasmine Road", "oneway": false, "reversed": "True", "length": 43.039881811674093, "bridge": null, "junction": null, "length_m": 43.100098746369383, "building_count_50m": 16, "avg_building_area": 302.79357194133672, "poi_count_50m": 1, "highway_clean": "residential", "highway_rank": 2, "sinuosity": 1.0000000624588388, "poi_diversity": 0.0, "food_drink_count": 1, "street_furniture_count": 1, "degree_u": 6, "degree_v": 5, "avg_connectivity": 5.5, "city": "Singapore", "cluster": 2, "typology": "Local Mixed Street" }, "geometry": { "type": "LineString", "coordinates": [ [ 103.8299077, 1.3554698 ], [ 103.830130299999979, 1.3557554 ], [ 103.8301457, 1.3557751 ] ] } },
{ "type": "Feature", "properties": { "u": 1318459190, "v": 1318459201, "key": 0, "index": 97, "osmid": [ 634065048, 636852753, 464804356, 636852756 ], "highway": "residential", "lanes": "2", "maxspeed": "40", "name": "Jasmine Road", "oneway": false, "reversed": "True", "length": 74.000937357264263, "bridge": null, "junction": null, "length_m": 74.104457350966726, "building_count_50m": 26, "avg_building_area": 898.07504699223682, "poi_count_50m": 2, "highway_clean": "residential", "highway_rank": 2, "sinuosity": 1.0520209166855075, "poi_diversity": 0.69314718055994529, "food_drink_count": 1, "street_furniture_count": 1, "degree_u": 6, "degree_v": 6, "avg_connectivity": 6.0, "city": "Singapore", "cluster": 2, "typology": "Local Mixed Street" }, "geometry": { "type": "LineString", "coordinates": [ [ 103.8299077, 1.3554698 ], [ 103.8299161, 1.3554565 ], [ 103.82993759999998, 1.3554223 ], [ 103.8299526, 1.3553848 ], [ 103.8299562, 1.3553405 ], [ 103.8299695, 1.355046 ], [ 103.8299606, 1.3549991 ], [ 103.829945400000014, 1.3549525 ], [ 103.829924299999988, 1.354913 ], [ 103.829878, 1.3548379 ] ] } },
{ "type": "Feature", "properties": { "u": 1318459201, "v": 1318459114, "key": 0, "index": 98, "osmid": "645261378", "highway": "residential", "lanes": "2", "maxspeed": "40", "name": "Jasmine Road", "oneway": false, "reversed": "True", "length": 55.81544650064059, "bridge": null, "junction": null, "length_m": 55.893514979485175, "building_count_50m": 28, "avg_building_area": 768.77183400719764, "poi_count_50m": 1, "highway_clean": "residential", "highway_rank": 2, "sinuosity": 1.0, "poi_diversity": 0.0, "food_drink_count": 1, "street_furniture_count": 1, "degree_u": 6, "degree_v": 6, "avg_connectivity": 6.0, "city": "Singapore", "cluster": 2, "typology": "Local Mixed Street" }, "geometry": { "type": "LineString", "coordinates": [ [ 103.829878, 1.3548379 ], [ 103.829572299999981, 1.3544397 ] ] } },
{ "type": "Feature", "properties": { "u": 1318459201, "v": 1318459190, "key": 0, "index": 99, "osmid": [ 634065048, 636852753, 636852756, 464804356 ], "highway": "residential", "lanes": "2", "maxspeed": "40", "name": "Jasmine Road", "oneway": false, "reversed": "False", "length": 74.000937357264249, "bridge": null, "junction": null, "length_m": 74.10445735096674, "building_count_50m": 26, "avg_building_area": 898.07504699223682, "poi_count_50m": 2, "highway_clean": "residential", "highway_rank": 2, "sinuosity": 1.0520209166855077, "poi_diversity": 0.69314718055994529, "food_drink_count": 1, "street_furniture_count": 1, "degree_u": 6, "degree_v": 6, "avg_connectivity": 6.0, "city": "Singapore", "cluster": 2, "typology": "Local Mixed Street" }, "geometry": { "type": "LineString", "coordinates": [ [ 103.829878, 1.3548379 ], [ 103.829924299999988, 1.354913 ], [ 103.829945400000014, 1.3549525 ], [ 103.8299606, 1.3549991 ], [ 103.8299695, 1.355046 ], [ 103.8299562, 1.3553405 ], [ 103.8299526, 1.3553848 ], [ 103.82993759999998, 1.3554223 ], [ 103.8299161, 1.3554565 ], [ 103.8299077, 1.3554698 ] ] } },
{ "type": "Feature", "properties": { "u": 1318459201, "v": 1318459099, "key": 0, "index": 100, "osmid": [ 117035210, 717017675, 717017676 ], "highway": "residential", "lanes": null, "maxspeed": "40", "name": "Carnation Drive", "oneway": false, "reversed": "True", "length": 190.76486680129096, "bridge": null, "junction": null, "length_m": 191.03175588317276, "building_count_50m": 50, "avg_building_area": 539.92886796198013, "poi_count_50m": 1, "highway_clean": "residential", "highway_rank": 2, "sinuosity": 1.0226593688171839, "poi_diversity": 0.0, "food_drink_count": 1, "street_furniture_count": 1, "degree_u": 6, "degree_v": 6, "avg_connectivity": 6.0, "city": "Singapore", "cluster": 2, "typology": "Local Mixed Street" }, "geometry": { "type": "LineString", "coordinates": [ [ 103.829878, 1.3548379 ], [ 103.829814099999979, 1.3549956 ], [ 103.829748399999986, 1.3551098 ], [ 103.8296606, 1.3552361 ], [ 103.829589199999987, 1.3553368 ], [ 103.829482299999981, 1.3554613 ], [ 103.829356700000019, 1.3555835 ], [ 103.8292027, 1.3557162 ], [ 103.8290254, 1.3558396 ], [ 103.828843399999982, 1.3559443 ], [ 103.828701099999989, 1.3560337 ] ] } },
{ "type": "Feature", "properties": { "u": 1318459203, "v": 1318498332, "key": 0, "index": 101, "osmid": "645122848", "highway": "residential", "lanes": "2", "maxspeed": "40", "name": "Capricorn Drive", "oneway": false, "reversed": "True", "length": 30.337787651758703, "bridge": null, "junction": null, "length_m": 30.380271514314156, "building_count_50m": 22, "avg_building_area": 236.53956748745665, "poi_count_50m": 1, "highway_clean": "residential", "highway_rank": 2, "sinuosity": 1.0, "poi_diversity": 0.0, "food_drink_count": 1, "street_furniture_count": 1, "degree_u": 2, "degree_v": 6, "avg_connectivity": 4.0, "city": "Singapore", "cluster": 2, "typology": "Local Mixed Street" }, "geometry": { "type": "LineString", "coordinates": [ [ 103.825308800000016, 1.3588095 ], [ 103.8253792, 1.3585459 ] ] } },
{ "type": "Feature", "properties": { "u": 1318459215, "v": 1318498346, "key": 0, "index": 102, "osmid": "645123756", "highway": "residential", "lanes": null, "maxspeed": "40", "name": "Jupiter Road", "oneway": false, "reversed": "True", "length": 44.932832641529856, "bridge": null, "junction": null, "length_m": 44.995748936984491, "building_count_50m": 19, "avg_building_area": 258.27253575377205, "poi_count_50m": 1, "highway_clean": "residential", "highway_rank": 2, "sinuosity": 1.0, "poi_diversity": 0.0, "food_drink_count": 1, "street_furniture_count": 1, "degree_u": 2, "degree_v": 6, "avg_connectivity": 4.0, "city": "Singapore", "cluster": 2, "typology": "Local Mixed Street" }, "geometry": { "type": "LineString", "coordinates": [ [ 103.8244063, 1.3584331 ], [ 103.8247837, 1.3582884 ] ] } },
{ "type": "Feature", "properties": { "u": 1318459219, "v": 1318459289, "key": 0, "index": 103, "osmid": [ 464768859, 641077847 ], "highway": "residential", "lanes": "2", "maxspeed": "40", "name": "Windsor Park Road", "oneway": false, "reversed": "False", "length": 91.392829081677021, "bridge": null, "junction": null, "length_m": 91.520789838575894, "building_count_50m": 25, "avg_building_area": 263.16863394339822, "poi_count_50m": 5, "highway_clean": "residential", "highway_rank": 2, "sinuosity": 1.0005641980967592, "poi_diversity": 0.0, "food_drink_count": 1, "street_furniture_count": 1, "degree_u": 4, "degree_v": 6, "avg_connectivity": 5.0, "city": "Singapore", "cluster": 2, "typology": "Local Mixed Street" }, "geometry": { "type": "LineString", "coordinates": [ [ 103.8286341, 1.3581989 ], [ 103.828536, 1.3581804 ], [ 103.8278437, 1.3579744 ] ] } },
{ "type": "Feature", "properties": { "u": 1318459219, "v": 4598764380, "key": 0, "index": 104, "osmid": [ 482041664, 479746465, 628202359 ], "highway": "primary", "lanes": [ "4", "3" ], "maxspeed": "60", "name": "Upper Thomson Road", "oneway": true, "reversed": "False", "length": 106.4791982478352, "bridge": null, "junction": null, "length_m": 106.62830751772364, "building_count_50m": 7, "avg_building_area": 475.4536952525628, "poi_count_50m": 4, "highway_clean": "primary", "highway_rank": 5, "sinuosity": 1.0002567879182767, "poi_diversity": 0.0, "food_drink_count": 1, "street_furniture_count": 1, "degree_u": 4, "degree_v": 3, "avg_connectivity": 3.5, "city": "Singapore", "cluster": 0, "typology": "Arterial Movement Corridor" }, "geometry": { "type": "LineString", "coordinates": [ [ 103.8286341, 1.3581989 ], [ 103.8286483, 1.3584658 ], [ 103.8286637, 1.3586044 ], [ 103.8286773, 1.3587273 ], [ 103.8287187, 1.3591525 ] ] } },
{ "type": "Feature", "properties": { "u": 1318459222, "v": 4486815539, "key": 0, "index": 105, "osmid": "644814981", "highway": "residential", "lanes": "2", "maxspeed": "40", "name": "Toronto Road", "oneway": false, "reversed": "False", "length": 70.834220413238612, "bridge": null, "junction": null, "length_m": 70.933351844988948, "building_count_50m": 22, "avg_building_area": 279.0274475068577, "poi_count_50m": 1, "highway_clean": "residential", "highway_rank": 2, "sinuosity": 1.0, "poi_diversity": 0.0, "food_drink_count": 1, "street_furniture_count": 1, "degree_u": 6, "degree_v": 6, "avg_connectivity": 6.0, "city": "Singapore", "cluster": 2, "typology": "Local Mixed Street" }, "geometry": { "type": "LineString", "coordinates": [ [ 103.8262727, 1.3568675 ], [ 103.826455, 1.3562571 ] ] } },
{ "type": "Feature", "properties": { "u": 1318459222, "v": 5698393564, "key": 0, "index": 106, "osmid": [ 644704929, 117035215, 717017686, 717017687, 633807003 ], "highway": "residential", "lanes": "2", "maxspeed": "40", "name": "Ontario Avenue", "oneway": false, "reversed": "True", "length": 230.14663355892381, "bridge": null, "junction": null, "length_m": 230.46878588545269, "building_count_50m": 57, "avg_building_area": 286.95351512854086, "poi_count_50m": 1, "highway_clean": "residential", "highway_rank": 2, "sinuosity": 1.273733954104187, "poi_diversity": 0.0, "food_drink_count": 1, "street_furniture_count": 1, "degree_u": 6, "degree_v": 6, "avg_connectivity": 6.0, "city": "Singapore", "cluster": 2, "typology": "Local Mixed Street" }, "geometry": { "type": "LineString", "coordinates": [ [ 103.8262727, 1.3568675 ], [ 103.826288, 1.3568731 ], [ 103.826552799999988, 1.3569703 ], [ 103.8270076, 1.3571183 ], [ 103.827344, 1.3572277 ], [ 103.827466699999988, 1.3572696 ], [ 103.82765209999998, 1.3573307 ], [ 103.82769, 1.3573502 ], [ 103.8277074, 1.357387 ], [ 103.8277026, 1.3574293 ], [ 103.827608699999985, 1.3576895 ], [ 103.8275473, 1.3578494 ], [ 103.8275367, 1.3578891 ] ] } },
{ "type": "Feature", "properties": { "u": 1318459222, "v": 1318459258, "key": 0, "index": 107, "osmid": [ 717017689, 644399836 ], "highway": "residential", "lanes": "2", "maxspeed": "40", "name": "Toronto Road", "oneway": false, "reversed": "True", "length": 68.871827701513837, "bridge": null, "junction": null, "length_m": 68.968229801442106, "building_count_50m": 28, "avg_building_area": 386.42842901564433, "poi_count_50m": 1, "highway_clean": "residential", "highway_rank": 2, "sinuosity": 1.0000239204185379, "poi_diversity": 0.0, "food_drink_count": 1, "street_furniture_count": 1, "degree_u": 6, "degree_v": 6, "avg_connectivity": 6.0, "city": "Singapore", "cluster": 2, "typology": "Local Mixed Street" }, "geometry": { "type": "LineString", "coordinates": [ [ 103.8262727, 1.3568675 ], [ 103.826126299999984, 1.3572747 ], [ 103.826079199999981, 1.3573997 ], [ 103.826060499999983, 1.3574494 ] ] } },
{ "type": "Feature", "properties": { "u": 1318459233, "v": 1318459326, "key": 0, "index": 108, "osmid": "645112932", "highway": "residential", "lanes": "2", "maxspeed": "40", "name": "Daffodil Drive", "oneway": false, "reversed": "True", "length": 60.203815723497478, "bridge": null, "junction": null, "length_m": 60.288027412699414, "building_count_50m": 33, "avg_building_area": 196.04144720454511, "poi_count_50m": 1, "highway_clean": "residential", "highway_rank": 2, "sinuosity": 1.0, "poi_diversity": 0.0, "food_drink_count": 1, "street_furniture_count": 1, "degree_u": 6, "degree_v": 6, "avg_connectivity": 6.0, "city": "Singapore", "cluster": 2, "typology": "Local Mixed Street" }, "geometry": { "type": "LineString", "coordinates": [ [ 103.8284127, 1.3546878 ], [ 103.8279785, 1.3550114 ] ] } },
{ "type": "Feature", "properties": { "u": 1318459233, "v": 1318459283, "key": 0, "index": 109, "osmid": "117035213", "highway": "residential", "lanes": "2", "maxspeed": "40", "name": "Daffodil Drive", "oneway": false, "reversed": "False", "length": 120.69949251590459, "bridge": null, "junction": null, "length_m": 120.86829395817939, "building_count_50m": 39, "avg_building_area": 169.37584364048851, "poi_count_50m": 1, "highway_clean": "residential", "highway_rank": 2, "sinuosity": 1.0812333053890149, "poi_diversity": 0.0, "food_drink_count": 1, "street_furniture_count": 1, "degree_u": 6, "degree_v": 6, "avg_connectivity": 6.0, "city": "Singapore", "cluster": 2, "typology": "Local Mixed Street" }, "geometry": { "type": "LineString", "coordinates": [ [ 103.8284127, 1.3546878 ], [ 103.8284957, 1.3546275 ], [ 103.8285748, 1.3545464 ], [ 103.8286379, 1.3544626 ], [ 103.8286862, 1.3543768 ], [ 103.8287237, 1.3542856 ], [ 103.8287559, 1.3541703 ], [ 103.828772, 1.354055 ], [ 103.828781399999983, 1.3539625 ], [ 103.8287807, 1.3539149 ], [ 103.828772, 1.3538673 ], [ 103.828752599999987, 1.3538016 ], [ 103.8287239, 1.3537333 ] ] } },
{ "type": "Feature", "properties": { "u": 1318459233, "v": 1318459283, "key": 1, "index": 110, "osmid": "464768857", "highway": "residential", "lanes": "2", "maxspeed": "40", "name": "Marigold Drive", "oneway": false, "reversed": "False", "length": 175.36193981430807, "bridge": null, "junction": null, "length_m": 175.60717874465814, "building_count_50m": 43, "avg_building_area": 199.60182422215667, "poi_count_50m": 1, "highway_clean": "residential", "highway_rank": 2, "sinuosity": 1.5709027082803235, "poi_diversity": 0.0, "food_drink_count": 1, "street_furniture_count": 1, "degree_u": 6, "degree_v": 6, "avg_connectivity": 6.0, "city": "Singapore", "cluster": 2, "typology": "Local Mixed Street" }, "geometry": { "type": "LineString", "coordinates": [ [ 103.8284127, 1.3546878 ], [ 103.8280178, 1.3541111 ], [ 103.828001, 1.3540762 ], [ 103.827997699999983, 1.3540387 ], [ 103.828011099999983, 1.3540025 ], [ 103.828052699999986, 1.3539744 ], [ 103.8287239, 1.3537333 ] ] } },
{ "type": "Feature", "properties": { "u": 1318459238, "v": 1318459247, "key": 0, "index": 111, "osmid": "645117895", "highway": "residential", "lanes": "2", "maxspeed": "40", "name": "Gardenia Road", "oneway": false, "reversed": "False", "length": 59.120501543769613, "bridge": null, "junction": null, "length_m": 59.203212297817231, "building_count_50m": 30, "avg_building_area": 189.04424803531367, "poi_count_50m": 1, "highway_clean": "residential", "highway_rank": 2, "sinuosity": 1.0, "poi_diversity": 0.0, "food_drink_count": 1, "street_furniture_count": 1, "degree_u": 6, "degree_v": 6, "avg_connectivity": 6.0, "city": "Singapore", "cluster": 2, "typology": "Local Mixed Street" }, "geometry": { "type": "LineString", "coordinates": [ [ 103.8280201, 1.3556326 ], [ 103.827658199999988, 1.355243 ] ] } },
{ "type": "Feature", "properties": { "u": 1318459238, "v": 1318459099, "key": 0, "index": 112, "osmid": "117035198", "highway": "residential", "lanes": "2", "maxspeed": "40", "name": "Gardenia Road", "oneway": false, "reversed": "True", "length": 89.792782044525936, "bridge": null, "junction": null, "length_m": 89.918419976190734, "building_count_50m": 37, "avg_building_area": 205.13839343752323, "poi_count_50m": 1, "highway_clean": "residential", "highway_rank": 2, "sinuosity": 1.0219519207704655, "poi_diversity": 0.0, "food_drink_count": 1, "street_furniture_count": 1, "degree_u": 6, "degree_v": 6, "avg_connectivity": 6.0, "city": "Singapore", "cluster": 2, "typology": "Local Mixed Street" }, "geometry": { "type": "LineString", "coordinates": [ [ 103.8280201, 1.3556326 ], [ 103.8281018, 1.3557234 ], [ 103.8281366, 1.3557636 ], [ 103.82817249999998, 1.3558021 ], [ 103.828231799999983, 1.3558454 ], [ 103.828512499999988, 1.3559714 ], [ 103.828701099999989, 1.3560337 ] ] } },
{ "type": "Feature", "properties": { "u": 1318459238, "v": 1318459114, "key": 0, "index": 113, "osmid": [ 717017680, 717017681, 117035197 ], "highway": "residential", "lanes": "2", "maxspeed": "40", "name": "Orchid Drive", "oneway": false, "reversed": "False", "length": 236.96012221560258, "bridge": null, "junction": null, "length_m": 237.29161341845082, "building_count_50m": 64, "avg_building_area": 453.70216891097925, "poi_count_50m": 1, "highway_clean": "residential", "highway_rank": 2, "sinuosity": 1.0887654260322976, "poi_diversity": 0.0, "food_drink_count": 1, "street_furniture_count": 1, "degree_u": 6, "degree_v": 6, "avg_connectivity": 6.0, "city": "Singapore", "cluster": 2, "typology": "Local Mixed Street" }, "geometry": { "type": "LineString", "coordinates": [ [ 103.8280201, 1.3556326 ], [ 103.828214099999983, 1.3556318 ], [ 103.828441699999985, 1.3555981 ], [ 103.8286808, 1.3555345 ], [ 103.829012399999982, 1.3553405 ], [ 103.8292552, 1.3550961 ], [ 103.829346799999982, 1.3549559 ], [ 103.829474099999985, 1.3546917 ], [ 103.829572299999981, 1.3544397 ] ] } },
{ "type": "Feature", "properties": { "u": 1318459246, "v": 1318498384, "key": 0, "index": 114, "osmid": "117035212", "highway": "residential", "lanes": "2", "maxspeed": "40", "name": "Marigold Drive", "oneway": false, "reversed": "False", "length": 77.936874929915774, "bridge": null, "junction": null, "length_m": 78.045850790094917, "building_count_50m": 41, "avg_building_area": 142.72712488962529, "poi_count_50m": 1, "highway_clean": "residential", "highway_rank": 2, "sinuosity": 1.1192974013084944, "poi_diversity": 0.0, "food_drink_count": 1, "street_furniture_count": 1, "degree_u": 6, "degree_v": 6, "avg_connectivity": 6.0, "city": "Singapore", "cluster": 2, "typology": "Local Mixed Street" }, "geometry": { "type": "LineString", "coordinates": [ [ 103.828956, 1.3536513 ], [ 103.8290352, 1.3536192 ], [ 103.8292655, 1.3535418 ], [ 103.8293319, 1.3535412 ], [ 103.8293929, 1.3535541 ], [ 103.829455199999984, 1.3535835 ], [ 103.829506899999984, 1.3536209 ], [ 103.8295801, 1.3537046 ] ] } },
{ "type": "Feature", "properties": { "u": 1318459246, "v": 1318459125, "key": 0, "index": 115, "osmid": [ 636851194, 464804357 ], "highway": "residential", "lanes": "2", "maxspeed": "40", "name": "Jasmine Road", "oneway": false, "reversed": "False", "length": 51.37636607772729, "bridge": null, "junction": null, "length_m": 51.44820849892109, "building_count_50m": 27, "avg_building_area": 169.22929161744017, "poi_count_50m": 1, "highway_clean": "residential", "highway_rank": 2, "sinuosity": 1.0000767953846921, "poi_diversity": 0.0, "food_drink_count": 1, "street_furniture_count": 1, "degree_u": 6, "degree_v": 6, "avg_connectivity": 6.0, "city": "Singapore", "cluster": 2, "typology": "Local Mixed Street" }, "geometry": { "type": "LineString", "coordinates": [ [ 103.828956, 1.3536513 ], [ 103.8290037, 1.3537126 ], [ 103.8290552, 1.3537745 ], [ 103.829105399999989, 1.3538348 ], [ 103.8292497, 1.354008 ] ] } },
{ "type": "Feature", "properties": { "u": 1318459246, "v": 1318459283, "key": 0, "index": 116, "osmid": "645116367", "highway": "residential", "lanes": "2", "maxspeed": "40", "name": "Marigold Drive", "oneway": false, "reversed": "True", "length": 27.364915027202862, "bridge": null, "junction": null, "length_m": 27.403179345150075, "building_count_50m": 18, "avg_building_area": 152.78974531218381, "poi_count_50m": 1, "highway_clean": "residential", "highway_rank": 2, "sinuosity": 1.0000000140184475, "poi_diversity": 0.0, "food_drink_count": 1, "street_furniture_count": 1, "degree_u": 6, "degree_v": 6, "avg_connectivity": 6.0, "city": "Singapore", "cluster": 2, "typology": "Local Mixed Street" }, "geometry": { "type": "LineString", "coordinates": [ [ 103.828956, 1.3536513 ], [ 103.828905, 1.3536693 ], [ 103.8287239, 1.3537333 ] ] } },
{ "type": "Feature", "properties": { "u": 1318459247, "v": 1318459238, "key": 0, "index": 117, "osmid": "645117895", "highway": "residential", "lanes": "2", "maxspeed": "40", "name": "Gardenia Road", "oneway": false, "reversed": "True", "length": 59.120501543769613, "bridge": null, "junction": null, "length_m": 59.203212297817231, "building_count_50m": 30, "avg_building_area": 189.04424803531367, "poi_count_50m": 1, "highway_clean": "residential", "highway_rank": 2, "sinuosity": 1.0, "poi_diversity": 0.0, "food_drink_count": 1, "street_furniture_count": 1, "degree_u": 6, "degree_v": 6, "avg_connectivity": 6.0, "city": "Singapore", "cluster": 2, "typology": "Local Mixed Street" }, "geometry": { "type": "LineString", "coordinates": [ [ 103.827658199999988, 1.355243 ], [ 103.8280201, 1.3556326 ] ] } },
{ "type": "Feature", "properties": { "u": 1318459247, "v": 1318459153, "key": 0, "index": 118, "osmid": "645117897", "highway": "residential", "lanes": "2", "maxspeed": "40", "name": "Gardenia Road", "oneway": false, "reversed": "False", "length": 32.028207013048494, "bridge": null, "junction": null, "length_m": 32.073011241461849, "building_count_50m": 26, "avg_building_area": 170.46480092599401, "poi_count_50m": 1, "highway_clean": "residential", "highway_rank": 2, "sinuosity": 1.0, "poi_diversity": 0.0, "food_drink_count": 1, "street_furniture_count": 1, "degree_u": 6, "degree_v": 6, "avg_connectivity": 6.0, "city": "Singapore", "cluster": 2, "typology": "Local Mixed Street" }, "geometry": { "type": "LineString", "coordinates": [ [ 103.827658199999988, 1.355243 ], [ 103.8274456, 1.3550486 ] ] } },
{ "type": "Feature", "properties": { "u": 1318459247, "v": 1318459326, "key": 0, "index": 119, "osmid": [ 645112934, 717017679 ], "highway": "residential", "lanes": "2", "maxspeed": "40", "name": "Daffodil Drive", "oneway": false, "reversed": "False", "length": 43.988229808092527, "bridge": null, "junction": null, "length_m": 44.049764498438421, "building_count_50m": 28, "avg_building_area": 194.87315944421775, "poi_count_50m": 1, "highway_clean": "residential", "highway_rank": 2, "sinuosity": 1.0010310397859596, "poi_diversity": 0.0, "food_drink_count": 1, "street_furniture_count": 1, "degree_u": 6, "degree_v": 6, "avg_connectivity": 6.0, "city": "Singapore", "cluster": 2, "typology": "Local Mixed Street" }, "geometry": { "type": "LineString", "coordinates": [ [ 103.827658199999988, 1.355243 ], [ 103.827805399999988, 1.3551255 ], [ 103.827905499999986, 1.3550595 ], [ 103.8279785, 1.3550114 ] ] } },
{ "type": "Feature", "properties": { "u": 1318459253, "v": 1318459255, "key": 0, "index": 120, "osmid": [ 117035202, 717017691 ], "highway": "residential", "lanes": "2", "maxspeed": "40", "name": "Leo Drive", "oneway": false, "reversed": "True", "length": 70.171400800830753, "bridge": null, "junction": null, "length_m": 70.269660856410908, "building_count_50m": 52, "avg_building_area": 225.83155337228902, "poi_count_50m": 1, "highway_clean": "residential", "highway_rank": 2, "sinuosity": 1.0000804876783846, "poi_diversity": 0.0, "food_drink_count": 1, "street_furniture_count": 1, "degree_u": 2, "degree_v": 6, "avg_connectivity": 4.0, "city": "Singapore", "cluster": 2, "typology": "Local Mixed Street" }, "geometry": { "type": "LineString", "coordinates": [ [ 103.8259959, 1.3588026 ], [ 103.8261116, 1.3583486 ], [ 103.8261563, 1.3581923 ] ] } },
{ "type": "Feature", "properties": { "u": 1318459255, "v": 1318498359, "key": 0, "index": 121, "osmid": "645117077", "highway": "residential", "lanes": "2", "maxspeed": "40", "name": "Jupiter Road", "oneway": false, "reversed": "False", "length": 73.5785864380817, "bridge": null, "junction": null, "length_m": 73.681605671670525, "building_count_50m": 47, "avg_building_area": 258.24676825564546, "poi_count_50m": 1, "highway_clean": "residential", "highway_rank": 2, "sinuosity": 1.0, "poi_diversity": 0.0, "food_drink_count": 1, "street_furniture_count": 1, "degree_u": 6, "degree_v": 8, "avg_connectivity": 7.0, "city": "Singapore", "cluster": 2, "typology": "Local Mixed Street" }, "geometry": { "type": "LineString", "coordinates": [ [ 103.8261563, 1.3581923 ], [ 103.825516199999981, 1.3580239 ] ] } },
{ "type": "Feature", "properties": { "u": 1318459255, "v": 1318459324, "key": 0, "index": 122, "osmid": [ 635165216, 117035199 ], "highway": "residential", "lanes": "2", "maxspeed": "40", "name": "Jupiter Road", "oneway": false, "reversed": "True", "length": 172.65038577630293, "bridge": null, "junction": null, "length_m": 172.89212652242816, "building_count_50m": 54, "avg_building_area": 301.19400969091726, "poi_count_50m": 1, "highway_clean": "residential", "highway_rank": 2, "sinuosity": 1.377197111147076, "poi_diversity": 0.0, "food_drink_count": 1, "street_furniture_count": 1, "degree_u": 6, "degree_v": 6, "avg_connectivity": 6.0, "city": "Singapore", "cluster": 2, "typology": "Local Mixed Street" }, "geometry": { "type": "LineString", "coordinates": [ [ 103.8261563, 1.3581923 ], [ 103.8269611, 1.3584244 ], [ 103.8269991, 1.3584274 ], [ 103.827024599999987, 1.3584114 ], [ 103.8270432, 1.3583803 ], [ 103.827110399999981, 1.3581451 ], [ 103.827210899999983, 1.3577929 ] ] } },
{ "type": "Feature", "properties": { "u": 1318459255, "v": 1318459253, "key": 0, "index": 123, "osmid": [ 117035202, 717017691 ], "highway": "residential", "lanes": "2", "maxspeed": "40", "name": "Leo Drive", "oneway": false, "reversed": "False", "length": 70.171400800830753, "bridge": null, "junction": null, "length_m": 70.269660856410908, "building_count_50m": 52, "avg_building_area": 225.83155337228902, "poi_count_50m": 1, "highway_clean": "residential", "highway_rank": 2, "sinuosity": 1.0000804876783846, "poi_diversity": 0.0, "food_drink_count": 1, "street_furniture_count": 1, "degree_u": 6, "degree_v": 2, "avg_connectivity": 4.0, "city": "Singapore", "cluster": 2, "typology": "Local Mixed Street" }, "geometry": { "type": "LineString", "coordinates": [ [ 103.8261563, 1.3581923 ], [ 103.8261116, 1.3583486 ], [ 103.8259959, 1.3588026 ] ] } },
{ "type": "Feature", "properties": { "u": 1318459258, "v": 1318459324, "key": 0, "index": 124, "osmid": "633807007", "highway": "residential", "lanes": "2", "maxspeed": "40", "name": "Windsor Park Road", "oneway": false, "reversed": "True", "length": 133.46511627820715, "bridge": null, "junction": null, "length_m": 133.65195722546571, "building_count_50m": 50, "avg_building_area": 334.18064653747706, "poi_count_50m": 1, "highway_clean": "residential", "highway_rank": 2, "sinuosity": 1.0, "poi_diversity": 0.0, "food_drink_count": 1, "street_furniture_count": 1, "degree_u": 6, "degree_v": 6, "avg_connectivity": 6.0, "city": "Singapore", "cluster": 2, "typology": "Local Mixed Street" }, "geometry": { "type": "LineString", "coordinates": [ [ 103.826060499999983, 1.3574494 ], [ 103.827210899999983, 1.3577929 ] ] } },
{ "type": "Feature", "properties": { "u": 1318459258, "v": 3998723969, "key": 0, "index": 125, "osmid": "635106334", "highway": "residential", "lanes": "2", "maxspeed": "40", "name": "Windsor Park Road", "oneway": false, "reversed": "False", "length": 39.500294598929649, "bridge": null, "junction": null, "length_m": 39.555588387980919, "building_count_50m": 21, "avg_building_area": 383.71790597548579, "poi_count_50m": 1, "highway_clean": "residential", "highway_rank": 2, "sinuosity": 1.0, "poi_diversity": 0.0, "food_drink_count": 1, "street_furniture_count": 1, "degree_u": 6, "degree_v": 6, "avg_connectivity": 6.0, "city": "Singapore", "cluster": 2, "typology": "Local Mixed Street" }, "geometry": { "type": "LineString", "coordinates": [ [ 103.826060499999983, 1.3574494 ], [ 103.8257185, 1.357353 ] ] } },
{ "type": "Feature", "properties": { "u": 1318459258, "v": 1318459222, "key": 0, "index": 126, "osmid": [ 717017689, 644399836 ], "highway": "residential", "lanes": "2", "maxspeed": "40", "name": "Toronto Road", "oneway": false, "reversed": "False", "length": 68.871827701513837, "bridge": null, "junction": null, "length_m": 68.968229801442106, "building_count_50m": 28, "avg_building_area": 386.42842901564433, "poi_count_50m": 1, "highway_clean": "residential", "highway_rank": 2, "sinuosity": 1.0000239204185379, "poi_diversity": 0.0, "food_drink_count": 1, "street_furniture_count": 1, "degree_u": 6, "degree_v": 6, "avg_connectivity": 6.0, "city": "Singapore", "cluster": 2, "typology": "Local Mixed Street" }, "geometry": { "type": "LineString", "coordinates": [ [ 103.826060499999983, 1.3574494 ], [ 103.826079199999981, 1.3573997 ], [ 103.826126299999984, 1.3572747 ], [ 103.8262727, 1.3568675 ] ] } },
{ "type": "Feature", "properties": { "u": 1318459274, "v": 5138050330, "key": 0, "index": 127, "osmid": "537570266", "highway": "residential", "lanes": "1", "maxspeed": "40", "name": "Bright Hill Drive", "oneway": true, "reversed": "False", "length": 7.5853398411651094, "bridge": null, "junction": null, "length_m": 7.595966916265656, "building_count_50m": 2, "avg_building_area": 3689.3263090313644, "poi_count_50m": 3, "highway_clean": "residential", "highway_rank": 2, "sinuosity": 1.0000005011454172, "poi_diversity": 0.63651416829481278, "food_drink_count": 1, "street_furniture_count": 1, "degree_u": 4, "degree_v": 3, "avg_connectivity": 3.5, "city": "Singapore", "cluster": 0, "typology": "Arterial Movement Corridor" }, "geometry": { "type": "LineString", "coordinates": [ [ 103.8321182, 1.3602198 ], [ 103.832083899999986, 1.360222 ], [ 103.832050099999989, 1.3602241 ] ] } },
{ "type": "Feature", "properties": { "u": 1318459274, "v": 4598816963, "key": 0, "index": 128, "osmid": "629371234", "highway": "secondary", "lanes": "2", "maxspeed": "40", "name": "Sin Ming Avenue", "oneway": true, "reversed": "False", "length": 26.493266120106505, "bridge": null, "junction": null, "length_m": 26.53038190632844, "building_count_50m": 2, "avg_building_area": 3689.3263090313644, "poi_count_50m": 3, "highway_clean": "secondary", "highway_rank": 4, "sinuosity": 1.0000543386682341, "poi_diversity": 0.63651416829481278, "food_drink_count": 1, "street_furniture_count": 1, "degree_u": 4, "degree_v": 3, "avg_connectivity": 3.5, "city": "Singapore", "cluster": 0, "typology": "Arterial Movement Corridor" }, "geometry": { "type": "LineString", "coordinates": [ [ 103.8321182, 1.3602198 ], [ 103.8321132, 1.360163 ], [ 103.8320929, 1.3599829 ] ] } },
{ "type": "Feature", "properties": { "u": 1318459283, "v": 1318459233, "key": 0, "index": 129, "osmid": "117035213", "highway": "residential", "lanes": "2", "maxspeed": "40", "name": "Daffodil Drive", "oneway": false, "reversed": "True", "length": 120.69949251590459, "bridge": null, "junction": null, "length_m": 120.86829395817942, "building_count_50m": 39, "avg_building_area": 169.37584364048851, "poi_count_50m": 1, "highway_clean": "residential", "highway_rank": 2, "sinuosity": 1.0812333053890151, "poi_diversity": 0.0, "food_drink_count": 1, "street_furniture_count": 1, "degree_u": 6, "degree_v": 6, "avg_connectivity": 6.0, "city": "Singapore", "cluster": 2, "typology": "Local Mixed Street" }, "geometry": { "type": "LineString", "coordinates": [ [ 103.8287239, 1.3537333 ], [ 103.828752599999987, 1.3538016 ], [ 103.828772, 1.3538673 ], [ 103.8287807, 1.3539149 ], [ 103.828781399999983, 1.3539625 ], [ 103.828772, 1.354055 ], [ 103.8287559, 1.3541703 ], [ 103.8287237, 1.3542856 ], [ 103.8286862, 1.3543768 ], [ 103.8286379, 1.3544626 ], [ 103.8285748, 1.3545464 ], [ 103.8284957, 1.3546275 ], [ 103.8284127, 1.3546878 ] ] } },
{ "type": "Feature", "properties": { "u": 1318459283, "v": 1318459233, "key": 1, "index": 130, "osmid": "464768857", "highway": "residential", "lanes": "2", "maxspeed": "40", "name": "Marigold Drive", "oneway": false, "reversed": "True", "length": 175.36193981430807, "bridge": null, "junction": null, "length_m": 175.60717874465814, "building_count_50m": 43, "avg_building_area": 199.60182422215667, "poi_count_50m": 1, "highway_clean": "residential", "highway_rank": 2, "sinuosity": 1.5709027082803235, "poi_diversity": 0.0, "food_drink_count": 1, "street_furniture_count": 1, "degree_u": 6, "degree_v": 6, "avg_connectivity": 6.0, "city": "Singapore", "cluster": 2, "typology": "Local Mixed Street" }, "geometry": { "type": "LineString", "coordinates": [ [ 103.8287239, 1.3537333 ], [ 103.828052699999986, 1.3539744 ], [ 103.828011099999983, 1.3540025 ], [ 103.827997699999983, 1.3540387 ], [ 103.828001, 1.3540762 ], [ 103.8280178, 1.3541111 ], [ 103.8284127, 1.3546878 ] ] } },
{ "type": "Feature", "properties": { "u": 1318459283, "v": 1318459246, "key": 0, "index": 131, "osmid": "645116367", "highway": "residential", "lanes": "2", "maxspeed": "40", "name": "Marigold Drive", "oneway": false, "reversed": "False", "length": 27.364915027202862, "bridge": null, "junction": null, "length_m": 27.403179345150075, "building_count_50m": 18, "avg_building_area": 152.78974531218381, "poi_count_50m": 1, "highway_clean": "residential", "highway_rank": 2, "sinuosity": 1.0000000140184475, "poi_diversity": 0.0, "food_drink_count": 1, "street_furniture_count": 1, "degree_u": 6, "degree_v": 6, "avg_connectivity": 6.0, "city": "Singapore", "cluster": 2, "typology": "Local Mixed Street" }, "geometry": { "type": "LineString", "coordinates": [ [ 103.8287239, 1.3537333 ], [ 103.828905, 1.3536693 ], [ 103.828956, 1.3536513 ] ] } },
{ "type": "Feature", "properties": { "u": 1318459289, "v": 5698393564, "key": 0, "index": 132, "osmid": "633807005", "highway": "residential", "lanes": "2", "maxspeed": "40", "name": "Windsor Park Road", "oneway": false, "reversed": "False", "length": 35.4208548014564, "bridge": null, "junction": null, "length_m": 35.470445843451259, "building_count_50m": 26, "avg_building_area": 286.77213881862031, "poi_count_50m": 1, "highway_clean": "residential", "highway_rank": 2, "sinuosity": 1.0, "poi_diversity": 0.0, "food_drink_count": 1, "street_furniture_count": 1, "degree_u": 6, "degree_v": 6, "avg_connectivity": 6.0, "city": "Singapore", "cluster": 2, "typology": "Local Mixed Street" }, "geometry": { "type": "LineString", "coordinates": [ [ 103.8278437, 1.3579744 ], [ 103.8275367, 1.3578891 ] ] } },
{ "type": "Feature", "properties": { "u": 1318459289, "v": 1318459160, "key": 0, "index": 133, "osmid": [ 632451498, 117035203 ], "highway": "residential", "lanes": "2", "maxspeed": "40", "name": "Venus Road", "oneway": false, "reversed": "False", "length": 54.457882956200905, "bridge": null, "junction": null, "length_m": 54.534133101627134, "building_count_50m": 25, "avg_building_area": 333.7353338289941, "poi_count_50m": 4, "highway_clean": "residential", "highway_rank": 2, "sinuosity": 1.0000000065456056, "poi_diversity": 0.56233514461880829, "food_drink_count": 1, "street_furniture_count": 1, "degree_u": 6, "degree_v": 6, "avg_connectivity": 6.0, "city": "Singapore", "cluster": 2, "typology": "Local Mixed Street" }, "geometry": { "type": "LineString", "coordinates": [ [ 103.8278437, 1.3579744 ], [ 103.8277414, 1.3583284 ], [ 103.8277077, 1.3584449 ] ] } },
{ "type": "Feature", "properties": { "u": 1318459289, "v": 1318459219, "key": 0, "index": 134, "osmid": [ 464768859, 641077847 ], "highway": "residential", "lanes": "2", "maxspeed": "40", "name": "Windsor Park Road", "oneway": false, "reversed": "True", "length": 91.392829081677021, "bridge": null, "junction": null, "length_m": 91.520789838575894, "building_count_50m": 25, "avg_building_area": 263.16863394339822, "poi_count_50m": 5, "highway_clean": "residential", "highway_rank": 2, "sinuosity": 1.0005641980967592, "poi_diversity": 0.0, "food_drink_count": 1, "street_furniture_count": 1, "degree_u": 6, "degree_v": 4, "avg_connectivity": 5.0, "city": "Singapore", "cluster": 2, "typology": "Local Mixed Street" }, "geometry": { "type": "LineString", "coordinates": [ [ 103.8278437, 1.3579744 ], [ 103.828536, 1.3581804 ], [ 103.8286341, 1.3581989 ] ] } },
{ "type": "Feature", "properties": { "u": 1318459301, "v": 5698393591, "key": 0, "index": 135, "osmid": "643867434", "highway": "residential", "lanes": "2", "maxspeed": "40", "name": "Jasmine Road", "oneway": false, "reversed": "False", "length": 9.0911106387186802, "bridge": null, "junction": null, "length_m": 9.1038322474910025, "building_count_50m": 16, "avg_building_area": 330.4353294075305, "poi_count_50m": 2, "highway_clean": "residential", "highway_rank": 2, "sinuosity": 1.0, "poi_diversity": 0.0, "food_drink_count": 1, "street_furniture_count": 1, "degree_u": 6, "degree_v": 5, "avg_connectivity": 5.5, "city": "Singapore", "cluster": 2, "typology": "Local Mixed Street" }, "geometry": { "type": "LineString", "coordinates": [ [ 103.8291573, 1.3561966 ], [ 103.829101, 1.3562559 ] ] } },
{ "type": "Feature", "properties": { "u": 1318459301, "v": 1318459099, "key": 0, "index": 136, "osmid": [ 717017677, 645115405 ], "highway": "residential", "lanes": "2", "maxspeed": "40", "name": "Gardenia Road", "oneway": false, "reversed": "False", "length": 53.861077509001227, "bridge": null, "junction": null, "length_m": 53.936445358452879, "building_count_50m": 24, "avg_building_area": 313.43375274008287, "poi_count_50m": 2, "highway_clean": "residential", "highway_rank": 2, "sinuosity": 1.0001901684131256, "poi_diversity": 0.0, "food_drink_count": 1, "street_furniture_count": 1, "degree_u": 6, "degree_v": 6, "avg_connectivity": 6.0, "city": "Singapore", "cluster": 2, "typology": "Local Mixed Street" }, "geometry": { "type": "LineString", "coordinates": [ [ 103.8291573, 1.3561966 ], [ 103.8290305, 1.3561558 ], [ 103.828701099999989, 1.3560337 ] ] } },
{ "type": "Feature", "properties": { "u": 1318459301, "v": 1318459190, "key": 0, "index": 137, "osmid": [ 464768861, 681313558 ], "highway": "residential", "lanes": "2", "maxspeed": "40", "name": "Gardenia Road", "oneway": false, "reversed": "True", "length": 116.14604676770821, "bridge": null, "junction": null, "length_m": 116.30855641046432, "building_count_50m": 31, "avg_building_area": 248.09941078447372, "poi_count_50m": 2, "highway_clean": "residential", "highway_rank": 2, "sinuosity": 1.0000042963020679, "poi_diversity": 0.0, "food_drink_count": 1, "street_furniture_count": 1, "degree_u": 6, "degree_v": 6, "avg_connectivity": 6.0, "city": "Singapore", "cluster": 2, "typology": "Local Mixed Street" }, "geometry": { "type": "LineString", "coordinates": [ [ 103.8291573, 1.3561966 ], [ 103.829609199999979, 1.355761 ], [ 103.8299077, 1.3554698 ] ] } },
{ "type": "Feature", "properties": { "u": 1318459303, "v": 4486815539, "key": 0, "index": 138, "osmid": "117035207", "highway": "residential", "lanes": "2", "maxspeed": "40", "name": "Toronto Road", "oneway": false, "reversed": "True", "length": 79.725013000802861, "bridge": null, "junction": null, "length_m": 79.836567518899358, "building_count_50m": 27, "avg_building_area": 226.47317801993552, "poi_count_50m": 1, "highway_clean": "residential", "highway_rank": 2, "sinuosity": 1.090999010325113, "poi_diversity": 0.0, "food_drink_count": 1, "street_furniture_count": 1, "degree_u": 2, "degree_v": 6, "avg_connectivity": 4.0, "city": "Singapore", "cluster": 2, "typology": "Local Mixed Street" }, "geometry": { "type": "LineString", "coordinates": [ [ 103.826923199999982, 1.3557958 ], [ 103.826665299999988, 1.3558869 ], [ 103.826601, 1.3559191 ], [ 103.826558, 1.35597 ], [ 103.826470599999979, 1.3562114 ], [ 103.826455, 1.3562571 ] ] } },
{ "type": "Feature", "properties": { "u": 1318459311, "v": 3784797715, "key": 0, "index": 139, "osmid": "645108114", "highway": "residential", "lanes": "2", "maxspeed": "40", "name": "Windsor Park Road", "oneway": false, "reversed": "True", "length": 65.811326903932269, "bridge": null, "junction": null, "length_m": 65.903414614036308, "building_count_50m": 17, "avg_building_area": 233.01059357901545, "poi_count_50m": 1, "highway_clean": "residential", "highway_rank": 2, "sinuosity": 1.0, "poi_diversity": 0.0, "food_drink_count": 1, "street_furniture_count": 1, "degree_u": 2, "degree_v": 6, "avg_connectivity": 4.0, "city": "Singapore", "cluster": 2, "typology": "Local Mixed Street" }, "geometry": { "type": "LineString", "coordinates": [ [ 103.8260818, 1.3560935 ], [ 103.8255, 1.355984 ] ] } },
{ "type": "Feature", "properties": { "u": 1318459324, "v": 1318459258, "key": 0, "index": 140, "osmid": "633807007", "highway": "residential", "lanes": "2", "maxspeed": "40", "name": "Windsor Park Road", "oneway": false, "reversed": "False", "length": 133.46511627820715, "bridge": null, "junction": null, "length_m": 133.65195722546571, "building_count_50m": 50, "avg_building_area": 334.18064653747706, "poi_count_50m": 1, "highway_clean": "residential", "highway_rank": 2, "sinuosity": 1.0, "poi_diversity": 0.0, "food_drink_count": 1, "street_furniture_count": 1, "degree_u": 6, "degree_v": 6, "avg_connectivity": 6.0, "city": "Singapore", "cluster": 2, "typology": "Local Mixed Street" }, "geometry": { "type": "LineString", "coordinates": [ [ 103.827210899999983, 1.3577929 ], [ 103.826060499999983, 1.3574494 ] ] } },
{ "type": "Feature", "properties": { "u": 1318459324, "v": 5698393564, "key": 0, "index": 141, "osmid": "633807008", "highway": "residential", "lanes": "2", "maxspeed": "40", "name": "Windsor Park Road", "oneway": false, "reversed": "True", "length": 37.763870216177921, "bridge": null, "junction": null, "length_m": 37.816740184019153, "building_count_50m": 27, "avg_building_area": 311.3467308593751, "poi_count_50m": 1, "highway_clean": "residential", "highway_rank": 2, "sinuosity": 1.0000000921930856, "poi_diversity": 0.0, "food_drink_count": 1, "street_furniture_count": 1, "degree_u": 6, "degree_v": 6, "avg_connectivity": 6.0, "city": "Singapore", "cluster": 2, "typology": "Local Mixed Street" }, "geometry": { "type": "LineString", "coordinates": [ [ 103.827210899999983, 1.3577929 ], [ 103.8275013, 1.3578786 ], [ 103.8275367, 1.3578891 ] ] } },
{ "type": "Feature", "properties": { "u": 1318459324, "v": 1318459255, "key": 0, "index": 142, "osmid": [ 635165216, 117035199 ], "highway": "residential", "lanes": "2", "maxspeed": "40", "name": "Jupiter Road", "oneway": false, "reversed": "False", "length": 172.65038577630293, "bridge": null, "junction": null, "length_m": 172.89212652242816, "building_count_50m": 54, "avg_building_area": 301.19400969091726, "poi_count_50m": 1, "highway_clean": "residential", "highway_rank": 2, "sinuosity": 1.377197111147076, "poi_diversity": 0.0, "food_drink_count": 1, "street_furniture_count": 1, "degree_u": 6, "degree_v": 6, "avg_connectivity": 6.0, "city": "Singapore", "cluster": 2, "typology": "Local Mixed Street" }, "geometry": { "type": "LineString", "coordinates": [ [ 103.827210899999983, 1.3577929 ], [ 103.827110399999981, 1.3581451 ], [ 103.8270432, 1.3583803 ], [ 103.827024599999987, 1.3584114 ], [ 103.8269991, 1.3584274 ], [ 103.8269611, 1.3584244 ], [ 103.8261563, 1.3581923 ] ] } },
{ "type": "Feature", "properties": { "u": 1318459326, "v": 1318459233, "key": 0, "index": 143, "osmid": "645112932", "highway": "residential", "lanes": "2", "maxspeed": "40", "name": "Daffodil Drive", "oneway": false, "reversed": "False", "length": 60.203815723497478, "bridge": null, "junction": null, "length_m": 60.288027412699414, "building_count_50m": 33, "avg_building_area": 196.04144720454511, "poi_count_50m": 1, "highway_clean": "residential", "highway_rank": 2, "sinuosity": 1.0, "poi_diversity": 0.0, "food_drink_count": 1, "street_furniture_count": 1, "degree_u": 6, "degree_v": 6, "avg_connectivity": 6.0, "city": "Singapore", "cluster": 2, "typology": "Local Mixed Street" }, "geometry": { "type": "LineString", "coordinates": [ [ 103.8279785, 1.3550114 ], [ 103.8284127, 1.3546878 ] ] } },
{ "type": "Feature", "properties": { "u": 1318459326, "v": 1318459125, "key": 0, "index": 144, "osmid": [ 717017678, 117035206 ], "highway": "residential", "lanes": "2", "maxspeed": "40", "name": "Gladiola Drive", "oneway": false, "reversed": "False", "length": 223.50733831537795, "bridge": null, "junction": null, "length_m": 223.81996954290074, "building_count_50m": 61, "avg_building_area": 187.42322622375565, "poi_count_50m": 1, "highway_clean": "residential", "highway_rank": 2, "sinuosity": 1.2413711943488919, "poi_diversity": 0.0, "food_drink_count": 1, "street_furniture_count": 1, "degree_u": 6, "degree_v": 6, "avg_connectivity": 6.0, "city": "Singapore", "cluster": 2, "typology": "Local Mixed Street" }, "geometry": { "type": "LineString", "coordinates": [ [ 103.8279785, 1.3550114 ], [ 103.8280682, 1.3551094 ], [ 103.8281189, 1.3551411 ], [ 103.8281782, 1.3551764 ], [ 103.828240899999983, 1.355192 ], [ 103.8283311, 1.3552005 ], [ 103.828439399999979, 1.3551866 ], [ 103.828595, 1.3550954 ], [ 103.8287076, 1.355015 ], [ 103.8288524, 1.3548702 ], [ 103.828981199999987, 1.3546878 ], [ 103.8290815, 1.354527 ], [ 103.829157199999983, 1.3543446 ], [ 103.8291949, 1.3542592 ], [ 103.829241199999984, 1.3540469 ], [ 103.8292497, 1.354008 ] ] } },
{ "type": "Feature", "properties": { "u": 1318459326, "v": 1318459247, "key": 0, "index": 145, "osmid": [ 645112934, 717017679 ], "highway": "residential", "lanes": "2", "maxspeed": "40", "name": "Daffodil Drive", "oneway": false, "reversed": "True", "length": 43.988229808092527, "bridge": null, "junction": null, "length_m": 44.049764498438421, "building_count_50m": 28, "avg_building_area": 194.87315944421775, "poi_count_50m": 1, "highway_clean": "residential", "highway_rank": 2, "sinuosity": 1.0010310397859596, "poi_diversity": 0.0, "food_drink_count": 1, "street_furniture_count": 1, "degree_u": 6, "degree_v": 6, "avg_connectivity": 6.0, "city": "Singapore", "cluster": 2, "typology": "Local Mixed Street" }, "geometry": { "type": "LineString", "coordinates": [ [ 103.8279785, 1.3550114 ], [ 103.827905499999986, 1.3550595 ], [ 103.827805399999988, 1.3551255 ], [ 103.827658199999988, 1.355243 ] ] } },
{ "type": "Feature", "properties": { "u": 1318498186, "v": 1318498402, "key": 0, "index": 146, "osmid": "645125834", "highway": "residential", "lanes": null, "maxspeed": "40", "name": "Taman Permata", "oneway": false, "reversed": "True", "length": 27.415152307812026, "bridge": null, "junction": null, "length_m": 27.453448281450981, "building_count_50m": 25, "avg_building_area": 189.24405373286572, "poi_count_50m": 1, "highway_clean": "residential", "highway_rank": 2, "sinuosity": 1.0000134049082769, "poi_diversity": 0.0, "food_drink_count": 1, "street_furniture_count": 1, "degree_u": 2, "degree_v": 8, "avg_connectivity": 5.0, "city": "Singapore", "cluster": 2, "typology": "Local Mixed Street" }, "geometry": { "type": "LineString", "coordinates": [ [ 103.8349611, 1.3501663 ], [ 103.8348847, 1.3503457 ], [ 103.8348651, 1.3503934 ] ] } },
{ "type": "Feature", "properties": { "u": 1318498262, "v": 4735281548, "key": 0, "index": 147, "osmid": "633231288", "highway": "residential", "lanes": "2", "maxspeed": "40", "name": "Thomson Ridge", "oneway": false, "reversed": "True", "length": 27.330391015788205, "bridge": null, "junction": null, "length_m": 27.368600822042001, "building_count_50m": 14, "avg_building_area": 356.10205886261457, "poi_count_50m": 16, "highway_clean": "residential", "highway_rank": 2, "sinuosity": 1.0, "poi_diversity": 1.0337005498525014, "food_drink_count": 5, "street_furniture_count": 1, "degree_u": 6, "degree_v": 5, "avg_connectivity": 5.5, "city": "Singapore", "cluster": 1, "typology": "Active Commercial High Street" }, "geometry": { "type": "LineString", "coordinates": [ [ 103.8339551, 1.3531869 ], [ 103.833728099999988, 1.3530925 ] ] } },
{ "type": "Feature", "properties": { "u": 1318498262, "v": 1601016995, "key": 0, "index": 148, "osmid": "633219626", "highway": "residential", "lanes": "2", "maxspeed": "40", "name": "Thomson Ridge", "oneway": false, "reversed": "False", "length": 10.209013150940459, "bridge": null, "junction": null, "length_m": 10.223286338123044, "building_count_50m": 7, "avg_building_area": 489.18200346236227, "poi_count_50m": 15, "highway_clean": "residential", "highway_rank": 2, "sinuosity": 1.0000000015973127, "poi_diversity": 1.0200369584018409, "food_drink_count": 4, "street_furniture_count": 1, "degree_u": 6, "degree_v": 4, "avg_connectivity": 5.0, "city": "Singapore", "cluster": 1, "typology": "Active Commercial High Street" }, "geometry": { "type": "LineString", "coordinates": [ [ 103.8339551, 1.3531869 ], [ 103.834018200000017, 1.3532112 ], [ 103.8340408, 1.3532199 ] ] } },
{ "type": "Feature", "properties": { "u": 1318498262, "v": 4735281551, "key": 0, "index": 149, "osmid": [ 117038450, 646216388, 634077588 ], "highway": "residential", "lanes": "2", "maxspeed": "40", "name": [ "Soo Chow Walk", "Lor Mega", "Lorong Mega" ], "oneway": false, "reversed": [ false, true ], "length": 139.57009523182441, "bridge": null, "junction": null, "length_m": 139.76522586688333, "building_count_50m": 48, "avg_building_area": 190.9096338559327, "poi_count_50m": 23, "highway_clean": "residential", "highway_rank": 2, "sinuosity": 1.328464119528086, "poi_diversity": 0.97923765099515059, "food_drink_count": 9, "street_furniture_count": 1, "degree_u": 6, "degree_v": 6, "avg_connectivity": 6.0, "city": "Singapore", "cluster": 1, "typology": "Active Commercial High Street" }, "geometry": { "type": "LineString", "coordinates": [ [ 103.8339551, 1.3531869 ], [ 103.8339225, 1.3532195 ], [ 103.833901699999984, 1.3532407 ], [ 103.833855199999988, 1.3532263 ], [ 103.83378639999998, 1.3532038 ], [ 103.8335528, 1.3531233 ], [ 103.833309, 1.3530448 ], [ 103.8332548, 1.3530316 ], [ 103.833204699999982, 1.3530367 ], [ 103.8331785, 1.353056 ], [ 103.8331557, 1.3531081 ], [ 103.833099499999989, 1.3532685 ], [ 103.8330619, 1.3534011 ], [ 103.8330477, 1.3534511 ] ] } },
{ "type": "Feature", "properties": { "u": 1318498268, "v": 4598764358, "key": 0, "index": 150, "osmid": [ 717027120, 636865834 ], "highway": "residential", "lanes": "2", "maxspeed": "40", "name": "Soo Chow Drive", "oneway": false, "reversed": "False", "length": 66.741837566867716, "bridge": null, "junction": null, "length_m": 66.835172409646546, "building_count_50m": 40, "avg_building_area": 555.86231476753778, "poi_count_50m": 23, "highway_clean": "residential", "highway_rank": 2, "sinuosity": 1.0000611767235255, "poi_diversity": 1.1034904025879528, "food_drink_count": 7, "street_furniture_count": 1, "degree_u": 2, "degree_v": 8, "avg_connectivity": 5.0, "city": "Singapore", "cluster": 1, "typology": "Active Commercial High Street" }, "geometry": { "type": "LineString", "coordinates": [ [ 103.8307663, 1.3542313 ], [ 103.831097799999981, 1.3539778 ], [ 103.831180700000019, 1.3539152 ], [ 103.8312188, 1.3538864 ], [ 103.8312428, 1.3538662 ] ] } },
{ "type": "Feature", "properties": { "u": 1318498273, "v": 3784797715, "key": 0, "index": 151, "osmid": [ 644358192, 644351126, 644351127, 117035195, 794617439 ], "highway": "residential", "lanes": "2", "maxspeed": "40", "name": "Windsor Park Road", "oneway": false, "reversed": "False", "length": 448.99226215378445, "bridge": null, "junction": null, "length_m": 449.62054864576248, "building_count_50m": 32, "avg_building_area": 313.37588307379355, "poi_count_50m": 1, "highway_clean": "residential", "highway_rank": 2, "sinuosity": 3.2829109874660012, "poi_diversity": 0.0, "food_drink_count": 1, "street_furniture_count": 1, "degree_u": 6, "degree_v": 6, "avg_connectivity": 6.0, "city": "Singapore", "cluster": 3, "typology": "Winding Connector Lane" }, "geometry": { "type": "LineString", "coordinates": [ [ 103.8246953, 1.3569144 ], [ 103.8242343, 1.3567041 ], [ 103.823276, 1.3562711 ], [ 103.8232481, 1.3562465 ], [ 103.8232406, 1.3562304 ], [ 103.823234699999986, 1.3561959 ], [ 103.823255499999988, 1.3561623 ], [ 103.823282899999981, 1.3561436 ], [ 103.823492499999986, 1.3560524 ], [ 103.8235457, 1.3560265 ], [ 103.8239391, 1.3558698 ], [ 103.824224499999985, 1.3557543 ], [ 103.8242742, 1.3557476 ], [ 103.824316699999983, 1.3557509 ], [ 103.824744, 1.3558339 ], [ 103.8255, 1.355984 ] ] } },
{ "type": "Feature", "properties": { "u": 1318498273, "v": 3784797714, "key": 0, "index": 152, "osmid": [ 644351125, 644363206 ], "highway": "residential", "lanes": "2", "maxspeed": "40", "name": "Windsor Park Road", "oneway": false, "reversed": "True", "length": 49.727683727821528, "bridge": null, "junction": null, "length_m": 49.79728582543391, "building_count_50m": 7, "avg_building_area": 474.10848256233612, "poi_count_50m": 1, "highway_clean": "residential", "highway_rank": 2, "sinuosity": 1.0005998907053697, "poi_diversity": 0.0, "food_drink_count": 1, "street_furniture_count": 1, "degree_u": 6, "degree_v": 6, "avg_connectivity": 6.0, "city": "Singapore", "cluster": 2, "typology": "Local Mixed Street" }, "geometry": { "type": "LineString", "coordinates": [ [ 103.8246953, 1.3569144 ], [ 103.82472749999998, 1.3569314 ], [ 103.8251122, 1.3570758 ] ] } },
{ "type": "Feature", "properties": { "u": 1318498273, "v": 6734294894, "key": 0, "index": 153, "osmid": [ 117038464, 794617841, 645114835 ], "highway": "residential", "lanes": "2", "maxspeed": "40", "name": "Windsor Park Hill", "oneway": false, "reversed": "False", "length": 104.94393815188153, "bridge": null, "junction": null, "length_m": 105.09083342962396, "building_count_50m": 12, "avg_building_area": 333.6369822650164, "poi_count_50m": 1, "highway_clean": "residential", "highway_rank": 2, "sinuosity": 1.4695078625752456, "poi_diversity": 0.0, "food_drink_count": 1, "street_furniture_count": 1, "degree_u": 6, "degree_v": 2, "avg_connectivity": 4.0, "city": "Singapore", "cluster": 2, "typology": "Local Mixed Street" }, "geometry": { "type": "LineString", "coordinates": [ [ 103.8246953, 1.3569144 ], [ 103.8245129, 1.3573215 ], [ 103.824474, 1.3573496 ], [ 103.824454499999987, 1.3573501 ], [ 103.8244176, 1.357351 ], [ 103.824104299999988, 1.3571912 ], [ 103.824097200000011, 1.3571687 ], [ 103.824097899999984, 1.3571506 ] ] } },
{ "type": "Feature", "properties": { "u": 1318498283, "v": 3806372871, "key": 0, "index": 154, "osmid": "117038429", "highway": "residential", "lanes": null, "maxspeed": "40", "name": "Thomson Ridge", "oneway": false, "reversed": "False", "length": 17.654133274273775, "bridge": null, "junction": null, "length_m": 17.678808151558659, "building_count_50m": 17, "avg_building_area": 400.17510560884693, "poi_count_50m": 16, "highway_clean": "residential", "highway_rank": 2, "sinuosity": 1.0, "poi_diversity": 0.86474009652763717, "food_drink_count": 9, "street_furniture_count": 1, "degree_u": 6, "degree_v": 2, "avg_connectivity": 4.0, "city": "Singapore", "cluster": 1, "typology": "Active Commercial High Street" }, "geometry": { "type": "LineString", "coordinates": [ [ 103.834702, 1.352264 ], [ 103.834798099999986, 1.3521376 ] ] } },
{ "type": "Feature", "properties": { "u": 1318498283, "v": 1318498401, "key": 0, "index": 155, "osmid": "117038420", "highway": "residential", "lanes": "2", "maxspeed": "40", "name": "Thomson Ridge", "oneway": false, "reversed": "False", "length": 369.58881362853168, "bridge": null, "junction": null, "length_m": 370.10529714937292, "building_count_50m": 121, "avg_building_area": 194.79021300948733, "poi_count_50m": 12, "highway_clean": "residential", "highway_rank": 2, "sinuosity": 1.111312738164002, "poi_diversity": 0.91842778499309763, "food_drink_count": 5, "street_furniture_count": 1, "degree_u": 6, "degree_v": 6, "avg_connectivity": 6.0, "city": "Singapore", "cluster": 1, "typology": "Active Commercial High Street" }, "geometry": { "type": "LineString", "coordinates": [ [ 103.834702, 1.352264 ], [ 103.834623, 1.3522134 ], [ 103.832318799999982, 1.3512084 ], [ 103.832200699999987, 1.3511763 ], [ 103.8321149, 1.3512299 ], [ 103.8318076, 1.3515733 ], [ 103.8317856, 1.3515972 ] ] } },
{ "type": "Feature", "properties": { "u": 1318498283, "v": 4749280942, "key": 0, "index": 156, "osmid": "464768864", "highway": "residential", "lanes": "2", "maxspeed": "40", "name": "Thomson Ridge", "oneway": false, "reversed": "True", "length": 114.22024316920474, "bridge": null, "junction": null, "length_m": 114.37990180422607, "building_count_50m": 34, "avg_building_area": 292.60153436888277, "poi_count_50m": 23, "highway_clean": "residential", "highway_rank": 2, "sinuosity": 1.1703261955977415, "poi_diversity": 0.92727711628382692, "food_drink_count": 10, "street_furniture_count": 1, "degree_u": 6, "degree_v": 6, "avg_connectivity": 6.0, "city": "Singapore", "cluster": 1, "typology": "Active Commercial High Street" }, "geometry": { "type": "LineString", "coordinates": [ [ 103.834702, 1.352264 ], [ 103.8346369, 1.352337 ], [ 103.834555499999979, 1.3524161 ], [ 103.834370399999983, 1.3525784 ], [ 103.8343049, 1.3526332 ], [ 103.834274399999984, 1.3526483 ], [ 103.8342426, 1.3526544 ], [ 103.8342037, 1.3526491 ], [ 103.834161399999985, 1.352635 ], [ 103.8339133, 1.3525226 ], [ 103.8338561, 1.352499 ] ] } },
{ "type": "Feature", "properties": { "u": 1318498303, "v": 8129041254, "key": 0, "index": 157, "osmid": [ 645122673, 645122674, 645123292 ], "highway": "residential", "lanes": "2", "maxspeed": "40", "name": "Soo Chow Way", "oneway": false, "reversed": "False", "length": 160.49226082674909, "bridge": null, "junction": null, "length_m": 160.71660979585201, "building_count_50m": 87, "avg_building_area": 111.58869254242678, "poi_count_50m": 1, "highway_clean": "residential", "highway_rank": 2, "sinuosity": 1.0176121788923798, "poi_diversity": 0.0, "food_drink_count": 1, "street_furniture_count": 1, "degree_u": 2, "degree_v": 6, "avg_connectivity": 4.0, "city": "Singapore", "cluster": 2, "typology": "Local Mixed Street" }, "geometry": { "type": "LineString", "coordinates": [ [ 103.8309006, 1.3522203 ], [ 103.830913, 1.3522339 ], [ 103.831038699999979, 1.3523913 ], [ 103.83117249999998, 1.3525397 ], [ 103.8312326, 1.3526005 ], [ 103.831288599999979, 1.3526463 ], [ 103.831504099999989, 1.352754 ], [ 103.8320642, 1.3530318 ] ] } },
{ "type": "Feature", "properties": { "u": 1318498325, "v": 1318498403, "key": 0, "index": 158, "osmid": "146880648", "highway": "residential", "lanes": "2", "maxspeed": "40", "name": "Taman Permata", "oneway": false, "reversed": "False", "length": 237.06703964025712, "bridge": null, "junction": null, "length_m": 237.39819579732372, "building_count_50m": 75, "avg_building_area": 163.59057212011334, "poi_count_50m": 1, "highway_clean": "residential", "highway_rank": 2, "sinuosity": 1.9313156664710012, "poi_diversity": 0.0, "food_drink_count": 1, "street_furniture_count": 1, "degree_u": 6, "degree_v": 6, "avg_connectivity": 6.0, "city": "Singapore", "cluster": 3, "typology": "Winding Connector Lane" }, "geometry": { "type": "LineString", "coordinates": [ [ 103.8330169, 1.3508562 ], [ 103.832771899999983, 1.3507458 ], [ 103.8326434, 1.350696 ], [ 103.832565500000015, 1.3506519 ], [ 103.8324917, 1.3506025 ], [ 103.832447499999986, 1.3505477 ], [ 103.8324141, 1.3504874 ], [ 103.8324005, 1.3504554 ], [ 103.832390899999979, 1.3504221 ], [ 103.8323847, 1.3503871 ], [ 103.8323826, 1.3503521 ], [ 103.8323873, 1.3503145 ], [ 103.832394599999986, 1.3502756 ], [ 103.83240739999998, 1.3502384 ], [ 103.832425499999985, 1.3502012 ], [ 103.8324469, 1.3501727 ], [ 103.8324711, 1.3501442 ], [ 103.832498199999989, 1.3501164 ], [ 103.832528, 1.3500899 ], [ 103.8325726, 1.3500598 ], [ 103.8326239, 1.3500324 ], [ 103.833384699999982, 1.3498534 ], [ 103.833448, 1.3498399 ] ] } },
{ "type": "Feature", "properties": { "u": 1318498325, "v": 1318498399, "key": 0, "index": 159, "osmid": "645122010", "highway": "residential", "lanes": "2", "maxspeed": "40", "name": "Jalan Pelatina", "oneway": false, "reversed": "False", "length": 62.499353972641146, "bridge": null, "junction": null, "length_m": 62.586666902779371, "building_count_50m": 44, "avg_building_area": 167.5624106015193, "poi_count_50m": 1, "highway_clean": "residential", "highway_rank": 2, "sinuosity": 1.0000325668472583, "poi_diversity": 0.0, "food_drink_count": 1, "street_furniture_count": 1, "degree_u": 6, "degree_v": 6, "avg_connectivity": 6.0, "city": "Singapore", "cluster": 2, "typology": "Local Mixed Street" }, "geometry": { "type": "LineString", "coordinates": [ [ 103.8330169, 1.3508562 ], [ 103.8330283, 1.3508311 ], [ 103.833231, 1.3503365 ] ] } },
{ "type": "Feature", "properties": { "u": 1318498325, "v": 3806372868, "key": 0, "index": 160, "osmid": [ 645122012, 645111655 ], "highway": "residential", "lanes": "2", "maxspeed": "40", "name": "Taman Permata", "oneway": false, "reversed": "True", "length": 245.34387450159832, "bridge": null, "junction": null, "length_m": 245.6866973117007, "building_count_50m": 110, "avg_building_area": 156.51020725143394, "poi_count_50m": 12, "highway_clean": "residential", "highway_rank": 2, "sinuosity": 1.0001752823579506, "poi_diversity": 0.56233514461880829, "food_drink_count": 9, "street_furniture_count": 1, "degree_u": 6, "degree_v": 6, "avg_connectivity": 6.0, "city": "Singapore", "cluster": 1, "typology": "Active Commercial High Street" }, "geometry": { "type": "LineString", "coordinates": [ [ 103.8330169, 1.3508562 ], [ 103.833737199999987, 1.3511892 ], [ 103.834432, 1.3514974 ], [ 103.8346468, 1.3515855 ], [ 103.834985299999985, 1.3517243 ], [ 103.834996799999985, 1.3517295 ], [ 103.8350349, 1.3517487 ] ] } },
{ "type": "Feature", "properties": { "u": 1318498332, "v": 1318459203, "key": 0, "index": 161, "osmid": "645122848", "highway": "residential", "lanes": "2", "maxspeed": "40", "name": "Capricorn Drive", "oneway": false, "reversed": "False", "length": 30.337787651758703, "bridge": null, "junction": null, "length_m": 30.380271514314156, "building_count_50m": 22, "avg_building_area": 236.53956748745665, "poi_count_50m": 1, "highway_clean": "residential", "highway_rank": 2, "sinuosity": 1.0, "poi_diversity": 0.0, "food_drink_count": 1, "street_furniture_count": 1, "degree_u": 6, "degree_v": 2, "avg_connectivity": 4.0, "city": "Singapore", "cluster": 2, "typology": "Local Mixed Street" }, "geometry": { "type": "LineString", "coordinates": [ [ 103.8253792, 1.3585459 ], [ 103.825308800000016, 1.3588095 ] ] } },
{ "type": "Feature", "properties": { "u": 1318498332, "v": 1318498359, "key": 0, "index": 162, "osmid": "117035211", "highway": "residential", "lanes": "2", "maxspeed": "40", "name": "Capricorn Drive", "oneway": false, "reversed": "True", "length": 60.008521727143702, "bridge": null, "junction": null, "length_m": 60.092545566657328, "building_count_50m": 39, "avg_building_area": 257.12479678784064, "poi_count_50m": 1, "highway_clean": "residential", "highway_rank": 2, "sinuosity": 1.0000000032804202, "poi_diversity": 0.0, "food_drink_count": 1, "street_furniture_count": 1, "degree_u": 6, "degree_v": 8, "avg_connectivity": 7.0, "city": "Singapore", "cluster": 2, "typology": "Local Mixed Street" }, "geometry": { "type": "LineString", "coordinates": [ [ 103.8253792, 1.3585459 ], [ 103.8254483, 1.3582827 ], [ 103.825516199999981, 1.3580239 ] ] } },
{ "type": "Feature", "properties": { "u": 1318498332, "v": 1318498346, "key": 0, "index": 163, "osmid": [ 117038441, 717017682, 717017683, 816069343 ], "highway": "residential", "lanes": "2", "maxspeed": "40", "name": "Libra Drive", "oneway": false, "reversed": "True", "length": 72.532216633128343, "bridge": null, "junction": null, "length_m": 72.633780545873776, "building_count_50m": 40, "avg_building_area": 199.36497767159946, "poi_count_50m": 1, "highway_clean": "residential", "highway_rank": 2, "sinuosity": 1.005645860903617, "poi_diversity": 0.0, "food_drink_count": 1, "street_furniture_count": 1, "degree_u": 6, "degree_v": 6, "avg_connectivity": 6.0, "city": "Singapore", "cluster": 2, "typology": "Local Mixed Street" }, "geometry": { "type": "LineString", "coordinates": [ [ 103.8253792, 1.3585459 ], [ 103.825245199999983, 1.3585054 ], [ 103.8250197, 1.3584134 ], [ 103.8248965, 1.358366 ], [ 103.8247837, 1.3582884 ] ] } },
{ "type": "Feature", "properties": { "u": 1318498337, "v": 1318498401, "key": 0, "index": 164, "osmid": "146880650", "highway": "residential", "lanes": "2", "maxspeed": "40", "name": "Thomson Ridge", "oneway": false, "reversed": "True", "length": 53.511485845383412, "bridge": null, "junction": null, "length_m": 53.586268335845247, "building_count_50m": 41, "avg_building_area": 148.86590328725109, "poi_count_50m": 1, "highway_clean": "residential", "highway_rank": 2, "sinuosity": 1.0002495196783858, "poi_diversity": 0.0, "food_drink_count": 1, "street_furniture_count": 1, "degree_u": 6, "degree_v": 6, "avg_connectivity": 6.0, "city": "Singapore", "cluster": 2, "typology": "Local Mixed Street" }, "geometry": { "type": "LineString", "coordinates": [ [ 103.8314448, 1.3519369 ], [ 103.8315084, 1.3518738 ], [ 103.831756899999988, 1.3516218 ], [ 103.8317856, 1.3515972 ] ] } },
{ "type": "Feature", "properties": { "u": 1318498337, "v": 4735281549, "key": 0, "index": 165, "osmid": [ 634554425, 117038427 ], "highway": "residential", "lanes": "2", "maxspeed": "40", "name": "Jalan Lembah Thomson", "oneway": false, "reversed": "False", "length": 271.25801454551396, "bridge": null, "junction": null, "length_m": 271.63718448780423, "building_count_50m": 127, "avg_building_area": 154.54510598948883, "poi_count_50m": 8, "highway_clean": "residential", "highway_rank": 2, "sinuosity": 1.005828634748611, "poi_diversity": 1.2554823251787537, "food_drink_count": 3, "street_furniture_count": 1, "degree_u": 6, "degree_v": 6, "avg_connectivity": 6.0, "city": "Singapore", "cluster": 2, "typology": "Local Mixed Street" }, "geometry": { "type": "LineString", "coordinates": [ [ 103.8314448, 1.3519369 ], [ 103.8314683, 1.3519585 ], [ 103.831631299999984, 1.3521097 ], [ 103.8317013, 1.3521624 ], [ 103.8318153, 1.3522322 ], [ 103.832151899999985, 1.3523931 ], [ 103.8327286, 1.3526572 ], [ 103.8332355, 1.3528744 ], [ 103.833358499999989, 1.352922 ], [ 103.833607, 1.3530368 ] ] } },
{ "type": "Feature", "properties": { "u": 1318498337, "v": 1318498370, "key": 0, "index": 166, "osmid": "634554426", "highway": "residential", "lanes": "2", "maxspeed": "40", "name": "Jalan Lembah Thomson", "oneway": false, "reversed": "True", "length": 30.676005044452012, "bridge": null, "junction": null, "length_m": 30.718875788083814, "building_count_50m": 28, "avg_building_area": 145.71869803258792, "poi_count_50m": 1, "highway_clean": "residential", "highway_rank": 2, "sinuosity": 1.0004987804950587, "poi_diversity": 0.0, "food_drink_count": 1, "street_furniture_count": 1, "degree_u": 6, "degree_v": 2, "avg_connectivity": 4.0, "city": "Singapore", "cluster": 2, "typology": "Local Mixed Street" }, "geometry": { "type": "LineString", "coordinates": [ [ 103.8314448, 1.3519369 ], [ 103.8314119, 1.3518997 ], [ 103.8312486, 1.3517431 ] ] } },
{ "type": "Feature", "properties": { "u": 1318498346, "v": 1318459215, "key": 0, "index": 167, "osmid": "645123756", "highway": "residential", "lanes": null, "maxspeed": "40", "name": "Jupiter Road", "oneway": false, "reversed": "False", "length": 44.932832641529856, "bridge": null, "junction": null, "length_m": 44.995748936984491, "building_count_50m": 19, "avg_building_area": 258.27253575377205, "poi_count_50m": 1, "highway_clean": "residential", "highway_rank": 2, "sinuosity": 1.0, "poi_diversity": 0.0, "food_drink_count": 1, "street_furniture_count": 1, "degree_u": 6, "degree_v": 2, "avg_connectivity": 4.0, "city": "Singapore", "cluster": 2, "typology": "Local Mixed Street" }, "geometry": { "type": "LineString", "coordinates": [ [ 103.8247837, 1.3582884 ], [ 103.8244063, 1.3584331 ] ] } },
{ "type": "Feature", "properties": { "u": 1318498346, "v": 1318498359, "key": 0, "index": 168, "osmid": "464768860", "highway": "residential", "lanes": "2", "maxspeed": "40", "name": "Jupiter Road", "oneway": false, "reversed": "True", "length": 91.133045874273108, "bridge": null, "junction": null, "length_m": 91.260642851544787, "building_count_50m": 42, "avg_building_area": 262.43260139187049, "poi_count_50m": 1, "highway_clean": "residential", "highway_rank": 2, "sinuosity": 1.0526328611450859, "poi_diversity": 0.0, "food_drink_count": 1, "street_furniture_count": 1, "degree_u": 6, "degree_v": 8, "avg_connectivity": 7.0, "city": "Singapore", "cluster": 2, "typology": "Local Mixed Street" }, "geometry": { "type": "LineString", "coordinates": [ [ 103.8247837, 1.3582884 ], [ 103.8250009, 1.35812 ], [ 103.8251982, 1.3580187 ], [ 103.8252786, 1.3579972 ], [ 103.8253913, 1.3579999 ], [ 103.825516199999981, 1.3580239 ] ] } },
{ "type": "Feature", "properties": { "u": 1318498346, "v": 1318498332, "key": 0, "index": 169, "osmid": [ 117038441, 717017682, 717017683, 816069343 ], "highway": "residential", "lanes": "2", "maxspeed": "40", "name": "Libra Drive", "oneway": false, "reversed": "False", "length": 72.532216633128343, "bridge": null, "junction": null, "length_m": 72.633780545873776, "building_count_50m": 40, "avg_building_area": 199.36497767159946, "poi_count_50m": 1, "highway_clean": "residential", "highway_rank": 2, "sinuosity": 1.005645860903617, "poi_diversity": 0.0, "food_drink_count": 1, "street_furniture_count": 1, "degree_u": 6, "degree_v": 6, "avg_connectivity": 6.0, "city": "Singapore", "cluster": 2, "typology": "Local Mixed Street" }, "geometry": { "type": "LineString", "coordinates": [ [ 103.8247837, 1.3582884 ], [ 103.8248965, 1.358366 ], [ 103.8250197, 1.3584134 ], [ 103.825245199999983, 1.3585054 ], [ 103.8253792, 1.3585459 ] ] } },
{ "type": "Feature", "properties": { "u": 1318498357, "v": 1318498399, "key": 0, "index": 170, "osmid": "146880644", "highway": "residential", "lanes": "2", "maxspeed": "40", "name": "Jalan Pelatina", "oneway": false, "reversed": "True", "length": 168.62999129406782, "bridge": null, "junction": null, "length_m": 168.86557396268088, "building_count_50m": 100, "avg_building_area": 140.50445319815847, "poi_count_50m": 1, "highway_clean": "residential", "highway_rank": 2, "sinuosity": 1.0, "poi_diversity": 0.0, "food_drink_count": 1, "street_furniture_count": 1, "degree_u": 6, "degree_v": 6, "avg_connectivity": 6.0, "city": "Singapore", "cluster": 2, "typology": "Local Mixed Street" }, "geometry": { "type": "LineString", "coordinates": [ [ 103.8346217, 1.3509422 ], [ 103.833231, 1.3503365 ] ] } },
{ "type": "Feature", "properties": { "u": 1318498357, "v": 3806372869, "key": 0, "index": 171, "osmid": "146880646", "highway": "residential", "lanes": "2", "maxspeed": "40", "name": "Jalan Pelatina", "oneway": false, "reversed": "False", "length": 78.498113019059701, "bridge": null, "junction": null, "length_m": 78.607793652423837, "building_count_50m": 49, "avg_building_area": 194.60064897246653, "poi_count_50m": 7, "highway_clean": "residential", "highway_rank": 2, "sinuosity": 1.0004854580195039, "poi_diversity": 0.59826958858525725, "food_drink_count": 5, "street_furniture_count": 1, "degree_u": 6, "degree_v": 6, "avg_connectivity": 6.0, "city": "Singapore", "cluster": 2, "typology": "Local Mixed Street" }, "geometry": { "type": "LineString", "coordinates": [ [ 103.8346217, 1.3509422 ], [ 103.83485469999998, 1.3510773 ], [ 103.835062899999983, 1.3512136 ], [ 103.835151599999989, 1.3512694 ], [ 103.8351849, 1.3512894 ], [ 103.8352244, 1.3513094 ] ] } },
{ "type": "Feature", "properties": { "u": 1318498357, "v": 1318498402, "key": 0, "index": 172, "osmid": "146880647", "highway": "residential", "lanes": "2", "maxspeed": "40", "name": "Taman Permata", "oneway": false, "reversed": "False", "length": 66.762786774556389, "bridge": null, "junction": null, "length_m": 66.856057793500938, "building_count_50m": 49, "avg_building_area": 154.2187790599823, "poi_count_50m": 1, "highway_clean": "residential", "highway_rank": 2, "sinuosity": 1.0001410412141067, "poi_diversity": 0.0, "food_drink_count": 1, "street_furniture_count": 1, "degree_u": 6, "degree_v": 8, "avg_connectivity": 7.0, "city": "Singapore", "cluster": 2, "typology": "Local Mixed Street" }, "geometry": { "type": "LineString", "coordinates": [ [ 103.8346217, 1.3509422 ], [ 103.834643, 1.3508995 ], [ 103.834839699999989, 1.3504561 ], [ 103.8348651, 1.3503934 ] ] } },
{ "type": "Feature", "properties": { "u": 1318498359, "v": 3998723969, "key": 0, "index": 173, "osmid": "635106333", "highway": "residential", "lanes": "2", "maxspeed": "40", "name": "Capricorn Drive", "oneway": false, "reversed": "True", "length": 77.916667155303202, "bridge": null, "junction": null, "length_m": 78.025746698075636, "building_count_50m": 29, "avg_building_area": 277.47997554423148, "poi_count_50m": 1, "highway_clean": "residential", "highway_rank": 2, "sinuosity": 1.0, "poi_diversity": 0.0, "food_drink_count": 1, "street_furniture_count": 1, "degree_u": 8, "degree_v": 6, "avg_connectivity": 7.0, "city": "Singapore", "cluster": 2, "typology": "Local Mixed Street" }, "geometry": { "type": "LineString", "coordinates": [ [ 103.825516199999981, 1.3580239 ], [ 103.8257185, 1.357353 ] ] } },
{ "type": "Feature", "properties": { "u": 1318498359, "v": 1318459255, "key": 0, "index": 174, "osmid": "645117077", "highway": "residential", "lanes": "2", "maxspeed": "40", "name": "Jupiter Road", "oneway": false, "reversed": "True", "length": 73.5785864380817, "bridge": null, "junction": null, "length_m": 73.681605671670525, "building_count_50m": 47, "avg_building_area": 258.24676825564546, "poi_count_50m": 1, "highway_clean": "residential", "highway_rank": 2, "sinuosity": 1.0, "poi_diversity": 0.0, "food_drink_count": 1, "street_furniture_count": 1, "degree_u": 8, "degree_v": 6, "avg_connectivity": 7.0, "city": "Singapore", "cluster": 2, "typology": "Local Mixed Street" }, "geometry": { "type": "LineString", "coordinates": [ [ 103.825516199999981, 1.3580239 ], [ 103.8261563, 1.3581923 ] ] } },
{ "type": "Feature", "properties": { "u": 1318498359, "v": 1318498332, "key": 0, "index": 175, "osmid": "117035211", "highway": "residential", "lanes": "2", "maxspeed": "40", "name": "Capricorn Drive", "oneway": false, "reversed": "False", "length": 60.008521727143702, "bridge": null, "junction": null, "length_m": 60.092545566657328, "building_count_50m": 39, "avg_building_area": 257.12479678784064, "poi_count_50m": 1, "highway_clean": "residential", "highway_rank": 2, "sinuosity": 1.0000000032804202, "poi_diversity": 0.0, "food_drink_count": 1, "street_furniture_count": 1, "degree_u": 8, "degree_v": 6, "avg_connectivity": 7.0, "city": "Singapore", "cluster": 2, "typology": "Local Mixed Street" }, "geometry": { "type": "LineString", "coordinates": [ [ 103.825516199999981, 1.3580239 ], [ 103.8254483, 1.3582827 ], [ 103.8253792, 1.3585459 ] ] } },
{ "type": "Feature", "properties": { "u": 1318498359, "v": 1318498346, "key": 0, "index": 176, "osmid": "464768860", "highway": "residential", "lanes": "2", "maxspeed": "40", "name": "Jupiter Road", "oneway": false, "reversed": "False", "length": 91.133045874273108, "bridge": null, "junction": null, "length_m": 91.260642851544773, "building_count_50m": 42, "avg_building_area": 262.43260139187049, "poi_count_50m": 1, "highway_clean": "residential", "highway_rank": 2, "sinuosity": 1.0526328611450859, "poi_diversity": 0.0, "food_drink_count": 1, "street_furniture_count": 1, "degree_u": 8, "degree_v": 6, "avg_connectivity": 7.0, "city": "Singapore", "cluster": 2, "typology": "Local Mixed Street" }, "geometry": { "type": "LineString", "coordinates": [ [ 103.825516199999981, 1.3580239 ], [ 103.8253913, 1.3579999 ], [ 103.8252786, 1.3579972 ], [ 103.8251982, 1.3580187 ], [ 103.8250009, 1.35812 ], [ 103.8247837, 1.3582884 ] ] } },
{ "type": "Feature", "properties": { "u": 1318498370, "v": 1318498337, "key": 0, "index": 177, "osmid": "634554426", "highway": "residential", "lanes": "2", "maxspeed": "40", "name": "Jalan Lembah Thomson", "oneway": false, "reversed": "False", "length": 30.676005044452012, "bridge": null, "junction": null, "length_m": 30.718875788083814, "building_count_50m": 28, "avg_building_area": 145.71869803258792, "poi_count_50m": 1, "highway_clean": "residential", "highway_rank": 2, "sinuosity": 1.0004987804950587, "poi_diversity": 0.0, "food_drink_count": 1, "street_furniture_count": 1, "degree_u": 2, "degree_v": 6, "avg_connectivity": 4.0, "city": "Singapore", "cluster": 2, "typology": "Local Mixed Street" }, "geometry": { "type": "LineString", "coordinates": [ [ 103.8312486, 1.3517431 ], [ 103.8314119, 1.3518997 ], [ 103.8314448, 1.3519369 ] ] } },
{ "type": "Feature", "properties": { "u": 1318498377, "v": 6539271522, "key": 0, "index": 178, "osmid": "645122675", "highway": "residential", "lanes": "2", "maxspeed": "40", "name": "Soo Chow View", "oneway": false, "reversed": "False", "length": 81.720583745515398, "bridge": null, "junction": null, "length_m": 81.834822211904566, "building_count_50m": 64, "avg_building_area": 132.885413257881, "poi_count_50m": 1, "highway_clean": "residential", "highway_rank": 2, "sinuosity": 1.0, "poi_diversity": 0.0, "food_drink_count": 1, "street_furniture_count": 1, "degree_u": 6, "degree_v": 2, "avg_connectivity": 4.0, "city": "Singapore", "cluster": 2, "typology": "Local Mixed Street" }, "geometry": { "type": "LineString", "coordinates": [ [ 103.830366799999979, 1.3530194 ], [ 103.8308966, 1.3525099 ] ] } },
{ "type": "Feature", "properties": { "u": 1318498377, "v": 1318498410, "key": 0, "index": 179, "osmid": [ 636865841, 717027121 ], "highway": "residential", "lanes": "2", "maxspeed": "40", "name": "Soo Chow Garden Road", "oneway": false, "reversed": "False", "length": 67.297870544209346, "bridge": null, "junction": null, "length_m": 67.391959982377443, "building_count_50m": 64, "avg_building_area": 130.25795826262004, "poi_count_50m": 1, "highway_clean": "residential", "highway_rank": 2, "sinuosity": 1.0000178712197789, "poi_diversity": 0.0, "food_drink_count": 1, "street_furniture_count": 1, "degree_u": 6, "degree_v": 8, "avg_connectivity": 7.0, "city": "Singapore", "cluster": 2, "typology": "Local Mixed Street" }, "geometry": { "type": "LineString", "coordinates": [ [ 103.830366799999979, 1.3530194 ], [ 103.830519399999986, 1.3531554 ], [ 103.830815299999983, 1.3534259 ] ] } },
{ "type": "Feature", "properties": { "u": 1318498377, "v": 1318498384, "key": 0, "index": 180, "osmid": [ 717075368, 117038434 ], "highway": "residential", "lanes": "2", "maxspeed": "40", "name": "Soo Chow View", "oneway": false, "reversed": "True", "length": 116.01247704852977, "bridge": null, "junction": null, "length_m": 116.17468145512696, "building_count_50m": 78, "avg_building_area": 135.87831238867972, "poi_count_50m": 1, "highway_clean": "residential", "highway_rank": 2, "sinuosity": 1.0002177324635677, "poi_diversity": 0.0, "food_drink_count": 1, "street_furniture_count": 1, "degree_u": 6, "degree_v": 6, "avg_connectivity": 6.0, "city": "Singapore", "cluster": 2, "typology": "Local Mixed Street" }, "geometry": { "type": "LineString", "coordinates": [ [ 103.830366799999979, 1.3530194 ], [ 103.829762, 1.3535582 ], [ 103.8295801, 1.3537046 ] ] } },
{ "type": "Feature", "properties": { "u": 1318498384, "v": 1318459246, "key": 0, "index": 181, "osmid": "117035212", "highway": "residential", "lanes": "2", "maxspeed": "40", "name": "Marigold Drive", "oneway": false, "reversed": "True", "length": 77.936874929915788, "bridge": null, "junction": null, "length_m": 78.045850790094931, "building_count_50m": 41, "avg_building_area": 142.72712488962529, "poi_count_50m": 1, "highway_clean": "residential", "highway_rank": 2, "sinuosity": 1.1192974013084946, "poi_diversity": 0.0, "food_drink_count": 1, "street_furniture_count": 1, "degree_u": 6, "degree_v": 6, "avg_connectivity": 6.0, "city": "Singapore", "cluster": 2, "typology": "Local Mixed Street" }, "geometry": { "type": "LineString", "coordinates": [ [ 103.8295801, 1.3537046 ], [ 103.829506899999984, 1.3536209 ], [ 103.829455199999984, 1.3535835 ], [ 103.8293929, 1.3535541 ], [ 103.8293319, 1.3535412 ], [ 103.8292655, 1.3535418 ], [ 103.8290352, 1.3536192 ], [ 103.828956, 1.3536513 ] ] } },
{ "type": "Feature", "properties": { "u": 1318498384, "v": 1318498377, "key": 0, "index": 182, "osmid": [ 717075368, 117038434 ], "highway": "residential", "lanes": "2", "maxspeed": "40", "name": "Soo Chow View", "oneway": false, "reversed": "False", "length": 116.01247704852977, "bridge": null, "junction": null, "length_m": 116.17468145512696, "building_count_50m": 78, "avg_building_area": 135.87831238867972, "poi_count_50m": 1, "highway_clean": "residential", "highway_rank": 2, "sinuosity": 1.0002177324635677, "poi_diversity": 0.0, "food_drink_count": 1, "street_furniture_count": 1, "degree_u": 6, "degree_v": 6, "avg_connectivity": 6.0, "city": "Singapore", "cluster": 2, "typology": "Local Mixed Street" }, "geometry": { "type": "LineString", "coordinates": [ [ 103.8295801, 1.3537046 ], [ 103.829762, 1.3535582 ], [ 103.830366799999979, 1.3530194 ] ] } },
{ "type": "Feature", "properties": { "u": 1318498384, "v": 4749280927, "key": 0, "index": 183, "osmid": "645135902", "highway": "residential", "lanes": "2", "maxspeed": "40", "name": "Marigold Drive", "oneway": false, "reversed": "False", "length": 62.303023715293683, "bridge": null, "junction": null, "length_m": 62.390148017292518, "building_count_50m": 42, "avg_building_area": 559.90781698328362, "poi_count_50m": 11, "highway_clean": "residential", "highway_rank": 2, "sinuosity": 1.0000000006777057, "poi_diversity": 0.93476989785827935, "food_drink_count": 5, "street_furniture_count": 1, "degree_u": 6, "degree_v": 6, "avg_connectivity": 6.0, "city": "Singapore", "cluster": 1, "typology": "Active Commercial High Street" }, "geometry": { "type": "LineString", "coordinates": [ [ 103.8295801, 1.3537046 ], [ 103.8296856, 1.353845 ], [ 103.8299167, 1.3541526 ] ] } },
{ "type": "Feature", "properties": { "u": 1318498399, "v": 1318498357, "key": 0, "index": 184, "osmid": "146880644", "highway": "residential", "lanes": "2", "maxspeed": "40", "name": "Jalan Pelatina", "oneway": false, "reversed": "False", "length": 168.62999129406782, "bridge": null, "junction": null, "length_m": 168.86557396268088, "building_count_50m": 100, "avg_building_area": 140.50445319815847, "poi_count_50m": 1, "highway_clean": "residential", "highway_rank": 2, "sinuosity": 1.0, "poi_diversity": 0.0, "food_drink_count": 1, "street_furniture_count": 1, "degree_u": 6, "degree_v": 6, "avg_connectivity": 6.0, "city": "Singapore", "cluster": 2, "typology": "Local Mixed Street" }, "geometry": { "type": "LineString", "coordinates": [ [ 103.833231, 1.3503365 ], [ 103.8346217, 1.3509422 ] ] } },
{ "type": "Feature", "properties": { "u": 1318498399, "v": 1318498403, "key": 0, "index": 185, "osmid": "279817722", "highway": "residential", "lanes": "2", "maxspeed": "40", "name": "Jalan Pelatina", "oneway": false, "reversed": "False", "length": 60.267604958293063, "bridge": null, "junction": null, "length_m": 60.351787451965158, "building_count_50m": 41, "avg_building_area": 157.33615761289127, "poi_count_50m": 1, "highway_clean": "residential", "highway_rank": 2, "sinuosity": 1.0001503409059145, "poi_diversity": 0.0, "food_drink_count": 1, "street_furniture_count": 1, "degree_u": 6, "degree_v": 6, "avg_connectivity": 6.0, "city": "Singapore", "cluster": 2, "typology": "Local Mixed Street" }, "geometry": { "type": "LineString", "coordinates": [ [ 103.833231, 1.3503365 ], [ 103.8334269, 1.3498816 ], [ 103.833448, 1.3498399 ] ] } },
{ "type": "Feature", "properties": { "u": 1318498399, "v": 1318498325, "key": 0, "index": 186, "osmid": "645122010", "highway": "residential", "lanes": "2", "maxspeed": "40", "name": "Jalan Pelatina", "oneway": false, "reversed": "True", "length": 62.499353972641146, "bridge": null, "junction": null, "length_m": 62.586666902779371, "building_count_50m": 44, "avg_building_area": 167.5624106015193, "poi_count_50m": 1, "highway_clean": "residential", "highway_rank": 2, "sinuosity": 1.0000325668472583, "poi_diversity": 0.0, "food_drink_count": 1, "street_furniture_count": 1, "degree_u": 6, "degree_v": 6, "avg_connectivity": 6.0, "city": "Singapore", "cluster": 2, "typology": "Local Mixed Street" }, "geometry": { "type": "LineString", "coordinates": [ [ 103.833231, 1.3503365 ], [ 103.8330283, 1.3508311 ], [ 103.8330169, 1.3508562 ] ] } },
{ "type": "Feature", "properties": { "u": 1318498401, "v": 1318498283, "key": 0, "index": 187, "osmid": "117038420", "highway": "residential", "lanes": "2", "maxspeed": "40", "name": "Thomson Ridge", "oneway": false, "reversed": "True", "length": 369.58881362853174, "bridge": null, "junction": null, "length_m": 370.10529714937286, "building_count_50m": 121, "avg_building_area": 194.79021300948733, "poi_count_50m": 12, "highway_clean": "residential", "highway_rank": 2, "sinuosity": 1.1113127381640018, "poi_diversity": 0.91842778499309763, "food_drink_count": 5, "street_furniture_count": 1, "degree_u": 6, "degree_v": 6, "avg_connectivity": 6.0, "city": "Singapore", "cluster": 1, "typology": "Active Commercial High Street" }, "geometry": { "type": "LineString", "coordinates": [ [ 103.8317856, 1.3515972 ], [ 103.8318076, 1.3515733 ], [ 103.8321149, 1.3512299 ], [ 103.832200699999987, 1.3511763 ], [ 103.832318799999982, 1.3512084 ], [ 103.834623, 1.3522134 ], [ 103.834702, 1.352264 ] ] } },
{ "type": "Feature", "properties": { "u": 1318498401, "v": 1318498337, "key": 0, "index": 188, "osmid": "146880650", "highway": "residential", "lanes": "2", "maxspeed": "40", "name": "Thomson Ridge", "oneway": false, "reversed": "False", "length": 53.511485845383412, "bridge": null, "junction": null, "length_m": 53.586268335845247, "building_count_50m": 41, "avg_building_area": 148.86590328725109, "poi_count_50m": 1, "highway_clean": "residential", "highway_rank": 2, "sinuosity": 1.0002495196783858, "poi_diversity": 0.0, "food_drink_count": 1, "street_furniture_count": 1, "degree_u": 6, "degree_v": 6, "avg_connectivity": 6.0, "city": "Singapore", "cluster": 2, "typology": "Local Mixed Street" }, "geometry": { "type": "LineString", "coordinates": [ [ 103.8317856, 1.3515972 ], [ 103.831756899999988, 1.3516218 ], [ 103.8315084, 1.3518738 ], [ 103.8314448, 1.3519369 ] ] } },
{ "type": "Feature", "properties": { "u": 1318498401, "v": 4749280942, "key": 0, "index": 189, "osmid": "464768863", "highway": "residential", "lanes": "2", "maxspeed": "40", "name": "Thomson Ridge", "oneway": false, "reversed": "False", "length": 251.07061025241882, "bridge": null, "junction": null, "length_m": 251.42151140230621, "building_count_50m": 89, "avg_building_area": 190.04907677381152, "poi_count_50m": 1, "highway_clean": "residential", "highway_rank": 2, "sinuosity": 1.0000408873217945, "poi_diversity": 0.0, "food_drink_count": 1, "street_furniture_count": 1, "degree_u": 6, "degree_v": 6, "avg_connectivity": 6.0, "city": "Singapore", "cluster": 2, "typology": "Local Mixed Street" }, "geometry": { "type": "LineString", "coordinates": [ [ 103.8317856, 1.3515972 ], [ 103.8329655, 1.3521097 ], [ 103.8338333, 1.3524867 ], [ 103.8338561, 1.352499 ] ] } },
{ "type": "Feature", "properties": { "u": 1318498402, "v": 4726897886, "key": 0, "index": 190, "osmid": "146880645", "highway": "residential", "lanes": "2", "maxspeed": "40", "name": "Taman Permata", "oneway": false, "reversed": "True", "length": 68.38981974565678, "bridge": null, "junction": null, "length_m": 68.485359497982344, "building_count_50m": 31, "avg_building_area": 226.48265023903735, "poi_count_50m": 5, "highway_clean": "residential", "highway_rank": 2, "sinuosity": 1.0000000005516283, "poi_diversity": 0.95027053923323468, "food_drink_count": 1, "street_furniture_count": 1, "degree_u": 8, "degree_v": 2, "avg_connectivity": 5.0, "city": "Singapore", "cluster": 2, "typology": "Local Mixed Street" }, "geometry": { "type": "LineString", "coordinates": [ [ 103.8348651, 1.3503934 ], [ 103.835400799999988, 1.3506252 ], [ 103.8354297, 1.3506377 ] ] } },
{ "type": "Feature", "properties": { "u": 1318498402, "v": 1318498357, "key": 0, "index": 191, "osmid": "146880647", "highway": "residential", "lanes": "2", "maxspeed": "40", "name": "Taman Permata", "oneway": false, "reversed": "True", "length": 66.762786774556403, "bridge": null, "junction": null, "length_m": 66.856057793500938, "building_count_50m": 49, "avg_building_area": 154.2187790599823, "poi_count_50m": 1, "highway_clean": "residential", "highway_rank": 2, "sinuosity": 1.0001410412141067, "poi_diversity": 0.0, "food_drink_count": 1, "street_furniture_count": 1, "degree_u": 8, "degree_v": 6, "avg_connectivity": 7.0, "city": "Singapore", "cluster": 2, "typology": "Local Mixed Street" }, "geometry": { "type": "LineString", "coordinates": [ [ 103.8348651, 1.3503934 ], [ 103.834839699999989, 1.3504561 ], [ 103.834643, 1.3508995 ], [ 103.8346217, 1.3509422 ] ] } },
{ "type": "Feature", "properties": { "u": 1318498402, "v": 1318498403, "key": 0, "index": 192, "osmid": "279817723", "highway": "residential", "lanes": "2", "maxspeed": "40", "name": "Taman Permata", "oneway": false, "reversed": "False", "length": 171.29932370871231, "bridge": null, "junction": null, "length_m": 171.53859596236072, "building_count_50m": 71, "avg_building_area": 156.47670800469595, "poi_count_50m": 1, "highway_clean": "residential", "highway_rank": 2, "sinuosity": 1.0128446319202333, "poi_diversity": 0.0, "food_drink_count": 1, "street_furniture_count": 1, "degree_u": 8, "degree_v": 6, "avg_connectivity": 7.0, "city": "Singapore", "cluster": 2, "typology": "Local Mixed Street" }, "geometry": { "type": "LineString", "coordinates": [ [ 103.8348651, 1.3503934 ], [ 103.8342307, 1.3500995 ], [ 103.8335816, 1.3498217 ], [ 103.8335631, 1.3498194 ], [ 103.833542, 1.3498211 ], [ 103.833448, 1.3498399 ] ] } },
{ "type": "Feature", "properties": { "u": 1318498402, "v": 1318498186, "key": 0, "index": 193, "osmid": "645125834", "highway": "residential", "lanes": null, "maxspeed": "40", "name": "Taman Permata", "oneway": false, "reversed": "False", "length": 27.415152307812026, "bridge": null, "junction": null, "length_m": 27.453448281450981, "building_count_50m": 25, "avg_building_area": 189.24405373286572, "poi_count_50m": 1, "highway_clean": "residential", "highway_rank": 2, "sinuosity": 1.0000134049082769, "poi_diversity": 0.0, "food_drink_count": 1, "street_furniture_count": 1, "degree_u": 8, "degree_v": 2, "avg_connectivity": 5.0, "city": "Singapore", "cluster": 2, "typology": "Local Mixed Street" }, "geometry": { "type": "LineString", "coordinates": [ [ 103.8348651, 1.3503934 ], [ 103.8348847, 1.3503457 ], [ 103.8349611, 1.3501663 ] ] } },
{ "type": "Feature", "properties": { "u": 1318498403, "v": 1318498325, "key": 0, "index": 194, "osmid": "146880648", "highway": "residential", "lanes": "2", "maxspeed": "40", "name": "Taman Permata", "oneway": false, "reversed": "True", "length": 237.06703964025706, "bridge": null, "junction": null, "length_m": 237.39819579732372, "building_count_50m": 75, "avg_building_area": 163.59057212011334, "poi_count_50m": 1, "highway_clean": "residential", "highway_rank": 2, "sinuosity": 1.9313156664710012, "poi_diversity": 0.0, "food_drink_count": 1, "street_furniture_count": 1, "degree_u": 6, "degree_v": 6, "avg_connectivity": 6.0, "city": "Singapore", "cluster": 3, "typology": "Winding Connector Lane" }, "geometry": { "type": "LineString", "coordinates": [ [ 103.833448, 1.3498399 ], [ 103.833384699999982, 1.3498534 ], [ 103.8326239, 1.3500324 ], [ 103.8325726, 1.3500598 ], [ 103.832528, 1.3500899 ], [ 103.832498199999989, 1.3501164 ], [ 103.8324711, 1.3501442 ], [ 103.8324469, 1.3501727 ], [ 103.832425499999985, 1.3502012 ], [ 103.83240739999998, 1.3502384 ], [ 103.832394599999986, 1.3502756 ], [ 103.8323873, 1.3503145 ], [ 103.8323826, 1.3503521 ], [ 103.8323847, 1.3503871 ], [ 103.832390899999979, 1.3504221 ], [ 103.8324005, 1.3504554 ], [ 103.8324141, 1.3504874 ], [ 103.832447499999986, 1.3505477 ], [ 103.8324917, 1.3506025 ], [ 103.832565500000015, 1.3506519 ], [ 103.8326434, 1.350696 ], [ 103.832771899999983, 1.3507458 ], [ 103.8330169, 1.3508562 ] ] } },
{ "type": "Feature", "properties": { "u": 1318498403, "v": 1318498399, "key": 0, "index": 195, "osmid": "279817722", "highway": "residential", "lanes": "2", "maxspeed": "40", "name": "Jalan Pelatina", "oneway": false, "reversed": "True", "length": 60.267604958293063, "bridge": null, "junction": null, "length_m": 60.351787451965158, "building_count_50m": 41, "avg_building_area": 157.33615761289127, "poi_count_50m": 1, "highway_clean": "residential", "highway_rank": 2, "sinuosity": 1.0001503409059145, "poi_diversity": 0.0, "food_drink_count": 1, "street_furniture_count": 1, "degree_u": 6, "degree_v": 6, "avg_connectivity": 6.0, "city": "Singapore", "cluster": 2, "typology": "Local Mixed Street" }, "geometry": { "type": "LineString", "coordinates": [ [ 103.833448, 1.3498399 ], [ 103.8334269, 1.3498816 ], [ 103.833231, 1.3503365 ] ] } },
{ "type": "Feature", "properties": { "u": 1318498403, "v": 1318498402, "key": 0, "index": 196, "osmid": "279817723", "highway": "residential", "lanes": "2", "maxspeed": "40", "name": "Taman Permata", "oneway": false, "reversed": "True", "length": 171.29932370871234, "bridge": null, "junction": null, "length_m": 171.53859596236072, "building_count_50m": 71, "avg_building_area": 156.47670800469595, "poi_count_50m": 1, "highway_clean": "residential", "highway_rank": 2, "sinuosity": 1.0128446319202333, "poi_diversity": 0.0, "food_drink_count": 1, "street_furniture_count": 1, "degree_u": 6, "degree_v": 8, "avg_connectivity": 7.0, "city": "Singapore", "cluster": 2, "typology": "Local Mixed Street" }, "geometry": { "type": "LineString", "coordinates": [ [ 103.833448, 1.3498399 ], [ 103.833542, 1.3498211 ], [ 103.8335631, 1.3498194 ], [ 103.8335816, 1.3498217 ], [ 103.8342307, 1.3500995 ], [ 103.8348651, 1.3503934 ] ] } },
{ "type": "Feature", "properties": { "u": 1318498406, "v": 1857011360, "key": 0, "index": 197, "osmid": "279813068", "highway": "residential", "lanes": "2", "maxspeed": "40", "name": "Jalan Pelatina", "oneway": false, "reversed": "False", "length": 19.04322339514469, "bridge": null, "junction": null, "length_m": 19.069834017432417, "building_count_50m": 5, "avg_building_area": 1521.9635947649433, "poi_count_50m": 10, "highway_clean": "residential", "highway_rank": 2, "sinuosity": 1.0, "poi_diversity": 0.94334839232903911, "food_drink_count": 4, "street_furniture_count": 1, "degree_u": 6, "degree_v": 4, "avg_connectivity": 5.0, "city": "Singapore", "cluster": 1, "typology": "Active Commercial High Street" }, "geometry": { "type": "LineString", "coordinates": [ [ 103.8356382, 1.3514438 ], [ 103.8358031, 1.3514902 ] ] } },
{ "type": "Feature", "properties": { "u": 1318498406, "v": 7738998388, "key": 0, "index": 198, "osmid": [ 640218100, 479566798 ], "highway": "primary", "lanes": "4", "maxspeed": "60", "name": "Upper Thomson Road", "oneway": true, "reversed": "False", "length": 20.170558943876028, "bridge": null, "junction": null, "length_m": 20.19874541392268, "building_count_50m": 5, "avg_building_area": 1521.9635947649433, "poi_count_50m": 12, "highway_clean": "primary", "highway_rank": 5, "sinuosity": 1.0000096707605888, "poi_diversity": 0.91842778499309763, "food_drink_count": 5, "street_furniture_count": 1, "degree_u": 6, "degree_v": 3, "avg_connectivity": 4.5, "city": "Singapore", "cluster": 1, "typology": "Active Commercial High Street" }, "geometry": { "type": "LineString", "coordinates": [ [ 103.8356382, 1.3514438 ], [ 103.835600099999979, 1.3515758 ], [ 103.8355963, 1.3515891 ], [ 103.835587599999982, 1.351618 ] ] } },
{ "type": "Feature", "properties": { "u": 1318498406, "v": 4728224830, "key": 0, "index": 199, "osmid": "632692142", "highway": "residential", "lanes": "2", "maxspeed": "40", "name": "Jalan Pelatina", "oneway": false, "reversed": "True", "length": 15.928578207000271, "bridge": null, "junction": null, "length_m": 15.950836181793916, "building_count_50m": 7, "avg_building_area": 1151.6397297560056, "poi_count_50m": 10, "highway_clean": "residential", "highway_rank": 2, "sinuosity": 1.0000003015923937, "poi_diversity": 0.94334839232903911, "food_drink_count": 5, "street_furniture_count": 1, "degree_u": 6, "degree_v": 5, "avg_connectivity": 5.5, "city": "Singapore", "cluster": 1, "typology": "Active Commercial High Street" }, "geometry": { "type": "LineString", "coordinates": [ [ 103.8356382, 1.3514438 ], [ 103.8355835, 1.3514252 ], [ 103.8355025, 1.3513978 ] ] } },
{ "type": "Feature", "properties": { "u": 1318498410, "v": 4598764358, "key": 0, "index": 200, "osmid": "636865838", "highway": "residential", "lanes": "2", "maxspeed": "40", "name": "Soo Chow Garden Road", "oneway": false, "reversed": "False", "length": 68.23924597160773, "bridge": null, "junction": null, "length_m": 68.334663458612923, "building_count_50m": 58, "avg_building_area": 381.77185276923962, "poi_count_50m": 1, "highway_clean": "residential", "highway_rank": 2, "sinuosity": 1.0001279382232431, "poi_diversity": 0.0, "food_drink_count": 1, "street_furniture_count": 1, "degree_u": 8, "degree_v": 8, "avg_connectivity": 8.0, "city": "Singapore", "cluster": 2, "typology": "Local Mixed Street" }, "geometry": { "type": "LineString", "coordinates": [ [ 103.830815299999983, 1.3534259 ], [ 103.8311351, 1.3537491 ], [ 103.8312428, 1.3538662 ] ] } },
{ "type": "Feature", "properties": { "u": 1318498410, "v": 6539271521, "key": 0, "index": 201, "osmid": [ 717027122, 645123293 ], "highway": "residential", "lanes": "2", "maxspeed": "40", "name": "Soo Chow Rise", "oneway": false, "reversed": "False", "length": 84.65588600353388, "bridge": null, "junction": null, "length_m": 84.774241763304389, "building_count_50m": 81, "avg_building_area": 125.69716895981088, "poi_count_50m": 1, "highway_clean": "residential", "highway_rank": 2, "sinuosity": 1.0000137476857724, "poi_diversity": 0.0, "food_drink_count": 1, "street_furniture_count": 1, "degree_u": 8, "degree_v": 2, "avg_connectivity": 5.0, "city": "Singapore", "cluster": 2, "typology": "Local Mixed Street" }, "geometry": { "type": "LineString", "coordinates": [ [ 103.830815299999983, 1.3534259 ], [ 103.8309516, 1.3532994 ], [ 103.8313686, 1.3529028 ] ] } },
{ "type": "Feature", "properties": { "u": 1318498410, "v": 1318498377, "key": 0, "index": 202, "osmid": [ 717027121, 636865841 ], "highway": "residential", "lanes": "2", "maxspeed": "40", "name": "Soo Chow Garden Road", "oneway": false, "reversed": "True", "length": 67.297870544209346, "bridge": null, "junction": null, "length_m": 67.391959982377443, "building_count_50m": 64, "avg_building_area": 130.25795826262004, "poi_count_50m": 1, "highway_clean": "residential", "highway_rank": 2, "sinuosity": 1.0000178712197789, "poi_diversity": 0.0, "food_drink_count": 1, "street_furniture_count": 1, "degree_u": 8, "degree_v": 6, "avg_connectivity": 7.0, "city": "Singapore", "cluster": 2, "typology": "Local Mixed Street" }, "geometry": { "type": "LineString", "coordinates": [ [ 103.830815299999983, 1.3534259 ], [ 103.830519399999986, 1.3531554 ], [ 103.830366799999979, 1.3530194 ] ] } },
{ "type": "Feature", "properties": { "u": 1318498410, "v": 4749280927, "key": 0, "index": 203, "osmid": [ 117038449, 717027123, 717075369 ], "highway": "residential", "lanes": "2", "maxspeed": "40", "name": "Soo Chow Rise", "oneway": false, "reversed": "True", "length": 128.54748882424701, "bridge": null, "junction": null, "length_m": 128.72724189973576, "building_count_50m": 83, "avg_building_area": 345.42264140374647, "poi_count_50m": 16, "highway_clean": "residential", "highway_rank": 2, "sinuosity": 1.0005002220001022, "poi_diversity": 1.1626998334975678, "food_drink_count": 6, "street_furniture_count": 1, "degree_u": 8, "degree_v": 6, "avg_connectivity": 7.0, "city": "Singapore", "cluster": 1, "typology": "Active Commercial High Street" }, "geometry": { "type": "LineString", "coordinates": [ [ 103.830815299999983, 1.3534259 ], [ 103.8306659, 1.3535555 ], [ 103.8303071, 1.3538371 ], [ 103.830113899999986, 1.3540063 ], [ 103.8299167, 1.3541526 ] ] } },
{ "type": "Feature", "properties": { "u": 1318498426, "v": 1601016995, "key": 0, "index": 204, "osmid": "591643536", "highway": "residential", "lanes": "1", "maxspeed": "40", "name": "Thomson Ridge", "oneway": true, "reversed": "False", "length": 24.076086022079462, "bridge": null, "junction": null, "length_m": 24.109747254500711, "building_count_50m": 7, "avg_building_area": 849.66166895473089, "poi_count_50m": 23, "highway_clean": "residential", "highway_rank": 2, "sinuosity": 1.0077159991367348, "poi_diversity": 0.96245621677964244, "food_drink_count": 8, "street_furniture_count": 1, "degree_u": 4, "degree_v": 4, "avg_connectivity": 4.0, "city": "Singapore", "cluster": 1, "typology": "Active Commercial High Street" }, "geometry": { "type": "LineString", "coordinates": [ [ 103.8342366, 1.3533085 ], [ 103.8341623, 1.3532612 ], [ 103.834102099999981, 1.3532373 ], [ 103.8340408, 1.3532199 ] ] } },
{ "type": "Feature", "properties": { "u": 1318498426, "v": 5984305199, "key": 0, "index": 205, "osmid": "634035254", "highway": "primary", "lanes": "3", "maxspeed": "60", "name": "Upper Thomson Road", "oneway": true, "reversed": "False", "length": 22.619830116203747, "bridge": null, "junction": null, "length_m": 22.651456448058951, "building_count_50m": 6, "avg_building_area": 933.2115232529942, "poi_count_50m": 23, "highway_clean": "primary", "highway_rank": 5, "sinuosity": 1.0001045665905433, "poi_diversity": 0.82595670101497787, "food_drink_count": 9, "street_furniture_count": 1, "degree_u": 4, "degree_v": 3, "avg_connectivity": 3.5, "city": "Singapore", "cluster": 1, "typology": "Active Commercial High Street" }, "geometry": { "type": "LineString", "coordinates": [ [ 103.8342366, 1.3533085 ], [ 103.8342103, 1.3533314 ], [ 103.834087499999981, 1.3534469 ] ] } },
{ "type": "Feature", "properties": { "u": 1318513939, "v": 5143793921, "key": 0, "index": 206, "osmid": "529547684", "highway": "residential", "lanes": "2", "maxspeed": "50", "name": "Jalan Rebana", "oneway": false, "reversed": "False", "length": 37.550738957306734, "bridge": null, "junction": null, "length_m": 37.603385225238263, "building_count_50m": 34, "avg_building_area": 147.04608545495873, "poi_count_50m": 1, "highway_clean": "residential", "highway_rank": 2, "sinuosity": 1.0, "poi_diversity": 0.0, "food_drink_count": 1, "street_furniture_count": 1, "degree_u": 6, "degree_v": 5, "avg_connectivity": 5.5, "city": "Singapore", "cluster": 2, "typology": "Local Mixed Street" }, "geometry": { "type": "LineString", "coordinates": [ [ 103.829433499999979, 1.3627067 ], [ 103.829129, 1.3625605 ] ] } },
{ "type": "Feature", "properties": { "u": 1318513939, "v": 5143788820, "key": 0, "index": 207, "osmid": "645200624", "highway": "residential", "lanes": "2", "maxspeed": "50", "name": "Jalan Angklong", "oneway": false, "reversed": "False", "length": 36.399632099972216, "bridge": null, "junction": null, "length_m": 36.450666639850446, "building_count_50m": 31, "avg_building_area": 148.30184172080735, "poi_count_50m": 1, "highway_clean": "residential", "highway_rank": 2, "sinuosity": 1.0, "poi_diversity": 0.0, "food_drink_count": 1, "street_furniture_count": 1, "degree_u": 6, "degree_v": 5, "avg_connectivity": 5.5, "city": "Singapore", "cluster": 2, "typology": "Local Mixed Street" }, "geometry": { "type": "LineString", "coordinates": [ [ 103.829433499999979, 1.3627067 ], [ 103.8291352, 1.3628417 ] ] } },
{ "type": "Feature", "properties": { "u": 1318513939, "v": 1318514274, "key": 0, "index": 208, "osmid": "646856143", "highway": "residential", "lanes": "2", "maxspeed": "50", "name": "Jalan Angklong", "oneway": false, "reversed": "True", "length": 17.598611005249136, "bridge": null, "junction": null, "length_m": 17.623284616748734, "building_count_50m": 21, "avg_building_area": 149.50094487416951, "poi_count_50m": 1, "highway_clean": "residential", "highway_rank": 2, "sinuosity": 1.0, "poi_diversity": 0.0, "food_drink_count": 1, "street_furniture_count": 1, "degree_u": 6, "degree_v": 6, "avg_connectivity": 6.0, "city": "Singapore", "cluster": 2, "typology": "Local Mixed Street" }, "geometry": { "type": "LineString", "coordinates": [ [ 103.829433499999979, 1.3627067 ], [ 103.8295778, 1.3626416 ] ] } },
{ "type": "Feature", "properties": { "u": 1318514010, "v": 1318514215, "key": 0, "index": 209, "osmid": [ 647086198, 117041302, 647086196, 645201118 ], "highway": "residential", "lanes": "2", "maxspeed": "50", "name": [ "Jalan Rebana", "Jalan Seruling", "Angklong Lane" ], "oneway": false, "reversed": [ false, true ], "length": 287.42068176286034, "bridge": null, "junction": null, "length_m": 287.82378949153104, "building_count_50m": 81, "avg_building_area": 169.25666579623842, "poi_count_50m": 1, "highway_clean": "residential", "highway_rank": 2, "sinuosity": 1.8802247855061682, "poi_diversity": 0.0, "food_drink_count": 1, "street_furniture_count": 1, "degree_u": 6, "degree_v": 6, "avg_connectivity": 6.0, "city": "Singapore", "cluster": 3, "typology": "Winding Connector Lane" }, "geometry": { "type": "LineString", "coordinates": [ [ 103.8283784, 1.3635793 ], [ 103.8283813, 1.3638759 ], [ 103.8283851, 1.3641033 ], [ 103.828394099999983, 1.3641472 ], [ 103.82840419999998, 1.3641586 ], [ 103.828427, 1.3641687 ], [ 103.8284471, 1.3641727 ], [ 103.8284813, 1.3641747 ], [ 103.828522199999981, 1.3641726 ], [ 103.828548, 1.3641694 ], [ 103.828566399999985, 1.3641666 ], [ 103.8285797, 1.3641643 ], [ 103.8286223, 1.3641594 ], [ 103.828709, 1.3641418 ], [ 103.8298019, 1.3636477 ], [ 103.8296908, 1.3631688 ] ] } },
{ "type": "Feature", "properties": { "u": 1318514010, "v": 1318514215, "key": 1, "index": 210, "osmid": [ 117041305, 720096466, 717075372 ], "highway": "residential", "lanes": "2", "maxspeed": "50", "name": "Jalan Gendang", "oneway": false, "reversed": "False", "length": 155.34274307293614, "bridge": null, "junction": null, "length_m": 155.56058470956734, "building_count_50m": 49, "avg_building_area": 158.32159778109178, "poi_count_50m": 1, "highway_clean": "residential", "highway_rank": 2, "sinuosity": 1.0162081026570828, "poi_diversity": 0.0, "food_drink_count": 1, "street_furniture_count": 1, "degree_u": 6, "degree_v": 6, "avg_connectivity": 6.0, "city": "Singapore", "cluster": 2, "typology": "Local Mixed Street" }, "geometry": { "type": "LineString", "coordinates": [ [ 103.8283784, 1.3635793 ], [ 103.8285758, 1.3635756 ], [ 103.8287161, 1.3635754 ], [ 103.8287555, 1.3635679 ], [ 103.829491799999985, 1.3632307 ], [ 103.8295903, 1.3631879 ], [ 103.8296908, 1.3631688 ] ] } },
{ "type": "Feature", "properties": { "u": 1318514010, "v": 1318514124, "key": 0, "index": 211, "osmid": [ 720096467, 647086197 ], "highway": "residential", "lanes": "2", "maxspeed": "50", "name": "Jalan Rebana", "oneway": false, "reversed": "True", "length": 61.425561038949844, "bridge": null, "junction": null, "length_m": 61.511696997963099, "building_count_50m": 25, "avg_building_area": 166.77392706137442, "poi_count_50m": 1, "highway_clean": "residential", "highway_rank": 2, "sinuosity": 1.0000036129562906, "poi_diversity": 0.0, "food_drink_count": 1, "street_furniture_count": 1, "degree_u": 6, "degree_v": 8, "avg_connectivity": 7.0, "city": "Singapore", "cluster": 2, "typology": "Local Mixed Street" }, "geometry": { "type": "LineString", "coordinates": [ [ 103.8283784, 1.3635793 ], [ 103.8283633, 1.363206 ], [ 103.8283571, 1.3630273 ] ] } },
{ "type": "Feature", "properties": { "u": 1318514013, "v": 5689382224, "key": 0, "index": 212, "osmid": [ 630111778, 597566254 ], "highway": "residential", "lanes": "3", "maxspeed": "50", "name": "Sin Ming Walk", "oneway": true, "reversed": "False", "length": 79.709602583380061, "bridge": null, "junction": null, "length_m": 79.821393993589396, "building_count_50m": 4, "avg_building_area": 807.52599820761247, "poi_count_50m": 2, "highway_clean": "residential", "highway_rank": 2, "sinuosity": 1.001875357160515, "poi_diversity": 0.0, "food_drink_count": 1, "street_furniture_count": 1, "degree_u": 4, "degree_v": 4, "avg_connectivity": 4.0, "city": "Singapore", "cluster": 0, "typology": "Arterial Movement Corridor" }, "geometry": { "type": "LineString", "coordinates": [ [ 103.8329074, 1.3641097 ], [ 103.8330329, 1.3638798 ], [ 103.8330695, 1.3637914 ], [ 103.8331061, 1.3637029 ], [ 103.83315540000001, 1.3635727 ], [ 103.8331995, 1.3634565 ] ] } },
{ "type": "Feature", "properties": { "u": 1318514013, "v": 5176695217, "key": 0, "index": 213, "osmid": [ 630111777, 720099980, 720099981, 720099982, 117041301, 645286807, 645286808, 645286043, 645286044, 720101277 ], "highway": "residential", "lanes": [ "2", "3" ], "maxspeed": "50", "name": "Sin Ming Walk", "oneway": false, "reversed": "False", "length": 285.8558547054667, "bridge": null, "junction": null, "length_m": 286.25688970706778, "building_count_50m": 16, "avg_building_area": 770.43502559321666, "poi_count_50m": 16, "highway_clean": "residential", "highway_rank": 2, "sinuosity": 1.0178319224036785, "poi_diversity": 0.86474009652763717, "food_drink_count": 1, "street_furniture_count": 9, "degree_u": 4, "degree_v": 4, "avg_connectivity": 4.0, "city": "Singapore", "cluster": 4, "typology": "Pedestrian-Rich Street" }, "geometry": { "type": "LineString", "coordinates": [ [ 103.8329074, 1.3641097 ], [ 103.832863, 1.3642109 ], [ 103.832796, 1.3643265 ], [ 103.8327464, 1.3643854 ], [ 103.832717299999985, 1.3644149 ], [ 103.8326068, 1.3644954 ], [ 103.832242400000013, 1.3646966 ], [ 103.832153199999979, 1.3647425 ], [ 103.831977899999984, 1.3648327 ], [ 103.8319065, 1.3648685 ], [ 103.8318205, 1.3649118 ], [ 103.831670399999979, 1.3649895 ], [ 103.83095609999998, 1.3653752 ], [ 103.8307776, 1.3654683 ] ] } },
{ "type": "Feature", "properties": { "u": 1318514040, "v": 206089579, "key": 0, "index": 214, "osmid": [ 628456691, 641139677, 117041310 ], "highway": "residential", "lanes": "2", "maxspeed": "50", "name": "Jalan Tambur", "oneway": false, "reversed": "True", "length": 60.817671636379337, "bridge": null, "junction": null, "length_m": 60.902992583772203, "building_count_50m": 21, "avg_building_area": 146.3764116876838, "poi_count_50m": 7, "highway_clean": "residential", "highway_rank": 2, "sinuosity": 1.0000880054132961, "poi_diversity": 1.0042424730540764, "food_drink_count": 1, "street_furniture_count": 1, "degree_u": 6, "degree_v": 4, "avg_connectivity": 5.0, "city": "Singapore", "cluster": 2, "typology": "Local Mixed Street" }, "geometry": { "type": "LineString", "coordinates": [ [ 103.82874, 1.3648374 ], [ 103.828657899999982, 1.3648184 ], [ 103.8284788, 1.3647825 ], [ 103.8283847, 1.3647637 ], [ 103.8282849, 1.3647449 ], [ 103.828203699999989, 1.3647295 ] ] } },
{ "type": "Feature", "properties": { "u": 1318514040, "v": 1318514197, "key": 0, "index": 215, "osmid": "168043023", "highway": "residential", "lanes": "2", "maxspeed": "50", "name": "Jalan Tambur", "oneway": false, "reversed": "False", "length": 265.50075807450764, "bridge": null, "junction": null, "length_m": 265.87318053693303, "building_count_50m": 76, "avg_building_area": 206.67788566792373, "poi_count_50m": 17, "highway_clean": "residential", "highway_rank": 2, "sinuosity": 1.0049090298383696, "poi_diversity": 1.0283941667143721, "food_drink_count": 1, "street_furniture_count": 1, "degree_u": 6, "degree_v": 2, "avg_connectivity": 4.0, "city": "Singapore", "cluster": 1, "typology": "Active Commercial High Street" }, "geometry": { "type": "LineString", "coordinates": [ [ 103.82874, 1.3648374 ], [ 103.8287749, 1.3648436 ], [ 103.82879269999998, 1.3648448 ], [ 103.8288083, 1.3648445 ], [ 103.8288226, 1.3648432 ], [ 103.8288346, 1.3648396 ], [ 103.8288866, 1.3648148 ], [ 103.829000099999988, 1.3647547 ], [ 103.82911439999998, 1.3646953 ], [ 103.8293461, 1.3645805 ], [ 103.830888799999983, 1.3638221 ] ] } },
{ "type": "Feature", "properties": { "u": 1318514040, "v": 1318514149, "key": 0, "index": 216, "osmid": [ 168043026, 628456695 ], "highway": "residential", "lanes": "2", "maxspeed": "50", "name": "Jalan Tambur", "oneway": false, "reversed": "False", "length": 45.594302373819232, "bridge": null, "junction": null, "length_m": 45.658269976932303, "building_count_50m": 30, "avg_building_area": 242.72435906968184, "poi_count_50m": 13, "highway_clean": "residential", "highway_rank": 2, "sinuosity": 1.0013495910749592, "poi_diversity": 1.0579054247036734, "food_drink_count": 1, "street_furniture_count": 1, "degree_u": 6, "degree_v": 2, "avg_connectivity": 4.0, "city": "Singapore", "cluster": 1, "typology": "Active Commercial High Street" }, "geometry": { "type": "LineString", "coordinates": [ [ 103.82874, 1.3648374 ], [ 103.828849399999982, 1.364929 ], [ 103.8289767, 1.3650262 ], [ 103.829025699999988, 1.3650581 ], [ 103.8290673, 1.3650836 ] ] } },
{ "type": "Feature", "properties": { "u": 1318514046, "v": 206089520, "key": 0, "index": 217, "osmid": [ 482044984, 479744115, 628481688 ], "highway": "primary", "lanes": "3", "maxspeed": "60", "name": "Upper Thomson Road", "oneway": true, "reversed": "False", "length": 149.55637105238807, "bridge": null, "junction": null, "length_m": 149.76603205225015, "building_count_50m": 21, "avg_building_area": 140.81615100236579, "poi_count_50m": 1, "highway_clean": "primary", "highway_rank": 5, "sinuosity": 1.0019622783040851, "poi_diversity": 0.0, "food_drink_count": 1, "street_furniture_count": 1, "degree_u": 5, "degree_v": 4, "avg_connectivity": 4.5, "city": "Singapore", "cluster": 0, "typology": "Arterial Movement Corridor" }, "geometry": { "type": "LineString", "coordinates": [ [ 103.8281918, 1.3630229 ], [ 103.828192, 1.3627318 ], [ 103.828196, 1.3624666 ], [ 103.828207099999986, 1.3622013 ], [ 103.8282148, 1.3620642 ], [ 103.8282305, 1.3619218 ], [ 103.828273, 1.361683 ] ] } },
{ "type": "Feature", "properties": { "u": 1318514046, "v": 1318514124, "key": 0, "index": 218, "osmid": "628467562", "highway": "residential", "lanes": "2", "maxspeed": "50", "name": "Jalan Angklong", "oneway": false, "reversed": "True", "length": 18.382108347164408, "bridge": null, "junction": null, "length_m": 18.407883120441689, "building_count_50m": 16, "avg_building_area": 155.59376847758648, "poi_count_50m": 1, "highway_clean": "residential", "highway_rank": 2, "sinuosity": 1.0000135740607152, "poi_diversity": 0.0, "food_drink_count": 1, "street_furniture_count": 1, "degree_u": 5, "degree_v": 8, "avg_connectivity": 6.5, "city": "Singapore", "cluster": 2, "typology": "Local Mixed Street" }, "geometry": { "type": "LineString", "coordinates": [ [ 103.8281918, 1.3630229 ], [ 103.8282622, 1.3630252 ], [ 103.8283571, 1.3630273 ] ] } },
{ "type": "Feature", "properties": { "u": 1318514124, "v": 1318514046, "key": 0, "index": 219, "osmid": "628467562", "highway": "residential", "lanes": "2", "maxspeed": "50", "name": "Jalan Angklong", "oneway": false, "reversed": "False", "length": 18.382108347164408, "bridge": null, "junction": null, "length_m": 18.407883120441689, "building_count_50m": 16, "avg_building_area": 155.59376847758648, "poi_count_50m": 1, "highway_clean": "residential", "highway_rank": 2, "sinuosity": 1.0000135740607152, "poi_diversity": 0.0, "food_drink_count": 1, "street_furniture_count": 1, "degree_u": 8, "degree_v": 5, "avg_connectivity": 6.5, "city": "Singapore", "cluster": 2, "typology": "Local Mixed Street" }, "geometry": { "type": "LineString", "coordinates": [ [ 103.8283571, 1.3630273 ], [ 103.8282622, 1.3630252 ], [ 103.8281918, 1.3630229 ] ] } },
{ "type": "Feature", "properties": { "u": 1318514124, "v": 5143788820, "key": 0, "index": 220, "osmid": "645200626", "highway": "residential", "lanes": "2", "maxspeed": "50", "name": "Jalan Angklong", "oneway": false, "reversed": "True", "length": 90.109378985070748, "bridge": null, "junction": null, "length_m": 90.235725178327968, "building_count_50m": 36, "avg_building_area": 165.44360144491236, "poi_count_50m": 1, "highway_clean": "residential", "highway_rank": 2, "sinuosity": 1.0133256858576831, "poi_diversity": 0.0, "food_drink_count": 1, "street_furniture_count": 1, "degree_u": 8, "degree_v": 5, "avg_connectivity": 6.5, "city": "Singapore", "cluster": 2, "typology": "Local Mixed Street" }, "geometry": { "type": "LineString", "coordinates": [ [ 103.8283571, 1.3630273 ], [ 103.828508, 1.3630208 ], [ 103.828658, 1.3630107 ], [ 103.8287099, 1.3630087 ], [ 103.828755699999988, 1.362996 ], [ 103.8288811, 1.3629488 ], [ 103.8291352, 1.3628417 ] ] } },
{ "type": "Feature", "properties": { "u": 1318514124, "v": 1318514010, "key": 0, "index": 221, "osmid": [ 720096467, 647086197 ], "highway": "residential", "lanes": "2", "maxspeed": "50", "name": "Jalan Rebana", "oneway": false, "reversed": "False", "length": 61.425561038949844, "bridge": null, "junction": null, "length_m": 61.511696997963099, "building_count_50m": 25, "avg_building_area": 166.77392706137442, "poi_count_50m": 1, "highway_clean": "residential", "highway_rank": 2, "sinuosity": 1.0000036129562906, "poi_diversity": 0.0, "food_drink_count": 1, "street_furniture_count": 1, "degree_u": 8, "degree_v": 6, "avg_connectivity": 7.0, "city": "Singapore", "cluster": 2, "typology": "Local Mixed Street" }, "geometry": { "type": "LineString", "coordinates": [ [ 103.8283571, 1.3630273 ], [ 103.8283633, 1.363206 ], [ 103.8283784, 1.3635793 ] ] } },
{ "type": "Feature", "properties": { "u": 1318514124, "v": 5143793921, "key": 0, "index": 222, "osmid": [ 669627281, 117041311 ], "highway": "residential", "lanes": "2", "maxspeed": "50", "name": "Jalan Rebana", "oneway": false, "reversed": "True", "length": 150.58297011365022, "bridge": null, "junction": null, "length_m": 150.79408464643981, "building_count_50m": 52, "avg_building_area": 145.50236821723547, "poi_count_50m": 1, "highway_clean": "residential", "highway_rank": 2, "sinuosity": 1.5015490737041408, "poi_diversity": 0.0, "food_drink_count": 1, "street_furniture_count": 1, "degree_u": 8, "degree_v": 5, "avg_connectivity": 6.5, "city": "Singapore", "cluster": 2, "typology": "Local Mixed Street" }, "geometry": { "type": "LineString", "coordinates": [ [ 103.8283571, 1.3630273 ], [ 103.8283365, 1.3626041 ], [ 103.8283367, 1.3625591 ], [ 103.8283509, 1.3625044 ], [ 103.828372299999984, 1.3624738 ], [ 103.8283952, 1.3624562 ], [ 103.828423799999982, 1.3624486 ], [ 103.8287957, 1.3624302 ], [ 103.8288406, 1.3624312 ], [ 103.828872, 1.3624429 ], [ 103.829129, 1.3625605 ] ] } },
{ "type": "Feature", "properties": { "u": 1318514149, "v": 1318514040, "key": 0, "index": 223, "osmid": [ 168043026, 628456695 ], "highway": "residential", "lanes": "2", "maxspeed": "50", "name": "Jalan Tambur", "oneway": false, "reversed": "True", "length": 45.594302373819232, "bridge": null, "junction": null, "length_m": 45.658269976932303, "building_count_50m": 30, "avg_building_area": 242.72435906968184, "poi_count_50m": 13, "highway_clean": "residential", "highway_rank": 2, "sinuosity": 1.0013495910749592, "poi_diversity": 1.0579054247036734, "food_drink_count": 1, "street_furniture_count": 1, "degree_u": 2, "degree_v": 6, "avg_connectivity": 4.0, "city": "Singapore", "cluster": 1, "typology": "Active Commercial High Street" }, "geometry": { "type": "LineString", "coordinates": [ [ 103.8290673, 1.3650836 ], [ 103.829025699999988, 1.3650581 ], [ 103.8289767, 1.3650262 ], [ 103.828849399999982, 1.364929 ], [ 103.82874, 1.3648374 ] ] } },
{ "type": "Feature", "properties": { "u": 1318514197, "v": 1318514040, "key": 0, "index": 224, "osmid": "168043023", "highway": "residential", "lanes": "2", "maxspeed": "50", "name": "Jalan Tambur", "oneway": false, "reversed": "True", "length": 265.50075807450764, "bridge": null, "junction": null, "length_m": 265.87318053693303, "building_count_50m": 76, "avg_building_area": 206.67788566792373, "poi_count_50m": 17, "highway_clean": "residential", "highway_rank": 2, "sinuosity": 1.0049090298383696, "poi_diversity": 1.0283941667143721, "food_drink_count": 1, "street_furniture_count": 1, "degree_u": 2, "degree_v": 6, "avg_connectivity": 4.0, "city": "Singapore", "cluster": 1, "typology": "Active Commercial High Street" }, "geometry": { "type": "LineString", "coordinates": [ [ 103.830888799999983, 1.3638221 ], [ 103.8293461, 1.3645805 ], [ 103.82911439999998, 1.3646953 ], [ 103.829000099999988, 1.3647547 ], [ 103.8288866, 1.3648148 ], [ 103.8288346, 1.3648396 ], [ 103.8288226, 1.3648432 ], [ 103.8288083, 1.3648445 ], [ 103.82879269999998, 1.3648448 ], [ 103.8287749, 1.3648436 ], [ 103.82874, 1.3648374 ] ] } },
{ "type": "Feature", "properties": { "u": 1318514215, "v": 1318514274, "key": 0, "index": 225, "osmid": "117041293", "highway": "residential", "lanes": null, "maxspeed": "50", "name": "Angklong Lane", "oneway": false, "reversed": "True", "length": 59.952777698506281, "bridge": null, "junction": null, "length_m": 60.036838473627419, "building_count_50m": 30, "avg_building_area": 130.1146680404045, "poi_count_50m": 1, "highway_clean": "residential", "highway_rank": 2, "sinuosity": 1.0, "poi_diversity": 0.0, "food_drink_count": 1, "street_furniture_count": 1, "degree_u": 6, "degree_v": 6, "avg_connectivity": 6.0, "city": "Singapore", "cluster": 2, "typology": "Local Mixed Street" }, "geometry": { "type": "LineString", "coordinates": [ [ 103.8296908, 1.3631688 ], [ 103.8295778, 1.3626416 ] ] } },
{ "type": "Feature", "properties": { "u": 1318514215, "v": 1318514010, "key": 0, "index": 226, "osmid": [ 117041302, 647086196, 645201118, 647086198 ], "highway": "residential", "lanes": "2", "maxspeed": "50", "name": [ "Jalan Seruling", "Angklong Lane", "Jalan Rebana" ], "oneway": false, "reversed": [ false, true ], "length": 287.42068176286034, "bridge": null, "junction": null, "length_m": 287.82378949153104, "building_count_50m": 81, "avg_building_area": 169.25666579623842, "poi_count_50m": 1, "highway_clean": "residential", "highway_rank": 2, "sinuosity": 1.8802247855061682, "poi_diversity": 0.0, "food_drink_count": 1, "street_furniture_count": 1, "degree_u": 6, "degree_v": 6, "avg_connectivity": 6.0, "city": "Singapore", "cluster": 3, "typology": "Winding Connector Lane" }, "geometry": { "type": "LineString", "coordinates": [ [ 103.8296908, 1.3631688 ], [ 103.8298019, 1.3636477 ], [ 103.828709, 1.3641418 ], [ 103.8286223, 1.3641594 ], [ 103.8285797, 1.3641643 ], [ 103.828566399999985, 1.3641666 ], [ 103.828548, 1.3641694 ], [ 103.828522199999981, 1.3641726 ], [ 103.8284813, 1.3641747 ], [ 103.8284471, 1.3641727 ], [ 103.828427, 1.3641687 ], [ 103.82840419999998, 1.3641586 ], [ 103.828394099999983, 1.3641472 ], [ 103.8283851, 1.3641033 ], [ 103.8283813, 1.3638759 ], [ 103.8283784, 1.3635793 ] ] } },
{ "type": "Feature", "properties": { "u": 1318514215, "v": 1318514010, "key": 1, "index": 227, "osmid": [ 117041305, 720096466, 717075372 ], "highway": "residential", "lanes": "2", "maxspeed": "50", "name": "Jalan Gendang", "oneway": false, "reversed": "True", "length": 155.34274307293612, "bridge": null, "junction": null, "length_m": 155.56058470956734, "building_count_50m": 49, "avg_building_area": 158.32159778109178, "poi_count_50m": 1, "highway_clean": "residential", "highway_rank": 2, "sinuosity": 1.0162081026570828, "poi_diversity": 0.0, "food_drink_count": 1, "street_furniture_count": 1, "degree_u": 6, "degree_v": 6, "avg_connectivity": 6.0, "city": "Singapore", "cluster": 2, "typology": "Local Mixed Street" }, "geometry": { "type": "LineString", "coordinates": [ [ 103.8296908, 1.3631688 ], [ 103.8295903, 1.3631879 ], [ 103.829491799999985, 1.3632307 ], [ 103.8287555, 1.3635679 ], [ 103.8287161, 1.3635754 ], [ 103.8285758, 1.3635756 ], [ 103.8283784, 1.3635793 ] ] } },
{ "type": "Feature", "properties": { "u": 1318514274, "v": 1318514215, "key": 0, "index": 228, "osmid": "117041293", "highway": "residential", "lanes": null, "maxspeed": "50", "name": "Angklong Lane", "oneway": false, "reversed": "False", "length": 59.952777698506281, "bridge": null, "junction": null, "length_m": 60.036838473627419, "building_count_50m": 30, "avg_building_area": 130.1146680404045, "poi_count_50m": 1, "highway_clean": "residential", "highway_rank": 2, "sinuosity": 1.0, "poi_diversity": 0.0, "food_drink_count": 1, "street_furniture_count": 1, "degree_u": 6, "degree_v": 6, "avg_connectivity": 6.0, "city": "Singapore", "cluster": 2, "typology": "Local Mixed Street" }, "geometry": { "type": "LineString", "coordinates": [ [ 103.8295778, 1.3626416 ], [ 103.8296908, 1.3631688 ] ] } },
{ "type": "Feature", "properties": { "u": 1318514274, "v": 1318513939, "key": 0, "index": 229, "osmid": "646856143", "highway": "residential", "lanes": "2", "maxspeed": "50", "name": "Jalan Angklong", "oneway": false, "reversed": "False", "length": 17.598611005249136, "bridge": null, "junction": null, "length_m": 17.623284616748734, "building_count_50m": 21, "avg_building_area": 149.50094487416951, "poi_count_50m": 1, "highway_clean": "residential", "highway_rank": 2, "sinuosity": 1.0, "poi_diversity": 0.0, "food_drink_count": 1, "street_furniture_count": 1, "degree_u": 6, "degree_v": 6, "avg_connectivity": 6.0, "city": "Singapore", "cluster": 2, "typology": "Local Mixed Street" }, "geometry": { "type": "LineString", "coordinates": [ [ 103.8295778, 1.3626416 ], [ 103.829433499999979, 1.3627067 ] ] } },
{ "type": "Feature", "properties": { "u": 1318514274, "v": 8918229466, "key": 0, "index": 230, "osmid": "646955334", "highway": "residential", "lanes": "2", "maxspeed": "50", "name": "Angklong Lane", "oneway": false, "reversed": "True", "length": 23.73871182660865, "bridge": null, "junction": null, "length_m": 23.771993233825963, "building_count_50m": 21, "avg_building_area": 157.00073512107338, "poi_count_50m": 1, "highway_clean": "residential", "highway_rank": 2, "sinuosity": 1.0, "poi_diversity": 0.0, "food_drink_count": 1, "street_furniture_count": 1, "degree_u": 6, "degree_v": 2, "avg_connectivity": 4.0, "city": "Singapore", "cluster": 2, "typology": "Local Mixed Street" }, "geometry": { "type": "LineString", "coordinates": [ [ 103.8295778, 1.3626416 ], [ 103.82977289999998, 1.3625548 ] ] } },
{ "type": "Feature", "properties": { "u": 1318527841, "v": 247709808, "key": 0, "index": 231, "osmid": "117041963", "highway": "residential", "lanes": "2", "maxspeed": "50", "name": "Bright Hill Road", "oneway": false, "reversed": "True", "length": 31.948889421994117, "bridge": null, "junction": null, "length_m": 31.993655226413217, "building_count_50m": 14, "avg_building_area": 546.36733597105376, "poi_count_50m": 2, "highway_clean": "residential", "highway_rank": 2, "sinuosity": 1.0000000021815714, "poi_diversity": 0.69314718055994529, "food_drink_count": 1, "street_furniture_count": 1, "degree_u": 2, "degree_v": 6, "avg_connectivity": 4.0, "city": "Singapore", "cluster": 2, "typology": "Local Mixed Street" }, "geometry": { "type": "LineString", "coordinates": [ [ 103.8348381, 1.360495 ], [ 103.834939, 1.3607161 ], [ 103.834957399999979, 1.3607564 ] ] } },
{ "type": "Feature", "properties": { "u": 1601010905, "v": 206256152, "key": 0, "index": 232, "osmid": [ 633210691, 633210692 ], "highway": "primary", "lanes": "3", "maxspeed": "60", "name": "Upper Thomson Road", "oneway": true, "reversed": "False", "length": 64.092057508692534, "bridge": null, "junction": null, "length_m": 64.181730213580153, "building_count_50m": 8, "avg_building_area": 2318.6092805841349, "poi_count_50m": 2, "highway_clean": "primary", "highway_rank": 5, "sinuosity": 1.0001322572921609, "poi_diversity": 0.0, "food_drink_count": 1, "street_furniture_count": 1, "degree_u": 3, "degree_v": 4, "avg_connectivity": 3.5, "city": "Singapore", "cluster": 0, "typology": "Arterial Movement Corridor" }, "geometry": { "type": "LineString", "coordinates": [ [ 103.8306567, 1.3555005 ], [ 103.830545499999985, 1.3555922 ], [ 103.8302225, 1.3558796 ] ] } },
{ "type": "Feature", "properties": { "u": 1601016995, "v": 1318498262, "key": 0, "index": 233, "osmid": "633219626", "highway": "residential", "lanes": "2", "maxspeed": "40", "name": "Thomson Ridge", "oneway": false, "reversed": "True", "length": 10.209013150940459, "bridge": null, "junction": null, "length_m": 10.223286338123044, "building_count_50m": 7, "avg_building_area": 489.18200346236227, "poi_count_50m": 15, "highway_clean": "residential", "highway_rank": 2, "sinuosity": 1.0000000015973127, "poi_diversity": 1.0200369584018409, "food_drink_count": 4, "street_furniture_count": 1, "degree_u": 4, "degree_v": 6, "avg_connectivity": 5.0, "city": "Singapore", "cluster": 1, "typology": "Active Commercial High Street" }, "geometry": { "type": "LineString", "coordinates": [ [ 103.8340408, 1.3532199 ], [ 103.834018200000017, 1.3532112 ], [ 103.8339551, 1.3531869 ] ] } },
{ "type": "Feature", "properties": { "u": 1601016995, "v": 5984305199, "key": 0, "index": 234, "osmid": "1501652092", "highway": "residential", "lanes": "1", "maxspeed": "40", "name": "Thomson Ridge", "oneway": true, "reversed": "False", "length": 26.90568374080096, "bridge": null, "junction": null, "length_m": 26.943301871943394, "building_count_50m": 7, "avg_building_area": 849.66166895473089, "poi_count_50m": 23, "highway_clean": "residential", "highway_rank": 2, "sinuosity": 1.0440859049328226, "poi_diversity": 0.97923765099515059, "food_drink_count": 9, "street_furniture_count": 1, "degree_u": 4, "degree_v": 3, "avg_connectivity": 3.5, "city": "Singapore", "cluster": 1, "typology": "Active Commercial High Street" }, "geometry": { "type": "LineString", "coordinates": [ [ 103.8340408, 1.3532199 ], [ 103.834079399999979, 1.3532691 ], [ 103.834091099999981, 1.3533166 ], [ 103.8340926, 1.3533834 ], [ 103.834087499999981, 1.3534469 ] ] } },
{ "type": "Feature", "properties": { "u": 1601017000, "v": 4598784968, "key": 0, "index": 235, "osmid": "28281833", "highway": "residential", "lanes": "2", "maxspeed": "40", "name": "Jalan Isnin", "oneway": false, "reversed": "True", "length": 56.266746236684412, "bridge": null, "junction": null, "length_m": 56.345418296471436, "building_count_50m": 28, "avg_building_area": 167.52160717721725, "poi_count_50m": 13, "highway_clean": "residential", "highway_rank": 2, "sinuosity": 1.0000758817921755, "poi_diversity": 0.42932302193061622, "food_drink_count": 2, "street_furniture_count": 1, "degree_u": 6, "degree_v": 4, "avg_connectivity": 5.0, "city": "Singapore", "cluster": 2, "typology": "Local Mixed Street" }, "geometry": { "type": "LineString", "coordinates": [ [ 103.8364475, 1.353464 ], [ 103.8360075, 1.3534384 ], [ 103.835942099999983, 1.353437 ] ] } },
{ "type": "Feature", "properties": { "u": 1601017000, "v": 310582055, "key": 0, "index": 236, "osmid": "482698310", "highway": "residential", "lanes": null, "maxspeed": "40", "name": "Jalan Isnin", "oneway": false, "reversed": "False", "length": 208.35695085289399, "bridge": null, "junction": null, "length_m": 208.6482318368711, "building_count_50m": 89, "avg_building_area": 69.279267381661285, "poi_count_50m": 2, "highway_clean": "residential", "highway_rank": 2, "sinuosity": 1.0445963526153219, "poi_diversity": 0.0, "food_drink_count": 1, "street_furniture_count": 1, "degree_u": 6, "degree_v": 2, "avg_connectivity": 4.0, "city": "Singapore", "cluster": 2, "typology": "Local Mixed Street" }, "geometry": { "type": "LineString", "coordinates": [ [ 103.8364475, 1.353464 ], [ 103.8364947, 1.3534465 ], [ 103.8370076, 1.3532562 ], [ 103.8371394, 1.3531473 ], [ 103.837737899999979, 1.3522176 ] ] } },
{ "type": "Feature", "properties": { "u": 1601017000, "v": 310582069, "key": 0, "index": 237, "osmid": "647098687", "highway": "residential", "lanes": "2", "maxspeed": "40", "name": "Jalan Minggu", "oneway": false, "reversed": "False", "length": 49.982228984489382, "bridge": null, "junction": null, "length_m": 50.052118948928815, "building_count_50m": 42, "avg_building_area": 112.20491299306757, "poi_count_50m": 4, "highway_clean": "residential", "highway_rank": 2, "sinuosity": 1.0000000362525434, "poi_diversity": 0.56233514461880829, "food_drink_count": 1, "street_furniture_count": 1, "degree_u": 6, "degree_v": 6, "avg_connectivity": 6.0, "city": "Singapore", "cluster": 2, "typology": "Local Mixed Street" }, "geometry": { "type": "LineString", "coordinates": [ [ 103.8364475, 1.353464 ], [ 103.836455499999985, 1.353529 ], [ 103.836502699999983, 1.3539101 ] ] } },
{ "type": "Feature", "properties": { "u": 1601017004, "v": 4598784968, "key": 0, "index": 238, "osmid": "533640184", "highway": "tertiary", "lanes": "2", "maxspeed": "50", "name": "Sin Ming Road", "oneway": true, "reversed": "False", "length": 34.818433387186218, "bridge": null, "junction": null, "length_m": 34.867118527119018, "building_count_50m": 15, "avg_building_area": 375.79994693610683, "poi_count_50m": 12, "highway_clean": "tertiary", "highway_rank": 3, "sinuosity": 1.0000578440606986, "poi_diversity": 0.45056120886630463, "food_drink_count": 2, "street_furniture_count": 1, "degree_u": 3, "degree_v": 4, "avg_connectivity": 3.5, "city": "Singapore", "cluster": 0, "typology": "Arterial Movement Corridor" }, "geometry": { "type": "LineString", "coordinates": [ [ 103.835953599999982, 1.3537499 ], [ 103.835944, 1.3535307 ], [ 103.835942099999983, 1.353437 ] ] } },
{ "type": "Feature", "properties": { "u": 1699613322, "v": 1867626546, "key": 0, "index": 239, "osmid": "646830008", "highway": "residential", "lanes": "2", "maxspeed": "50", "name": "Jalan Keli", "oneway": false, "reversed": "False", "length": 46.57808228663535, "bridge": null, "junction": null, "length_m": 46.643252833691221, "building_count_50m": 39, "avg_building_area": 145.75660006706036, "poi_count_50m": 1, "highway_clean": "residential", "highway_rank": 2, "sinuosity": 1.0000001167236567, "poi_diversity": 0.0, "food_drink_count": 1, "street_furniture_count": 1, "degree_u": 6, "degree_v": 6, "avg_connectivity": 6.0, "city": "Singapore", "cluster": 2, "typology": "Local Mixed Street" }, "geometry": { "type": "LineString", "coordinates": [ [ 103.8350191, 1.3559772 ], [ 103.835008299999984, 1.3559582 ], [ 103.834824899999987, 1.355637 ], [ 103.8348114, 1.3556134 ] ] } },
{ "type": "Feature", "properties": { "u": 1699613322, "v": 1867626553, "key": 0, "index": 240, "osmid": "646831117", "highway": "residential", "lanes": null, "maxspeed": "50", "name": "Jalan Keli", "oneway": false, "reversed": "True", "length": 4.350952229427353, "bridge": null, "junction": null, "length_m": 4.3570402999247628, "building_count_50m": 26, "avg_building_area": 141.30473929742109, "poi_count_50m": 1, "highway_clean": "residential", "highway_rank": 2, "sinuosity": 1.0, "poi_diversity": 0.0, "food_drink_count": 1, "street_furniture_count": 1, "degree_u": 6, "degree_v": 6, "avg_connectivity": 6.0, "city": "Singapore", "cluster": 2, "typology": "Local Mixed Street" }, "geometry": { "type": "LineString", "coordinates": [ [ 103.8350191, 1.3559772 ], [ 103.835028899999983, 1.3559968 ], [ 103.8350341, 1.3560072 ], [ 103.8350366, 1.3560122 ] ] } },
{ "type": "Feature", "properties": { "u": 1699613322, "v": 1867626547, "key": 0, "index": 241, "osmid": [ 464809792, 671417547 ], "highway": "residential", "lanes": "2", "maxspeed": "50", "name": "Jalan Sembilang", "oneway": false, "reversed": "True", "length": 65.445748058696978, "bridge": null, "junction": null, "length_m": 65.537318449756398, "building_count_50m": 37, "avg_building_area": 148.50356634497649, "poi_count_50m": 1, "highway_clean": "residential", "highway_rank": 2, "sinuosity": 1.0001095907540694, "poi_diversity": 0.0, "food_drink_count": 1, "street_furniture_count": 1, "degree_u": 6, "degree_v": 5, "avg_connectivity": 5.5, "city": "Singapore", "cluster": 2, "typology": "Local Mixed Street" }, "geometry": { "type": "LineString", "coordinates": [ [ 103.8350191, 1.3559772 ], [ 103.835034, 1.3559684 ], [ 103.8352592, 1.3558354 ], [ 103.835521199999988, 1.35567 ] ] } },
{ "type": "Feature", "properties": { "u": 1803882300, "v": 1803882316, "key": 0, "index": 242, "osmid": [ 169226634, 719636467 ], "highway": "residential", "lanes": "2", "maxspeed": "50", "name": "Shangri-La Walk", "oneway": false, "reversed": "True", "length": 90.661556929901522, "bridge": null, "junction": null, "length_m": 90.788921268880401, "building_count_50m": 26, "avg_building_area": 344.72078450769465, "poi_count_50m": 2, "highway_clean": "residential", "highway_rank": 2, "sinuosity": 1.0207930553022717, "poi_diversity": 0.0, "food_drink_count": 1, "street_furniture_count": 1, "degree_u": 2, "degree_v": 6, "avg_connectivity": 4.0, "city": "Singapore", "cluster": 2, "typology": "Local Mixed Street" }, "geometry": { "type": "LineString", "coordinates": [ [ 103.832561199999986, 1.3690177 ], [ 103.8325006, 1.3696539 ], [ 103.8325518, 1.3697877 ], [ 103.8325681, 1.3698164 ] ] } },
{ "type": "Feature", "properties": { "u": 1803882312, "v": 1803882313, "key": 0, "index": 243, "osmid": "646877390", "highway": "residential", "lanes": "2", "maxspeed": "50", "name": "Shangri-La Walk", "oneway": false, "reversed": "True", "length": 34.523981624499619, "bridge": null, "junction": null, "length_m": 34.572486887616115, "building_count_50m": 21, "avg_building_area": 196.52859451367394, "poi_count_50m": 1, "highway_clean": "residential", "highway_rank": 2, "sinuosity": 1.0000000382222609, "poi_diversity": 0.0, "food_drink_count": 1, "street_furniture_count": 1, "degree_u": 2, "degree_v": 4, "avg_connectivity": 3.0, "city": "Singapore", "cluster": 0, "typology": "Arterial Movement Corridor" }, "geometry": { "type": "LineString", "coordinates": [ [ 103.8333441, 1.3697411 ], [ 103.833329, 1.3697427 ], [ 103.833053, 1.3697723 ], [ 103.8330353, 1.3697742 ] ] } },
{ "type": "Feature", "properties": { "u": 1803882313, "v": 1803882316, "key": 0, "index": 244, "osmid": "630874698", "highway": "residential", "lanes": "2", "maxspeed": "50", "name": "Shangri-La Walk", "oneway": false, "reversed": "True", "length": 52.147064046102308, "bridge": null, "junction": null, "length_m": 52.220330084179601, "building_count_50m": 26, "avg_building_area": 203.66448554145148, "poi_count_50m": 1, "highway_clean": "residential", "highway_rank": 2, "sinuosity": 1.0000002730078101, "poi_diversity": 0.0, "food_drink_count": 1, "street_furniture_count": 1, "degree_u": 4, "degree_v": 6, "avg_connectivity": 5.0, "city": "Singapore", "cluster": 2, "typology": "Local Mixed Street" }, "geometry": { "type": "LineString", "coordinates": [ [ 103.8330353, 1.3697742 ], [ 103.8330248, 1.3697752 ], [ 103.8325681, 1.3698164 ] ] } },
{ "type": "Feature", "properties": { "u": 1803882313, "v": 1803882312, "key": 0, "index": 245, "osmid": "646877390", "highway": "residential", "lanes": "2", "maxspeed": "50", "name": "Shangri-La Walk", "oneway": false, "reversed": "False", "length": 34.523981624499619, "bridge": null, "junction": null, "length_m": 34.572486887616115, "building_count_50m": 21, "avg_building_area": 196.52859451367394, "poi_count_50m": 1, "highway_clean": "residential", "highway_rank": 2, "sinuosity": 1.0000000382222609, "poi_diversity": 0.0, "food_drink_count": 1, "street_furniture_count": 1, "degree_u": 4, "degree_v": 2, "avg_connectivity": 3.0, "city": "Singapore", "cluster": 0, "typology": "Arterial Movement Corridor" }, "geometry": { "type": "LineString", "coordinates": [ [ 103.8330353, 1.3697742 ], [ 103.833053, 1.3697723 ], [ 103.833329, 1.3697427 ], [ 103.8333441, 1.3697411 ] ] } },
{ "type": "Feature", "properties": { "u": 1803882316, "v": 1803882300, "key": 0, "index": 246, "osmid": [ 169226634, 719636467 ], "highway": "residential", "lanes": "2", "maxspeed": "50", "name": "Shangri-La Walk", "oneway": false, "reversed": "False", "length": 90.661556929901522, "bridge": null, "junction": null, "length_m": 90.788921268880415, "building_count_50m": 26, "avg_building_area": 344.72078450769465, "poi_count_50m": 2, "highway_clean": "residential", "highway_rank": 2, "sinuosity": 1.0207930553022719, "poi_diversity": 0.0, "food_drink_count": 1, "street_furniture_count": 1, "degree_u": 6, "degree_v": 2, "avg_connectivity": 4.0, "city": "Singapore", "cluster": 2, "typology": "Local Mixed Street" }, "geometry": { "type": "LineString", "coordinates": [ [ 103.8325681, 1.3698164 ], [ 103.8325518, 1.3697877 ], [ 103.8325006, 1.3696539 ], [ 103.832561199999986, 1.3690177 ] ] } },
{ "type": "Feature", "properties": { "u": 1803882316, "v": 1803882313, "key": 0, "index": 247, "osmid": "630874698", "highway": "residential", "lanes": "2", "maxspeed": "50", "name": "Shangri-La Walk", "oneway": false, "reversed": "False", "length": 52.147064046102308, "bridge": null, "junction": null, "length_m": 52.220330084179601, "building_count_50m": 26, "avg_building_area": 203.66448554145148, "poi_count_50m": 1, "highway_clean": "residential", "highway_rank": 2, "sinuosity": 1.0000002730078101, "poi_diversity": 0.0, "food_drink_count": 1, "street_furniture_count": 1, "degree_u": 6, "degree_v": 4, "avg_connectivity": 5.0, "city": "Singapore", "cluster": 2, "typology": "Local Mixed Street" }, "geometry": { "type": "LineString", "coordinates": [ [ 103.8325681, 1.3698164 ], [ 103.8330248, 1.3697752 ], [ 103.8330353, 1.3697742 ] ] } },
{ "type": "Feature", "properties": { "u": 1803882316, "v": 4592960089, "key": 0, "index": 248, "osmid": [ 719636464, 169226637 ], "highway": "residential", "lanes": "2", "maxspeed": "50", "name": "Shangri-La Walk", "oneway": false, "reversed": "True", "length": 52.328837898587189, "bridge": null, "junction": null, "length_m": 52.402362103854706, "building_count_50m": 19, "avg_building_area": 207.03102928450039, "poi_count_50m": 1, "highway_clean": "residential", "highway_rank": 2, "sinuosity": 1.000235593038715, "poi_diversity": 0.0, "food_drink_count": 1, "street_furniture_count": 1, "degree_u": 6, "degree_v": 5, "avg_connectivity": 5.5, "city": "Singapore", "cluster": 2, "typology": "Local Mixed Street" }, "geometry": { "type": "LineString", "coordinates": [ [ 103.8325681, 1.3698164 ], [ 103.8323584, 1.369919 ], [ 103.8321982, 1.3700064 ], [ 103.83215, 1.3700324 ] ] } },
{ "type": "Feature", "properties": { "u": 1857011360, "v": 1318498406, "key": 0, "index": 249, "osmid": "279813068", "highway": "residential", "lanes": "2", "maxspeed": "40", "name": "Jalan Pelatina", "oneway": false, "reversed": "True", "length": 19.04322339514469, "bridge": null, "junction": null, "length_m": 19.069834017432417, "building_count_50m": 5, "avg_building_area": 1521.9635947649433, "poi_count_50m": 10, "highway_clean": "residential", "highway_rank": 2, "sinuosity": 1.0, "poi_diversity": 0.94334839232903911, "food_drink_count": 4, "street_furniture_count": 1, "degree_u": 4, "degree_v": 6, "avg_connectivity": 5.0, "city": "Singapore", "cluster": 1, "typology": "Active Commercial High Street" }, "geometry": { "type": "LineString", "coordinates": [ [ 103.8358031, 1.3514902 ], [ 103.8356382, 1.3514438 ] ] } },
{ "type": "Feature", "properties": { "u": 1857011360, "v": 3251145329, "key": 0, "index": 250, "osmid": [ 633167140, 482043149, 482040240, 537368058, 633143643 ], "highway": "primary", "lanes": [ "4", "5" ], "maxspeed": "60", "name": "Upper Thomson Road", "oneway": true, "reversed": "False", "length": 372.31283715840726, "bridge": null, "junction": null, "length_m": 372.83288328366268, "building_count_50m": 9, "avg_building_area": 979.59679478100588, "poi_count_50m": 15, "highway_clean": "primary", "highway_rank": 5, "sinuosity": 1.0108329724357143, "poi_diversity": 1.3605138827424867, "food_drink_count": 3, "street_furniture_count": 1, "degree_u": 4, "degree_v": 1, "avg_connectivity": 2.5, "city": "Singapore", "cluster": 1, "typology": "Active Commercial High Street" }, "geometry": { "type": "LineString", "coordinates": [ [ 103.8358031, 1.3514902 ], [ 103.8359414, 1.3510421 ], [ 103.836092099999988, 1.3506592 ], [ 103.836143299999989, 1.3505871 ], [ 103.8369537, 1.3495992 ], [ 103.8374979, 1.348867 ], [ 103.83759809999998, 1.348706 ] ] } },
{ "type": "Feature", "properties": { "u": 1867626513, "v": 1867626514, "key": 0, "index": 251, "osmid": "176216264", "highway": "residential", "lanes": "2", "maxspeed": "50", "name": "Jalan Ikan Merah", "oneway": false, "reversed": "False", "length": 33.658393399957411, "bridge": null, "junction": null, "length_m": 33.705454858242675, "building_count_50m": 16, "avg_building_area": 546.9034208402519, "poi_count_50m": 27, "highway_clean": "residential", "highway_rank": 2, "sinuosity": 1.000092197146508, "poi_diversity": 0.65915250382299084, "food_drink_count": 10, "street_furniture_count": 1, "degree_u": 4, "degree_v": 4, "avg_connectivity": 4.0, "city": "Singapore", "cluster": 1, "typology": "Active Commercial High Street" }, "geometry": { "type": "LineString", "coordinates": [ [ 103.8351756, 1.3534004 ], [ 103.8350961, 1.3534439 ], [ 103.8349131, 1.3535512 ] ] } },
{ "type": "Feature", "properties": { "u": 1867626513, "v": 243415199, "key": 0, "index": 252, "osmid": [ 634101305, 634085388, 634085389 ], "highway": "tertiary", "lanes": "2", "maxspeed": "50", "name": "Jalan Todak", "oneway": true, "reversed": "False", "length": 57.928155194089229, "bridge": null, "junction": null, "length_m": 58.009152034222716, "building_count_50m": 12, "avg_building_area": 811.66092592497716, "poi_count_50m": 27, "highway_clean": "tertiary", "highway_rank": 3, "sinuosity": 1.0000168818325368, "poi_diversity": 0.63651416829481278, "food_drink_count": 9, "street_furniture_count": 1, "degree_u": 4, "degree_v": 3, "avg_connectivity": 3.5, "city": "Singapore", "cluster": 1, "typology": "Active Commercial High Street" }, "geometry": { "type": "LineString", "coordinates": [ [ 103.8351756, 1.3534004 ], [ 103.835237299999989, 1.3534339 ], [ 103.8354407, 1.3535444 ], [ 103.835578499999983, 1.3536193 ], [ 103.8356067, 1.3536346 ], [ 103.835633099999981, 1.3536498 ] ] } },
{ "type": "Feature", "properties": { "u": 1867626514, "v": 1867626513, "key": 0, "index": 253, "osmid": "176216264", "highway": "residential", "lanes": "2", "maxspeed": "50", "name": "Jalan Ikan Merah", "oneway": false, "reversed": "True", "length": 33.658393399957411, "bridge": null, "junction": null, "length_m": 33.705454858242675, "building_count_50m": 16, "avg_building_area": 546.9034208402519, "poi_count_50m": 27, "highway_clean": "residential", "highway_rank": 2, "sinuosity": 1.000092197146508, "poi_diversity": 0.65915250382299084, "food_drink_count": 10, "street_furniture_count": 1, "degree_u": 4, "degree_v": 4, "avg_connectivity": 4.0, "city": "Singapore", "cluster": 1, "typology": "Active Commercial High Street" }, "geometry": { "type": "LineString", "coordinates": [ [ 103.8349131, 1.3535512 ], [ 103.8350961, 1.3534439 ], [ 103.8351756, 1.3534004 ] ] } },
{ "type": "Feature", "properties": { "u": 1867626514, "v": 1867626547, "key": 0, "index": 254, "osmid": [ 705703257, 466813086 ], "highway": "residential", "lanes": "2", "maxspeed": "50", "name": "Jalan Ikan Merah", "oneway": true, "reversed": "False", "length": 278.53865725634205, "bridge": null, "junction": null, "length_m": 278.92824079410605, "building_count_50m": 87, "avg_building_area": 203.10475490315758, "poi_count_50m": 22, "highway_clean": "residential", "highway_rank": 2, "sinuosity": 1.136400058423096, "poi_diversity": 1.0825348857634829, "food_drink_count": 9, "street_furniture_count": 1, "degree_u": 4, "degree_v": 5, "avg_connectivity": 4.5, "city": "Singapore", "cluster": 1, "typology": "Active Commercial High Street" }, "geometry": { "type": "LineString", "coordinates": [ [ 103.8349131, 1.3535512 ], [ 103.8348655, 1.3535925 ], [ 103.834843399999983, 1.3536116 ], [ 103.834584099999987, 1.3539011 ], [ 103.834577399999986, 1.3539098 ], [ 103.8345725, 1.3539228 ], [ 103.8345675, 1.3539403 ], [ 103.8345663, 1.3539479 ], [ 103.8345653, 1.3539595 ], [ 103.834567199999981, 1.3539745 ], [ 103.834572599999987, 1.3539852 ], [ 103.834948, 1.3547225 ], [ 103.835337, 1.3553655 ], [ 103.8355121, 1.3556549 ], [ 103.835521199999988, 1.35567 ] ] } },
{ "type": "Feature", "properties": { "u": 1867626523, "v": 1867626537, "key": 0, "index": 255, "osmid": "464809793", "highway": "residential", "lanes": "2", "maxspeed": "50", "name": "Jalan Sembilang", "oneway": false, "reversed": "False", "length": 26.085773688746528, "bridge": null, "junction": null, "length_m": 26.122267095352633, "building_count_50m": 16, "avg_building_area": 316.16720682325013, "poi_count_50m": 6, "highway_clean": "residential", "highway_rank": 2, "sinuosity": 1.0000001483008829, "poi_diversity": 1.0114042647073516, "food_drink_count": 2, "street_furniture_count": 1, "degree_u": 2, "degree_v": 5, "avg_connectivity": 3.5, "city": "Singapore", "cluster": 0, "typology": "Arterial Movement Corridor" }, "geometry": { "type": "LineString", "coordinates": [ [ 103.836156, 1.3552727 ], [ 103.836013199999982, 1.3553624 ], [ 103.8359867, 1.355379 ], [ 103.8359573, 1.3553975 ] ] } },
{ "type": "Feature", "properties": { "u": 1867626537, "v": 1867626547, "key": 0, "index": 256, "osmid": "176216266", "highway": "residential", "lanes": "2", "maxspeed": "50", "name": "Jalan Sembilang", "oneway": false, "reversed": "True", "length": 57.169094562446702, "bridge": null, "junction": null, "length_m": 57.249077527822813, "building_count_50m": 30, "avg_building_area": 206.9793461932218, "poi_count_50m": 1, "highway_clean": "residential", "highway_rank": 2, "sinuosity": 1.0000000257219621, "poi_diversity": 0.0, "food_drink_count": 1, "street_furniture_count": 1, "degree_u": 5, "degree_v": 5, "avg_connectivity": 5.0, "city": "Singapore", "cluster": 2, "typology": "Local Mixed Street" }, "geometry": { "type": "LineString", "coordinates": [ [ 103.8359573, 1.3553975 ], [ 103.83590359999998, 1.3554311 ], [ 103.835521199999988, 1.35567 ] ] } },
{ "type": "Feature", "properties": { "u": 1867626537, "v": 1867626514, "key": 0, "index": 257, "osmid": [ 705703256, 176216267 ], "highway": "residential", "lanes": "2", "maxspeed": "50", "name": "Jalan Terubok", "oneway": true, "reversed": "False", "length": 235.96212669371693, "bridge": null, "junction": null, "length_m": 236.29214903791652, "building_count_50m": 67, "avg_building_area": 268.69860146811351, "poi_count_50m": 24, "highway_clean": "residential", "highway_rank": 2, "sinuosity": 1.0005056999485262, "poi_diversity": 0.51174007341740935, "food_drink_count": 5, "street_furniture_count": 1, "degree_u": 5, "degree_v": 4, "avg_connectivity": 4.5, "city": "Singapore", "cluster": 1, "typology": "Active Commercial High Street" }, "geometry": { "type": "LineString", "coordinates": [ [ 103.8359573, 1.3553975 ], [ 103.8359417, 1.3553714 ], [ 103.8352909, 1.3542795 ], [ 103.835048699999987, 1.3537941 ], [ 103.8349131, 1.3535512 ] ] } },
{ "type": "Feature", "properties": { "u": 1867626537, "v": 1867626523, "key": 0, "index": 258, "osmid": "464809793", "highway": "residential", "lanes": "2", "maxspeed": "50", "name": "Jalan Sembilang", "oneway": false, "reversed": "True", "length": 26.085773688746528, "bridge": null, "junction": null, "length_m": 26.122267095352633, "building_count_50m": 16, "avg_building_area": 316.16720682325013, "poi_count_50m": 6, "highway_clean": "residential", "highway_rank": 2, "sinuosity": 1.0000001483008829, "poi_diversity": 1.0114042647073516, "food_drink_count": 2, "street_furniture_count": 1, "degree_u": 5, "degree_v": 2, "avg_connectivity": 3.5, "city": "Singapore", "cluster": 0, "typology": "Arterial Movement Corridor" }, "geometry": { "type": "LineString", "coordinates": [ [ 103.8359573, 1.3553975 ], [ 103.8359867, 1.355379 ], [ 103.836013199999982, 1.3553624 ], [ 103.836156, 1.3552727 ] ] } },
{ "type": "Feature", "properties": { "u": 1867626546, "v": 1699613322, "key": 0, "index": 259, "osmid": "646830008", "highway": "residential", "lanes": "2", "maxspeed": "50", "name": "Jalan Keli", "oneway": false, "reversed": "True", "length": 46.57808228663535, "bridge": null, "junction": null, "length_m": 46.643252833691221, "building_count_50m": 39, "avg_building_area": 145.75660006706036, "poi_count_50m": 1, "highway_clean": "residential", "highway_rank": 2, "sinuosity": 1.0000001167236567, "poi_diversity": 0.0, "food_drink_count": 1, "street_furniture_count": 1, "degree_u": 6, "degree_v": 6, "avg_connectivity": 6.0, "city": "Singapore", "cluster": 2, "typology": "Local Mixed Street" }, "geometry": { "type": "LineString", "coordinates": [ [ 103.8348114, 1.3556134 ], [ 103.834824899999987, 1.355637 ], [ 103.835008299999984, 1.3559582 ], [ 103.8350191, 1.3559772 ] ] } },
{ "type": "Feature", "properties": { "u": 1867626546, "v": 4598549326, "key": 0, "index": 260, "osmid": [ 644914080, 646830009, 485856943 ], "highway": "residential", "lanes": "2", "maxspeed": "50", "name": "Jalan Keli", "oneway": false, "reversed": "False", "length": 211.39550740289386, "bridge": null, "junction": null, "length_m": 211.69119345892716, "building_count_50m": 46, "avg_building_area": 278.00378151613393, "poi_count_50m": 12, "highway_clean": "residential", "highway_rank": 2, "sinuosity": 1.0011246214731562, "poi_diversity": 1.3086053872534491, "food_drink_count": 3, "street_furniture_count": 1, "degree_u": 6, "degree_v": 5, "avg_connectivity": 5.5, "city": "Singapore", "cluster": 1, "typology": "Active Commercial High Street" }, "geometry": { "type": "LineString", "coordinates": [ [ 103.8348114, 1.3556134 ], [ 103.834794799999983, 1.3555863 ], [ 103.8347166, 1.3554408 ], [ 103.8346928, 1.3553845 ], [ 103.83462369999998, 1.3552214 ], [ 103.8346133, 1.3551963 ], [ 103.834566, 1.3550825 ], [ 103.8343443, 1.3545485 ], [ 103.83421079999998, 1.3542341 ], [ 103.8341376, 1.3540672 ], [ 103.8340314, 1.3538819 ] ] } },
{ "type": "Feature", "properties": { "u": 1867626546, "v": 1867626551, "key": 0, "index": 261, "osmid": [ 706628690, 176216263 ], "highway": "residential", "lanes": "2", "maxspeed": "50", "name": "Jalan Belibas", "oneway": false, "reversed": "True", "length": 99.268473545231387, "bridge": null, "junction": null, "length_m": 99.407365336251985, "building_count_50m": 43, "avg_building_area": 161.28827084252478, "poi_count_50m": 1, "highway_clean": "residential", "highway_rank": 2, "sinuosity": 1.0000083859043456, "poi_diversity": 0.0, "food_drink_count": 1, "street_furniture_count": 1, "degree_u": 6, "degree_v": 2, "avg_connectivity": 4.0, "city": "Singapore", "cluster": 2, "typology": "Local Mixed Street" }, "geometry": { "type": "LineString", "coordinates": [ [ 103.8348114, 1.3556134 ], [ 103.834649, 1.3556711 ], [ 103.8339675, 1.3559053 ] ] } },
{ "type": "Feature", "properties": { "u": 1867626547, "v": 1867626537, "key": 0, "index": 262, "osmid": "176216266", "highway": "residential", "lanes": "2", "maxspeed": "50", "name": "Jalan Sembilang", "oneway": false, "reversed": "False", "length": 57.169094562446702, "bridge": null, "junction": null, "length_m": 57.249077527822813, "building_count_50m": 30, "avg_building_area": 206.9793461932218, "poi_count_50m": 1, "highway_clean": "residential", "highway_rank": 2, "sinuosity": 1.0000000257219621, "poi_diversity": 0.0, "food_drink_count": 1, "street_furniture_count": 1, "degree_u": 5, "degree_v": 5, "avg_connectivity": 5.0, "city": "Singapore", "cluster": 2, "typology": "Local Mixed Street" }, "geometry": { "type": "LineString", "coordinates": [ [ 103.835521199999988, 1.35567 ], [ 103.83590359999998, 1.3554311 ], [ 103.8359573, 1.3553975 ] ] } },
{ "type": "Feature", "properties": { "u": 1867626547, "v": 1699613322, "key": 0, "index": 263, "osmid": [ 464809792, 671417547 ], "highway": "residential", "lanes": "2", "maxspeed": "50", "name": "Jalan Sembilang", "oneway": false, "reversed": "False", "length": 65.445748058696978, "bridge": null, "junction": null, "length_m": 65.537318449756398, "building_count_50m": 37, "avg_building_area": 148.50356634497649, "poi_count_50m": 1, "highway_clean": "residential", "highway_rank": 2, "sinuosity": 1.0001095907540694, "poi_diversity": 0.0, "food_drink_count": 1, "street_furniture_count": 1, "degree_u": 5, "degree_v": 6, "avg_connectivity": 5.5, "city": "Singapore", "cluster": 2, "typology": "Local Mixed Street" }, "geometry": { "type": "LineString", "coordinates": [ [ 103.835521199999988, 1.35567 ], [ 103.8352592, 1.3558354 ], [ 103.835034, 1.3559684 ], [ 103.8350191, 1.3559772 ] ] } },
{ "type": "Feature", "properties": { "u": 1867626551, "v": 1867626546, "key": 0, "index": 264, "osmid": [ 706628690, 176216263 ], "highway": "residential", "lanes": "2", "maxspeed": "50", "name": "Jalan Belibas", "oneway": false, "reversed": "False", "length": 99.268473545231387, "bridge": null, "junction": null, "length_m": 99.407365336251985, "building_count_50m": 43, "avg_building_area": 161.28827084252478, "poi_count_50m": 1, "highway_clean": "residential", "highway_rank": 2, "sinuosity": 1.0000083859043456, "poi_diversity": 0.0, "food_drink_count": 1, "street_furniture_count": 1, "degree_u": 2, "degree_v": 6, "avg_connectivity": 4.0, "city": "Singapore", "cluster": 2, "typology": "Local Mixed Street" }, "geometry": { "type": "LineString", "coordinates": [ [ 103.8339675, 1.3559053 ], [ 103.834649, 1.3556711 ], [ 103.8348114, 1.3556134 ] ] } },
{ "type": "Feature", "properties": { "u": 1867626553, "v": 1867626586, "key": 0, "index": 265, "osmid": "157706423", "highway": "residential", "lanes": "2", "maxspeed": "50", "name": "Jalan Keli", "oneway": false, "reversed": "True", "length": 170.38343230576839, "bridge": null, "junction": null, "length_m": 170.62188033297002, "building_count_50m": 41, "avg_building_area": 143.09296939044287, "poi_count_50m": 1, "highway_clean": "residential", "highway_rank": 2, "sinuosity": 1.3095364980286341, "poi_diversity": 0.0, "food_drink_count": 1, "street_furniture_count": 1, "degree_u": 6, "degree_v": 2, "avg_connectivity": 4.0, "city": "Singapore", "cluster": 2, "typology": "Local Mixed Street" }, "geometry": { "type": "LineString", "coordinates": [ [ 103.8350366, 1.3560122 ], [ 103.8352786, 1.3563116 ], [ 103.8352557, 1.3564101 ], [ 103.83449779999998, 1.3569375 ], [ 103.834383500000015, 1.3569832 ] ] } },
{ "type": "Feature", "properties": { "u": 1867626553, "v": 1867626581, "key": 0, "index": 266, "osmid": "176216265", "highway": "residential", "lanes": null, "maxspeed": "50", "name": "Jalan Sembilang", "oneway": false, "reversed": "True", "length": 107.58220737955993, "bridge": null, "junction": null, "length_m": 107.73275221579871, "building_count_50m": 53, "avg_building_area": 146.36517150160776, "poi_count_50m": 3, "highway_clean": "residential", "highway_rank": 2, "sinuosity": 1.0000000000852018, "poi_diversity": 0.63651416829481278, "food_drink_count": 1, "street_furniture_count": 2, "degree_u": 6, "degree_v": 2, "avg_connectivity": 4.0, "city": "Singapore", "cluster": 2, "typology": "Local Mixed Street" }, "geometry": { "type": "LineString", "coordinates": [ [ 103.8350366, 1.3560122 ], [ 103.835029, 1.356016 ], [ 103.8341711, 1.3564451 ] ] } },
{ "type": "Feature", "properties": { "u": 1867626553, "v": 1699613322, "key": 0, "index": 267, "osmid": "646831117", "highway": "residential", "lanes": null, "maxspeed": "50", "name": "Jalan Keli", "oneway": false, "reversed": "False", "length": 4.350952229427353, "bridge": null, "junction": null, "length_m": 4.3570402999247628, "building_count_50m": 26, "avg_building_area": 141.30473929742109, "poi_count_50m": 1, "highway_clean": "residential", "highway_rank": 2, "sinuosity": 1.0, "poi_diversity": 0.0, "food_drink_count": 1, "street_furniture_count": 1, "degree_u": 6, "degree_v": 6, "avg_connectivity": 6.0, "city": "Singapore", "cluster": 2, "typology": "Local Mixed Street" }, "geometry": { "type": "LineString", "coordinates": [ [ 103.8350366, 1.3560122 ], [ 103.8350341, 1.3560072 ], [ 103.835028899999983, 1.3559968 ], [ 103.8350191, 1.3559772 ] ] } },
{ "type": "Feature", "properties": { "u": 1867626561, "v": 1867626588, "key": 0, "index": 268, "osmid": [ 788341613, 788341614, 646314739, 591643543, 644408856, 644408858 ], "highway": "residential", "lanes": [ "2", "4", "3" ], "maxspeed": "50", "name": "Bright Hill Drive", "oneway": false, "reversed": "False", "length": 129.84244065060022, "bridge": null, "junction": null, "length_m": 130.02416876327823, "building_count_50m": 23, "avg_building_area": 288.47854838817062, "poi_count_50m": 2, "highway_clean": "residential", "highway_rank": 2, "sinuosity": 1.0512863954816352, "poi_diversity": 0.0, "food_drink_count": 1, "street_furniture_count": 1, "degree_u": 6, "degree_v": 6, "avg_connectivity": 6.0, "city": "Singapore", "cluster": 2, "typology": "Local Mixed Street" }, "geometry": { "type": "LineString", "coordinates": [ [ 103.831995399999983, 1.3563167 ], [ 103.8319977, 1.3565057 ], [ 103.832020299999982, 1.3566707 ], [ 103.832068400000011, 1.356794 ], [ 103.832154099999983, 1.3569361 ], [ 103.832246199999986, 1.357047 ], [ 103.832306, 1.3571177 ], [ 103.8323323, 1.3571393 ], [ 103.832371599999988, 1.3571782 ], [ 103.83244879999998, 1.357248 ], [ 103.832516100000021, 1.3572979 ] ] } },
{ "type": "Feature", "properties": { "u": 1867626561, "v": 5648108210, "key": 0, "index": 269, "osmid": [ 760541592, 644408859, 717075366 ], "highway": "residential", "lanes": [ "2", "4" ], "maxspeed": "50", "name": "Bright Hill Drive", "oneway": false, "reversed": "True", "length": 107.07446968376749, "bridge": null, "junction": null, "length_m": 107.2242866317433, "building_count_50m": 20, "avg_building_area": 180.73773967653344, "poi_count_50m": 2, "highway_clean": "residential", "highway_rank": 2, "sinuosity": 1.0007645414565296, "poi_diversity": 0.69314718055994529, "food_drink_count": 1, "street_furniture_count": 1, "degree_u": 6, "degree_v": 4, "avg_connectivity": 5.0, "city": "Singapore", "cluster": 2, "typology": "Local Mixed Street" }, "geometry": { "type": "LineString", "coordinates": [ [ 103.831995399999983, 1.3563167 ], [ 103.831996599999982, 1.3561256 ], [ 103.8320245, 1.3558066 ], [ 103.8320272, 1.3556122 ], [ 103.832051, 1.3553561 ] ] } },
{ "type": "Feature", "properties": { "u": 1867626561, "v": 1867626587, "key": 0, "index": 270, "osmid": [ 646832132, 176216261, 646833262, 717075367 ], "highway": "residential", "lanes": "2", "maxspeed": "50", "name": "Bright Hill Crescent", "oneway": false, "reversed": "False", "length": 366.43768194351225, "bridge": null, "junction": null, "length_m": 366.95043614671908, "building_count_50m": 93, "avg_building_area": 147.18870795799899, "poi_count_50m": 1, "highway_clean": "residential", "highway_rank": 2, "sinuosity": 2.5292958754470685, "poi_diversity": 0.0, "food_drink_count": 1, "street_furniture_count": 1, "degree_u": 6, "degree_v": 6, "avg_connectivity": 6.0, "city": "Singapore", "cluster": 3, "typology": "Winding Connector Lane" }, "geometry": { "type": "LineString", "coordinates": [ [ 103.831995399999983, 1.3563167 ], [ 103.8320814, 1.3562765 ], [ 103.832194200000018, 1.3562488 ], [ 103.83227909999998, 1.3562264 ], [ 103.8323515, 1.3561943 ], [ 103.8324141, 1.3561557 ], [ 103.8324859, 1.3560757 ], [ 103.832559, 1.3559713 ], [ 103.832618699999983, 1.3558846 ], [ 103.8326386, 1.3558436 ], [ 103.832643899999979, 1.3558327 ], [ 103.832681699999981, 1.3557593 ], [ 103.8327464, 1.355679 ], [ 103.8327653, 1.355661 ], [ 103.832845, 1.3555852 ], [ 103.8329219, 1.3555391 ], [ 103.83299959999998, 1.35551 ], [ 103.833062899999987, 1.3554995 ], [ 103.8331564, 1.3555024 ], [ 103.8332354, 1.3555497 ], [ 103.8333004, 1.3555887 ], [ 103.833405899999988, 1.3557241 ], [ 103.833429, 1.3558017 ], [ 103.8334587, 1.3559016 ], [ 103.8334657, 1.3561003 ], [ 103.833445, 1.3562285 ], [ 103.8334352, 1.3562892 ], [ 103.8334165, 1.3564044 ], [ 103.8333738, 1.3565352 ], [ 103.833364099999983, 1.3565651 ], [ 103.8333426, 1.3566312 ], [ 103.8332734, 1.3567476 ], [ 103.8331931, 1.3568826 ], [ 103.8330582, 1.3570708 ] ] } },
{ "type": "Feature", "properties": { "u": 1867626581, "v": 1867626553, "key": 0, "index": 271, "osmid": "176216265", "highway": "residential", "lanes": null, "maxspeed": "50", "name": "Jalan Sembilang", "oneway": false, "reversed": "False", "length": 107.58220737955993, "bridge": null, "junction": null, "length_m": 107.73275221579871, "building_count_50m": 53, "avg_building_area": 146.36517150160776, "poi_count_50m": 3, "highway_clean": "residential", "highway_rank": 2, "sinuosity": 1.0000000000852018, "poi_diversity": 0.63651416829481278, "food_drink_count": 1, "street_furniture_count": 2, "degree_u": 2, "degree_v": 6, "avg_connectivity": 4.0, "city": "Singapore", "cluster": 2, "typology": "Local Mixed Street" }, "geometry": { "type": "LineString", "coordinates": [ [ 103.8341711, 1.3564451 ], [ 103.835029, 1.356016 ], [ 103.8350366, 1.3560122 ] ] } },
{ "type": "Feature", "properties": { "u": 1867626583, "v": 1867626587, "key": 0, "index": 272, "osmid": [ 788337249, 176216262, 646833263 ], "highway": "residential", "lanes": "2", "maxspeed": "50", "name": "Bright Hill Crescent", "oneway": false, "reversed": "True", "length": 111.47327904633229, "bridge": null, "junction": null, "length_m": 111.62929929954211, "building_count_50m": 36, "avg_building_area": 171.35056261229695, "poi_count_50m": 3, "highway_clean": "residential", "highway_rank": 2, "sinuosity": 1.0000069238817941, "poi_diversity": 0.63651416829481278, "food_drink_count": 1, "street_furniture_count": 2, "degree_u": 2, "degree_v": 6, "avg_connectivity": 4.0, "city": "Singapore", "cluster": 2, "typology": "Local Mixed Street" }, "geometry": { "type": "LineString", "coordinates": [ [ 103.833993199999981, 1.3567085 ], [ 103.833880099999988, 1.3567517 ], [ 103.8338305, 1.3567706 ], [ 103.833712, 1.3568159 ], [ 103.83368, 1.356828 ], [ 103.8333913, 1.3569407 ], [ 103.8330582, 1.3570708 ] ] } },
{ "type": "Feature", "properties": { "u": 1867626586, "v": 1867626553, "key": 0, "index": 273, "osmid": "157706423", "highway": "residential", "lanes": "2", "maxspeed": "50", "name": "Jalan Keli", "oneway": false, "reversed": "False", "length": 170.38343230576839, "bridge": null, "junction": null, "length_m": 170.62188033296999, "building_count_50m": 41, "avg_building_area": 143.09296939044287, "poi_count_50m": 1, "highway_clean": "residential", "highway_rank": 2, "sinuosity": 1.3095364980286339, "poi_diversity": 0.0, "food_drink_count": 1, "street_furniture_count": 1, "degree_u": 2, "degree_v": 6, "avg_connectivity": 4.0, "city": "Singapore", "cluster": 2, "typology": "Local Mixed Street" }, "geometry": { "type": "LineString", "coordinates": [ [ 103.834383500000015, 1.3569832 ], [ 103.83449779999998, 1.3569375 ], [ 103.8352557, 1.3564101 ], [ 103.8352786, 1.3563116 ], [ 103.8350366, 1.3560122 ] ] } },
{ "type": "Feature", "properties": { "u": 1867626587, "v": 1867626561, "key": 0, "index": 274, "osmid": [ 646832132, 176216261, 646833262, 717075367 ], "highway": "residential", "lanes": "2", "maxspeed": "50", "name": "Bright Hill Crescent", "oneway": false, "reversed": "True", "length": 366.43768194351225, "bridge": null, "junction": null, "length_m": 366.95043614671897, "building_count_50m": 93, "avg_building_area": 147.18870795799899, "poi_count_50m": 1, "highway_clean": "residential", "highway_rank": 2, "sinuosity": 2.5292958754470676, "poi_diversity": 0.0, "food_drink_count": 1, "street_furniture_count": 1, "degree_u": 6, "degree_v": 6, "avg_connectivity": 6.0, "city": "Singapore", "cluster": 3, "typology": "Winding Connector Lane" }, "geometry": { "type": "LineString", "coordinates": [ [ 103.8330582, 1.3570708 ], [ 103.8331931, 1.3568826 ], [ 103.8332734, 1.3567476 ], [ 103.8333426, 1.3566312 ], [ 103.833364099999983, 1.3565651 ], [ 103.8333738, 1.3565352 ], [ 103.8334165, 1.3564044 ], [ 103.8334352, 1.3562892 ], [ 103.833445, 1.3562285 ], [ 103.8334657, 1.3561003 ], [ 103.8334587, 1.3559016 ], [ 103.833429, 1.3558017 ], [ 103.833405899999988, 1.3557241 ], [ 103.8333004, 1.3555887 ], [ 103.8332354, 1.3555497 ], [ 103.8331564, 1.3555024 ], [ 103.833062899999987, 1.3554995 ], [ 103.83299959999998, 1.35551 ], [ 103.8329219, 1.3555391 ], [ 103.832845, 1.3555852 ], [ 103.8327653, 1.355661 ], [ 103.8327464, 1.355679 ], [ 103.832681699999981, 1.3557593 ], [ 103.832643899999979, 1.3558327 ], [ 103.8326386, 1.3558436 ], [ 103.832618699999983, 1.3558846 ], [ 103.832559, 1.3559713 ], [ 103.8324859, 1.3560757 ], [ 103.8324141, 1.3561557 ], [ 103.8323515, 1.3561943 ], [ 103.83227909999998, 1.3562264 ], [ 103.832194200000018, 1.3562488 ], [ 103.8320814, 1.3562765 ], [ 103.831995399999983, 1.3563167 ] ] } },
{ "type": "Feature", "properties": { "u": 1867626587, "v": 1867626583, "key": 0, "index": 275, "osmid": [ 788337249, 176216262, 646833263 ], "highway": "residential", "lanes": "2", "maxspeed": "50", "name": "Bright Hill Crescent", "oneway": false, "reversed": "False", "length": 111.47327904633228, "bridge": null, "junction": null, "length_m": 111.6292992995421, "building_count_50m": 36, "avg_building_area": 171.35056261229695, "poi_count_50m": 3, "highway_clean": "residential", "highway_rank": 2, "sinuosity": 1.0000069238817941, "poi_diversity": 0.63651416829481278, "food_drink_count": 1, "street_furniture_count": 2, "degree_u": 6, "degree_v": 2, "avg_connectivity": 4.0, "city": "Singapore", "cluster": 2, "typology": "Local Mixed Street" }, "geometry": { "type": "LineString", "coordinates": [ [ 103.8330582, 1.3570708 ], [ 103.8333913, 1.3569407 ], [ 103.83368, 1.356828 ], [ 103.833712, 1.3568159 ], [ 103.8338305, 1.3567706 ], [ 103.833880099999988, 1.3567517 ], [ 103.833993199999981, 1.3567085 ] ] } },
{ "type": "Feature", "properties": { "u": 1867626587, "v": 1867626588, "key": 0, "index": 276, "osmid": [ 646833264, 646314740, 760112488 ], "highway": "residential", "lanes": "2", "maxspeed": "50", "name": "Bright Hill Crescent", "oneway": false, "reversed": "True", "length": 65.405645689499352, "bridge": null, "junction": null, "length_m": 65.497196802730244, "building_count_50m": 18, "avg_building_area": 357.21321408252521, "poi_count_50m": 1, "highway_clean": "residential", "highway_rank": 2, "sinuosity": 1.0010198883139592, "poi_diversity": 0.0, "food_drink_count": 1, "street_furniture_count": 1, "degree_u": 6, "degree_v": 6, "avg_connectivity": 6.0, "city": "Singapore", "cluster": 2, "typology": "Local Mixed Street" }, "geometry": { "type": "LineString", "coordinates": [ [ 103.8330582, 1.3570708 ], [ 103.833018899999985, 1.3570917 ], [ 103.832851799999986, 1.357161 ], [ 103.8327071, 1.357221 ], [ 103.832553, 1.3572785 ], [ 103.8325432, 1.3572821 ], [ 103.832516100000021, 1.3572979 ] ] } },
{ "type": "Feature", "properties": { "u": 1867626588, "v": 5648108224, "key": 0, "index": 277, "osmid": "646314738", "highway": "residential", "lanes": "2", "maxspeed": "50", "name": "Bright Hill Drive", "oneway": false, "reversed": "False", "length": 47.234381484518529, "bridge": null, "junction": null, "length_m": 47.300503491331249, "building_count_50m": 11, "avg_building_area": 449.06665760344828, "poi_count_50m": 2, "highway_clean": "residential", "highway_rank": 2, "sinuosity": 1.0000009190026304, "poi_diversity": 0.0, "food_drink_count": 1, "street_furniture_count": 1, "degree_u": 6, "degree_v": 2, "avg_connectivity": 4.0, "city": "Singapore", "cluster": 2, "typology": "Local Mixed Street" }, "geometry": { "type": "LineString", "coordinates": [ [ 103.832516100000021, 1.3572979 ], [ 103.8325252, 1.3573192 ], [ 103.8326852, 1.3576876 ] ] } },
{ "type": "Feature", "properties": { "u": 1867626588, "v": 1867626561, "key": 0, "index": 278, "osmid": [ 788341613, 788341614, 646314739, 591643543, 644408856, 644408858 ], "highway": "residential", "lanes": [ "2", "4", "3" ], "maxspeed": "50", "name": "Bright Hill Drive", "oneway": false, "reversed": "True", "length": 129.84244065060022, "bridge": null, "junction": null, "length_m": 130.02416876327823, "building_count_50m": 23, "avg_building_area": 288.47854838817062, "poi_count_50m": 2, "highway_clean": "residential", "highway_rank": 2, "sinuosity": 1.0512863954816352, "poi_diversity": 0.0, "food_drink_count": 1, "street_furniture_count": 1, "degree_u": 6, "degree_v": 6, "avg_connectivity": 6.0, "city": "Singapore", "cluster": 2, "typology": "Local Mixed Street" }, "geometry": { "type": "LineString", "coordinates": [ [ 103.832516100000021, 1.3572979 ], [ 103.83244879999998, 1.357248 ], [ 103.832371599999988, 1.3571782 ], [ 103.8323323, 1.3571393 ], [ 103.832306, 1.3571177 ], [ 103.832246199999986, 1.357047 ], [ 103.832154099999983, 1.3569361 ], [ 103.832068400000011, 1.356794 ], [ 103.832020299999982, 1.3566707 ], [ 103.8319977, 1.3565057 ], [ 103.831995399999983, 1.3563167 ] ] } },
{ "type": "Feature", "properties": { "u": 1867626588, "v": 1867626587, "key": 0, "index": 279, "osmid": [ 760112488, 646314740, 646833264 ], "highway": "residential", "lanes": "2", "maxspeed": "50", "name": "Bright Hill Crescent", "oneway": false, "reversed": "False", "length": 65.405645689499352, "bridge": null, "junction": null, "length_m": 65.497196802730244, "building_count_50m": 18, "avg_building_area": 357.21321408252521, "poi_count_50m": 1, "highway_clean": "residential", "highway_rank": 2, "sinuosity": 1.0010198883139592, "poi_diversity": 0.0, "food_drink_count": 1, "street_furniture_count": 1, "degree_u": 6, "degree_v": 6, "avg_connectivity": 6.0, "city": "Singapore", "cluster": 2, "typology": "Local Mixed Street" }, "geometry": { "type": "LineString", "coordinates": [ [ 103.832516100000021, 1.3572979 ], [ 103.8325432, 1.3572821 ], [ 103.832553, 1.3572785 ], [ 103.8327071, 1.357221 ], [ 103.832851799999986, 1.357161 ], [ 103.833018899999985, 1.3570917 ], [ 103.8330582, 1.3570708 ] ] } },
{ "type": "Feature", "properties": { "u": 2085971080, "v": 240401390, "key": 0, "index": 280, "osmid": [ 634483073, 721913166, 480242548, 480242779, 480242780 ], "highway": "primary", "lanes": "3", "maxspeed": "60", "name": "Ang Mo Kio Avenue 3", "oneway": true, "reversed": "False", "length": 251.28762492526698, "bridge": null, "junction": null, "length_m": 251.64054944556895, "building_count_50m": 8, "avg_building_area": 2040.9814000603417, "poi_count_50m": 4, "highway_clean": "primary", "highway_rank": 5, "sinuosity": 1.0236175049810494, "poi_diversity": 0.0, "food_drink_count": 1, "street_furniture_count": 1, "degree_u": 2, "degree_v": 3, "avg_connectivity": 2.5, "city": "Singapore", "cluster": 0, "typology": "Arterial Movement Corridor" }, "geometry": { "type": "LineString", "coordinates": [ [ 103.835968899999983, 1.3675497 ], [ 103.8361318, 1.3679819 ], [ 103.836210099999988, 1.3681905 ], [ 103.836349899999988, 1.3684621 ], [ 103.836422, 1.3685839 ], [ 103.836476, 1.3686686 ], [ 103.8365114, 1.36872 ], [ 103.8365962, 1.3688193 ], [ 103.8368318, 1.3690833 ], [ 103.8369941, 1.3692159 ], [ 103.8371237, 1.3693073 ], [ 103.8372169, 1.3693711 ] ] } },
{ "type": "Feature", "properties": { "u": 2291053366, "v": 2291053397, "key": 0, "index": 281, "osmid": "219977145", "highway": "residential", "lanes": "2", "maxspeed": "50", "name": "The Inglewood", "oneway": false, "reversed": "True", "length": 30.92443585432364, "bridge": null, "junction": null, "length_m": 30.967765280096536, "building_count_50m": 22, "avg_building_area": 177.5030503082545, "poi_count_50m": 1, "highway_clean": "residential", "highway_rank": 2, "sinuosity": 1.000000001050567, "poi_diversity": 0.0, "food_drink_count": 1, "street_furniture_count": 1, "degree_u": 6, "degree_v": 6, "avg_connectivity": 6.0, "city": "Singapore", "cluster": 2, "typology": "Local Mixed Street" }, "geometry": { "type": "LineString", "coordinates": [ [ 103.830873899999986, 1.3604566 ], [ 103.830820799999984, 1.3605067 ], [ 103.8306716, 1.3606475 ] ] } },
{ "type": "Feature", "properties": { "u": 2291053366, "v": 5935920071, "key": 0, "index": 282, "osmid": [ 644879105, 629465978, 633809942, 628714175 ], "highway": "residential", "lanes": "2", "maxspeed": "50", "name": "Lorong Puntong", "oneway": false, "reversed": "False", "length": 97.304420354230416, "bridge": null, "junction": null, "length_m": 97.440738113783254, "building_count_50m": 18, "avg_building_area": 217.75906968153404, "poi_count_50m": 5, "highway_clean": "residential", "highway_rank": 2, "sinuosity": 1.0550963226396406, "poi_diversity": 0.50040242353818787, "food_drink_count": 1, "street_furniture_count": 1, "degree_u": 6, "degree_v": 4, "avg_connectivity": 5.0, "city": "Singapore", "cluster": 2, "typology": "Local Mixed Street" }, "geometry": { "type": "LineString", "coordinates": [ [ 103.830873899999986, 1.3604566 ], [ 103.8307775, 1.3603439 ], [ 103.830752, 1.3603069 ], [ 103.8307361, 1.360282 ], [ 103.8307084, 1.3602295 ], [ 103.830658499999984, 1.3600986 ], [ 103.830634299999986, 1.3600372 ], [ 103.8306183, 1.3599787 ], [ 103.830612, 1.3599291 ], [ 103.83061859999998, 1.359863 ], [ 103.830632399999985, 1.3597987 ], [ 103.8306554, 1.3596565 ] ] } },
{ "type": "Feature", "properties": { "u": 2291053366, "v": 5659506912, "key": 0, "index": 283, "osmid": [ 219977152, 645127899 ], "highway": "residential", "lanes": "2", "maxspeed": "50", "name": "Lorong Puntong", "oneway": false, "reversed": "True", "length": 113.31617688120153, "bridge": null, "junction": null, "length_m": 113.47496522270097, "building_count_50m": 22, "avg_building_area": 197.72518172710986, "poi_count_50m": 4, "highway_clean": "residential", "highway_rank": 2, "sinuosity": 1.0628069232912001, "poi_diversity": 1.0397207708399179, "food_drink_count": 1, "street_furniture_count": 1, "degree_u": 6, "degree_v": 6, "avg_connectivity": 6.0, "city": "Singapore", "cluster": 2, "typology": "Local Mixed Street" }, "geometry": { "type": "LineString", "coordinates": [ [ 103.830873899999986, 1.3604566 ], [ 103.8309748, 1.360569 ], [ 103.8310289, 1.3606432 ], [ 103.8310643, 1.3607197 ], [ 103.8310763, 1.3607545 ], [ 103.8310914, 1.3607981 ], [ 103.831104599999989, 1.3608788 ], [ 103.8311089, 1.3609441 ], [ 103.8311038, 1.3610141 ], [ 103.8310929, 1.3610852 ], [ 103.831082099999989, 1.3611564 ], [ 103.8310415, 1.3614007 ] ] } },
{ "type": "Feature", "properties": { "u": 2291053370, "v": 5659506912, "key": 0, "index": 284, "osmid": "646955798", "highway": "residential", "lanes": "2", "maxspeed": "50", "name": "Lorong Puntong", "oneway": false, "reversed": "False", "length": 16.840116832657372, "bridge": null, "junction": null, "length_m": 16.863718624302383, "building_count_50m": 15, "avg_building_area": 135.49311541016766, "poi_count_50m": 4, "highway_clean": "residential", "highway_rank": 2, "sinuosity": 1.0209318132713976, "poi_diversity": 1.0397207708399179, "food_drink_count": 1, "street_furniture_count": 1, "degree_u": 2, "degree_v": 6, "avg_connectivity": 4.0, "city": "Singapore", "cluster": 2, "typology": "Local Mixed Street" }, "geometry": { "type": "LineString", "coordinates": [ [ 103.8310039, 1.3615442 ], [ 103.8310357, 1.3614828 ], [ 103.8310415, 1.3614007 ] ] } },
{ "type": "Feature", "properties": { "u": 2291053371, "v": 2291053414, "key": 0, "index": 285, "osmid": [ 717075376, 219977129 ], "highway": "residential", "lanes": "2", "maxspeed": "50", "name": "Fulton Avenue", "oneway": false, "reversed": "False", "length": 55.814107980467277, "bridge": null, "junction": null, "length_m": 55.892341496918831, "building_count_50m": 54, "avg_building_area": 139.70438229383146, "poi_count_50m": 2, "highway_clean": "residential", "highway_rank": 2, "sinuosity": 1.000018429642183, "poi_diversity": 0.69314718055994529, "food_drink_count": 1, "street_furniture_count": 1, "degree_u": 2, "degree_v": 6, "avg_connectivity": 4.0, "city": "Singapore", "cluster": 2, "typology": "Local Mixed Street" }, "geometry": { "type": "LineString", "coordinates": [ [ 103.8344745, 1.3620893 ], [ 103.8343754, 1.3618304 ], [ 103.8342925, 1.3616215 ] ] } },
{ "type": "Feature", "properties": { "u": 2291053373, "v": 2291053422, "key": 0, "index": 286, "osmid": "219977140", "highway": "residential", "lanes": "2", "maxspeed": "50", "name": "Fulton Avenue", "oneway": false, "reversed": "False", "length": 155.96882812175545, "bridge": null, "junction": null, "length_m": 156.18745057500598, "building_count_50m": 62, "avg_building_area": 250.2821739740323, "poi_count_50m": 1, "highway_clean": "residential", "highway_rank": 2, "sinuosity": 1.350730402658717, "poi_diversity": 0.0, "food_drink_count": 1, "street_furniture_count": 1, "degree_u": 6, "degree_v": 6, "avg_connectivity": 6.0, "city": "Singapore", "cluster": 2, "typology": "Local Mixed Street" }, "geometry": { "type": "LineString", "coordinates": [ [ 103.8327298, 1.3615851 ], [ 103.8328943, 1.3620323 ], [ 103.832906899999983, 1.3620572 ], [ 103.832919299999986, 1.3620752 ], [ 103.8329305, 1.3620851 ], [ 103.8329445, 1.362092 ], [ 103.832960699999987, 1.3620944 ], [ 103.832974600000014, 1.362095 ], [ 103.832991599999986, 1.3620929 ], [ 103.8330038, 1.3620898 ], [ 103.8330246, 1.3620818 ], [ 103.8333077, 1.3619814 ], [ 103.8337418, 1.3618192 ] ] } },
{ "type": "Feature", "properties": { "u": 2291053373, "v": 245174809, "key": 0, "index": 287, "osmid": [ 630075832, 630075833 ], "highway": "residential", "lanes": "2", "maxspeed": "50", "name": "Fulton Road", "oneway": false, "reversed": "False", "length": 73.392940957154252, "bridge": null, "junction": null, "length_m": 73.49580980985931, "building_count_50m": 28, "avg_building_area": 346.92575890133509, "poi_count_50m": 3, "highway_clean": "residential", "highway_rank": 2, "sinuosity": 1.0002642208636201, "poi_diversity": 1.0986122886681096, "food_drink_count": 1, "street_furniture_count": 1, "degree_u": 6, "degree_v": 6, "avg_connectivity": 6.0, "city": "Singapore", "cluster": 2, "typology": "Local Mixed Street" }, "geometry": { "type": "LineString", "coordinates": [ [ 103.8327298, 1.3615851 ], [ 103.8325314, 1.3616628 ], [ 103.8323521, 1.3617315 ], [ 103.8321703, 1.3618071 ], [ 103.832114799999985, 1.3618247 ] ] } },
{ "type": "Feature", "properties": { "u": 2291053373, "v": 2291053401, "key": 0, "index": 288, "osmid": "631750810", "highway": "residential", "lanes": "2", "maxspeed": "50", "name": "Fulton Road", "oneway": false, "reversed": "True", "length": 222.18221686561213, "bridge": null, "junction": null, "length_m": 222.4935884073393, "building_count_50m": 102, "avg_building_area": 204.04076785106474, "poi_count_50m": 3, "highway_clean": "residential", "highway_rank": 2, "sinuosity": 1.000000006081071, "poi_diversity": 1.0986122886681096, "food_drink_count": 1, "street_furniture_count": 1, "degree_u": 6, "degree_v": 6, "avg_connectivity": 6.0, "city": "Singapore", "cluster": 2, "typology": "Local Mixed Street" }, "geometry": { "type": "LineString", "coordinates": [ [ 103.8327298, 1.3615851 ], [ 103.834571, 1.3609065 ], [ 103.8346051, 1.3608939 ] ] } },
{ "type": "Feature", "properties": { "u": 2291053377, "v": 2291053394, "key": 0, "index": 289, "osmid": "219977147", "highway": "residential", "lanes": null, "maxspeed": "50", "name": "Fulton Road", "oneway": false, "reversed": "True", "length": 56.022149374616227, "bridge": null, "junction": null, "length_m": 56.1006699124409, "building_count_50m": 43, "avg_building_area": 157.44123840686052, "poi_count_50m": 2, "highway_clean": "residential", "highway_rank": 2, "sinuosity": 1.0, "poi_diversity": 0.69314718055994529, "food_drink_count": 1, "street_furniture_count": 1, "degree_u": 6, "degree_v": 2, "avg_connectivity": 4.0, "city": "Singapore", "cluster": 2, "typology": "Local Mixed Street" }, "geometry": { "type": "LineString", "coordinates": [ [ 103.834823, 1.3614248 ], [ 103.835013099999983, 1.3618914 ] ] } },
{ "type": "Feature", "properties": { "u": 2291053377, "v": 2291053401, "key": 0, "index": 290, "osmid": "631752163", "highway": "residential", "lanes": "2", "maxspeed": "50", "name": "Fulton Road", "oneway": false, "reversed": "False", "length": 63.809744996252228, "bridge": null, "junction": null, "length_m": 63.899167394225813, "building_count_50m": 49, "avg_building_area": 130.87102809814186, "poi_count_50m": 2, "highway_clean": "residential", "highway_rank": 2, "sinuosity": 1.0, "poi_diversity": 0.69314718055994529, "food_drink_count": 1, "street_furniture_count": 1, "degree_u": 6, "degree_v": 6, "avg_connectivity": 6.0, "city": "Singapore", "cluster": 2, "typology": "Local Mixed Street" }, "geometry": { "type": "LineString", "coordinates": [ [ 103.834823, 1.3614248 ], [ 103.8346051, 1.3608939 ] ] } },
{ "type": "Feature", "properties": { "u": 2291053377, "v": 2291053414, "key": 0, "index": 291, "osmid": "645129338", "highway": "residential", "lanes": "3", "maxspeed": "50", "name": "Fulton Avenue", "oneway": false, "reversed": "True", "length": 62.897951848985059, "bridge": null, "junction": null, "length_m": 62.98610597573802, "building_count_50m": 60, "avg_building_area": 131.19159655242325, "poi_count_50m": 1, "highway_clean": "residential", "highway_rank": 2, "sinuosity": 1.0000035593847743, "poi_diversity": 0.0, "food_drink_count": 1, "street_furniture_count": 1, "degree_u": 6, "degree_v": 6, "avg_connectivity": 6.0, "city": "Singapore", "cluster": 2, "typology": "Local Mixed Street" }, "geometry": { "type": "LineString", "coordinates": [ [ 103.834823, 1.3614248 ], [ 103.8347975, 1.3614346 ], [ 103.8342925, 1.3616215 ] ] } },
{ "type": "Feature", "properties": { "u": 2291053394, "v": 2291053377, "key": 0, "index": 292, "osmid": "219977147", "highway": "residential", "lanes": null, "maxspeed": "50", "name": "Fulton Road", "oneway": false, "reversed": "False", "length": 56.022149374616227, "bridge": null, "junction": null, "length_m": 56.1006699124409, "building_count_50m": 43, "avg_building_area": 157.44123840686052, "poi_count_50m": 2, "highway_clean": "residential", "highway_rank": 2, "sinuosity": 1.0, "poi_diversity": 0.69314718055994529, "food_drink_count": 1, "street_furniture_count": 1, "degree_u": 2, "degree_v": 6, "avg_connectivity": 4.0, "city": "Singapore", "cluster": 2, "typology": "Local Mixed Street" }, "geometry": { "type": "LineString", "coordinates": [ [ 103.835013099999983, 1.3618914 ], [ 103.834823, 1.3614248 ] ] } },
{ "type": "Feature", "properties": { "u": 2291053397, "v": 2291053366, "key": 0, "index": 293, "osmid": "219977145", "highway": "residential", "lanes": "2", "maxspeed": "50", "name": "The Inglewood", "oneway": false, "reversed": "False", "length": 30.92443585432364, "bridge": null, "junction": null, "length_m": 30.967765280096536, "building_count_50m": 22, "avg_building_area": 177.5030503082545, "poi_count_50m": 1, "highway_clean": "residential", "highway_rank": 2, "sinuosity": 1.000000001050567, "poi_diversity": 0.0, "food_drink_count": 1, "street_furniture_count": 1, "degree_u": 6, "degree_v": 6, "avg_connectivity": 6.0, "city": "Singapore", "cluster": 2, "typology": "Local Mixed Street" }, "geometry": { "type": "LineString", "coordinates": [ [ 103.8306716, 1.3606475 ], [ 103.830820799999984, 1.3605067 ], [ 103.830873899999986, 1.3604566 ] ] } },
{ "type": "Feature", "properties": { "u": 2291053397, "v": 2291053397, "key": 0, "index": 294, "osmid": [ 219977157, 645130599 ], "highway": "residential", "lanes": "2", "maxspeed": "50", "name": "The Inglewood", "oneway": false, "reversed": "True", "length": 376.73119768875074, "bridge": null, "junction": null, "length_m": 377.25912522690777, "building_count_50m": 108, "avg_building_area": 132.98874889926935, "poi_count_50m": 4, "highway_clean": "residential", "highway_rank": 2, "sinuosity": 1.0, "poi_diversity": 0.69314718055994529, "food_drink_count": 1, "street_furniture_count": 1, "degree_u": 6, "degree_v": 6, "avg_connectivity": 6.0, "city": "Singapore", "cluster": 2, "typology": "Local Mixed Street" }, "geometry": { "type": "LineString", "coordinates": [ [ 103.8306716, 1.3606475 ], [ 103.8306323, 1.3606937 ], [ 103.8306263, 1.3607203 ], [ 103.8306251, 1.3607506 ], [ 103.8306315, 1.3610056 ], [ 103.8306323, 1.3611519 ], [ 103.8306292, 1.3611971 ], [ 103.830616, 1.3612342 ], [ 103.8305925, 1.3612667 ], [ 103.8305569, 1.361291 ], [ 103.830508599999987, 1.3613123 ], [ 103.8304542, 1.3613275 ], [ 103.829836699999987, 1.3614759 ], [ 103.8298117, 1.3614819 ], [ 103.829769, 1.3614859 ], [ 103.8297112, 1.3614756 ], [ 103.8296499, 1.3614502 ], [ 103.8296013, 1.3614155 ], [ 103.829581599999983, 1.3613845 ], [ 103.8295768, 1.3613515 ], [ 103.8295854, 1.3612882 ], [ 103.8296908, 1.3607517 ], [ 103.8297036, 1.3607159 ], [ 103.8297348, 1.3606842 ], [ 103.829769, 1.3606697 ], [ 103.82982149999998, 1.3606654 ], [ 103.8299819, 1.360663 ], [ 103.8306716, 1.3606475 ] ] } },
{ "type": "Feature", "properties": { "u": 2291053397, "v": 2291053397, "key": 1, "index": 295, "osmid": [ 219977157, 645130599 ], "highway": "residential", "lanes": "2", "maxspeed": "50", "name": "The Inglewood", "oneway": false, "reversed": "False", "length": 376.73119768875074, "bridge": null, "junction": null, "length_m": 377.25912522690788, "building_count_50m": 108, "avg_building_area": 132.98874889926935, "poi_count_50m": 4, "highway_clean": "residential", "highway_rank": 2, "sinuosity": 1.0, "poi_diversity": 0.69314718055994529, "food_drink_count": 1, "street_furniture_count": 1, "degree_u": 6, "degree_v": 6, "avg_connectivity": 6.0, "city": "Singapore", "cluster": 2, "typology": "Local Mixed Street" }, "geometry": { "type": "LineString", "coordinates": [ [ 103.8306716, 1.3606475 ], [ 103.8299819, 1.360663 ], [ 103.82982149999998, 1.3606654 ], [ 103.829769, 1.3606697 ], [ 103.8297348, 1.3606842 ], [ 103.8297036, 1.3607159 ], [ 103.8296908, 1.3607517 ], [ 103.8295854, 1.3612882 ], [ 103.8295768, 1.3613515 ], [ 103.829581599999983, 1.3613845 ], [ 103.8296013, 1.3614155 ], [ 103.8296499, 1.3614502 ], [ 103.8297112, 1.3614756 ], [ 103.829769, 1.3614859 ], [ 103.8298117, 1.3614819 ], [ 103.829836699999987, 1.3614759 ], [ 103.8304542, 1.3613275 ], [ 103.830508599999987, 1.3613123 ], [ 103.8305569, 1.361291 ], [ 103.8305925, 1.3612667 ], [ 103.830616, 1.3612342 ], [ 103.8306292, 1.3611971 ], [ 103.8306323, 1.3611519 ], [ 103.8306315, 1.3610056 ], [ 103.8306251, 1.3607506 ], [ 103.8306263, 1.3607203 ], [ 103.8306323, 1.3606937 ], [ 103.8306716, 1.3606475 ] ] } },
{ "type": "Feature", "properties": { "u": 2291053401, "v": 2291053377, "key": 0, "index": 296, "osmid": "631752163", "highway": "residential", "lanes": "2", "maxspeed": "50", "name": "Fulton Road", "oneway": false, "reversed": "True", "length": 63.809744996252228, "bridge": null, "junction": null, "length_m": 63.899167394225813, "building_count_50m": 49, "avg_building_area": 130.87102809814186, "poi_count_50m": 2, "highway_clean": "residential", "highway_rank": 2, "sinuosity": 1.0, "poi_diversity": 0.69314718055994529, "food_drink_count": 1, "street_furniture_count": 1, "degree_u": 6, "degree_v": 6, "avg_connectivity": 6.0, "city": "Singapore", "cluster": 2, "typology": "Local Mixed Street" }, "geometry": { "type": "LineString", "coordinates": [ [ 103.8346051, 1.3608939 ], [ 103.834823, 1.3614248 ] ] } },
{ "type": "Feature", "properties": { "u": 2291053401, "v": 247709808, "key": 0, "index": 297, "osmid": "22979556", "highway": "residential", "lanes": "2", "maxspeed": "50", "name": "Fulton Road", "oneway": false, "reversed": "True", "length": 42.053196199542214, "bridge": null, "junction": null, "length_m": 42.112123359636293, "building_count_50m": 28, "avg_building_area": 132.74963725707795, "poi_count_50m": 2, "highway_clean": "residential", "highway_rank": 2, "sinuosity": 1.0002740580054739, "poi_diversity": 0.69314718055994529, "food_drink_count": 1, "street_furniture_count": 1, "degree_u": 6, "degree_v": 6, "avg_connectivity": 6.0, "city": "Singapore", "cluster": 2, "typology": "Local Mixed Street" }, "geometry": { "type": "LineString", "coordinates": [ [ 103.8346051, 1.3608939 ], [ 103.8346736, 1.3608709 ], [ 103.834957399999979, 1.3607564 ] ] } },
{ "type": "Feature", "properties": { "u": 2291053401, "v": 2291053373, "key": 0, "index": 298, "osmid": "631750810", "highway": "residential", "lanes": "2", "maxspeed": "50", "name": "Fulton Road", "oneway": false, "reversed": "False", "length": 222.18221686561213, "bridge": null, "junction": null, "length_m": 222.4935884073393, "building_count_50m": 102, "avg_building_area": 204.04076785106474, "poi_count_50m": 3, "highway_clean": "residential", "highway_rank": 2, "sinuosity": 1.000000006081071, "poi_diversity": 1.0986122886681096, "food_drink_count": 1, "street_furniture_count": 1, "degree_u": 6, "degree_v": 6, "avg_connectivity": 6.0, "city": "Singapore", "cluster": 2, "typology": "Local Mixed Street" }, "geometry": { "type": "LineString", "coordinates": [ [ 103.8346051, 1.3608939 ], [ 103.834571, 1.3609065 ], [ 103.8327298, 1.3615851 ] ] } },
{ "type": "Feature", "properties": { "u": 2291053414, "v": 2291053422, "key": 0, "index": 299, "osmid": "645128941", "highway": "residential", "lanes": "2", "maxspeed": "50", "name": "Fulton Avenue", "oneway": false, "reversed": "True", "length": 65.045275842759594, "bridge": null, "junction": null, "length_m": 65.136444859319695, "building_count_50m": 62, "avg_building_area": 131.64450546159273, "poi_count_50m": 1, "highway_clean": "residential", "highway_rank": 2, "sinuosity": 1.0, "poi_diversity": 0.0, "food_drink_count": 1, "street_furniture_count": 1, "degree_u": 6, "degree_v": 6, "avg_connectivity": 6.0, "city": "Singapore", "cluster": 2, "typology": "Local Mixed Street" }, "geometry": { "type": "LineString", "coordinates": [ [ 103.8342925, 1.3616215 ], [ 103.8337418, 1.3618192 ] ] } },
{ "type": "Feature", "properties": { "u": 2291053414, "v": 2291053377, "key": 0, "index": 300, "osmid": "645129338", "highway": "residential", "lanes": "3", "maxspeed": "50", "name": "Fulton Avenue", "oneway": false, "reversed": "False", "length": 62.897951848985059, "bridge": null, "junction": null, "length_m": 62.98610597573802, "building_count_50m": 60, "avg_building_area": 131.19159655242325, "poi_count_50m": 1, "highway_clean": "residential", "highway_rank": 2, "sinuosity": 1.0000035593847743, "poi_diversity": 0.0, "food_drink_count": 1, "street_furniture_count": 1, "degree_u": 6, "degree_v": 6, "avg_connectivity": 6.0, "city": "Singapore", "cluster": 2, "typology": "Local Mixed Street" }, "geometry": { "type": "LineString", "coordinates": [ [ 103.8342925, 1.3616215 ], [ 103.8347975, 1.3614346 ], [ 103.834823, 1.3614248 ] ] } },
{ "type": "Feature", "properties": { "u": 2291053414, "v": 2291053371, "key": 0, "index": 301, "osmid": [ 717075376, 219977129 ], "highway": "residential", "lanes": "2", "maxspeed": "50", "name": "Fulton Avenue", "oneway": false, "reversed": "True", "length": 55.814107980467277, "bridge": null, "junction": null, "length_m": 55.892341496918831, "building_count_50m": 54, "avg_building_area": 139.70438229383146, "poi_count_50m": 2, "highway_clean": "residential", "highway_rank": 2, "sinuosity": 1.000018429642183, "poi_diversity": 0.69314718055994529, "food_drink_count": 1, "street_furniture_count": 1, "degree_u": 6, "degree_v": 2, "avg_connectivity": 4.0, "city": "Singapore", "cluster": 2, "typology": "Local Mixed Street" }, "geometry": { "type": "LineString", "coordinates": [ [ 103.8342925, 1.3616215 ], [ 103.8343754, 1.3618304 ], [ 103.8344745, 1.3620893 ] ] } },
{ "type": "Feature", "properties": { "u": 2291053422, "v": 2291053414, "key": 0, "index": 302, "osmid": "645128941", "highway": "residential", "lanes": "2", "maxspeed": "50", "name": "Fulton Avenue", "oneway": false, "reversed": "False", "length": 65.045275842759594, "bridge": null, "junction": null, "length_m": 65.136444859319695, "building_count_50m": 62, "avg_building_area": 131.64450546159273, "poi_count_50m": 1, "highway_clean": "residential", "highway_rank": 2, "sinuosity": 1.0, "poi_diversity": 0.0, "food_drink_count": 1, "street_furniture_count": 1, "degree_u": 6, "degree_v": 6, "avg_connectivity": 6.0, "city": "Singapore", "cluster": 2, "typology": "Local Mixed Street" }, "geometry": { "type": "LineString", "coordinates": [ [ 103.8337418, 1.3618192 ], [ 103.8342925, 1.3616215 ] ] } },
{ "type": "Feature", "properties": { "u": 2291053422, "v": 2291053373, "key": 0, "index": 303, "osmid": "219977140", "highway": "residential", "lanes": "2", "maxspeed": "50", "name": "Fulton Avenue", "oneway": false, "reversed": "True", "length": 155.96882812175545, "bridge": null, "junction": null, "length_m": 156.18745057500598, "building_count_50m": 62, "avg_building_area": 250.2821739740323, "poi_count_50m": 1, "highway_clean": "residential", "highway_rank": 2, "sinuosity": 1.350730402658717, "poi_diversity": 0.0, "food_drink_count": 1, "street_furniture_count": 1, "degree_u": 6, "degree_v": 6, "avg_connectivity": 6.0, "city": "Singapore", "cluster": 2, "typology": "Local Mixed Street" }, "geometry": { "type": "LineString", "coordinates": [ [ 103.8337418, 1.3618192 ], [ 103.8333077, 1.3619814 ], [ 103.8330246, 1.3620818 ], [ 103.8330038, 1.3620898 ], [ 103.832991599999986, 1.3620929 ], [ 103.832974600000014, 1.362095 ], [ 103.832960699999987, 1.3620944 ], [ 103.8329445, 1.362092 ], [ 103.8329305, 1.3620851 ], [ 103.832919299999986, 1.3620752 ], [ 103.832906899999983, 1.3620572 ], [ 103.8328943, 1.3620323 ], [ 103.8327298, 1.3615851 ] ] } },
{ "type": "Feature", "properties": { "u": 2291053422, "v": 2291053437, "key": 0, "index": 304, "osmid": "219977144", "highway": "residential", "lanes": null, "maxspeed": "50", "name": "Fulton Avenue", "oneway": false, "reversed": "True", "length": 47.54362143991807, "bridge": null, "junction": null, "length_m": 47.610265670009206, "building_count_50m": 38, "avg_building_area": 233.49599572733399, "poi_count_50m": 1, "highway_clean": "residential", "highway_rank": 2, "sinuosity": 1.0000454551804467, "poi_diversity": 0.0, "food_drink_count": 1, "street_furniture_count": 1, "degree_u": 6, "degree_v": 2, "avg_connectivity": 4.0, "city": "Singapore", "cluster": 2, "typology": "Local Mixed Street" }, "geometry": { "type": "LineString", "coordinates": [ [ 103.8337418, 1.3618192 ], [ 103.8337836, 1.3619462 ], [ 103.8338812, 1.3622234 ] ] } },
{ "type": "Feature", "properties": { "u": 2291053437, "v": 2291053422, "key": 0, "index": 305, "osmid": "219977144", "highway": "residential", "lanes": null, "maxspeed": "50", "name": "Fulton Avenue", "oneway": false, "reversed": "False", "length": 47.54362143991807, "bridge": null, "junction": null, "length_m": 47.610265670009206, "building_count_50m": 38, "avg_building_area": 233.49599572733399, "poi_count_50m": 1, "highway_clean": "residential", "highway_rank": 2, "sinuosity": 1.0000454551804467, "poi_diversity": 0.0, "food_drink_count": 1, "street_furniture_count": 1, "degree_u": 2, "degree_v": 6, "avg_connectivity": 4.0, "city": "Singapore", "cluster": 2, "typology": "Local Mixed Street" }, "geometry": { "type": "LineString", "coordinates": [ [ 103.8338812, 1.3622234 ], [ 103.8337836, 1.3619462 ], [ 103.8337418, 1.3618192 ] ] } },
{ "type": "Feature", "properties": { "u": 3174051929, "v": 206256158, "key": 0, "index": 306, "osmid": "480232184", "highway": "primary", "lanes": "4", "maxspeed": "60", "name": "Upper Thomson Road", "oneway": true, "reversed": "False", "length": 250.49642622490938, "bridge": null, "junction": null, "length_m": 250.84626855520315, "building_count_50m": 4, "avg_building_area": 301.63829480108416, "poi_count_50m": 5, "highway_clean": "primary", "highway_rank": 5, "sinuosity": 1.0013903413300715, "poi_diversity": 0.95027053923323468, "food_drink_count": 1, "street_furniture_count": 1, "degree_u": 3, "degree_v": 3, "avg_connectivity": 3.0, "city": "Singapore", "cluster": 0, "typology": "Arterial Movement Corridor" }, "geometry": { "type": "LineString", "coordinates": [ [ 103.837460100000015, 1.3486615 ], [ 103.8368682, 1.3495103 ], [ 103.8360698, 1.3504304 ] ] } },
{ "type": "Feature", "properties": { "u": 3784797714, "v": 3998723969, "key": 0, "index": 307, "osmid": "635106332", "highway": "residential", "lanes": "2", "maxspeed": "40", "name": "Windsor Park Road", "oneway": false, "reversed": "True", "length": 74.112445303480641, "bridge": null, "junction": null, "length_m": 74.216184569947515, "building_count_50m": 14, "avg_building_area": 458.50670654692914, "poi_count_50m": 1, "highway_clean": "residential", "highway_rank": 2, "sinuosity": 1.0, "poi_diversity": 0.0, "food_drink_count": 1, "street_furniture_count": 1, "degree_u": 6, "degree_v": 6, "avg_connectivity": 6.0, "city": "Singapore", "cluster": 2, "typology": "Local Mixed Street" }, "geometry": { "type": "LineString", "coordinates": [ [ 103.8251122, 1.3570758 ], [ 103.8257185, 1.357353 ] ] } },
{ "type": "Feature", "properties": { "u": 3784797714, "v": 3784797715, "key": 0, "index": 308, "osmid": [ 644360723, 717017684, 717017685, 375092095 ], "highway": "residential", "lanes": "2", "maxspeed": "40", "name": "Windsor Park Road", "oneway": false, "reversed": "False", "length": 128.83347452351745, "bridge": null, "junction": null, "length_m": 129.01377333038772, "building_count_50m": 15, "avg_building_area": 363.40199408744854, "poi_count_50m": 1, "highway_clean": "residential", "highway_rank": 2, "sinuosity": 1.0000303823452317, "poi_diversity": 0.0, "food_drink_count": 1, "street_furniture_count": 1, "degree_u": 6, "degree_v": 6, "avg_connectivity": 6.0, "city": "Singapore", "cluster": 2, "typology": "Local Mixed Street" }, "geometry": { "type": "LineString", "coordinates": [ [ 103.8251122, 1.3570758 ], [ 103.8251384, 1.3569995 ], [ 103.8251701, 1.35691 ], [ 103.8254464, 1.3561431 ], [ 103.8255, 1.355984 ] ] } },
{ "type": "Feature", "properties": { "u": 3784797714, "v": 1318498273, "key": 0, "index": 309, "osmid": [ 644351125, 644363206 ], "highway": "residential", "lanes": "2", "maxspeed": "40", "name": "Windsor Park Road", "oneway": false, "reversed": "False", "length": 49.727683727821528, "bridge": null, "junction": null, "length_m": 49.79728582543391, "building_count_50m": 7, "avg_building_area": 474.10848256233612, "poi_count_50m": 1, "highway_clean": "residential", "highway_rank": 2, "sinuosity": 1.0005998907053697, "poi_diversity": 0.0, "food_drink_count": 1, "street_furniture_count": 1, "degree_u": 6, "degree_v": 6, "avg_connectivity": 6.0, "city": "Singapore", "cluster": 2, "typology": "Local Mixed Street" }, "geometry": { "type": "LineString", "coordinates": [ [ 103.8251122, 1.3570758 ], [ 103.82472749999998, 1.3569314 ], [ 103.8246953, 1.3569144 ] ] } },
{ "type": "Feature", "properties": { "u": 3784797715, "v": 1318459311, "key": 0, "index": 310, "osmid": "645108114", "highway": "residential", "lanes": "2", "maxspeed": "40", "name": "Windsor Park Road", "oneway": false, "reversed": "False", "length": 65.811326903932269, "bridge": null, "junction": null, "length_m": 65.903414614036308, "building_count_50m": 17, "avg_building_area": 233.01059357901545, "poi_count_50m": 1, "highway_clean": "residential", "highway_rank": 2, "sinuosity": 1.0, "poi_diversity": 0.0, "food_drink_count": 1, "street_furniture_count": 1, "degree_u": 6, "degree_v": 2, "avg_connectivity": 4.0, "city": "Singapore", "cluster": 2, "typology": "Local Mixed Street" }, "geometry": { "type": "LineString", "coordinates": [ [ 103.8255, 1.355984 ], [ 103.8260818, 1.3560935 ] ] } },
{ "type": "Feature", "properties": { "u": 3784797715, "v": 1318498273, "key": 0, "index": 311, "osmid": [ 644358192, 644351126, 644351127, 117035195, 794617439 ], "highway": "residential", "lanes": "2", "maxspeed": "40", "name": "Windsor Park Road", "oneway": false, "reversed": "True", "length": 448.9922621537844, "bridge": null, "junction": null, "length_m": 449.62054864576248, "building_count_50m": 32, "avg_building_area": 313.37588307379355, "poi_count_50m": 1, "highway_clean": "residential", "highway_rank": 2, "sinuosity": 3.2829109874660012, "poi_diversity": 0.0, "food_drink_count": 1, "street_furniture_count": 1, "degree_u": 6, "degree_v": 6, "avg_connectivity": 6.0, "city": "Singapore", "cluster": 3, "typology": "Winding Connector Lane" }, "geometry": { "type": "LineString", "coordinates": [ [ 103.8255, 1.355984 ], [ 103.824744, 1.3558339 ], [ 103.824316699999983, 1.3557509 ], [ 103.8242742, 1.3557476 ], [ 103.824224499999985, 1.3557543 ], [ 103.8239391, 1.3558698 ], [ 103.8235457, 1.3560265 ], [ 103.823492499999986, 1.3560524 ], [ 103.823282899999981, 1.3561436 ], [ 103.823255499999988, 1.3561623 ], [ 103.823234699999986, 1.3561959 ], [ 103.8232406, 1.3562304 ], [ 103.8232481, 1.3562465 ], [ 103.823276, 1.3562711 ], [ 103.8242343, 1.3567041 ], [ 103.8246953, 1.3569144 ] ] } },
{ "type": "Feature", "properties": { "u": 3784797715, "v": 3784797714, "key": 0, "index": 312, "osmid": [ 644360723, 717017684, 717017685, 375092095 ], "highway": "residential", "lanes": "2", "maxspeed": "40", "name": "Windsor Park Road", "oneway": false, "reversed": "True", "length": 128.83347452351745, "bridge": null, "junction": null, "length_m": 129.01377333038775, "building_count_50m": 15, "avg_building_area": 363.40199408744854, "poi_count_50m": 1, "highway_clean": "residential", "highway_rank": 2, "sinuosity": 1.0000303823452319, "poi_diversity": 0.0, "food_drink_count": 1, "street_furniture_count": 1, "degree_u": 6, "degree_v": 6, "avg_connectivity": 6.0, "city": "Singapore", "cluster": 2, "typology": "Local Mixed Street" }, "geometry": { "type": "LineString", "coordinates": [ [ 103.8255, 1.355984 ], [ 103.8254464, 1.3561431 ], [ 103.8251701, 1.35691 ], [ 103.8251384, 1.3569995 ], [ 103.8251122, 1.3570758 ] ] } },
{ "type": "Feature", "properties": { "u": 3806372868, "v": 6167717130, "key": 0, "index": 313, "osmid": "117038456", "highway": "residential", "lanes": null, "maxspeed": "40", "name": "Taman Permata", "oneway": false, "reversed": "False", "length": 35.205709490504603, "bridge": null, "junction": null, "length_m": 35.254911391889912, "building_count_50m": 21, "avg_building_area": 243.79049030829447, "poi_count_50m": 18, "highway_clean": "residential", "highway_rank": 2, "sinuosity": 1.0019667998210477, "poi_diversity": 0.85441498160018414, "food_drink_count": 10, "street_furniture_count": 1, "degree_u": 6, "degree_v": 2, "avg_connectivity": 4.0, "city": "Singapore", "cluster": 1, "typology": "Active Commercial High Street" }, "geometry": { "type": "LineString", "coordinates": [ [ 103.8350349, 1.3517487 ], [ 103.8349921, 1.3518443 ], [ 103.834941199999989, 1.3519378 ], [ 103.8349012, 1.3520001 ], [ 103.83488389999998, 1.3520263 ] ] } },
{ "type": "Feature", "properties": { "u": 3806372868, "v": 3806372869, "key": 0, "index": 314, "osmid": "645111654", "highway": "residential", "lanes": "2", "maxspeed": "40", "name": "Taman Permata", "oneway": false, "reversed": "True", "length": 53.196688088068399, "bridge": null, "junction": null, "length_m": 53.271025443795807, "building_count_50m": 25, "avg_building_area": 250.03577928498328, "poi_count_50m": 14, "highway_clean": "residential", "highway_rank": 2, "sinuosity": 1.0000001277575619, "poi_diversity": 0.59826958858525725, "food_drink_count": 10, "street_furniture_count": 1, "degree_u": 6, "degree_v": 6, "avg_connectivity": 6.0, "city": "Singapore", "cluster": 1, "typology": "Active Commercial High Street" }, "geometry": { "type": "LineString", "coordinates": [ [ 103.8350349, 1.3517487 ], [ 103.835205599999981, 1.3513528 ], [ 103.8352244, 1.3513094 ] ] } },
{ "type": "Feature", "properties": { "u": 3806372868, "v": 1318498325, "key": 0, "index": 315, "osmid": [ 645122012, 645111655 ], "highway": "residential", "lanes": "2", "maxspeed": "40", "name": "Taman Permata", "oneway": false, "reversed": "False", "length": 245.34387450159835, "bridge": null, "junction": null, "length_m": 245.6866973117007, "building_count_50m": 110, "avg_building_area": 156.51020725143394, "poi_count_50m": 12, "highway_clean": "residential", "highway_rank": 2, "sinuosity": 1.0001752823579506, "poi_diversity": 0.56233514461880829, "food_drink_count": 9, "street_furniture_count": 1, "degree_u": 6, "degree_v": 6, "avg_connectivity": 6.0, "city": "Singapore", "cluster": 1, "typology": "Active Commercial High Street" }, "geometry": { "type": "LineString", "coordinates": [ [ 103.8350349, 1.3517487 ], [ 103.834996799999985, 1.3517295 ], [ 103.834985299999985, 1.3517243 ], [ 103.8346468, 1.3515855 ], [ 103.834432, 1.3514974 ], [ 103.833737199999987, 1.3511892 ], [ 103.8330169, 1.3508562 ] ] } },
{ "type": "Feature", "properties": { "u": 3806372869, "v": 1318498357, "key": 0, "index": 316, "osmid": "146880646", "highway": "residential", "lanes": "2", "maxspeed": "40", "name": "Jalan Pelatina", "oneway": false, "reversed": "True", "length": 78.498113019059701, "bridge": null, "junction": null, "length_m": 78.607793652423837, "building_count_50m": 49, "avg_building_area": 194.60064897246653, "poi_count_50m": 7, "highway_clean": "residential", "highway_rank": 2, "sinuosity": 1.0004854580195039, "poi_diversity": 0.59826958858525725, "food_drink_count": 5, "street_furniture_count": 1, "degree_u": 6, "degree_v": 6, "avg_connectivity": 6.0, "city": "Singapore", "cluster": 2, "typology": "Local Mixed Street" }, "geometry": { "type": "LineString", "coordinates": [ [ 103.8352244, 1.3513094 ], [ 103.8351849, 1.3512894 ], [ 103.835151599999989, 1.3512694 ], [ 103.835062899999983, 1.3512136 ], [ 103.83485469999998, 1.3510773 ], [ 103.8346217, 1.3509422 ] ] } },
{ "type": "Feature", "properties": { "u": 3806372869, "v": 3806372868, "key": 0, "index": 317, "osmid": "645111654", "highway": "residential", "lanes": "2", "maxspeed": "40", "name": "Taman Permata", "oneway": false, "reversed": "False", "length": 53.196688088068399, "bridge": null, "junction": null, "length_m": 53.271025443795807, "building_count_50m": 25, "avg_building_area": 250.03577928498328, "poi_count_50m": 14, "highway_clean": "residential", "highway_rank": 2, "sinuosity": 1.0000001277575619, "poi_diversity": 0.59826958858525725, "food_drink_count": 10, "street_furniture_count": 1, "degree_u": 6, "degree_v": 6, "avg_connectivity": 6.0, "city": "Singapore", "cluster": 1, "typology": "Active Commercial High Street" }, "geometry": { "type": "LineString", "coordinates": [ [ 103.8352244, 1.3513094 ], [ 103.835205599999981, 1.3513528 ], [ 103.8350349, 1.3517487 ] ] } },
{ "type": "Feature", "properties": { "u": 3806372869, "v": 4728224830, "key": 0, "index": 318, "osmid": [ 645111666, 646402502 ], "highway": "residential", "lanes": "2", "maxspeed": "40", "name": "Jalan Pelatina", "oneway": false, "reversed": "False", "length": 32.455630800369377, "bridge": null, "junction": null, "length_m": 32.500982106184331, "building_count_50m": 15, "avg_building_area": 346.79479612551035, "poi_count_50m": 9, "highway_clean": "residential", "highway_rank": 2, "sinuosity": 1.0004864802323898, "poi_diversity": 0.93688830753901597, "food_drink_count": 5, "street_furniture_count": 1, "degree_u": 6, "degree_v": 5, "avg_connectivity": 5.5, "city": "Singapore", "cluster": 1, "typology": "Active Commercial High Street" }, "geometry": { "type": "LineString", "coordinates": [ [ 103.8352244, 1.3513094 ], [ 103.8353684, 1.3513504 ], [ 103.8355025, 1.3513978 ] ] } },
{ "type": "Feature", "properties": { "u": 3806372871, "v": 1318498283, "key": 0, "index": 319, "osmid": "117038429", "highway": "residential", "lanes": null, "maxspeed": "40", "name": "Thomson Ridge", "oneway": false, "reversed": "True", "length": 17.654133274273775, "bridge": null, "junction": null, "length_m": 17.678808151558659, "building_count_50m": 17, "avg_building_area": 400.17510560884693, "poi_count_50m": 16, "highway_clean": "residential", "highway_rank": 2, "sinuosity": 1.0, "poi_diversity": 0.86474009652763717, "food_drink_count": 9, "street_furniture_count": 1, "degree_u": 2, "degree_v": 6, "avg_connectivity": 4.0, "city": "Singapore", "cluster": 1, "typology": "Active Commercial High Street" }, "geometry": { "type": "LineString", "coordinates": [ [ 103.834798099999986, 1.3521376 ], [ 103.834702, 1.352264 ] ] } },
{ "type": "Feature", "properties": { "u": 3987285531, "v": 4735281548, "key": 0, "index": 320, "osmid": [ 395926337, 644702071 ], "highway": "residential", "lanes": "1", "maxspeed": null, "name": null, "oneway": true, "reversed": "False", "length": 283.41753531001007, "bridge": null, "junction": null, "length_m": 283.81370407578413, "building_count_50m": 26, "avg_building_area": 443.58745624651351, "poi_count_50m": 46, "highway_clean": "residential", "highway_rank": 2, "sinuosity": 1.1128598965030818, "poi_diversity": 1.0176876180959937, "food_drink_count": 22, "street_furniture_count": 1, "degree_u": 3, "degree_v": 5, "avg_connectivity": 4.0, "city": "Singapore", "cluster": 1, "typology": "Active Commercial High Street" }, "geometry": { "type": "LineString", "coordinates": [ [ 103.835447499999987, 1.3515789 ], [ 103.8354154, 1.3516593 ], [ 103.8353922, 1.3517127 ], [ 103.835338199999981, 1.3518695 ], [ 103.8352952, 1.35197 ], [ 103.8352322, 1.352084 ], [ 103.835179899999986, 1.3521611 ], [ 103.835163100000017, 1.3521837 ], [ 103.835102800000016, 1.3522656 ], [ 103.835015, 1.352385 ], [ 103.834872799999985, 1.3525399 ], [ 103.8347856, 1.3526176 ], [ 103.8346783, 1.3527088 ], [ 103.83457439999998, 1.3528039 ], [ 103.834455, 1.3529113 ], [ 103.8343157, 1.3530305 ], [ 103.8342665, 1.3530697 ], [ 103.834212899999983, 1.3531107 ], [ 103.8341833, 1.3531207 ], [ 103.8341484, 1.353128 ], [ 103.8341133, 1.3531287 ], [ 103.834076899999985, 1.3531241 ], [ 103.833991699999984, 1.3530976 ], [ 103.8338643, 1.3530359 ], [ 103.8338144, 1.3530205 ], [ 103.83378519999998, 1.3530195 ], [ 103.83375119999998, 1.3530514 ], [ 103.833728099999988, 1.3530925 ] ] } },
{ "type": "Feature", "properties": { "u": 3998723969, "v": 3784797714, "key": 0, "index": 321, "osmid": "635106332", "highway": "residential", "lanes": "2", "maxspeed": "40", "name": "Windsor Park Road", "oneway": false, "reversed": "False", "length": 74.112445303480641, "bridge": null, "junction": null, "length_m": 74.216184569947515, "building_count_50m": 14, "avg_building_area": 458.50670654692914, "poi_count_50m": 1, "highway_clean": "residential", "highway_rank": 2, "sinuosity": 1.0, "poi_diversity": 0.0, "food_drink_count": 1, "street_furniture_count": 1, "degree_u": 6, "degree_v": 6, "avg_connectivity": 6.0, "city": "Singapore", "cluster": 2, "typology": "Local Mixed Street" }, "geometry": { "type": "LineString", "coordinates": [ [ 103.8257185, 1.357353 ], [ 103.8251122, 1.3570758 ] ] } },
{ "type": "Feature", "properties": { "u": 3998723969, "v": 1318498359, "key": 0, "index": 322, "osmid": "635106333", "highway": "residential", "lanes": "2", "maxspeed": "40", "name": "Capricorn Drive", "oneway": false, "reversed": "False", "length": 77.916667155303202, "bridge": null, "junction": null, "length_m": 78.025746698075636, "building_count_50m": 29, "avg_building_area": 277.47997554423148, "poi_count_50m": 1, "highway_clean": "residential", "highway_rank": 2, "sinuosity": 1.0, "poi_diversity": 0.0, "food_drink_count": 1, "street_furniture_count": 1, "degree_u": 6, "degree_v": 8, "avg_connectivity": 7.0, "city": "Singapore", "cluster": 2, "typology": "Local Mixed Street" }, "geometry": { "type": "LineString", "coordinates": [ [ 103.8257185, 1.357353 ], [ 103.825516199999981, 1.3580239 ] ] } },
{ "type": "Feature", "properties": { "u": 3998723969, "v": 1318459258, "key": 0, "index": 323, "osmid": "635106334", "highway": "residential", "lanes": "2", "maxspeed": "40", "name": "Windsor Park Road", "oneway": false, "reversed": "True", "length": 39.500294598929649, "bridge": null, "junction": null, "length_m": 39.555588387980919, "building_count_50m": 21, "avg_building_area": 383.71790597548579, "poi_count_50m": 1, "highway_clean": "residential", "highway_rank": 2, "sinuosity": 1.0, "poi_diversity": 0.0, "food_drink_count": 1, "street_furniture_count": 1, "degree_u": 6, "degree_v": 6, "avg_connectivity": 6.0, "city": "Singapore", "cluster": 2, "typology": "Local Mixed Street" }, "geometry": { "type": "LineString", "coordinates": [ [ 103.8257185, 1.357353 ], [ 103.826060499999983, 1.3574494 ] ] } },
{ "type": "Feature", "properties": { "u": 3998723973, "v": 1318459160, "key": 0, "index": 324, "osmid": "632451497", "highway": "residential", "lanes": null, "maxspeed": "40", "name": "Venus Road", "oneway": false, "reversed": "True", "length": 14.073044805864388, "bridge": null, "junction": null, "length_m": 14.092751149647437, "building_count_50m": 7, "avg_building_area": 938.45462511991184, "poi_count_50m": 3, "highway_clean": "residential", "highway_rank": 2, "sinuosity": 1.0, "poi_diversity": 0.63651416829481278, "food_drink_count": 1, "street_furniture_count": 1, "degree_u": 2, "degree_v": 6, "avg_connectivity": 4.0, "city": "Singapore", "cluster": 0, "typology": "Arterial Movement Corridor" }, "geometry": { "type": "LineString", "coordinates": [ [ 103.827672599999985, 1.3585665 ], [ 103.8277077, 1.3584449 ] ] } },
{ "type": "Feature", "properties": { "u": 4000033077, "v": 4000033099, "key": 0, "index": 325, "osmid": [ 628450568, 482044346, 74694870 ], "highway": "primary", "lanes": "3", "maxspeed": "60", "name": "Upper Thomson Road", "oneway": true, "reversed": "False", "length": 217.75945568452394, "bridge": null, "junction": null, "length_m": 218.06457119880565, "building_count_50m": 8, "avg_building_area": 675.94821338630936, "poi_count_50m": 3, "highway_clean": "primary", "highway_rank": 5, "sinuosity": 1.0053387582359987, "poi_diversity": 0.63651416829481278, "food_drink_count": 1, "street_furniture_count": 1, "degree_u": 3, "degree_v": 4, "avg_connectivity": 3.5, "city": "Singapore", "cluster": 0, "typology": "Arterial Movement Corridor" }, "geometry": { "type": "LineString", "coordinates": [ [ 103.8287521, 1.3596588 ], [ 103.828747, 1.3598195 ], [ 103.8287136, 1.3600195 ], [ 103.828665699999988, 1.3601707 ], [ 103.8286298, 1.3602854 ], [ 103.8286026, 1.3603887 ], [ 103.82848, 1.3607312 ], [ 103.828361199999989, 1.3610253 ], [ 103.8282319, 1.3613444 ], [ 103.82818, 1.3615209 ] ] } },
{ "type": "Feature", "properties": { "u": 4000033078, "v": 7424629435, "key": 0, "index": 326, "osmid": "818742293", "highway": "unclassified", "lanes": "2", "maxspeed": "50", "name": null, "oneway": false, "reversed": "False", "length": 4.3254538216924248, "bridge": null, "junction": null, "length_m": 4.3315124292567999, "building_count_50m": 2, "avg_building_area": 1816.6566896113111, "poi_count_50m": 1, "highway_clean": "unclassified", "highway_rank": 1, "sinuosity": 1.0, "poi_diversity": 0.0, "food_drink_count": 1, "street_furniture_count": 1, "degree_u": 4, "degree_v": 4, "avg_connectivity": 4.0, "city": "Singapore", "cluster": 0, "typology": "Arterial Movement Corridor" }, "geometry": { "type": "LineString", "coordinates": [ [ 103.828195199999982, 1.3594449 ], [ 103.828205899999986, 1.3594823 ] ] } },
{ "type": "Feature", "properties": { "u": 4000033078, "v": 4000033092, "key": 0, "index": 327, "osmid": [ 628184262, 671970631, 51814770, 639600692, 682666167, 793734617 ], "highway": "unclassified", "lanes": "1", "maxspeed": "50", "name": "Venus Drive", "oneway": true, "reversed": "False", "length": 170.92330259564267, "bridge": null, "junction": null, "length_m": 171.162748862028, "building_count_50m": 4, "avg_building_area": 1037.9083200884086, "poi_count_50m": 11, "highway_clean": "unclassified", "highway_rank": 1, "sinuosity": 1.0231139959254745, "poi_diversity": 1.0900596587107838, "food_drink_count": 1, "street_furniture_count": 4, "degree_u": 4, "degree_v": 4, "avg_connectivity": 4.0, "city": "Singapore", "cluster": 1, "typology": "Active Commercial High Street" }, "geometry": { "type": "LineString", "coordinates": [ [ 103.828195199999982, 1.3594449 ], [ 103.828147500000014, 1.3594611 ], [ 103.8280633, 1.3594983 ], [ 103.82800589999998, 1.35954 ], [ 103.827969, 1.3595693 ], [ 103.8279345, 1.3596045 ], [ 103.827874, 1.3596831 ], [ 103.8278446, 1.3597224 ], [ 103.8276785, 1.3599441 ], [ 103.827620499999981, 1.3600127 ], [ 103.8274484, 1.3602288 ], [ 103.8274013, 1.3602834 ], [ 103.8273598, 1.3603364 ], [ 103.8273074, 1.360404 ], [ 103.8272448, 1.3605058 ], [ 103.82722339999998, 1.3605527 ], [ 103.8272256, 1.3605928 ] ] } },
{ "type": "Feature", "properties": { "u": 4000033092, "v": 4000033099, "key": 0, "index": 328, "osmid": [ 628176480, 628176481, 816070337, 628450567 ], "highway": "unclassified", "lanes": "2", "maxspeed": "50", "name": [ "Venus Drive", "Island Club Road" ], "oneway": false, "reversed": [ false, true ], "length": 189.81358067658888, "bridge": null, "junction": null, "length_m": 190.07958577088309, "building_count_50m": 6, "avg_building_area": 146.39488772001266, "poi_count_50m": 11, "highway_clean": "unclassified", "highway_rank": 1, "sinuosity": 1.2824555728847205, "poi_diversity": 1.0361987848192837, "food_drink_count": 1, "street_furniture_count": 4, "degree_u": 4, "degree_v": 4, "avg_connectivity": 4.0, "city": "Singapore", "cluster": 1, "typology": "Active Commercial High Street" }, "geometry": { "type": "LineString", "coordinates": [ [ 103.8272256, 1.3605928 ], [ 103.8271909, 1.3607751 ], [ 103.827186, 1.3610093 ], [ 103.8271818, 1.3612153 ], [ 103.827181, 1.3612544 ], [ 103.827266899999984, 1.3612576 ], [ 103.8274432, 1.3612779 ], [ 103.8276069, 1.3613086 ], [ 103.8278221, 1.3613785 ], [ 103.828087, 1.3614743 ], [ 103.828135499999988, 1.3615035 ], [ 103.82818, 1.3615209 ] ] } },
{ "type": "Feature", "properties": { "u": 4000033092, "v": 7424629435, "key": 0, "index": 329, "osmid": [ 793734624, 793734620, 793734621, 793734622, 793734623 ], "highway": "unclassified", "lanes": "1", "maxspeed": "50", "name": "Venus Drive", "oneway": true, "reversed": "False", "length": 167.66869680054862, "bridge": null, "junction": null, "length_m": 167.90358616256577, "building_count_50m": 4, "avg_building_area": 1037.9083200884086, "poi_count_50m": 11, "highway_clean": "unclassified", "highway_rank": 1, "sinuosity": 1.0180803126340623, "poi_diversity": 1.0900596587107838, "food_drink_count": 1, "street_furniture_count": 4, "degree_u": 4, "degree_v": 4, "avg_connectivity": 4.0, "city": "Singapore", "cluster": 1, "typology": "Active Commercial High Street" }, "geometry": { "type": "LineString", "coordinates": [ [ 103.8272256, 1.3605928 ], [ 103.8272756, 1.3605688 ], [ 103.8272956, 1.3605375 ], [ 103.827346399999982, 1.3604516 ], [ 103.8275097, 1.3602285 ], [ 103.827663, 1.3600434 ], [ 103.827718, 1.3599722 ], [ 103.827875599999985, 1.3597441 ], [ 103.827903, 1.3597044 ], [ 103.8279655, 1.3596291 ], [ 103.827995799999982, 1.3595988 ], [ 103.8280311, 1.3595729 ], [ 103.8280916, 1.3595297 ], [ 103.828161199999983, 1.3594934 ], [ 103.828205899999986, 1.3594823 ] ] } },
{ "type": "Feature", "properties": { "u": 4000033099, "v": 4727940658, "key": 0, "index": 330, "osmid": [ 482044345, 479744114, 661056293, 482044983 ], "highway": "primary", "lanes": [ "4", "3" ], "maxspeed": "60", "name": "Upper Thomson Road", "oneway": true, "reversed": "False", "length": 157.61898805719184, "bridge": null, "junction": null, "length_m": 157.83994330715495, "building_count_50m": 10, "avg_building_area": 145.16884572226195, "poi_count_50m": 1, "highway_clean": "primary", "highway_rank": 5, "sinuosity": 1.001347744431166, "poi_diversity": 0.0, "food_drink_count": 1, "street_furniture_count": 1, "degree_u": 4, "degree_v": 3, "avg_connectivity": 3.5, "city": "Singapore", "cluster": 0, "typology": "Arterial Movement Corridor" }, "geometry": { "type": "LineString", "coordinates": [ [ 103.82818, 1.3615209 ], [ 103.8281254, 1.3617882 ], [ 103.828046699999987, 1.3622434 ], [ 103.827999799999986, 1.3627126 ], [ 103.827988599999983, 1.3629235 ] ] } },
{ "type": "Feature", "properties": { "u": 4000033099, "v": 4000033092, "key": 0, "index": 331, "osmid": [ 628176480, 816070337, 628176481, 628450567 ], "highway": "unclassified", "lanes": "2", "maxspeed": "50", "name": [ "Venus Drive", "Island Club Road" ], "oneway": false, "reversed": [ false, true ], "length": 189.81358067658888, "bridge": null, "junction": null, "length_m": 190.07958577088303, "building_count_50m": 6, "avg_building_area": 146.39488772001266, "poi_count_50m": 11, "highway_clean": "unclassified", "highway_rank": 1, "sinuosity": 1.2824555728847202, "poi_diversity": 1.0361987848192837, "food_drink_count": 1, "street_furniture_count": 4, "degree_u": 4, "degree_v": 4, "avg_connectivity": 4.0, "city": "Singapore", "cluster": 1, "typology": "Active Commercial High Street" }, "geometry": { "type": "LineString", "coordinates": [ [ 103.82818, 1.3615209 ], [ 103.828135499999988, 1.3615035 ], [ 103.828087, 1.3614743 ], [ 103.8278221, 1.3613785 ], [ 103.8276069, 1.3613086 ], [ 103.8274432, 1.3612779 ], [ 103.827266899999984, 1.3612576 ], [ 103.827181, 1.3612544 ], [ 103.8271818, 1.3612153 ], [ 103.827186, 1.3610093 ], [ 103.8271909, 1.3607751 ], [ 103.8272256, 1.3605928 ] ] } },
{ "type": "Feature", "properties": { "u": 4459074523, "v": 4459074630, "key": 0, "index": 332, "osmid": "537570256", "highway": "tertiary", "lanes": "2", "maxspeed": "50", "name": "Sin Ming Road", "oneway": true, "reversed": "False", "length": 16.444945291120742, "bridge": null, "junction": null, "length_m": 16.467951493794217, "building_count_50m": 5, "avg_building_area": 1969.6822378338443, "poi_count_50m": 2, "highway_clean": "tertiary", "highway_rank": 3, "sinuosity": 1.0, "poi_diversity": 0.69314718055994529, "food_drink_count": 1, "street_furniture_count": 1, "degree_u": 2, "degree_v": 3, "avg_connectivity": 2.5, "city": "Singapore", "cluster": 0, "typology": "Arterial Movement Corridor" }, "geometry": { "type": "LineString", "coordinates": [ [ 103.837366299999985, 1.3553919 ], [ 103.837245100000018, 1.3553071 ] ] } },
{ "type": "Feature", "properties": { "u": 4459074534, "v": 4459074535, "key": 0, "index": 333, "osmid": "537570249", "highway": "tertiary", "lanes": null, "maxspeed": "50", "name": "Sin Ming Drive", "oneway": true, "reversed": "False", "length": 6.2685483521179703, "bridge": null, "junction": null, "length_m": 6.2773200696242171, "building_count_50m": 1, "avg_building_area": 172.25563315747215, "poi_count_50m": 1, "highway_clean": "tertiary", "highway_rank": 3, "sinuosity": 1.0, "poi_diversity": 0.0, "food_drink_count": 1, "street_furniture_count": 1, "degree_u": 3, "degree_v": 3, "avg_connectivity": 3.0, "city": "Singapore", "cluster": 0, "typology": "Arterial Movement Corridor" }, "geometry": { "type": "LineString", "coordinates": [ [ 103.8361121, 1.3561538 ], [ 103.8360631, 1.3561817 ] ] } },
{ "type": "Feature", "properties": { "u": 4459074535, "v": 4459074536, "key": 0, "index": 334, "osmid": "448937616", "highway": "tertiary", "lanes": null, "maxspeed": "50", "name": "Sin Ming Drive", "oneway": true, "reversed": "False", "length": 6.8044918593038668, "bridge": null, "junction": null, "length_m": 6.8140136468629926, "building_count_50m": 1, "avg_building_area": 172.25563315747215, "poi_count_50m": 1, "highway_clean": "tertiary", "highway_rank": 3, "sinuosity": 1.0019988467642247, "poi_diversity": 0.0, "food_drink_count": 1, "street_furniture_count": 1, "degree_u": 3, "degree_v": 3, "avg_connectivity": 3.0, "city": "Singapore", "cluster": 0, "typology": "Arterial Movement Corridor" }, "geometry": { "type": "LineString", "coordinates": [ [ 103.8360631, 1.3561817 ], [ 103.83606810000002, 1.3561885 ], [ 103.836075, 1.3561995 ], [ 103.8360817, 1.3562139 ], [ 103.836093800000015, 1.3562345 ] ] } },
{ "type": "Feature", "properties": { "u": 4459074535, "v": 5698333651, "key": 0, "index": 335, "osmid": "638468101", "highway": "unclassified", "lanes": "2", "maxspeed": "50", "name": "Sin Ming Drive", "oneway": true, "reversed": "False", "length": 17.578867220228961, "bridge": null, "junction": null, "length_m": 17.603466221810908, "building_count_50m": 1, "avg_building_area": 0.0, "poi_count_50m": 1, "highway_clean": "unclassified", "highway_rank": 1, "sinuosity": 1.0000001280813591, "poi_diversity": 0.0, "food_drink_count": 1, "street_furniture_count": 1, "degree_u": 3, "degree_v": 4, "avg_connectivity": 3.5, "city": "Singapore", "cluster": 2, "typology": "Local Mixed Street" }, "geometry": { "type": "LineString", "coordinates": [ [ 103.8360631, 1.3561817 ], [ 103.8359961, 1.3562496 ], [ 103.835952, 1.3562942 ] ] } },
{ "type": "Feature", "properties": { "u": 4459074536, "v": 243415163, "key": 0, "index": 336, "osmid": "537570250", "highway": "tertiary", "lanes": null, "maxspeed": "50", "name": "Sin Ming Drive", "oneway": true, "reversed": "False", "length": 6.1811805643354623, "bridge": null, "junction": null, "length_m": 6.1898301624876604, "building_count_50m": 2, "avg_building_area": 827.78110078555744, "poi_count_50m": 1, "highway_clean": "tertiary", "highway_rank": 3, "sinuosity": 1.0, "poi_diversity": 0.0, "food_drink_count": 1, "street_furniture_count": 1, "degree_u": 3, "degree_v": 4, "avg_connectivity": 3.5, "city": "Singapore", "cluster": 0, "typology": "Arterial Movement Corridor" }, "geometry": { "type": "LineString", "coordinates": [ [ 103.836093800000015, 1.3562345 ], [ 103.836143, 1.3562086 ] ] } },
{ "type": "Feature", "properties": { "u": 4459074539, "v": 5698333651, "key": 0, "index": 337, "osmid": "466813087", "highway": "unclassified", "lanes": "4", "maxspeed": "50", "name": "Sin Ming Lane", "oneway": false, "reversed": "False", "length": 252.72166906460859, "bridge": null, "junction": null, "length_m": 253.075381566846, "building_count_50m": 19, "avg_building_area": 595.48934976730015, "poi_count_50m": 1, "highway_clean": "unclassified", "highway_rank": 1, "sinuosity": 1.0021587055506267, "poi_diversity": 0.0, "food_drink_count": 1, "street_furniture_count": 1, "degree_u": 2, "degree_v": 4, "avg_connectivity": 3.0, "city": "Singapore", "cluster": 2, "typology": "Local Mixed Street" }, "geometry": { "type": "LineString", "coordinates": [ [ 103.8339635, 1.3573857 ], [ 103.8339887, 1.3573753 ], [ 103.8340869, 1.3573347 ], [ 103.834543599999989, 1.3571431 ], [ 103.8354149, 1.3566233 ], [ 103.835952, 1.3562942 ] ] } },
{ "type": "Feature", "properties": { "u": 4459074625, "v": 243415188, "key": 0, "index": 338, "osmid": "537570254", "highway": "residential", "lanes": null, "maxspeed": "40", "name": "Jalan Minggu", "oneway": false, "reversed": "False", "length": 8.4588830149710681, "bridge": null, "junction": null, "length_m": 8.4707136962405158, "building_count_50m": 15, "avg_building_area": 330.819838650115, "poi_count_50m": 5, "highway_clean": "residential", "highway_rank": 2, "sinuosity": 1.0, "poi_diversity": 0.0, "food_drink_count": 1, "street_furniture_count": 1, "degree_u": 6, "degree_v": 4, "avg_connectivity": 5.0, "city": "Singapore", "cluster": 2, "typology": "Local Mixed Street" }, "geometry": { "type": "LineString", "coordinates": [ [ 103.8362991, 1.354424 ], [ 103.8362388, 1.3544704 ] ] } },
{ "type": "Feature", "properties": { "u": 4459074625, "v": 310582078, "key": 0, "index": 339, "osmid": "114237277", "highway": "residential", "lanes": "2", "maxspeed": "40", "name": "Jalan Minggu", "oneway": false, "reversed": "True", "length": 51.183481812893653, "bridge": null, "junction": null, "length_m": 51.255064032071594, "building_count_50m": 31, "avg_building_area": 281.97820375308038, "poi_count_50m": 4, "highway_clean": "residential", "highway_rank": 2, "sinuosity": 1.0003467375483881, "poi_diversity": 0.0, "food_drink_count": 1, "street_furniture_count": 1, "degree_u": 6, "degree_v": 4, "avg_connectivity": 5.0, "city": "Singapore", "cluster": 2, "typology": "Local Mixed Street" }, "geometry": { "type": "LineString", "coordinates": [ [ 103.8362991, 1.354424 ], [ 103.836344699999984, 1.3543921 ], [ 103.836605399999982, 1.354176 ], [ 103.8366567, 1.3541343 ] ] } },
{ "type": "Feature", "properties": { "u": 4459074625, "v": 1601017004, "key": 0, "index": 340, "osmid": [ 22694145, 448937620 ], "highway": "tertiary", "lanes": "2", "maxspeed": "50", "name": "Sin Ming Road", "oneway": true, "reversed": "False", "length": 85.322072950474038, "bridge": null, "junction": null, "length_m": 85.441393136007221, "building_count_50m": 26, "avg_building_area": 309.42061694573721, "poi_count_50m": 15, "highway_clean": "tertiary", "highway_rank": 3, "sinuosity": 1.0130431389278172, "poi_diversity": 0.24493002679463532, "food_drink_count": 1, "street_furniture_count": 1, "degree_u": 6, "degree_v": 3, "avg_connectivity": 4.5, "city": "Singapore", "cluster": 2, "typology": "Local Mixed Street" }, "geometry": { "type": "LineString", "coordinates": [ [ 103.8362991, 1.354424 ], [ 103.836273299999988, 1.3543945 ], [ 103.8361578, 1.3542486 ], [ 103.836071899999979, 1.3541038 ], [ 103.836006199999986, 1.3539329 ], [ 103.835981, 1.3538617 ], [ 103.835953599999982, 1.3537499 ] ] } },
{ "type": "Feature", "properties": { "u": 4459074630, "v": 4459074631, "key": 0, "index": 341, "osmid": "635677752", "highway": "tertiary", "lanes": null, "maxspeed": "50", "name": "Sin Ming Drive", "oneway": true, "reversed": "False", "length": 10.725476159688723, "bridge": null, "junction": null, "length_m": 10.740480919336527, "building_count_50m": 5, "avg_building_area": 1969.6822378338443, "poi_count_50m": 3, "highway_clean": "tertiary", "highway_rank": 3, "sinuosity": 1.0, "poi_diversity": 0.63651416829481278, "food_drink_count": 1, "street_furniture_count": 1, "degree_u": 3, "degree_v": 4, "avg_connectivity": 3.5, "city": "Singapore", "cluster": 0, "typology": "Arterial Movement Corridor" }, "geometry": { "type": "LineString", "coordinates": [ [ 103.837245100000018, 1.3553071 ], [ 103.837196799999987, 1.3553906 ] ] } },
{ "type": "Feature", "properties": { "u": 4459074630, "v": 5977080283, "key": 0, "index": 342, "osmid": [ 537570253, 633788583 ], "highway": "tertiary", "lanes": [ "2", "3" ], "maxspeed": "50", "name": "Sin Ming Road", "oneway": true, "reversed": "False", "length": 74.619023942503944, "bridge": null, "junction": null, "length_m": 74.723406709515899, "building_count_50m": 10, "avg_building_area": 807.42969343920731, "poi_count_50m": 5, "highway_clean": "tertiary", "highway_rank": 3, "sinuosity": 1.0002975441344217, "poi_diversity": 0.50040242353818787, "food_drink_count": 1, "street_furniture_count": 1, "degree_u": 3, "degree_v": 3, "avg_connectivity": 3.0, "city": "Singapore", "cluster": 0, "typology": "Arterial Movement Corridor" }, "geometry": { "type": "LineString", "coordinates": [ [ 103.837245100000018, 1.3553071 ], [ 103.837188899999987, 1.3552595 ], [ 103.836844, 1.3549693 ], [ 103.8367375, 1.3548683 ] ] } },
{ "type": "Feature", "properties": { "u": 4459074631, "v": 243415165, "key": 0, "index": 343, "osmid": "537570257", "highway": "tertiary", "lanes": "2", "maxspeed": "50", "name": "Sin Ming Road", "oneway": true, "reversed": "False", "length": 15.898059696556022, "bridge": null, "junction": null, "length_m": 15.920301348286777, "building_count_50m": 5, "avg_building_area": 1969.6822378338443, "poi_count_50m": 3, "highway_clean": "tertiary", "highway_rank": 3, "sinuosity": 1.0, "poi_diversity": 0.63651416829481278, "food_drink_count": 1, "street_furniture_count": 1, "degree_u": 4, "degree_v": 3, "avg_connectivity": 3.5, "city": "Singapore", "cluster": 0, "typology": "Arterial Movement Corridor" }, "geometry": { "type": "LineString", "coordinates": [ [ 103.837196799999987, 1.3553906 ], [ 103.837315599999982, 1.3554702 ] ] } },
{ "type": "Feature", "properties": { "u": 4459074631, "v": 4459074534, "key": 0, "index": 344, "osmid": [ 762160676, 633149637, 762160677, 479569230, 448937617 ], "highway": "tertiary", "lanes": "2", "maxspeed": "50", "name": "Sin Ming Drive", "oneway": true, "reversed": "False", "length": 148.57128610912511, "bridge": null, "junction": null, "length_m": 148.77916204721672, "building_count_50m": 8, "avg_building_area": 1651.5232580238699, "poi_count_50m": 7, "highway_clean": "tertiary", "highway_rank": 3, "sinuosity": 1.0076083070533368, "poi_diversity": 1.0789922078775833, "food_drink_count": 2, "street_furniture_count": 1, "degree_u": 4, "degree_v": 3, "avg_connectivity": 3.5, "city": "Singapore", "cluster": 0, "typology": "Arterial Movement Corridor" }, "geometry": { "type": "LineString", "coordinates": [ [ 103.837196799999987, 1.3553906 ], [ 103.837159, 1.3554502 ], [ 103.8371412, 1.3554713 ], [ 103.837110899999985, 1.3555071 ], [ 103.837055400000011, 1.3555585 ], [ 103.836845899999986, 1.3556922 ], [ 103.8368018, 1.3557204 ], [ 103.8366446, 1.355815 ], [ 103.836538499999989, 1.3558789 ], [ 103.8363944, 1.3559656 ], [ 103.83616259999998, 1.3561201 ], [ 103.8361121, 1.3561538 ] ] } },
{ "type": "Feature", "properties": { "u": 4486815537, "v": 4486815538, "key": 0, "index": 345, "osmid": "451876760", "highway": "residential", "lanes": "2", "maxspeed": null, "name": "Gardenia Road", "oneway": false, "reversed": "True", "length": 50.585263722836238, "bridge": null, "junction": null, "length_m": 50.656014704669175, "building_count_50m": 26, "avg_building_area": 222.13861618339067, "poi_count_50m": 1, "highway_clean": "residential", "highway_rank": 2, "sinuosity": 1.0, "poi_diversity": 0.0, "food_drink_count": 1, "street_furniture_count": 1, "degree_u": 6, "degree_v": 2, "avg_connectivity": 4.0, "city": "Singapore", "cluster": 2, "typology": "Local Mixed Street" }, "geometry": { "type": "LineString", "coordinates": [ [ 103.8271713, 1.3546759 ], [ 103.8275341, 1.3544013 ] ] } },
{ "type": "Feature", "properties": { "u": 4486815537, "v": 1318459153, "key": 0, "index": 346, "osmid": "645117896", "highway": "residential", "lanes": "2", "maxspeed": "40", "name": "Gardenia Road", "oneway": false, "reversed": "True", "length": 51.451458252642169, "bridge": null, "junction": null, "length_m": 51.523427618422751, "building_count_50m": 29, "avg_building_area": 174.47551318206527, "poi_count_50m": 1, "highway_clean": "residential", "highway_rank": 2, "sinuosity": 1.0, "poi_diversity": 0.0, "food_drink_count": 1, "street_furniture_count": 1, "degree_u": 6, "degree_v": 6, "avg_connectivity": 6.0, "city": "Singapore", "cluster": 2, "typology": "Local Mixed Street" }, "geometry": { "type": "LineString", "coordinates": [ [ 103.8271713, 1.3546759 ], [ 103.8274456, 1.3550486 ] ] } },
{ "type": "Feature", "properties": { "u": 4486815537, "v": 1318459092, "key": 0, "index": 347, "osmid": "644397349", "highway": "residential", "lanes": "2", "maxspeed": "40", "name": "Gardenia Road", "oneway": false, "reversed": "False", "length": 60.274692534279126, "bridge": null, "junction": null, "length_m": 60.358993781663386, "building_count_50m": 21, "avg_building_area": 179.92881780580771, "poi_count_50m": 1, "highway_clean": "residential", "highway_rank": 2, "sinuosity": 1.0052031230347045, "poi_diversity": 0.0, "food_drink_count": 1, "street_furniture_count": 1, "degree_u": 6, "degree_v": 4, "avg_connectivity": 5.0, "city": "Singapore", "cluster": 2, "typology": "Local Mixed Street" }, "geometry": { "type": "LineString", "coordinates": [ [ 103.8271713, 1.3546759 ], [ 103.8270637, 1.3545208 ], [ 103.826966499999983, 1.3544106 ], [ 103.826866599999988, 1.3543224 ], [ 103.8268121, 1.3542736 ] ] } },
{ "type": "Feature", "properties": { "u": 4486815538, "v": 4486815537, "key": 0, "index": 348, "osmid": "451876760", "highway": "residential", "lanes": "2", "maxspeed": null, "name": "Gardenia Road", "oneway": false, "reversed": "False", "length": 50.585263722836238, "bridge": null, "junction": null, "length_m": 50.656014704669175, "building_count_50m": 26, "avg_building_area": 222.13861618339067, "poi_count_50m": 1, "highway_clean": "residential", "highway_rank": 2, "sinuosity": 1.0, "poi_diversity": 0.0, "food_drink_count": 1, "street_furniture_count": 1, "degree_u": 2, "degree_v": 6, "avg_connectivity": 4.0, "city": "Singapore", "cluster": 2, "typology": "Local Mixed Street" }, "geometry": { "type": "LineString", "coordinates": [ [ 103.8275341, 1.3544013 ], [ 103.8271713, 1.3546759 ] ] } },
{ "type": "Feature", "properties": { "u": 4486815539, "v": 1318459222, "key": 0, "index": 349, "osmid": "644814981", "highway": "residential", "lanes": "2", "maxspeed": "40", "name": "Toronto Road", "oneway": false, "reversed": "True", "length": 70.834220413238612, "bridge": null, "junction": null, "length_m": 70.933351844988948, "building_count_50m": 22, "avg_building_area": 279.0274475068577, "poi_count_50m": 1, "highway_clean": "residential", "highway_rank": 2, "sinuosity": 1.0, "poi_diversity": 0.0, "food_drink_count": 1, "street_furniture_count": 1, "degree_u": 6, "degree_v": 6, "avg_connectivity": 6.0, "city": "Singapore", "cluster": 2, "typology": "Local Mixed Street" }, "geometry": { "type": "LineString", "coordinates": [ [ 103.826455, 1.3562571 ], [ 103.8262727, 1.3568675 ] ] } },
{ "type": "Feature", "properties": { "u": 4486815539, "v": 1318459303, "key": 0, "index": 350, "osmid": "117035207", "highway": "residential", "lanes": "2", "maxspeed": "40", "name": "Toronto Road", "oneway": false, "reversed": "False", "length": 79.725013000802861, "bridge": null, "junction": null, "length_m": 79.836567518899372, "building_count_50m": 27, "avg_building_area": 226.47317801993552, "poi_count_50m": 1, "highway_clean": "residential", "highway_rank": 2, "sinuosity": 1.0909990103251133, "poi_diversity": 0.0, "food_drink_count": 1, "street_furniture_count": 1, "degree_u": 6, "degree_v": 2, "avg_connectivity": 4.0, "city": "Singapore", "cluster": 2, "typology": "Local Mixed Street" }, "geometry": { "type": "LineString", "coordinates": [ [ 103.826455, 1.3562571 ], [ 103.826470599999979, 1.3562114 ], [ 103.826558, 1.35597 ], [ 103.826601, 1.3559191 ], [ 103.826665299999988, 1.3558869 ], [ 103.826923199999982, 1.3557958 ] ] } },
{ "type": "Feature", "properties": { "u": 4486815539, "v": 4486815540, "key": 0, "index": 351, "osmid": [ 717017688, 451876761 ], "highway": "residential", "lanes": "2", "maxspeed": "40", "name": "Florida Road", "oneway": false, "reversed": "True", "length": 94.300526301223954, "bridge": null, "junction": null, "length_m": 94.432492382507618, "building_count_50m": 27, "avg_building_area": 297.48638539752551, "poi_count_50m": 1, "highway_clean": "residential", "highway_rank": 2, "sinuosity": 1.000014864447563, "poi_diversity": 0.0, "food_drink_count": 1, "street_furniture_count": 1, "degree_u": 6, "degree_v": 2, "avg_connectivity": 4.0, "city": "Singapore", "cluster": 2, "typology": "Local Mixed Street" }, "geometry": { "type": "LineString", "coordinates": [ [ 103.826455, 1.3562571 ], [ 103.826470199999989, 1.3562627 ], [ 103.8267144, 1.3563529 ], [ 103.827248399999988, 1.3565572 ] ] } },
{ "type": "Feature", "properties": { "u": 4486815540, "v": 4486815539, "key": 0, "index": 352, "osmid": [ 717017688, 451876761 ], "highway": "residential", "lanes": "2", "maxspeed": "40", "name": "Florida Road", "oneway": false, "reversed": "False", "length": 94.30052630122394, "bridge": null, "junction": null, "length_m": 94.432492382507618, "building_count_50m": 27, "avg_building_area": 297.48638539752551, "poi_count_50m": 1, "highway_clean": "residential", "highway_rank": 2, "sinuosity": 1.000014864447563, "poi_diversity": 0.0, "food_drink_count": 1, "street_furniture_count": 1, "degree_u": 2, "degree_v": 6, "avg_connectivity": 4.0, "city": "Singapore", "cluster": 2, "typology": "Local Mixed Street" }, "geometry": { "type": "LineString", "coordinates": [ [ 103.827248399999988, 1.3565572 ], [ 103.8267144, 1.3563529 ], [ 103.826470199999989, 1.3562627 ], [ 103.826455, 1.3562571 ] ] } },
{ "type": "Feature", "properties": { "u": 4592960007, "v": 11766131930, "key": 0, "index": 353, "osmid": "1266778812", "highway": "residential", "lanes": null, "maxspeed": null, "name": "Ang Mo Kio Rise", "oneway": false, "reversed": "False", "length": 65.411734305165496, "bridge": null, "junction": null, "length_m": 65.503582142653997, "building_count_50m": 6, "avg_building_area": 1303.366589958885, "poi_count_50m": 4, "highway_clean": "residential", "highway_rank": 2, "sinuosity": 1.0000494144206049, "poi_diversity": 0.56233514461880829, "food_drink_count": 1, "street_furniture_count": 1, "degree_u": 4, "degree_v": 4, "avg_connectivity": 4.0, "city": "Singapore", "cluster": 0, "typology": "Arterial Movement Corridor" }, "geometry": { "type": "LineString", "coordinates": [ [ 103.8329622, 1.3675082 ], [ 103.832988499999985, 1.3675868 ], [ 103.833162499999986, 1.3680613 ] ] } },
{ "type": "Feature", "properties": { "u": 4592960007, "v": 5643502199, "key": 0, "index": 354, "osmid": [ 479762187, 1447652811, 75127550 ], "highway": "primary", "lanes": "3", "maxspeed": "70", "name": "Ang Mo Kio Avenue 1", "oneway": true, "reversed": "False", "length": 315.34828005548331, "bridge": null, "junction": null, "length_m": 315.79098159645656, "building_count_50m": 5, "avg_building_area": 1085.7812590298502, "poi_count_50m": 2, "highway_clean": "primary", "highway_rank": 5, "sinuosity": 1.0000958068017591, "poi_diversity": 0.0, "food_drink_count": 1, "street_furniture_count": 1, "degree_u": 4, "degree_v": 4, "avg_connectivity": 4.0, "city": "Singapore", "cluster": 0, "typology": "Arterial Movement Corridor" }, "geometry": { "type": "LineString", "coordinates": [ [ 103.8329622, 1.3675082 ], [ 103.833232899999985, 1.3674127 ], [ 103.83369350000001, 1.3672657 ], [ 103.834169399999979, 1.3671127 ], [ 103.8345235, 1.3669992 ], [ 103.834773, 1.3669142 ], [ 103.8355535, 1.3666665 ], [ 103.835606499999983, 1.3666515 ], [ 103.835659599999985, 1.366631 ] ] } },
{ "type": "Feature", "properties": { "u": 4592960015, "v": 4592960020, "key": 0, "index": 355, "osmid": "464147131", "highway": "primary_link", "lanes": "1", "maxspeed": "50", "name": null, "oneway": true, "reversed": "False", "length": 42.03750991850503, "bridge": null, "junction": null, "length_m": 42.096539675735201, "building_count_50m": 1, "avg_building_area": 0.0, "poi_count_50m": 1, "highway_clean": "primary_link", "highway_rank": 5, "sinuosity": 1.0409375716962814, "poi_diversity": 0.0, "food_drink_count": 1, "street_furniture_count": 1, "degree_u": 3, "degree_v": 3, "avg_connectivity": 3.0, "city": "Singapore", "cluster": 0, "typology": "Arterial Movement Corridor" }, "geometry": { "type": "LineString", "coordinates": [ [ 103.8310194, 1.3680973 ], [ 103.831058, 1.368006 ], [ 103.8310773, 1.3679649 ], [ 103.8310967, 1.3679423 ], [ 103.8311524, 1.3678985 ], [ 103.8312675, 1.367832 ] ] } },
{ "type": "Feature", "properties": { "u": 4592960015, "v": 4592960082, "key": 0, "index": 356, "osmid": "631753788", "highway": "secondary", "lanes": "2", "maxspeed": "50", "name": "Ang Mo Kio Avenue 2", "oneway": true, "reversed": "False", "length": 25.630362724163085, "bridge": null, "junction": null, "length_m": 25.666353696320492, "building_count_50m": 1, "avg_building_area": 0.0, "poi_count_50m": 1, "highway_clean": "secondary", "highway_rank": 4, "sinuosity": 1.0000000167872198, "poi_diversity": 0.0, "food_drink_count": 1, "street_furniture_count": 1, "degree_u": 3, "degree_v": 4, "avg_connectivity": 3.5, "city": "Singapore", "cluster": 0, "typology": "Arterial Movement Corridor" }, "geometry": { "type": "LineString", "coordinates": [ [ 103.8310194, 1.3680973 ], [ 103.830996, 1.3679207 ], [ 103.8309891, 1.3678688 ] ] } },
{ "type": "Feature", "properties": { "u": 4592960020, "v": 4592960007, "key": 0, "index": 357, "osmid": "175959382", "highway": "primary", "lanes": "3", "maxspeed": "70", "name": "Ang Mo Kio Avenue 1", "oneway": true, "reversed": "False", "length": 191.98127988276178, "bridge": null, "junction": null, "length_m": 192.25084257429793, "building_count_50m": 4, "avg_building_area": 651.60778998478872, "poi_count_50m": 1, "highway_clean": "primary", "highway_rank": 5, "sinuosity": 1.0009534368856901, "poi_diversity": 0.0, "food_drink_count": 1, "street_furniture_count": 1, "degree_u": 3, "degree_v": 4, "avg_connectivity": 3.5, "city": "Singapore", "cluster": 0, "typology": "Arterial Movement Corridor" }, "geometry": { "type": "LineString", "coordinates": [ [ 103.8312675, 1.367832 ], [ 103.8315867, 1.3677915 ], [ 103.8317068, 1.3677753 ], [ 103.8318253, 1.3677575 ], [ 103.83232169999998, 1.3676605 ], [ 103.8324971, 1.3676185 ], [ 103.832653199999982, 1.3675773 ], [ 103.8329622, 1.3675082 ] ] } },
{ "type": "Feature", "properties": { "u": 4592960021, "v": 243463507, "key": 0, "index": 358, "osmid": "479762180", "highway": "primary", "lanes": "3", "maxspeed": "70", "name": "Ang Mo Kio Avenue 1", "oneway": true, "reversed": "False", "length": 32.071008127112833, "bridge": null, "junction": null, "length_m": 32.116041989942183, "building_count_50m": 1, "avg_building_area": 1285.9822191297865, "poi_count_50m": 1, "highway_clean": "primary", "highway_rank": 5, "sinuosity": 1.0, "poi_diversity": 0.0, "food_drink_count": 1, "street_furniture_count": 1, "degree_u": 3, "degree_v": 4, "avg_connectivity": 3.5, "city": "Singapore", "cluster": 0, "typology": "Arterial Movement Corridor" }, "geometry": { "type": "LineString", "coordinates": [ [ 103.830631199999985, 1.3679008 ], [ 103.8309186, 1.3678756 ] ] } },
{ "type": "Feature", "properties": { "u": 4592960021, "v": 4592960024, "key": 0, "index": 359, "osmid": "464147132", "highway": "primary_link", "lanes": "1", "maxspeed": "50", "name": null, "oneway": true, "reversed": "False", "length": 42.616476236393062, "bridge": null, "junction": null, "length_m": 42.676319476291965, "building_count_50m": 1, "avg_building_area": 1285.9822191297865, "poi_count_50m": 1, "highway_clean": "primary_link", "highway_rank": 5, "sinuosity": 1.0355857920786391, "poi_diversity": 0.0, "food_drink_count": 1, "street_furniture_count": 1, "degree_u": 3, "degree_v": 3, "avg_connectivity": 3.0, "city": "Singapore", "cluster": 0, "typology": "Arterial Movement Corridor" }, "geometry": { "type": "LineString", "coordinates": [ [ 103.830631199999985, 1.3679008 ], [ 103.8307046, 1.3679172 ], [ 103.8307474, 1.3679302 ], [ 103.830791199999979, 1.3679485 ], [ 103.83083809999998, 1.3679719 ], [ 103.830891399999985, 1.368022 ], [ 103.8309478, 1.3680926 ] ] } },
{ "type": "Feature", "properties": { "u": 4592960024, "v": 4592960070, "key": 0, "index": 360, "osmid": [ 722499881, 722499882, 464147140, 725163196 ], "highway": "secondary", "lanes": "2", "maxspeed": "50", "name": "Ang Mo Kio Avenue 2", "oneway": true, "reversed": "False", "length": 259.63275554604519, "bridge": null, "junction": null, "length_m": 259.99746311364441, "building_count_50m": 6, "avg_building_area": 318.75776270525836, "poi_count_50m": 1, "highway_clean": "secondary", "highway_rank": 4, "sinuosity": 1.0236014023571367, "poi_diversity": 0.0, "food_drink_count": 1, "street_furniture_count": 1, "degree_u": 3, "degree_v": 3, "avg_connectivity": 3.0, "city": "Singapore", "cluster": 0, "typology": "Arterial Movement Corridor" }, "geometry": { "type": "LineString", "coordinates": [ [ 103.8309478, 1.3680926 ], [ 103.830964100000017, 1.3682177 ], [ 103.8309924, 1.3684295 ], [ 103.8310222, 1.3685613 ], [ 103.8310555, 1.3686675 ], [ 103.8310969, 1.3687601 ], [ 103.8311361, 1.3688376 ], [ 103.8312106, 1.3689399 ], [ 103.831398599999986, 1.3691481 ], [ 103.8315098, 1.3692688 ], [ 103.831751, 1.3695553 ], [ 103.8318132, 1.3696328 ], [ 103.831852499999982, 1.3696888 ], [ 103.83196070000001, 1.3698522 ], [ 103.832094, 1.370065 ] ] } },
{ "type": "Feature", "properties": { "u": 4592960070, "v": 4592960089, "key": 0, "index": 361, "osmid": "908513096", "highway": "residential", "lanes": "2", "maxspeed": "50", "name": "Shangri-La Walk", "oneway": false, "reversed": "False", "length": 7.203662811998937, "bridge": null, "junction": null, "length_m": 7.2137846400845778, "building_count_50m": 5, "avg_building_area": 249.04574143596574, "poi_count_50m": 1, "highway_clean": "residential", "highway_rank": 2, "sinuosity": 1.0, "poi_diversity": 0.0, "food_drink_count": 1, "street_furniture_count": 1, "degree_u": 3, "degree_v": 5, "avg_connectivity": 4.0, "city": "Singapore", "cluster": 2, "typology": "Local Mixed Street" }, "geometry": { "type": "LineString", "coordinates": [ [ 103.832094, 1.370065 ], [ 103.83215, 1.3700324 ] ] } },
{ "type": "Feature", "properties": { "u": 4592960082, "v": 4684558078, "key": 0, "index": 362, "osmid": "587479243", "highway": "secondary", "lanes": "2", "maxspeed": "50", "name": "Ang Mo Kio Avenue 2", "oneway": true, "reversed": "False", "length": 14.996421128279325, "bridge": null, "junction": null, "length_m": 15.017478447294094, "building_count_50m": 1, "avg_building_area": 0.0, "poi_count_50m": 1, "highway_clean": "secondary", "highway_rank": 4, "sinuosity": 1.0, "poi_diversity": 0.0, "food_drink_count": 1, "street_furniture_count": 1, "degree_u": 4, "degree_v": 3, "avg_connectivity": 3.5, "city": "Singapore", "cluster": 0, "typology": "Arterial Movement Corridor" }, "geometry": { "type": "LineString", "coordinates": [ [ 103.8309891, 1.3678688 ], [ 103.8309714, 1.3677351 ] ] } },
{ "type": "Feature", "properties": { "u": 4592960082, "v": 4592960020, "key": 0, "index": 363, "osmid": "630870971", "highway": "primary", "lanes": "3", "maxspeed": "70", "name": "Ang Mo Kio Avenue 1", "oneway": true, "reversed": "False", "length": 31.219578649036283, "bridge": null, "junction": null, "length_m": 31.263416457040453, "building_count_50m": 1, "avg_building_area": 0.0, "poi_count_50m": 1, "highway_clean": "primary", "highway_rank": 5, "sinuosity": 1.0000748585922514, "poi_diversity": 0.0, "food_drink_count": 1, "street_furniture_count": 1, "degree_u": 4, "degree_v": 3, "avg_connectivity": 3.5, "city": "Singapore", "cluster": 0, "typology": "Arterial Movement Corridor" }, "geometry": { "type": "LineString", "coordinates": [ [ 103.8309891, 1.3678688 ], [ 103.8310609, 1.3678608 ], [ 103.83112, 1.3678528 ], [ 103.8312675, 1.367832 ] ] } },
{ "type": "Feature", "properties": { "u": 4592960089, "v": 4592960070, "key": 0, "index": 364, "osmid": "908513096", "highway": "residential", "lanes": "2", "maxspeed": "50", "name": "Shangri-La Walk", "oneway": false, "reversed": "True", "length": 7.203662811998937, "bridge": null, "junction": null, "length_m": 7.2137846400845778, "building_count_50m": 5, "avg_building_area": 249.04574143596574, "poi_count_50m": 1, "highway_clean": "residential", "highway_rank": 2, "sinuosity": 1.0, "poi_diversity": 0.0, "food_drink_count": 1, "street_furniture_count": 1, "degree_u": 5, "degree_v": 3, "avg_connectivity": 4.0, "city": "Singapore", "cluster": 2, "typology": "Local Mixed Street" }, "geometry": { "type": "LineString", "coordinates": [ [ 103.83215, 1.3700324 ], [ 103.832094, 1.370065 ] ] } },
{ "type": "Feature", "properties": { "u": 4592960089, "v": 1803882316, "key": 0, "index": 365, "osmid": [ 719636464, 169226637 ], "highway": "residential", "lanes": "2", "maxspeed": "50", "name": "Shangri-La Walk", "oneway": false, "reversed": "False", "length": 52.328837898587196, "bridge": null, "junction": null, "length_m": 52.402362103854699, "building_count_50m": 19, "avg_building_area": 207.03102928450039, "poi_count_50m": 1, "highway_clean": "residential", "highway_rank": 2, "sinuosity": 1.000235593038715, "poi_diversity": 0.0, "food_drink_count": 1, "street_furniture_count": 1, "degree_u": 5, "degree_v": 6, "avg_connectivity": 5.5, "city": "Singapore", "cluster": 2, "typology": "Local Mixed Street" }, "geometry": { "type": "LineString", "coordinates": [ [ 103.83215, 1.3700324 ], [ 103.8321982, 1.3700064 ], [ 103.8323584, 1.369919 ], [ 103.8325681, 1.3698164 ] ] } },
{ "type": "Feature", "properties": { "u": 4592960089, "v": 4592960015, "key": 0, "index": 366, "osmid": [ 632078886, 22697234, 633789238 ], "highway": "secondary", "lanes": "2", "maxspeed": "50", "name": "Ang Mo Kio Avenue 2", "oneway": true, "reversed": "False", "length": 255.08105655381218, "bridge": null, "junction": null, "length_m": 255.43936866243064, "building_count_50m": 8, "avg_building_area": 292.72001665243261, "poi_count_50m": 1, "highway_clean": "secondary", "highway_rank": 4, "sinuosity": 1.0236424253924004, "poi_diversity": 0.0, "food_drink_count": 1, "street_furniture_count": 1, "degree_u": 5, "degree_v": 3, "avg_connectivity": 4.0, "city": "Singapore", "cluster": 0, "typology": "Arterial Movement Corridor" }, "geometry": { "type": "LineString", "coordinates": [ [ 103.83215, 1.3700324 ], [ 103.831994499999979, 1.3697794 ], [ 103.831903299999979, 1.3696512 ], [ 103.831774399999986, 1.3694807 ], [ 103.83164859999998, 1.369332 ], [ 103.8314701, 1.3691341 ], [ 103.8313233, 1.368972 ], [ 103.8312312, 1.3688568 ], [ 103.831159499999984, 1.3687366 ], [ 103.8311128, 1.3686305 ], [ 103.831069499999984, 1.3684814 ], [ 103.8310474, 1.3683473 ], [ 103.8310274, 1.3681925 ], [ 103.8310194, 1.3680973 ] ] } },
{ "type": "Feature", "properties": { "u": 4593195739, "v": 4593195773, "key": 0, "index": 367, "osmid": "464176749", "highway": "secondary", "lanes": "2", "maxspeed": "50", "name": "Sin Ming Avenue", "oneway": true, "reversed": "False", "length": 15.151640372075462, "bridge": null, "junction": null, "length_m": 15.172862938497046, "building_count_50m": 2, "avg_building_area": 1113.5738171888299, "poi_count_50m": 1, "highway_clean": "secondary", "highway_rank": 4, "sinuosity": 1.0, "poi_diversity": 0.0, "food_drink_count": 1, "street_furniture_count": 1, "degree_u": 4, "degree_v": 4, "avg_connectivity": 4.0, "city": "Singapore", "cluster": 0, "typology": "Arterial Movement Corridor" }, "geometry": { "type": "LineString", "coordinates": [ [ 103.8287397, 1.3594412 ], [ 103.828876, 1.359441 ] ] } },
{ "type": "Feature", "properties": { "u": 4593195739, "v": 4000033077, "key": 0, "index": 368, "osmid": "628483515", "highway": "primary", "lanes": "3", "maxspeed": "60", "name": "Upper Thomson Road", "oneway": true, "reversed": "False", "length": 24.238390036629227, "bridge": null, "junction": null, "length_m": 24.272341305934592, "building_count_50m": 1, "avg_building_area": 2194.1763607701064, "poi_count_50m": 1, "highway_clean": "primary", "highway_rank": 5, "sinuosity": 1.0001282236187945, "poi_diversity": 0.0, "food_drink_count": 1, "street_furniture_count": 1, "degree_u": 4, "degree_v": 3, "avg_connectivity": 3.5, "city": "Singapore", "cluster": 0, "typology": "Arterial Movement Corridor" }, "geometry": { "type": "LineString", "coordinates": [ [ 103.8287397, 1.3594412 ], [ 103.828743299999985, 1.3594807 ], [ 103.8287521, 1.3596588 ] ] } },
{ "type": "Feature", "properties": { "u": 4593195751, "v": 5689382224, "key": 0, "index": 369, "osmid": "630111776", "highway": "secondary", "lanes": "2", "maxspeed": "50", "name": "Sin Ming Avenue", "oneway": true, "reversed": "False", "length": 7.2632179005401616, "bridge": null, "junction": null, "length_m": 7.273403412746668, "building_count_50m": 2, "avg_building_area": 1015.9735780296437, "poi_count_50m": 1, "highway_clean": "secondary", "highway_rank": 4, "sinuosity": 1.0, "poi_diversity": 0.0, "food_drink_count": 1, "street_furniture_count": 1, "degree_u": 4, "degree_v": 4, "avg_connectivity": 4.0, "city": "Singapore", "cluster": 0, "typology": "Arterial Movement Corridor" }, "geometry": { "type": "LineString", "coordinates": [ [ 103.8331373, 1.3634365 ], [ 103.8331995, 1.3634565 ] ] } },
{ "type": "Feature", "properties": { "u": 4593195751, "v": 5689382226, "key": 0, "index": 370, "osmid": "630111780", "highway": "residential", "lanes": "1", "maxspeed": "50", "name": "Sin Ming Walk", "oneway": true, "reversed": "False", "length": 48.578695607776815, "bridge": null, "junction": null, "length_m": 48.646823382685731, "building_count_50m": 2, "avg_building_area": 185.32668358081239, "poi_count_50m": 2, "highway_clean": "residential", "highway_rank": 2, "sinuosity": 1.0000000078124505, "poi_diversity": 0.0, "food_drink_count": 1, "street_furniture_count": 1, "degree_u": 4, "degree_v": 3, "avg_connectivity": 3.5, "city": "Singapore", "cluster": 0, "typology": "Arterial Movement Corridor" }, "geometry": { "type": "LineString", "coordinates": [ [ 103.8331373, 1.3634365 ], [ 103.833095, 1.3635344 ], [ 103.8329641, 1.3638376 ] ] } },
{ "type": "Feature", "properties": { "u": 4593195766, "v": 245174769, "key": 0, "index": 371, "osmid": "537570248", "highway": "residential", "lanes": null, "maxspeed": "50", "name": "Lorong Puntong", "oneway": true, "reversed": "False", "length": 8.8068260277266628, "bridge": null, "junction": null, "length_m": 8.8191613266631474, "building_count_50m": 1, "avg_building_area": 3943.8880043960398, "poi_count_50m": 1, "highway_clean": "residential", "highway_rank": 2, "sinuosity": 1.0, "poi_diversity": 0.0, "food_drink_count": 1, "street_furniture_count": 1, "degree_u": 4, "degree_v": 3, "avg_connectivity": 3.5, "city": "Singapore", "cluster": 0, "typology": "Arterial Movement Corridor" }, "geometry": { "type": "LineString", "coordinates": [ [ 103.830704, 1.3594186 ], [ 103.8307045, 1.3593394 ] ] } },
{ "type": "Feature", "properties": { "u": 4593195766, "v": 5138050330, "key": 0, "index": 372, "osmid": [ 629319376, 629319377, 651167895, 537570264, 628714169 ], "highway": "secondary", "lanes": "2", "maxspeed": "40", "name": "Sin Ming Avenue", "oneway": true, "reversed": "False", "length": 219.97403791030001, "bridge": null, "junction": null, "length_m": 220.28216333697631, "building_count_50m": 6, "avg_building_area": 2347.3317368448211, "poi_count_50m": 3, "highway_clean": "secondary", "highway_rank": 4, "sinuosity": 1.2613521134297754, "poi_diversity": 0.63651416829481278, "food_drink_count": 1, "street_furniture_count": 1, "degree_u": 4, "degree_v": 3, "avg_connectivity": 3.5, "city": "Singapore", "cluster": 0, "typology": "Arterial Movement Corridor" }, "geometry": { "type": "LineString", "coordinates": [ [ 103.830704, 1.3594186 ], [ 103.8312003, 1.3594042 ], [ 103.8312439, 1.3594031 ], [ 103.831273399999986, 1.3594023 ], [ 103.831653, 1.3593997 ], [ 103.8317496, 1.3594118 ], [ 103.831831399999984, 1.359448 ], [ 103.83189440000001, 1.3594909 ], [ 103.8319292, 1.359524 ], [ 103.831986699999987, 1.3596325 ], [ 103.8319973, 1.3596787 ], [ 103.832001700000021, 1.3597268 ], [ 103.832034, 1.3599904 ], [ 103.832046199999979, 1.3601667 ], [ 103.832050099999989, 1.3602241 ] ] } },
{ "type": "Feature", "properties": { "u": 4593195770, "v": 5698393581, "key": 0, "index": 373, "osmid": "598720592", "highway": "residential", "lanes": "2", "maxspeed": "50", "name": null, "oneway": false, "reversed": "True", "length": 7.6667911132748907, "bridge": null, "junction": null, "length_m": 7.6775296684291705, "building_count_50m": 3, "avg_building_area": 1350.7184545002026, "poi_count_50m": 1, "highway_clean": "residential", "highway_rank": 2, "sinuosity": 1.0, "poi_diversity": 0.0, "food_drink_count": 1, "street_furniture_count": 1, "degree_u": 4, "degree_v": 6, "avg_connectivity": 5.0, "city": "Singapore", "cluster": 2, "typology": "Local Mixed Street" }, "geometry": { "type": "LineString", "coordinates": [ [ 103.82940739999998, 1.3594287 ], [ 103.8294048, 1.3593598 ] ] } },
{ "type": "Feature", "properties": { "u": 4593195770, "v": 5935920073, "key": 0, "index": 374, "osmid": [ 639742224, 628714174, 639742223 ], "highway": "secondary", "lanes": "2", "maxspeed": "50", "name": "Sin Ming Avenue", "oneway": true, "reversed": "False", "length": 137.82520458785081, "bridge": null, "junction": null, "length_m": 138.01825242562063, "building_count_50m": 9, "avg_building_area": 641.75391497762575, "poi_count_50m": 5, "highway_clean": "secondary", "highway_rank": 4, "sinuosity": 1.0000106720791666, "poi_diversity": 0.0, "food_drink_count": 1, "street_furniture_count": 1, "degree_u": 4, "degree_v": 4, "avg_connectivity": 4.0, "city": "Singapore", "cluster": 0, "typology": "Arterial Movement Corridor" }, "geometry": { "type": "LineString", "coordinates": [ [ 103.82940739999998, 1.3594287 ], [ 103.829433, 1.3594289 ], [ 103.8296986, 1.3594292 ], [ 103.8302489, 1.3594243 ], [ 103.830647199999987, 1.3594207 ] ] } },
{ "type": "Feature", "properties": { "u": 4593195773, "v": 245174751, "key": 0, "index": 375, "osmid": "479745397", "highway": "primary", "lanes": "4", "maxspeed": "60", "name": "Upper Thomson Road", "oneway": true, "reversed": "False", "length": 6.7882508319646337, "bridge": null, "junction": null, "length_m": 6.7977588984588539, "building_count_50m": 1, "avg_building_area": 32.971273607553286, "poi_count_50m": 1, "highway_clean": "primary", "highway_rank": 5, "sinuosity": 1.0, "poi_diversity": 0.0, "food_drink_count": 1, "street_furniture_count": 1, "degree_u": 4, "degree_v": 4, "avg_connectivity": 4.0, "city": "Singapore", "cluster": 0, "typology": "Arterial Movement Corridor" }, "geometry": { "type": "LineString", "coordinates": [ [ 103.828876, 1.359441 ], [ 103.828870499999979, 1.3593802 ] ] } },
{ "type": "Feature", "properties": { "u": 4593195773, "v": 4598764373, "key": 0, "index": 376, "osmid": "628483514", "highway": "secondary", "lanes": "2", "maxspeed": "50", "name": "Sin Ming Avenue", "oneway": true, "reversed": "False", "length": 20.695052188780238, "bridge": null, "junction": null, "length_m": 20.724039251649714, "building_count_50m": 1, "avg_building_area": 32.971273607553286, "poi_count_50m": 1, "highway_clean": "secondary", "highway_rank": 4, "sinuosity": 1.0000195716150666, "poi_diversity": 0.0, "food_drink_count": 1, "street_furniture_count": 1, "degree_u": 4, "degree_v": 3, "avg_connectivity": 3.5, "city": "Singapore", "cluster": 0, "typology": "Arterial Movement Corridor" }, "geometry": { "type": "LineString", "coordinates": [ [ 103.828876, 1.359441 ], [ 103.8289839, 1.3594359 ], [ 103.829062, 1.3594332 ] ] } },
{ "type": "Feature", "properties": { "u": 4598549326, "v": 1867626546, "key": 0, "index": 377, "osmid": [ 644914080, 646830009, 485856943 ], "highway": "residential", "lanes": "2", "maxspeed": "50", "name": "Jalan Keli", "oneway": false, "reversed": "True", "length": 211.39550740289388, "bridge": null, "junction": null, "length_m": 211.69119345892713, "building_count_50m": 46, "avg_building_area": 278.00378151613393, "poi_count_50m": 12, "highway_clean": "residential", "highway_rank": 2, "sinuosity": 1.001124621473156, "poi_diversity": 1.3086053872534491, "food_drink_count": 3, "street_furniture_count": 1, "degree_u": 5, "degree_v": 6, "avg_connectivity": 5.5, "city": "Singapore", "cluster": 1, "typology": "Active Commercial High Street" }, "geometry": { "type": "LineString", "coordinates": [ [ 103.8340314, 1.3538819 ], [ 103.8341376, 1.3540672 ], [ 103.83421079999998, 1.3542341 ], [ 103.8343443, 1.3545485 ], [ 103.834566, 1.3550825 ], [ 103.8346133, 1.3551963 ], [ 103.83462369999998, 1.3552214 ], [ 103.8346928, 1.3553845 ], [ 103.8347166, 1.3554408 ], [ 103.834794799999983, 1.3555863 ], [ 103.8348114, 1.3556134 ] ] } },
{ "type": "Feature", "properties": { "u": 4598549326, "v": 4786218633, "key": 0, "index": 378, "osmid": "485860201", "highway": "residential", "lanes": "1", "maxspeed": null, "name": null, "oneway": true, "reversed": "False", "length": 126.29830445047889, "bridge": null, "junction": null, "length_m": 126.47489643129938, "building_count_50m": 8, "avg_building_area": 1011.5873426971087, "poi_count_50m": 26, "highway_clean": "residential", "highway_rank": 2, "sinuosity": 1.0005102332299105, "poi_diversity": 1.0434033780461756, "food_drink_count": 11, "street_furniture_count": 1, "degree_u": 5, "degree_v": 3, "avg_connectivity": 4.0, "city": "Singapore", "cluster": 1, "typology": "Active Commercial High Street" }, "geometry": { "type": "LineString", "coordinates": [ [ 103.8340314, 1.3538819 ], [ 103.8341878, 1.3537382 ], [ 103.8343973, 1.353539 ], [ 103.834739399999989, 1.3531782 ], [ 103.8347873, 1.3531267 ], [ 103.834832299999988, 1.3530771 ] ] } },
{ "type": "Feature", "properties": { "u": 4598549326, "v": 8882789474, "key": 0, "index": 379, "osmid": "960072582", "highway": "residential", "lanes": null, "maxspeed": null, "name": null, "oneway": true, "reversed": "False", "length": 21.410420515751071, "bridge": null, "junction": null, "length_m": 21.440359514669431, "building_count_50m": 5, "avg_building_area": 804.76647186476919, "poi_count_50m": 13, "highway_clean": "residential", "highway_rank": 2, "sinuosity": 1.0269083491488837, "poi_diversity": 1.2202821662722374, "food_drink_count": 5, "street_furniture_count": 1, "degree_u": 5, "degree_v": 3, "avg_connectivity": 4.0, "city": "Singapore", "cluster": 1, "typology": "Active Commercial High Street" }, "geometry": { "type": "LineString", "coordinates": [ [ 103.8340314, 1.3538819 ], [ 103.8340217, 1.3538261 ], [ 103.8340268, 1.353763 ], [ 103.8340543, 1.3536958 ] ] } },
{ "type": "Feature", "properties": { "u": 4598764358, "v": 8129041254, "key": 0, "index": 380, "osmid": "117038425", "highway": "residential", "lanes": "2", "maxspeed": "40", "name": "Soo Chow Drive", "oneway": false, "reversed": "False", "length": 130.27262419308622, "bridge": null, "junction": null, "length_m": 130.45477153959052, "building_count_50m": 72, "avg_building_area": 318.78058981827297, "poi_count_50m": 2, "highway_clean": "residential", "highway_rank": 2, "sinuosity": 1.0007392697089401, "poi_diversity": 0.0, "food_drink_count": 1, "street_furniture_count": 1, "degree_u": 8, "degree_v": 6, "avg_connectivity": 7.0, "city": "Singapore", "cluster": 2, "typology": "Local Mixed Street" }, "geometry": { "type": "LineString", "coordinates": [ [ 103.8312428, 1.3538662 ], [ 103.831273399999986, 1.3538381 ], [ 103.8313093, 1.353805 ], [ 103.831539, 1.3535843 ], [ 103.8317835, 1.3533448 ], [ 103.8320285, 1.3530768 ], [ 103.8320642, 1.3530318 ] ] } },
{ "type": "Feature", "properties": { "u": 4598764358, "v": 4749280930, "key": 0, "index": 381, "osmid": "464804362", "highway": "residential", "lanes": "2", "maxspeed": "40", "name": "Soo Chow Garden Road", "oneway": false, "reversed": "False", "length": 90.005709674046457, "bridge": null, "junction": null, "length_m": 90.131581998093552, "building_count_50m": 38, "avg_building_area": 530.66047564342205, "poi_count_50m": 18, "highway_clean": "residential", "highway_rank": 2, "sinuosity": 1.0010337939892657, "poi_diversity": 1.0870753771611175, "food_drink_count": 5, "street_furniture_count": 1, "degree_u": 8, "degree_v": 6, "avg_connectivity": 7.0, "city": "Singapore", "cluster": 1, "typology": "Active Commercial High Street" }, "geometry": { "type": "LineString", "coordinates": [ [ 103.8312428, 1.3538662 ], [ 103.831722499999984, 1.3543797 ], [ 103.8317415, 1.3544034 ], [ 103.831758399999984, 1.354427 ], [ 103.8317758, 1.3544523 ], [ 103.8317848, 1.3544664 ] ] } },
{ "type": "Feature", "properties": { "u": 4598764358, "v": 1318498268, "key": 0, "index": 382, "osmid": [ 717027120, 636865834 ], "highway": "residential", "lanes": "2", "maxspeed": "40", "name": "Soo Chow Drive", "oneway": false, "reversed": "True", "length": 66.74183756686773, "bridge": null, "junction": null, "length_m": 66.835172409646546, "building_count_50m": 40, "avg_building_area": 555.86231476753778, "poi_count_50m": 23, "highway_clean": "residential", "highway_rank": 2, "sinuosity": 1.0000611767235255, "poi_diversity": 1.1034904025879528, "food_drink_count": 7, "street_furniture_count": 1, "degree_u": 8, "degree_v": 2, "avg_connectivity": 5.0, "city": "Singapore", "cluster": 1, "typology": "Active Commercial High Street" }, "geometry": { "type": "LineString", "coordinates": [ [ 103.8312428, 1.3538662 ], [ 103.8312188, 1.3538864 ], [ 103.831180700000019, 1.3539152 ], [ 103.831097799999981, 1.3539778 ], [ 103.8307663, 1.3542313 ] ] } },
{ "type": "Feature", "properties": { "u": 4598764358, "v": 1318498410, "key": 0, "index": 383, "osmid": "636865838", "highway": "residential", "lanes": "2", "maxspeed": "40", "name": "Soo Chow Garden Road", "oneway": false, "reversed": "True", "length": 68.23924597160773, "bridge": null, "junction": null, "length_m": 68.334663458612923, "building_count_50m": 58, "avg_building_area": 381.77185276923962, "poi_count_50m": 1, "highway_clean": "residential", "highway_rank": 2, "sinuosity": 1.0001279382232431, "poi_diversity": 0.0, "food_drink_count": 1, "street_furniture_count": 1, "degree_u": 8, "degree_v": 8, "avg_connectivity": 8.0, "city": "Singapore", "cluster": 2, "typology": "Local Mixed Street" }, "geometry": { "type": "LineString", "coordinates": [ [ 103.8312428, 1.3538662 ], [ 103.8311351, 1.3537491 ], [ 103.830815299999983, 1.3534259 ] ] } },
{ "type": "Feature", "properties": { "u": 4598764368, "v": 4727949659, "key": 0, "index": 384, "osmid": [ 74694867, 479745804, 479745805, 634041247 ], "highway": "primary", "lanes": [ "4", "3" ], "maxspeed": "60", "name": "Upper Thomson Road", "oneway": true, "reversed": "False", "length": 164.38479261610692, "bridge": null, "junction": null, "length_m": 164.61496606956632, "building_count_50m": 6, "avg_building_area": 545.03207671874998, "poi_count_50m": 3, "highway_clean": "primary", "highway_rank": 5, "sinuosity": 1.0132106110986943, "poi_diversity": 0.0, "food_drink_count": 1, "street_furniture_count": 1, "degree_u": 3, "degree_v": 3, "avg_connectivity": 3.0, "city": "Singapore", "cluster": 0, "typology": "Arterial Movement Corridor" }, "geometry": { "type": "LineString", "coordinates": [ [ 103.8288399, 1.3590517 ], [ 103.828833900000021, 1.3589776 ], [ 103.8288142, 1.3586246 ], [ 103.828792, 1.3582183 ], [ 103.8288019, 1.3580107 ], [ 103.8288035, 1.3580037 ], [ 103.828852, 1.3577937 ], [ 103.8289298, 1.3575954 ] ] } },
{ "type": "Feature", "properties": { "u": 4598764372, "v": 4598764368, "key": 0, "index": 385, "osmid": "464804364", "highway": "primary_link", "lanes": "1", "maxspeed": "50", "name": null, "oneway": true, "reversed": "False", "length": 53.28631608296385, "bridge": null, "junction": null, "length_m": 53.360948408715281, "building_count_50m": 1, "avg_building_area": 32.971273607553286, "poi_count_50m": 1, "highway_clean": "primary_link", "highway_rank": 5, "sinuosity": 1.0383775406531643, "poi_diversity": 0.0, "food_drink_count": 1, "street_furniture_count": 1, "degree_u": 3, "degree_v": 3, "avg_connectivity": 3.0, "city": "Singapore", "cluster": 0, "typology": "Arterial Movement Corridor" }, "geometry": { "type": "LineString", "coordinates": [ [ 103.829184399999988, 1.3593589 ], [ 103.8290088, 1.359284 ], [ 103.8289531, 1.3592267 ], [ 103.8289062, 1.3591583 ], [ 103.8288399, 1.3590517 ] ] } },
{ "type": "Feature", "properties": { "u": 4598764372, "v": 245174751, "key": 0, "index": 386, "osmid": "479616493", "highway": "secondary", "lanes": "2", "maxspeed": "50", "name": "Sin Ming Avenue", "oneway": true, "reversed": "False", "length": 35.02464352770297, "bridge": null, "junction": null, "length_m": 35.073700670132034, "building_count_50m": 1, "avg_building_area": 32.971273607553286, "poi_count_50m": 1, "highway_clean": "secondary", "highway_rank": 4, "sinuosity": 1.0014308311914315, "poi_diversity": 0.0, "food_drink_count": 1, "street_furniture_count": 1, "degree_u": 3, "degree_v": 4, "avg_connectivity": 3.5, "city": "Singapore", "cluster": 0, "typology": "Arterial Movement Corridor" }, "geometry": { "type": "LineString", "coordinates": [ [ 103.829184399999988, 1.3593589 ], [ 103.828983799999989, 1.3593644 ], [ 103.828870499999979, 1.3593802 ] ] } },
{ "type": "Feature", "properties": { "u": 4598764373, "v": 4593195770, "key": 0, "index": 387, "osmid": "537570247", "highway": "secondary", "lanes": "2", "maxspeed": "50", "name": "Sin Ming Avenue", "oneway": true, "reversed": "False", "length": 38.399450031583349, "bridge": null, "junction": null, "length_m": 38.453235121995576, "building_count_50m": 3, "avg_building_area": 1350.7184545002026, "poi_count_50m": 1, "highway_clean": "secondary", "highway_rank": 4, "sinuosity": 1.0000056719303634, "poi_diversity": 0.0, "food_drink_count": 1, "street_furniture_count": 1, "degree_u": 3, "degree_v": 4, "avg_connectivity": 3.5, "city": "Singapore", "cluster": 0, "typology": "Arterial Movement Corridor" }, "geometry": { "type": "LineString", "coordinates": [ [ 103.829062, 1.3594332 ], [ 103.829288199999979, 1.3594297 ], [ 103.82940739999998, 1.3594287 ] ] } },
{ "type": "Feature", "properties": { "u": 4598764376, "v": 4598764373, "key": 0, "index": 388, "osmid": "464804365", "highway": "primary_link", "lanes": "1", "maxspeed": "50", "name": null, "oneway": true, "reversed": "False", "length": 37.578061341220852, "bridge": null, "junction": null, "length_m": 37.630698066243639, "building_count_50m": 2, "avg_building_area": 1113.5738171888299, "poi_count_50m": 1, "highway_clean": "primary_link", "highway_rank": 5, "sinuosity": 1.0048253456356051, "poi_diversity": 0.0, "food_drink_count": 1, "street_furniture_count": 1, "degree_u": 3, "degree_v": 3, "avg_connectivity": 3.0, "city": "Singapore", "cluster": 0, "typology": "Arterial Movement Corridor" }, "geometry": { "type": "LineString", "coordinates": [ [ 103.828873099999981, 1.3597115 ], [ 103.8289387, 1.3595884 ], [ 103.8289759, 1.3595337 ], [ 103.829005899999984, 1.3594987 ], [ 103.829062, 1.3594332 ] ] } },
{ "type": "Feature", "properties": { "u": 4598764376, "v": 4593195773, "key": 0, "index": 389, "osmid": "479745395", "highway": "primary", "lanes": "4", "maxspeed": "60", "name": "Upper Thomson Road", "oneway": true, "reversed": "False", "length": 30.081100890679551, "bridge": null, "junction": null, "length_m": 30.123236507365885, "building_count_50m": 2, "avg_building_area": 1113.5738171888299, "poi_count_50m": 1, "highway_clean": "primary", "highway_rank": 5, "sinuosity": 1.0000366757521306, "poi_diversity": 0.0, "food_drink_count": 1, "street_furniture_count": 1, "degree_u": 3, "degree_v": 4, "avg_connectivity": 3.5, "city": "Singapore", "cluster": 0, "typology": "Arterial Movement Corridor" }, "geometry": { "type": "LineString", "coordinates": [ [ 103.828873099999981, 1.3597115 ], [ 103.8288764, 1.3594778 ], [ 103.828876, 1.359441 ] ] } },
{ "type": "Feature", "properties": { "u": 4598764380, "v": 5930664450, "key": 0, "index": 390, "osmid": "464804366", "highway": "primary_link", "lanes": "1", "maxspeed": "50", "name": null, "oneway": true, "reversed": "False", "length": 32.967680726264064, "bridge": null, "junction": null, "length_m": 33.013855689895649, "building_count_50m": 2, "avg_building_area": 1816.6566896113111, "poi_count_50m": 1, "highway_clean": "primary_link", "highway_rank": 5, "sinuosity": 1.0093348426607673, "poi_diversity": 0.0, "food_drink_count": 1, "street_furniture_count": 1, "degree_u": 3, "degree_v": 3, "avg_connectivity": 3.0, "city": "Singapore", "cluster": 0, "typology": "Arterial Movement Corridor" }, "geometry": { "type": "LineString", "coordinates": [ [ 103.8287187, 1.3591525 ], [ 103.8286546, 1.3592998 ], [ 103.8286145, 1.3593579 ], [ 103.8285706, 1.3594062 ] ] } },
{ "type": "Feature", "properties": { "u": 4598764380, "v": 245174757, "key": 0, "index": 391, "osmid": "482041666", "highway": "primary", "lanes": "4", "maxspeed": "60", "name": "Upper Thomson Road", "oneway": true, "reversed": "False", "length": 26.442933421208103, "bridge": null, "junction": null, "length_m": 26.479969585354446, "building_count_50m": 2, "avg_building_area": 1816.6566896113111, "poi_count_50m": 1, "highway_clean": "primary", "highway_rank": 5, "sinuosity": 1.0002611735875773, "poi_diversity": 0.0, "food_drink_count": 1, "street_furniture_count": 1, "degree_u": 3, "degree_v": 4, "avg_connectivity": 3.5, "city": "Singapore", "cluster": 0, "typology": "Arterial Movement Corridor" }, "geometry": { "type": "LineString", "coordinates": [ [ 103.8287187, 1.3591525 ], [ 103.828733899999989, 1.3593257 ], [ 103.8287362, 1.3593896 ] ] } },
{ "type": "Feature", "properties": { "u": 4598768655, "v": 243418546, "key": 0, "index": 392, "osmid": "632412614", "highway": "residential", "lanes": "2", "maxspeed": "50", "name": "Upper Thomson Road", "oneway": false, "reversed": "False", "length": 29.522473469737548, "bridge": null, "junction": null, "length_m": 29.563686960002503, "building_count_50m": 1, "avg_building_area": 0.0, "poi_count_50m": 1, "highway_clean": "residential", "highway_rank": 2, "sinuosity": 1.0, "poi_diversity": 0.0, "food_drink_count": 1, "street_furniture_count": 1, "degree_u": 4, "degree_v": 5, "avg_connectivity": 4.5, "city": "Singapore", "cluster": 2, "typology": "Local Mixed Street" }, "geometry": { "type": "LineString", "coordinates": [ [ 103.837512899999979, 1.3481879 ], [ 103.8372786, 1.3480629 ] ] } },
{ "type": "Feature", "properties": { "u": 4598768655, "v": 206256075, "key": 0, "index": 393, "osmid": "464804814", "highway": "residential", "lanes": "2", "maxspeed": "50", "name": "Upper Thomson Road", "oneway": true, "reversed": "False", "length": 23.743521327816321, "bridge": null, "junction": null, "length_m": 23.776668695727061, "building_count_50m": 1, "avg_building_area": 231.63645019956647, "poi_count_50m": 1, "highway_clean": "residential", "highway_rank": 2, "sinuosity": 1.0000238274292002, "poi_diversity": 0.0, "food_drink_count": 1, "street_furniture_count": 1, "degree_u": 4, "degree_v": 3, "avg_connectivity": 3.5, "city": "Singapore", "cluster": 0, "typology": "Arterial Movement Corridor" }, "geometry": { "type": "LineString", "coordinates": [ [ 103.837512899999979, 1.3481879 ], [ 103.8375671, 1.3482372 ], [ 103.8376695, 1.3483331 ] ] } },
{ "type": "Feature", "properties": { "u": 4598784968, "v": 5649987559, "key": 0, "index": 394, "osmid": "633183020", "highway": "tertiary", "lanes": "2", "maxspeed": "50", "name": "Sin Ming Road", "oneway": true, "reversed": "False", "length": 8.3657782515312871, "bridge": null, "junction": null, "length_m": 8.3774750942913183, "building_count_50m": 7, "avg_building_area": 861.08912396847597, "poi_count_50m": 12, "highway_clean": "tertiary", "highway_rank": 3, "sinuosity": 1.0, "poi_diversity": 0.45056120886630463, "food_drink_count": 2, "street_furniture_count": 1, "degree_u": 4, "degree_v": 2, "avg_connectivity": 3.0, "city": "Singapore", "cluster": 0, "typology": "Arterial Movement Corridor" }, "geometry": { "type": "LineString", "coordinates": [ [ 103.835942099999983, 1.353437 ], [ 103.835944399999988, 1.3533618 ] ] } },
{ "type": "Feature", "properties": { "u": 4598784968, "v": 1601017000, "key": 0, "index": 395, "osmid": "28281833", "highway": "residential", "lanes": "2", "maxspeed": "40", "name": "Jalan Isnin", "oneway": false, "reversed": "False", "length": 56.266746236684412, "bridge": null, "junction": null, "length_m": 56.345418296471436, "building_count_50m": 28, "avg_building_area": 167.52160717721725, "poi_count_50m": 13, "highway_clean": "residential", "highway_rank": 2, "sinuosity": 1.0000758817921755, "poi_diversity": 0.42932302193061622, "food_drink_count": 2, "street_furniture_count": 1, "degree_u": 4, "degree_v": 6, "avg_connectivity": 5.0, "city": "Singapore", "cluster": 2, "typology": "Local Mixed Street" }, "geometry": { "type": "LineString", "coordinates": [ [ 103.835942099999983, 1.353437 ], [ 103.8360075, 1.3534384 ], [ 103.8364475, 1.353464 ] ] } },
{ "type": "Feature", "properties": { "u": 4598816959, "v": 4598816963, "key": 0, "index": 396, "osmid": "464809798", "highway": "secondary_link", "lanes": "1", "maxspeed": "40", "name": null, "oneway": true, "reversed": "False", "length": 40.116648958483168, "bridge": null, "junction": null, "length_m": 40.172850506750223, "building_count_50m": 3, "avg_building_area": 2723.2587640594561, "poi_count_50m": 4, "highway_clean": "secondary_link", "highway_rank": 4, "sinuosity": 1.0543824729188778, "poi_diversity": 0.56233514461880829, "food_drink_count": 1, "street_furniture_count": 1, "degree_u": 3, "degree_v": 3, "avg_connectivity": 3.0, "city": "Singapore", "cluster": 0, "typology": "Arterial Movement Corridor" }, "geometry": { "type": "LineString", "coordinates": [ [ 103.832376, 1.3601752 ], [ 103.832282, 1.3601559 ], [ 103.8322203, 1.3601331 ], [ 103.8321884, 1.3601089 ], [ 103.8321707, 1.3600955 ], [ 103.8320929, 1.3599829 ] ] } },
{ "type": "Feature", "properties": { "u": 4598816959, "v": 1318459274, "key": 0, "index": 397, "osmid": "629371237", "highway": "residential", "lanes": "1", "maxspeed": "40", "name": "Bright Hill Drive", "oneway": true, "reversed": "False", "length": 29.285270368545731, "bridge": null, "junction": null, "length_m": 29.326298860867773, "building_count_50m": 3, "avg_building_area": 2723.2587640594561, "poi_count_50m": 4, "highway_clean": "residential", "highway_rank": 2, "sinuosity": 1.0069218408207303, "poi_diversity": 0.56233514461880829, "food_drink_count": 1, "street_furniture_count": 1, "degree_u": 3, "degree_v": 4, "avg_connectivity": 3.5, "city": "Singapore", "cluster": 0, "typology": "Arterial Movement Corridor" }, "geometry": { "type": "LineString", "coordinates": [ [ 103.832376, 1.3601752 ], [ 103.8323202, 1.3601976 ], [ 103.832257899999988, 1.3602059 ], [ 103.8321707, 1.3602124 ], [ 103.8321182, 1.3602198 ] ] } },
{ "type": "Feature", "properties": { "u": 4598816963, "v": 245174769, "key": 0, "index": 398, "osmid": [ 479616489, 628765238, 628765239, 628714170, 628714172 ], "highway": "secondary", "lanes": "2", "maxspeed": "40", "name": "Sin Ming Avenue", "oneway": true, "reversed": "False", "length": 204.57565444161037, "bridge": null, "junction": null, "length_m": 204.86220030844444, "building_count_50m": 5, "avg_building_area": 1748.0575192404078, "poi_count_50m": 3, "highway_clean": "secondary", "highway_rank": 4, "sinuosity": 1.2025385916249425, "poi_diversity": 0.63651416829481278, "food_drink_count": 1, "street_furniture_count": 1, "degree_u": 3, "degree_v": 3, "avg_connectivity": 3.0, "city": "Singapore", "cluster": 0, "typology": "Arterial Movement Corridor" }, "geometry": { "type": "LineString", "coordinates": [ [ 103.8320929, 1.3599829 ], [ 103.8320634, 1.3597201 ], [ 103.832046799999986, 1.3596175 ], [ 103.8320294, 1.3595662 ], [ 103.831990599999983, 1.3594986 ], [ 103.8319279, 1.3594372 ], [ 103.8318662, 1.359389 ], [ 103.83177910000002, 1.3593447 ], [ 103.8316637, 1.3593286 ], [ 103.8312426, 1.3593396 ], [ 103.831199699999985, 1.3593392 ], [ 103.8309127, 1.3593373 ], [ 103.8307045, 1.3593394 ] ] } },
{ "type": "Feature", "properties": { "u": 4598816973, "v": 1318459274, "key": 0, "index": 399, "osmid": "537570262", "highway": "secondary", "lanes": "2", "maxspeed": "40", "name": "Sin Ming Avenue", "oneway": true, "reversed": "False", "length": 8.4816667853928731, "bridge": null, "junction": null, "length_m": 8.4935497419000914, "building_count_50m": 2, "avg_building_area": 3689.3263090313644, "poi_count_50m": 3, "highway_clean": "secondary", "highway_rank": 4, "sinuosity": 1.0, "poi_diversity": 0.63651416829481278, "food_drink_count": 1, "street_furniture_count": 1, "degree_u": 4, "degree_v": 4, "avg_connectivity": 4.0, "city": "Singapore", "cluster": 0, "typology": "Arterial Movement Corridor" }, "geometry": { "type": "LineString", "coordinates": [ [ 103.8321234, 1.3602959 ], [ 103.8321182, 1.3602198 ] ] } },
{ "type": "Feature", "properties": { "u": 4598816973, "v": 9080932825, "key": 0, "index": 400, "osmid": "629371233", "highway": "residential", "lanes": "1", "maxspeed": "40", "name": "Bright Hill Drive", "oneway": true, "reversed": "False", "length": 16.023104302231395, "bridge": null, "junction": null, "length_m": 16.045553130402094, "building_count_50m": 2, "avg_building_area": 3689.3263090313644, "poi_count_50m": 4, "highway_clean": "residential", "highway_rank": 2, "sinuosity": 1.0033793132230711, "poi_diversity": 0.56233514461880829, "food_drink_count": 1, "street_furniture_count": 1, "degree_u": 4, "degree_v": 3, "avg_connectivity": 3.5, "city": "Singapore", "cluster": 0, "typology": "Arterial Movement Corridor" }, "geometry": { "type": "LineString", "coordinates": [ [ 103.8321234, 1.3602959 ], [ 103.8321779, 1.3602924 ], [ 103.832265, 1.3602717 ] ] } },
{ "type": "Feature", "properties": { "u": 4684558078, "v": 4684558079, "key": 0, "index": 401, "osmid": "536925876", "highway": "primary", "lanes": "4", "maxspeed": "70", "name": "Ang Mo Kio Avenue 1", "oneway": true, "reversed": "False", "length": 7.9014839091927698, "bridge": null, "junction": null, "length_m": 7.912578618913666, "building_count_50m": 1, "avg_building_area": 0.0, "poi_count_50m": 1, "highway_clean": "primary", "highway_rank": 5, "sinuosity": 1.0, "poi_diversity": 0.0, "food_drink_count": 1, "street_furniture_count": 1, "degree_u": 3, "degree_v": 3, "avg_connectivity": 3.0, "city": "Singapore", "cluster": 0, "typology": "Arterial Movement Corridor" }, "geometry": { "type": "LineString", "coordinates": [ [ 103.8309714, 1.3677351 ], [ 103.8309006, 1.3677414 ] ] } },
{ "type": "Feature", "properties": { "u": 4684558079, "v": 243463507, "key": 0, "index": 402, "osmid": "587479242", "highway": "secondary", "lanes": "2", "maxspeed": "50", "name": "Ang Mo Kio Avenue 2", "oneway": true, "reversed": "False", "length": 15.055935625639126, "bridge": null, "junction": null, "length_m": 15.077076553579795, "building_count_50m": 1, "avg_building_area": 0.0, "poi_count_50m": 1, "highway_clean": "secondary", "highway_rank": 4, "sinuosity": 1.0, "poi_diversity": 0.0, "food_drink_count": 1, "street_furniture_count": 1, "degree_u": 3, "degree_v": 4, "avg_connectivity": 3.5, "city": "Singapore", "cluster": 0, "typology": "Arterial Movement Corridor" }, "geometry": { "type": "LineString", "coordinates": [ [ 103.8309006, 1.3677414 ], [ 103.8309186, 1.3678756 ] ] } },
{ "type": "Feature", "properties": { "u": 4684558079, "v": 213279094, "key": 0, "index": 403, "osmid": [ 721889421, 536925871 ], "highway": "primary", "lanes": "3", "maxspeed": "70", "name": "Ang Mo Kio Avenue 1", "oneway": true, "reversed": "False", "length": 224.1799238822565, "bridge": null, "junction": null, "length_m": 224.49471006467073, "building_count_50m": 2, "avg_building_area": 909.13908542737454, "poi_count_50m": 1, "highway_clean": "primary", "highway_rank": 5, "sinuosity": 1.0000275225031132, "poi_diversity": 0.0, "food_drink_count": 1, "street_furniture_count": 1, "degree_u": 3, "degree_v": 3, "avg_connectivity": 3.0, "city": "Singapore", "cluster": 0, "typology": "Arterial Movement Corridor" }, "geometry": { "type": "LineString", "coordinates": [ [ 103.8309006, 1.3677414 ], [ 103.829314100000019, 1.3678811 ], [ 103.8288911, 1.3679106 ] ] } },
{ "type": "Feature", "properties": { "u": 4684558080, "v": 4684558083, "key": 0, "index": 404, "osmid": "474514441", "highway": "primary_link", "lanes": "1", "maxspeed": "50", "name": null, "oneway": true, "reversed": "False", "length": 16.302151017609731, "bridge": null, "junction": null, "length_m": 16.325030613373173, "building_count_50m": 3, "avg_building_area": 788.01252682078757, "poi_count_50m": 1, "highway_clean": "primary_link", "highway_rank": 5, "sinuosity": 1.22243039352364, "poi_diversity": 0.0, "food_drink_count": 1, "street_furniture_count": 1, "degree_u": 2, "degree_v": 3, "avg_connectivity": 2.5, "city": "Singapore", "cluster": 0, "typology": "Arterial Movement Corridor" }, "geometry": { "type": "LineString", "coordinates": [ [ 103.8368382, 1.3660941 ], [ 103.8368215, 1.3661225 ], [ 103.8368178, 1.3661394 ], [ 103.8368167, 1.3661609 ], [ 103.836823, 1.3661791 ], [ 103.8368372, 1.3661959 ], [ 103.836867499999983, 1.3662104 ] ] } },
{ "type": "Feature", "properties": { "u": 4684558080, "v": 5643502198, "key": 0, "index": 405, "osmid": [ 631707821, 536925853 ], "highway": "primary", "lanes": [ "4", "3" ], "maxspeed": "70", "name": "Ang Mo Kio Avenue 1", "oneway": true, "reversed": "False", "length": 135.97100436108616, "bridge": null, "junction": null, "length_m": 136.16184274963967, "building_count_50m": 2, "avg_building_area": 411.29723771112202, "poi_count_50m": 1, "highway_clean": "primary", "highway_rank": 5, "sinuosity": 1.0000645386326852, "poi_diversity": 0.0, "food_drink_count": 1, "street_furniture_count": 1, "degree_u": 2, "degree_v": 3, "avg_connectivity": 2.5, "city": "Singapore", "cluster": 0, "typology": "Arterial Movement Corridor" }, "geometry": { "type": "LineString", "coordinates": [ [ 103.8368382, 1.3660941 ], [ 103.8362026, 1.3662969 ], [ 103.8357919, 1.3664391 ], [ 103.8356766, 1.3664769 ] ] } },
{ "type": "Feature", "properties": { "u": 4684558083, "v": 206224089, "key": 0, "index": 406, "osmid": "632406657", "highway": "primary", "lanes": "3", "maxspeed": "70", "name": "Ang Mo Kio Avenue 1", "oneway": true, "reversed": "False", "length": 2.5464699014757866, "bridge": null, "junction": null, "length_m": 2.5500438500852529, "building_count_50m": 3, "avg_building_area": 788.01252682078757, "poi_count_50m": 1, "highway_clean": "primary", "highway_rank": 5, "sinuosity": 1.0, "poi_diversity": 0.0, "food_drink_count": 1, "street_furniture_count": 1, "degree_u": 3, "degree_v": 2, "avg_connectivity": 2.5, "city": "Singapore", "cluster": 0, "typology": "Arterial Movement Corridor" }, "geometry": { "type": "LineString", "coordinates": [ [ 103.836867499999983, 1.3662104 ], [ 103.83689, 1.3662061 ] ] } },
{ "type": "Feature", "properties": { "u": 4726897886, "v": 1318498402, "key": 0, "index": 407, "osmid": "146880645", "highway": "residential", "lanes": "2", "maxspeed": "40", "name": "Taman Permata", "oneway": false, "reversed": "False", "length": 68.38981974565678, "bridge": null, "junction": null, "length_m": 68.485359497982344, "building_count_50m": 31, "avg_building_area": 226.48265023903735, "poi_count_50m": 5, "highway_clean": "residential", "highway_rank": 2, "sinuosity": 1.0000000005516283, "poi_diversity": 0.95027053923323468, "food_drink_count": 1, "street_furniture_count": 1, "degree_u": 2, "degree_v": 8, "avg_connectivity": 5.0, "city": "Singapore", "cluster": 2, "typology": "Local Mixed Street" }, "geometry": { "type": "LineString", "coordinates": [ [ 103.8354297, 1.3506377 ], [ 103.835400799999988, 1.3506252 ], [ 103.8348651, 1.3503934 ] ] } },
{ "type": "Feature", "properties": { "u": 4727940658, "v": 5175569970, "key": 0, "index": 408, "osmid": "479744113", "highway": "primary", "lanes": "3", "maxspeed": "60", "name": "Upper Thomson Road", "oneway": true, "reversed": "False", "length": 46.969444725799633, "bridge": null, "junction": null, "length_m": 47.035305836486103, "building_count_50m": 2, "avg_building_area": 184.21212860375482, "poi_count_50m": 1, "highway_clean": "primary", "highway_rank": 5, "sinuosity": 1.0002751441334712, "poi_diversity": 0.0, "food_drink_count": 1, "street_furniture_count": 1, "degree_u": 3, "degree_v": 3, "avg_connectivity": 3.0, "city": "Singapore", "cluster": 0, "typology": "Arterial Movement Corridor" }, "geometry": { "type": "LineString", "coordinates": [ [ 103.827988599999983, 1.3629235 ], [ 103.8279782, 1.3631993 ], [ 103.8279799, 1.3633457 ] ] } },
{ "type": "Feature", "properties": { "u": 4727940658, "v": 1318514046, "key": 0, "index": 409, "osmid": "479744116", "highway": "residential", "lanes": null, "maxspeed": "50", "name": "Jalan Angklong", "oneway": true, "reversed": "False", "length": 26.842563755516302, "bridge": null, "junction": null, "length_m": 26.88020114198536, "building_count_50m": 8, "avg_building_area": 157.6321991762037, "poi_count_50m": 1, "highway_clean": "residential", "highway_rank": 2, "sinuosity": 1.0674002843477519, "poi_diversity": 0.0, "food_drink_count": 1, "street_furniture_count": 1, "degree_u": 3, "degree_v": 5, "avg_connectivity": 4.0, "city": "Singapore", "cluster": 2, "typology": "Local Mixed Street" }, "geometry": { "type": "LineString", "coordinates": [ [ 103.827988599999983, 1.3629235 ], [ 103.828018299999982, 1.3629674 ], [ 103.8280643, 1.3630042 ], [ 103.8281245, 1.3630197 ], [ 103.8281918, 1.3630229 ] ] } },
{ "type": "Feature", "properties": { "u": 4727949659, "v": 4727949660, "key": 0, "index": 410, "osmid": "479745806", "highway": "primary_link", "lanes": null, "maxspeed": "50", "name": null, "oneway": true, "reversed": "False", "length": 19.638712544834814, "bridge": null, "junction": null, "length_m": 19.666204657726229, "building_count_50m": 6, "avg_building_area": 141.0141610411336, "poi_count_50m": 2, "highway_clean": "primary_link", "highway_rank": 5, "sinuosity": 1.1278860499688423, "poi_diversity": 0.0, "food_drink_count": 1, "street_furniture_count": 1, "degree_u": 3, "degree_v": 3, "avg_connectivity": 3.0, "city": "Singapore", "cluster": 0, "typology": "Arterial Movement Corridor" }, "geometry": { "type": "LineString", "coordinates": [ [ 103.8289298, 1.3575954 ], [ 103.8289051, 1.3575622 ], [ 103.8288628, 1.3575334 ], [ 103.8288172, 1.3575334 ], [ 103.828781, 1.3575465 ] ] } },
{ "type": "Feature", "properties": { "u": 4727949659, "v": 4727949662, "key": 0, "index": 411, "osmid": "634041245", "highway": "primary", "lanes": "3", "maxspeed": "60", "name": "Upper Thomson Road", "oneway": true, "reversed": "False", "length": 9.3402379107278151, "bridge": null, "junction": null, "length_m": 9.3533132765968148, "building_count_50m": 2, "avg_building_area": 136.17384668231824, "poi_count_50m": 1, "highway_clean": "primary", "highway_rank": 5, "sinuosity": 1.0000000005245877, "poi_diversity": 0.0, "food_drink_count": 1, "street_furniture_count": 1, "degree_u": 3, "degree_v": 3, "avg_connectivity": 3.0, "city": "Singapore", "cluster": 0, "typology": "Arterial Movement Corridor" }, "geometry": { "type": "LineString", "coordinates": [ [ 103.8289298, 1.3575954 ], [ 103.8289483, 1.3575453 ], [ 103.828958899999989, 1.3575166 ] ] } },
{ "type": "Feature", "properties": { "u": 4727949660, "v": 1318459219, "key": 0, "index": 412, "osmid": [ 482041665, 482040815 ], "highway": "primary", "lanes": [ "4", "3" ], "maxspeed": "60", "name": "Upper Thomson Road", "oneway": true, "reversed": "False", "length": 74.529440103988634, "bridge": null, "junction": null, "length_m": 74.63378330748597, "building_count_50m": 11, "avg_building_area": 236.54032258882282, "poi_count_50m": 5, "highway_clean": "primary", "highway_rank": 5, "sinuosity": 1.0022928939375952, "poi_diversity": 0.0, "food_drink_count": 1, "street_furniture_count": 1, "degree_u": 3, "degree_v": 4, "avg_connectivity": 3.5, "city": "Singapore", "cluster": 0, "typology": "Arterial Movement Corridor" }, "geometry": { "type": "LineString", "coordinates": [ [ 103.828781, 1.3575465 ], [ 103.8287142, 1.3577731 ], [ 103.828657899999982, 1.3580033 ], [ 103.8286341, 1.3581989 ] ] } },
{ "type": "Feature", "properties": { "u": 4727949662, "v": 5648108234, "key": 0, "index": 413, "osmid": [ 736578153, 482040817, 482040818, 634085526 ], "highway": "primary", "lanes": [ "4", "3" ], "maxspeed": "60", "name": "Upper Thomson Road", "oneway": true, "reversed": "False", "length": 284.38136937563104, "bridge": null, "junction": null, "length_m": 284.7793562026161, "building_count_50m": 10, "avg_building_area": 1747.7289422435267, "poi_count_50m": 2, "highway_clean": "primary", "highway_rank": 5, "sinuosity": 1.0060062767270803, "poi_diversity": 0.0, "food_drink_count": 1, "street_furniture_count": 1, "degree_u": 3, "degree_v": 3, "avg_connectivity": 3.0, "city": "Singapore", "cluster": 0, "typology": "Arterial Movement Corridor" }, "geometry": { "type": "LineString", "coordinates": [ [ 103.828958899999989, 1.3575166 ], [ 103.829022, 1.3573764 ], [ 103.8293169, 1.3570139 ], [ 103.8300401, 1.356282 ], [ 103.830365, 1.3559689 ], [ 103.8305493, 1.3558139 ], [ 103.8307225, 1.3556851 ] ] } },
{ "type": "Feature", "properties": { "u": 4728224830, "v": 3987285531, "key": 0, "index": 414, "osmid": "479775050", "highway": "residential", "lanes": "1", "maxspeed": null, "name": null, "oneway": true, "reversed": "False", "length": 21.04766563144868, "bridge": null, "junction": null, "length_m": 21.077077407996534, "building_count_50m": 6, "avg_building_area": 616.72666211513342, "poi_count_50m": 12, "highway_clean": "residential", "highway_rank": 2, "sinuosity": 1.0001205769969219, "poi_diversity": 0.88769427579910398, "food_drink_count": 7, "street_furniture_count": 1, "degree_u": 5, "degree_v": 3, "avg_connectivity": 4.0, "city": "Singapore", "cluster": 1, "typology": "Active Commercial High Street" }, "geometry": { "type": "LineString", "coordinates": [ [ 103.8355025, 1.3513978 ], [ 103.8354845, 1.3514619 ], [ 103.835447499999987, 1.3515789 ] ] } },
{ "type": "Feature", "properties": { "u": 4728224830, "v": 1318498406, "key": 0, "index": 415, "osmid": "632692142", "highway": "residential", "lanes": "2", "maxspeed": "40", "name": "Jalan Pelatina", "oneway": false, "reversed": "False", "length": 15.928578207000271, "bridge": null, "junction": null, "length_m": 15.950836181793916, "building_count_50m": 7, "avg_building_area": 1151.6397297560056, "poi_count_50m": 10, "highway_clean": "residential", "highway_rank": 2, "sinuosity": 1.0000003015923937, "poi_diversity": 0.94334839232903911, "food_drink_count": 5, "street_furniture_count": 1, "degree_u": 5, "degree_v": 6, "avg_connectivity": 5.5, "city": "Singapore", "cluster": 1, "typology": "Active Commercial High Street" }, "geometry": { "type": "LineString", "coordinates": [ [ 103.8355025, 1.3513978 ], [ 103.8355835, 1.3514252 ], [ 103.8356382, 1.3514438 ] ] } },
{ "type": "Feature", "properties": { "u": 4728224830, "v": 3806372869, "key": 0, "index": 416, "osmid": [ 645111666, 646402502 ], "highway": "residential", "lanes": "2", "maxspeed": "40", "name": "Jalan Pelatina", "oneway": false, "reversed": "True", "length": 32.455630800369377, "bridge": null, "junction": null, "length_m": 32.500982106184331, "building_count_50m": 15, "avg_building_area": 346.79479612551035, "poi_count_50m": 9, "highway_clean": "residential", "highway_rank": 2, "sinuosity": 1.0004864802323898, "poi_diversity": 0.93688830753901597, "food_drink_count": 5, "street_furniture_count": 1, "degree_u": 5, "degree_v": 6, "avg_connectivity": 5.5, "city": "Singapore", "cluster": 1, "typology": "Active Commercial High Street" }, "geometry": { "type": "LineString", "coordinates": [ [ 103.8355025, 1.3513978 ], [ 103.8353684, 1.3513504 ], [ 103.8352244, 1.3513094 ] ] } },
{ "type": "Feature", "properties": { "u": 4735281548, "v": 4735281549, "key": 0, "index": 417, "osmid": "633219627", "highway": "residential", "lanes": "2", "maxspeed": "40", "name": "Thomson Ridge", "oneway": false, "reversed": "True", "length": 14.818397259384035, "bridge": null, "junction": null, "length_m": 14.839113960268635, "building_count_50m": 17, "avg_building_area": 318.32327807588149, "poi_count_50m": 11, "highway_clean": "residential", "highway_rank": 2, "sinuosity": 1.0, "poi_diversity": 1.1209503926735833, "food_drink_count": 3, "street_furniture_count": 1, "degree_u": 5, "degree_v": 6, "avg_connectivity": 5.5, "city": "Singapore", "cluster": 1, "typology": "Active Commercial High Street" }, "geometry": { "type": "LineString", "coordinates": [ [ 103.833728099999988, 1.3530925 ], [ 103.833607, 1.3530368 ] ] } },
{ "type": "Feature", "properties": { "u": 4735281548, "v": 1318498262, "key": 0, "index": 418, "osmid": "633231288", "highway": "residential", "lanes": "2", "maxspeed": "40", "name": "Thomson Ridge", "oneway": false, "reversed": "False", "length": 27.330391015788205, "bridge": null, "junction": null, "length_m": 27.368600822042001, "building_count_50m": 14, "avg_building_area": 356.10205886261457, "poi_count_50m": 16, "highway_clean": "residential", "highway_rank": 2, "sinuosity": 1.0, "poi_diversity": 1.0337005498525014, "food_drink_count": 5, "street_furniture_count": 1, "degree_u": 5, "degree_v": 6, "avg_connectivity": 5.5, "city": "Singapore", "cluster": 1, "typology": "Active Commercial High Street" }, "geometry": { "type": "LineString", "coordinates": [ [ 103.833728099999988, 1.3530925 ], [ 103.8339551, 1.3531869 ] ] } },
{ "type": "Feature", "properties": { "u": 4735281549, "v": 4735281548, "key": 0, "index": 419, "osmid": "633219627", "highway": "residential", "lanes": "2", "maxspeed": "40", "name": "Thomson Ridge", "oneway": false, "reversed": "False", "length": 14.818397259384035, "bridge": null, "junction": null, "length_m": 14.839113960268635, "building_count_50m": 17, "avg_building_area": 318.32327807588149, "poi_count_50m": 11, "highway_clean": "residential", "highway_rank": 2, "sinuosity": 1.0, "poi_diversity": 1.1209503926735833, "food_drink_count": 3, "street_furniture_count": 1, "degree_u": 6, "degree_v": 5, "avg_connectivity": 5.5, "city": "Singapore", "cluster": 1, "typology": "Active Commercial High Street" }, "geometry": { "type": "LineString", "coordinates": [ [ 103.833607, 1.3530368 ], [ 103.833728099999988, 1.3530925 ] ] } },
{ "type": "Feature", "properties": { "u": 4735281549, "v": 1318498337, "key": 0, "index": 420, "osmid": [ 634554425, 117038427 ], "highway": "residential", "lanes": "2", "maxspeed": "40", "name": "Jalan Lembah Thomson", "oneway": false, "reversed": "True", "length": 271.25801454551402, "bridge": null, "junction": null, "length_m": 271.63718448780429, "building_count_50m": 127, "avg_building_area": 154.54510598948883, "poi_count_50m": 8, "highway_clean": "residential", "highway_rank": 2, "sinuosity": 1.0058286347486112, "poi_diversity": 1.2554823251787537, "food_drink_count": 3, "street_furniture_count": 1, "degree_u": 6, "degree_v": 6, "avg_connectivity": 6.0, "city": "Singapore", "cluster": 2, "typology": "Local Mixed Street" }, "geometry": { "type": "LineString", "coordinates": [ [ 103.833607, 1.3530368 ], [ 103.833358499999989, 1.352922 ], [ 103.8332355, 1.3528744 ], [ 103.8327286, 1.3526572 ], [ 103.832151899999985, 1.3523931 ], [ 103.8318153, 1.3522322 ], [ 103.8317013, 1.3521624 ], [ 103.831631299999984, 1.3521097 ], [ 103.8314683, 1.3519585 ], [ 103.8314448, 1.3519369 ] ] } },
{ "type": "Feature", "properties": { "u": 4735281549, "v": 4749280942, "key": 0, "index": 421, "osmid": [ 767427921, 767427922, 117038430 ], "highway": "residential", "lanes": "2", "maxspeed": "40", "name": "Thomson Ridge", "oneway": false, "reversed": "False", "length": 65.986275780084696, "bridge": null, "junction": null, "length_m": 66.078519037107625, "building_count_50m": 31, "avg_building_area": 259.16783360228254, "poi_count_50m": 8, "highway_clean": "residential", "highway_rank": 2, "sinuosity": 1.0012969992270631, "poi_diversity": 1.2554823251787537, "food_drink_count": 3, "street_furniture_count": 1, "degree_u": 6, "degree_v": 6, "avg_connectivity": 6.0, "city": "Singapore", "cluster": 1, "typology": "Active Commercial High Street" }, "geometry": { "type": "LineString", "coordinates": [ [ 103.833607, 1.3530368 ], [ 103.8336284, 1.3529944 ], [ 103.8336854, 1.3528529 ], [ 103.8337873, 1.3526203 ], [ 103.8338295, 1.3525482 ], [ 103.8338561, 1.352499 ] ] } },
{ "type": "Feature", "properties": { "u": 4735281551, "v": 8129041254, "key": 0, "index": 422, "osmid": "117038432", "highway": "residential", "lanes": "2", "maxspeed": "40", "name": "Soo Chow Way", "oneway": false, "reversed": "True", "length": 118.90714662738047, "bridge": null, "junction": null, "length_m": 119.07339250717997, "building_count_50m": 70, "avg_building_area": 120.6526238517764, "poi_count_50m": 6, "highway_clean": "residential", "highway_rank": 2, "sinuosity": 1.0004276025522065, "poi_diversity": 0.63651416829481278, "food_drink_count": 4, "street_furniture_count": 1, "degree_u": 6, "degree_v": 6, "avg_connectivity": 6.0, "city": "Singapore", "cluster": 2, "typology": "Local Mixed Street" }, "geometry": { "type": "LineString", "coordinates": [ [ 103.8330477, 1.3534511 ], [ 103.832951399999985, 1.3534148 ], [ 103.8328589, 1.35338 ], [ 103.8328304, 1.3533692 ], [ 103.832782399999985, 1.3533512 ], [ 103.832731, 1.353331 ], [ 103.8326867, 1.3533112 ], [ 103.8326278, 1.3532855 ], [ 103.832579399999986, 1.3532654 ], [ 103.832525799999985, 1.3532414 ], [ 103.8324808, 1.3532203 ], [ 103.8324357, 1.3532002 ], [ 103.832098699999989, 1.3530465 ], [ 103.8320642, 1.3530318 ] ] } },
{ "type": "Feature", "properties": { "u": 4735281551, "v": 4749280930, "key": 0, "index": 423, "osmid": "117038452", "highway": "residential", "lanes": "2", "maxspeed": "40", "name": "Soo Chow Walk", "oneway": false, "reversed": "False", "length": 186.95366731850433, "bridge": null, "junction": null, "length_m": 187.21510890852451, "building_count_50m": 54, "avg_building_area": 421.31966497951316, "poi_count_50m": 18, "highway_clean": "residential", "highway_rank": 2, "sinuosity": 1.0377562020440243, "poi_diversity": 1.0419792764029772, "food_drink_count": 8, "street_furniture_count": 1, "degree_u": 6, "degree_v": 6, "avg_connectivity": 6.0, "city": "Singapore", "cluster": 1, "typology": "Active Commercial High Street" }, "geometry": { "type": "LineString", "coordinates": [ [ 103.8330477, 1.3534511 ], [ 103.833039299999982, 1.3534729 ], [ 103.832986, 1.3536067 ], [ 103.8329056, 1.3537622 ], [ 103.832833199999982, 1.353852 ], [ 103.832725899999986, 1.3539285 ], [ 103.8320488, 1.3542524 ], [ 103.8319695, 1.3542985 ], [ 103.8319228, 1.3543368 ], [ 103.8317848, 1.3544664 ] ] } },
{ "type": "Feature", "properties": { "u": 4735281551, "v": 1318498262, "key": 0, "index": 424, "osmid": [ 634077588, 117038450, 646216388 ], "highway": "residential", "lanes": "2", "maxspeed": "40", "name": [ "Soo Chow Walk", "Lor Mega", "Lorong Mega" ], "oneway": false, "reversed": [ false, true ], "length": 139.57009523182441, "bridge": null, "junction": null, "length_m": 139.76522586688333, "building_count_50m": 48, "avg_building_area": 190.9096338559327, "poi_count_50m": 23, "highway_clean": "residential", "highway_rank": 2, "sinuosity": 1.328464119528086, "poi_diversity": 0.97923765099515059, "food_drink_count": 9, "street_furniture_count": 1, "degree_u": 6, "degree_v": 6, "avg_connectivity": 6.0, "city": "Singapore", "cluster": 1, "typology": "Active Commercial High Street" }, "geometry": { "type": "LineString", "coordinates": [ [ 103.8330477, 1.3534511 ], [ 103.8330619, 1.3534011 ], [ 103.833099499999989, 1.3532685 ], [ 103.8331557, 1.3531081 ], [ 103.8331785, 1.353056 ], [ 103.833204699999982, 1.3530367 ], [ 103.8332548, 1.3530316 ], [ 103.833309, 1.3530448 ], [ 103.8335528, 1.3531233 ], [ 103.83378639999998, 1.3532038 ], [ 103.833855199999988, 1.3532263 ], [ 103.833901699999984, 1.3532407 ], [ 103.8339225, 1.3532195 ], [ 103.8339551, 1.3531869 ] ] } },
{ "type": "Feature", "properties": { "u": 4749279415, "v": 1318459190, "key": 0, "index": 425, "osmid": "464768862", "highway": "residential", "lanes": "2", "maxspeed": "40", "name": "Jasmine Road", "oneway": false, "reversed": "False", "length": 43.039881811674093, "bridge": null, "junction": null, "length_m": 43.100098746369383, "building_count_50m": 16, "avg_building_area": 302.79357194133672, "poi_count_50m": 1, "highway_clean": "residential", "highway_rank": 2, "sinuosity": 1.0000000624588388, "poi_diversity": 0.0, "food_drink_count": 1, "street_furniture_count": 1, "degree_u": 5, "degree_v": 6, "avg_connectivity": 5.5, "city": "Singapore", "cluster": 2, "typology": "Local Mixed Street" }, "geometry": { "type": "LineString", "coordinates": [ [ 103.8301457, 1.3557751 ], [ 103.830130299999979, 1.3557554 ], [ 103.8299077, 1.3554698 ] ] } },
{ "type": "Feature", "properties": { "u": 4749279415, "v": 206256152, "key": 0, "index": 426, "osmid": "633798232", "highway": "residential", "lanes": "2", "maxspeed": "40", "name": "Jasmine Road", "oneway": false, "reversed": "False", "length": 14.425367540910095, "bridge": null, "junction": null, "length_m": 14.44555123576923, "building_count_50m": 6, "avg_building_area": 570.40844908613133, "poi_count_50m": 1, "highway_clean": "residential", "highway_rank": 2, "sinuosity": 1.000438600659602, "poi_diversity": 0.0, "food_drink_count": 1, "street_furniture_count": 1, "degree_u": 5, "degree_v": 4, "avg_connectivity": 4.5, "city": "Singapore", "cluster": 2, "typology": "Local Mixed Street" }, "geometry": { "type": "LineString", "coordinates": [ [ 103.8301457, 1.3557751 ], [ 103.830187399999986, 1.3558286 ], [ 103.8302225, 1.3558796 ] ] } },
{ "type": "Feature", "properties": { "u": 4749280927, "v": 7436308515, "key": 0, "index": 427, "osmid": "645118133", "highway": "residential", "lanes": null, "maxspeed": "40", "name": "Marigold Drive", "oneway": false, "reversed": "False", "length": 11.095160414132014, "bridge": null, "junction": null, "length_m": 11.110677063185378, "building_count_50m": 24, "avg_building_area": 891.6223862165001, "poi_count_50m": 17, "highway_clean": "residential", "highway_rank": 2, "sinuosity": 1.0, "poi_diversity": 0.97184877123587654, "food_drink_count": 8, "street_furniture_count": 1, "degree_u": 6, "degree_v": 2, "avg_connectivity": 4.0, "city": "Singapore", "cluster": 1, "typology": "Active Commercial High Street" }, "geometry": { "type": "LineString", "coordinates": [ [ 103.8299167, 1.3541526 ], [ 103.8299693, 1.3542374 ] ] } },
{ "type": "Feature", "properties": { "u": 4749280927, "v": 1318498384, "key": 0, "index": 428, "osmid": "645135902", "highway": "residential", "lanes": "2", "maxspeed": "40", "name": "Marigold Drive", "oneway": false, "reversed": "True", "length": 62.303023715293683, "bridge": null, "junction": null, "length_m": 62.390148017292518, "building_count_50m": 42, "avg_building_area": 559.90781698328362, "poi_count_50m": 11, "highway_clean": "residential", "highway_rank": 2, "sinuosity": 1.0000000006777057, "poi_diversity": 0.93476989785827935, "food_drink_count": 5, "street_furniture_count": 1, "degree_u": 6, "degree_v": 6, "avg_connectivity": 6.0, "city": "Singapore", "cluster": 1, "typology": "Active Commercial High Street" }, "geometry": { "type": "LineString", "coordinates": [ [ 103.8299167, 1.3541526 ], [ 103.8296856, 1.353845 ], [ 103.8295801, 1.3537046 ] ] } },
{ "type": "Feature", "properties": { "u": 4749280927, "v": 1318498410, "key": 0, "index": 429, "osmid": [ 717075369, 717027123, 117038449 ], "highway": "residential", "lanes": "2", "maxspeed": "40", "name": "Soo Chow Rise", "oneway": false, "reversed": "False", "length": 128.54748882424701, "bridge": null, "junction": null, "length_m": 128.72724189973576, "building_count_50m": 83, "avg_building_area": 345.42264140374647, "poi_count_50m": 16, "highway_clean": "residential", "highway_rank": 2, "sinuosity": 1.0005002220001022, "poi_diversity": 1.1626998334975678, "food_drink_count": 6, "street_furniture_count": 1, "degree_u": 6, "degree_v": 8, "avg_connectivity": 7.0, "city": "Singapore", "cluster": 1, "typology": "Active Commercial High Street" }, "geometry": { "type": "LineString", "coordinates": [ [ 103.8299167, 1.3541526 ], [ 103.830113899999986, 1.3540063 ], [ 103.8303071, 1.3538371 ], [ 103.8306659, 1.3535555 ], [ 103.830815299999983, 1.3534259 ] ] } },
{ "type": "Feature", "properties": { "u": 4749280930, "v": 4735281551, "key": 0, "index": 430, "osmid": "117038452", "highway": "residential", "lanes": "2", "maxspeed": "40", "name": "Soo Chow Walk", "oneway": false, "reversed": "True", "length": 186.95366731850433, "bridge": null, "junction": null, "length_m": 187.21510890852451, "building_count_50m": 54, "avg_building_area": 421.31966497951316, "poi_count_50m": 18, "highway_clean": "residential", "highway_rank": 2, "sinuosity": 1.0377562020440243, "poi_diversity": 1.0419792764029772, "food_drink_count": 8, "street_furniture_count": 1, "degree_u": 6, "degree_v": 6, "avg_connectivity": 6.0, "city": "Singapore", "cluster": 1, "typology": "Active Commercial High Street" }, "geometry": { "type": "LineString", "coordinates": [ [ 103.8317848, 1.3544664 ], [ 103.8319228, 1.3543368 ], [ 103.8319695, 1.3542985 ], [ 103.8320488, 1.3542524 ], [ 103.832725899999986, 1.3539285 ], [ 103.832833199999982, 1.353852 ], [ 103.8329056, 1.3537622 ], [ 103.832986, 1.3536067 ], [ 103.833039299999982, 1.3534729 ], [ 103.8330477, 1.3534511 ] ] } },
{ "type": "Feature", "properties": { "u": 4749280930, "v": 4598764358, "key": 0, "index": 431, "osmid": "464804362", "highway": "residential", "lanes": "2", "maxspeed": "40", "name": "Soo Chow Garden Road", "oneway": false, "reversed": "True", "length": 90.005709674046471, "bridge": null, "junction": null, "length_m": 90.131581998093552, "building_count_50m": 38, "avg_building_area": 530.66047564342205, "poi_count_50m": 18, "highway_clean": "residential", "highway_rank": 2, "sinuosity": 1.0010337939892657, "poi_diversity": 1.0870753771611175, "food_drink_count": 5, "street_furniture_count": 1, "degree_u": 6, "degree_v": 8, "avg_connectivity": 7.0, "city": "Singapore", "cluster": 1, "typology": "Active Commercial High Street" }, "geometry": { "type": "LineString", "coordinates": [ [ 103.8317848, 1.3544664 ], [ 103.8317758, 1.3544523 ], [ 103.831758399999984, 1.354427 ], [ 103.8317415, 1.3544034 ], [ 103.831722499999984, 1.3543797 ], [ 103.8312428, 1.3538662 ] ] } },
{ "type": "Feature", "properties": { "u": 4749280930, "v": 6895851975, "key": 0, "index": 432, "osmid": "1037955652", "highway": "residential", "lanes": "1", "maxspeed": null, "name": "Soo Chow Garden Road", "oneway": true, "reversed": "False", "length": 55.093716751997583, "bridge": null, "junction": null, "length_m": 55.170777069798184, "building_count_50m": 17, "avg_building_area": 1048.115954548608, "poi_count_50m": 14, "highway_clean": "residential", "highway_rank": 2, "sinuosity": 1.0624422795112636, "poi_diversity": 1.0547209169068124, "food_drink_count": 4, "street_furniture_count": 1, "degree_u": 6, "degree_v": 3, "avg_connectivity": 4.5, "city": "Singapore", "cluster": 1, "typology": "Active Commercial High Street" }, "geometry": { "type": "LineString", "coordinates": [ [ 103.8317848, 1.3544664 ], [ 103.8317945, 1.3545376 ], [ 103.8319024, 1.3547485 ], [ 103.831910099999988, 1.3547987 ], [ 103.8318962, 1.3548675 ], [ 103.831865599999986, 1.3549257 ] ] } },
{ "type": "Feature", "properties": { "u": 4749280942, "v": 1318498401, "key": 0, "index": 433, "osmid": "464768863", "highway": "residential", "lanes": "2", "maxspeed": "40", "name": "Thomson Ridge", "oneway": false, "reversed": "True", "length": 251.07061025241882, "bridge": null, "junction": null, "length_m": 251.42151140230621, "building_count_50m": 89, "avg_building_area": 190.04907677381152, "poi_count_50m": 1, "highway_clean": "residential", "highway_rank": 2, "sinuosity": 1.0000408873217945, "poi_diversity": 0.0, "food_drink_count": 1, "street_furniture_count": 1, "degree_u": 6, "degree_v": 6, "avg_connectivity": 6.0, "city": "Singapore", "cluster": 2, "typology": "Local Mixed Street" }, "geometry": { "type": "LineString", "coordinates": [ [ 103.8338561, 1.352499 ], [ 103.8338333, 1.3524867 ], [ 103.8329655, 1.3521097 ], [ 103.8317856, 1.3515972 ] ] } },
{ "type": "Feature", "properties": { "u": 4749280942, "v": 1318498283, "key": 0, "index": 434, "osmid": "464768864", "highway": "residential", "lanes": "2", "maxspeed": "40", "name": "Thomson Ridge", "oneway": false, "reversed": "False", "length": 114.22024316920474, "bridge": null, "junction": null, "length_m": 114.37990180422608, "building_count_50m": 34, "avg_building_area": 292.60153436888277, "poi_count_50m": 23, "highway_clean": "residential", "highway_rank": 2, "sinuosity": 1.1703261955977418, "poi_diversity": 0.92727711628382692, "food_drink_count": 10, "street_furniture_count": 1, "degree_u": 6, "degree_v": 6, "avg_connectivity": 6.0, "city": "Singapore", "cluster": 1, "typology": "Active Commercial High Street" }, "geometry": { "type": "LineString", "coordinates": [ [ 103.8338561, 1.352499 ], [ 103.8339133, 1.3525226 ], [ 103.834161399999985, 1.352635 ], [ 103.8342037, 1.3526491 ], [ 103.8342426, 1.3526544 ], [ 103.834274399999984, 1.3526483 ], [ 103.8343049, 1.3526332 ], [ 103.834370399999983, 1.3525784 ], [ 103.834555499999979, 1.3524161 ], [ 103.8346369, 1.352337 ], [ 103.834702, 1.352264 ] ] } },
{ "type": "Feature", "properties": { "u": 4749280942, "v": 4735281549, "key": 0, "index": 435, "osmid": [ 767427921, 767427922, 117038430 ], "highway": "residential", "lanes": "2", "maxspeed": "40", "name": "Thomson Ridge", "oneway": false, "reversed": "True", "length": 65.986275780084711, "bridge": null, "junction": null, "length_m": 66.078519037107625, "building_count_50m": 31, "avg_building_area": 259.16783360228254, "poi_count_50m": 8, "highway_clean": "residential", "highway_rank": 2, "sinuosity": 1.0012969992270631, "poi_diversity": 1.2554823251787537, "food_drink_count": 3, "street_furniture_count": 1, "degree_u": 6, "degree_v": 6, "avg_connectivity": 6.0, "city": "Singapore", "cluster": 1, "typology": "Active Commercial High Street" }, "geometry": { "type": "LineString", "coordinates": [ [ 103.8338561, 1.352499 ], [ 103.8338295, 1.3525482 ], [ 103.8337873, 1.3526203 ], [ 103.8336854, 1.3528529 ], [ 103.8336284, 1.3529944 ], [ 103.833607, 1.3530368 ] ] } },
{ "type": "Feature", "properties": { "u": 4786218633, "v": 1867626513, "key": 0, "index": 436, "osmid": [ 634101304, 634101306, 176216269 ], "highway": "tertiary", "lanes": "2", "maxspeed": "50", "name": "Jalan Todak", "oneway": true, "reversed": "False", "length": 52.588988812513712, "bridge": null, "junction": null, "length_m": 52.662514219899982, "building_count_50m": 9, "avg_building_area": 920.00859976803213, "poi_count_50m": 27, "highway_clean": "tertiary", "highway_rank": 3, "sinuosity": 1.003061900012205, "poi_diversity": 0.63651416829481278, "food_drink_count": 9, "street_furniture_count": 1, "degree_u": 3, "degree_v": 4, "avg_connectivity": 3.5, "city": "Singapore", "cluster": 1, "typology": "Active Commercial High Street" }, "geometry": { "type": "LineString", "coordinates": [ [ 103.834832299999988, 1.3530771 ], [ 103.8348447, 1.3530909 ], [ 103.835006899999982, 1.3532642 ], [ 103.835088199999987, 1.3533369 ], [ 103.8351756, 1.3534004 ] ] } },
{ "type": "Feature", "properties": { "u": 4810544981, "v": 5698521001, "key": 0, "index": 437, "osmid": [ 665224793, 665224794, 598740187 ], "highway": "residential", "lanes": "1", "maxspeed": "50", "name": "Upper Thomson Road", "oneway": true, "reversed": "False", "length": 59.095715732526628, "bridge": null, "junction": null, "length_m": 59.17826814326417, "building_count_50m": 8, "avg_building_area": 349.39481696626115, "poi_count_50m": 4, "highway_clean": "residential", "highway_rank": 2, "sinuosity": 1.0012370074036323, "poi_diversity": 0.56233514461880829, "food_drink_count": 1, "street_furniture_count": 1, "degree_u": 4, "degree_v": 3, "avg_connectivity": 3.5, "city": "Singapore", "cluster": 0, "typology": "Arterial Movement Corridor" }, "geometry": { "type": "LineString", "coordinates": [ [ 103.83557519999998, 1.3502307 ], [ 103.8356139, 1.35026 ], [ 103.835637799999986, 1.3502747 ], [ 103.835685, 1.3502986 ], [ 103.8358024, 1.3503643 ], [ 103.835933, 1.3504485 ], [ 103.8359653, 1.3504662 ], [ 103.835989, 1.3504792 ], [ 103.8360315, 1.3505021 ] ] } },
{ "type": "Feature", "properties": { "u": 4810544981, "v": 243418546, "key": 0, "index": 438, "osmid": [ 634510244, 635130985, 635130986, 760572075, 635130987, 22694194, 760571705, 665224795, 665224796 ], "highway": "residential", "lanes": "2", "maxspeed": "50", "name": "Upper Thomson Road", "oneway": false, "reversed": "True", "length": 542.28006769057765, "bridge": null, "junction": null, "length_m": 543.03721803995916, "building_count_50m": 17, "avg_building_area": 501.40633345066669, "poi_count_50m": 5, "highway_clean": "residential", "highway_rank": 2, "sinuosity": 1.7690927812120567, "poi_diversity": 1.6094379124341005, "food_drink_count": 1, "street_furniture_count": 1, "degree_u": 4, "degree_v": 5, "avg_connectivity": 4.5, "city": "Singapore", "cluster": 3, "typology": "Winding Connector Lane" }, "geometry": { "type": "LineString", "coordinates": [ [ 103.83557519999998, 1.3502307 ], [ 103.835464699999989, 1.3501889 ], [ 103.8354021, 1.3501565 ], [ 103.8353737, 1.3501382 ], [ 103.8351807, 1.3499846 ], [ 103.8351727, 1.3499752 ], [ 103.8348288, 1.3496457 ], [ 103.8346882, 1.3494936 ], [ 103.834702, 1.3494806 ], [ 103.834806499999985, 1.3493649 ], [ 103.83516849999998, 1.349022 ], [ 103.8352489, 1.3489246 ], [ 103.835417899999982, 1.3487348 ], [ 103.8354965, 1.3486789 ], [ 103.835520399999979, 1.3486211 ], [ 103.8355216, 1.3485369 ], [ 103.8355563, 1.3484642 ], [ 103.8356888, 1.3483258 ], [ 103.836028199999987, 1.3479588 ], [ 103.8360333, 1.3479478 ], [ 103.8360471, 1.3479186 ], [ 103.8360619, 1.3478716 ], [ 103.8360798, 1.3477414 ], [ 103.836103599999987, 1.3476735 ], [ 103.8361413, 1.3476258 ], [ 103.83620550000002, 1.3475893 ], [ 103.836267099999986, 1.3475692 ], [ 103.8363362, 1.3475592 ], [ 103.8364053, 1.3475667 ], [ 103.836473199999986, 1.347593 ], [ 103.836573099999981, 1.3476722 ], [ 103.837146099999984, 1.3479714 ], [ 103.8372786, 1.3480629 ] ] } },
{ "type": "Feature", "properties": { "u": 5015699283, "v": 247709736, "key": 0, "index": 439, "osmid": "537159979", "highway": "residential", "lanes": "2", "maxspeed": "50", "name": "Bright Hill Road", "oneway": false, "reversed": "False", "length": 7.4780471918348423, "bridge": null, "junction": null, "length_m": 7.4885352524587541, "building_count_50m": 1, "avg_building_area": 0.0, "poi_count_50m": 1, "highway_clean": "residential", "highway_rank": 2, "sinuosity": 1.0, "poi_diversity": 0.0, "food_drink_count": 1, "street_furniture_count": 1, "degree_u": 3, "degree_v": 5, "avg_connectivity": 4.0, "city": "Singapore", "cluster": 2, "typology": "Local Mixed Street" }, "geometry": { "type": "LineString", "coordinates": [ [ 103.8360059, 1.3638871 ], [ 103.8359685, 1.3638312 ] ] } },
{ "type": "Feature", "properties": { "u": 5015699438, "v": 4593195751, "key": 0, "index": 440, "osmid": "537159982", "highway": "residential", "lanes": null, "maxspeed": "50", "name": "Sin Ming Walk", "oneway": true, "reversed": "False", "length": 16.389220482863461, "bridge": null, "junction": null, "length_m": 16.412203241457004, "building_count_50m": 3, "avg_building_area": 1198.9452836367025, "poi_count_50m": 1, "highway_clean": "residential", "highway_rank": 2, "sinuosity": 1.0, "poi_diversity": 0.0, "food_drink_count": 1, "street_furniture_count": 1, "degree_u": 3, "degree_v": 4, "avg_connectivity": 3.5, "city": "Singapore", "cluster": 0, "typology": "Arterial Movement Corridor" }, "geometry": { "type": "LineString", "coordinates": [ [ 103.8331976, 1.363302 ], [ 103.8331373, 1.3634365 ] ] } },
{ "type": "Feature", "properties": { "u": 5015699438, "v": 245174809, "key": 0, "index": 441, "osmid": [ 630096326, 22802674, 630075835, 630075836, 861337181 ], "highway": "secondary", "lanes": "2", "maxspeed": "50", "name": "Sin Ming Avenue", "oneway": true, "reversed": "False", "length": 221.48057928823548, "bridge": null, "junction": null, "length_m": 221.79110187588347, "building_count_50m": 16, "avg_building_area": 440.97714845713858, "poi_count_50m": 6, "highway_clean": "secondary", "highway_rank": 4, "sinuosity": 1.0875646486567423, "poi_diversity": 0.86756322848146117, "food_drink_count": 1, "street_furniture_count": 1, "degree_u": 3, "degree_v": 6, "avg_connectivity": 4.5, "city": "Singapore", "cluster": 0, "typology": "Arterial Movement Corridor" }, "geometry": { "type": "LineString", "coordinates": [ [ 103.8331976, 1.363302 ], [ 103.8331352, 1.3632784 ], [ 103.8330595, 1.3632498 ], [ 103.8328102, 1.3631505 ], [ 103.8327861, 1.3631407 ], [ 103.832717800000012, 1.3631129 ], [ 103.8326209, 1.3630542 ], [ 103.8325521, 1.3630048 ], [ 103.8324674, 1.3629049 ], [ 103.8323742, 1.3627667 ], [ 103.8323163, 1.3626555 ], [ 103.832285899999988, 1.362563 ], [ 103.832268500000012, 1.362484 ], [ 103.832220599999985, 1.3622666 ], [ 103.832151199999984, 1.3619724 ], [ 103.832114799999985, 1.3618247 ] ] } },
{ "type": "Feature", "properties": { "u": 5137810887, "v": 5176761860, "key": 0, "index": 442, "osmid": [ 634063569, 633144179 ], "highway": "tertiary", "lanes": "3", "maxspeed": "50", "name": "Sin Ming Road", "oneway": true, "reversed": "False", "length": 59.549672854038661, "bridge": null, "junction": null, "length_m": 59.632923966873534, "building_count_50m": 6, "avg_building_area": 1499.344855615677, "poi_count_50m": 19, "highway_clean": "tertiary", "highway_rank": 3, "sinuosity": 1.0009282211800608, "poi_diversity": 0.65810998754311434, "food_drink_count": 7, "street_furniture_count": 1, "degree_u": 2, "degree_v": 3, "avg_connectivity": 2.5, "city": "Singapore", "cluster": 1, "typology": "Active Commercial High Street" }, "geometry": { "type": "LineString", "coordinates": [ [ 103.835917399999985, 1.3531753 ], [ 103.8358879, 1.3531409 ], [ 103.835611, 1.3529051 ], [ 103.835515299999983, 1.3528222 ] ] } },
{ "type": "Feature", "properties": { "u": 5137827223, "v": 243415165, "key": 0, "index": 443, "osmid": [ 479569232, 652182963, 634518205 ], "highway": "tertiary", "lanes": "2", "maxspeed": "50", "name": "Sin Ming Drive", "oneway": true, "reversed": "False", "length": 128.93433893601255, "bridge": null, "junction": null, "length_m": 129.11473929935619, "building_count_50m": 8, "avg_building_area": 1661.3122601406958, "poi_count_50m": 7, "highway_clean": "tertiary", "highway_rank": 3, "sinuosity": 1.0011616613078849, "poi_diversity": 1.0789922078775833, "food_drink_count": 2, "street_furniture_count": 1, "degree_u": 3, "degree_v": 3, "avg_connectivity": 3.0, "city": "Singapore", "cluster": 0, "typology": "Arterial Movement Corridor" }, "geometry": { "type": "LineString", "coordinates": [ [ 103.836337, 1.3560901 ], [ 103.8365861, 1.3559414 ], [ 103.8366929, 1.3558773 ], [ 103.836886299999989, 1.355756 ], [ 103.8371372, 1.3555987 ], [ 103.8372321, 1.355542 ], [ 103.837315599999982, 1.3554702 ] ] } },
{ "type": "Feature", "properties": { "u": 5137827227, "v": 5137827223, "key": 0, "index": 444, "osmid": "528770389", "highway": "tertiary_link", "lanes": "1", "maxspeed": "50", "name": null, "oneway": true, "reversed": "False", "length": 42.177033812282303, "bridge": null, "junction": null, "length_m": 42.236054715274705, "building_count_50m": 2, "avg_building_area": 827.78110078555744, "poi_count_50m": 1, "highway_clean": "tertiary_link", "highway_rank": 3, "sinuosity": 1.0467581374153023, "poi_diversity": 0.0, "food_drink_count": 1, "street_furniture_count": 1, "degree_u": 2, "degree_v": 3, "avg_connectivity": 2.5, "city": "Singapore", "cluster": 0, "typology": "Arterial Movement Corridor" }, "geometry": { "type": "LineString", "coordinates": [ [ 103.8362699, 1.3564462 ], [ 103.8362493, 1.3563694 ], [ 103.836250100000015, 1.3562886 ], [ 103.8362635, 1.3562293 ], [ 103.8362852, 1.3561717 ], [ 103.836337, 1.3560901 ] ] } },
{ "type": "Feature", "properties": { "u": 5137827227, "v": 243415163, "key": 0, "index": 445, "osmid": "633205031", "highway": "tertiary", "lanes": "1", "maxspeed": "50", "name": "Sin Ming Drive", "oneway": true, "reversed": "False", "length": 29.950174354022099, "bridge": null, "junction": null, "length_m": 29.992086263142468, "building_count_50m": 2, "avg_building_area": 827.78110078555744, "poi_count_50m": 1, "highway_clean": "tertiary", "highway_rank": 3, "sinuosity": 1.0000000148477191, "poi_diversity": 0.0, "food_drink_count": 1, "street_furniture_count": 1, "degree_u": 2, "degree_v": 4, "avg_connectivity": 3.0, "city": "Singapore", "cluster": 0, "typology": "Arterial Movement Corridor" }, "geometry": { "type": "LineString", "coordinates": [ [ 103.8362699, 1.3564462 ], [ 103.836199, 1.3563135 ], [ 103.836143, 1.3562086 ] ] } },
{ "type": "Feature", "properties": { "u": 5138050329, "v": 4598816973, "key": 0, "index": 446, "osmid": "537570265", "highway": "residential", "lanes": "1", "maxspeed": "40", "name": "Bright Hill Drive", "oneway": true, "reversed": "False", "length": 7.5735477559528279, "bridge": null, "junction": null, "length_m": 7.5841585484250249, "building_count_50m": 2, "avg_building_area": 3689.3263090313644, "poi_count_50m": 3, "highway_clean": "residential", "highway_rank": 2, "sinuosity": 1.0, "poi_diversity": 0.63651416829481278, "food_drink_count": 1, "street_furniture_count": 1, "degree_u": 3, "degree_v": 4, "avg_connectivity": 3.5, "city": "Singapore", "cluster": 0, "typology": "Arterial Movement Corridor" }, "geometry": { "type": "LineString", "coordinates": [ [ 103.8320554, 1.3603001 ], [ 103.8321234, 1.3602959 ] ] } },
{ "type": "Feature", "properties": { "u": 5138050329, "v": 5950255468, "key": 0, "index": 447, "osmid": [ 629414016, 630075830, 630075831, 629371230, 629371231 ], "highway": "secondary", "lanes": "2", "maxspeed": "40", "name": "Sin Ming Avenue", "oneway": true, "reversed": "False", "length": 172.14181184515505, "bridge": null, "junction": null, "length_m": 172.38304352963144, "building_count_50m": 4, "avg_building_area": 2014.3190309440197, "poi_count_50m": 4, "highway_clean": "secondary", "highway_rank": 4, "sinuosity": 1.0051314685125048, "poi_diversity": 1.0397207708399179, "food_drink_count": 1, "street_furniture_count": 1, "degree_u": 3, "degree_v": 4, "avg_connectivity": 3.5, "city": "Singapore", "cluster": 0, "typology": "Arterial Movement Corridor" }, "geometry": { "type": "LineString", "coordinates": [ [ 103.8320554, 1.3603001 ], [ 103.832056499999979, 1.3603163 ], [ 103.8320541, 1.3604173 ], [ 103.832050700000011, 1.3605605 ], [ 103.832034099999987, 1.3607527 ], [ 103.832028, 1.3608428 ], [ 103.8320162, 1.3610085 ], [ 103.8319936, 1.3611837 ], [ 103.8319677, 1.361354 ], [ 103.8319625, 1.3614364 ], [ 103.8319641, 1.3615 ], [ 103.8319817, 1.3616466 ], [ 103.8320018, 1.3617785 ], [ 103.832012299999988, 1.3618397 ] ] } },
{ "type": "Feature", "properties": { "u": 5138050330, "v": 5138050329, "key": 0, "index": 448, "osmid": "537570263", "highway": "secondary", "lanes": "2", "maxspeed": "40", "name": "Sin Ming Avenue", "oneway": true, "reversed": "False", "length": 8.4713390318601469, "bridge": null, "junction": null, "length_m": 8.4832075340406394, "building_count_50m": 2, "avg_building_area": 3689.3263090313644, "poi_count_50m": 2, "highway_clean": "secondary", "highway_rank": 4, "sinuosity": 1.0, "poi_diversity": 0.69314718055994529, "food_drink_count": 1, "street_furniture_count": 1, "degree_u": 3, "degree_v": 3, "avg_connectivity": 3.0, "city": "Singapore", "cluster": 0, "typology": "Arterial Movement Corridor" }, "geometry": { "type": "LineString", "coordinates": [ [ 103.832050099999989, 1.3602241 ], [ 103.8320554, 1.3603001 ] ] } },
{ "type": "Feature", "properties": { "u": 5143788820, "v": 1318513939, "key": 0, "index": 449, "osmid": "645200624", "highway": "residential", "lanes": "2", "maxspeed": "50", "name": "Jalan Angklong", "oneway": false, "reversed": "True", "length": 36.399632099972216, "bridge": null, "junction": null, "length_m": 36.450666639850446, "building_count_50m": 31, "avg_building_area": 148.30184172080735, "poi_count_50m": 1, "highway_clean": "residential", "highway_rank": 2, "sinuosity": 1.0, "poi_diversity": 0.0, "food_drink_count": 1, "street_furniture_count": 1, "degree_u": 5, "degree_v": 6, "avg_connectivity": 5.5, "city": "Singapore", "cluster": 2, "typology": "Local Mixed Street" }, "geometry": { "type": "LineString", "coordinates": [ [ 103.8291352, 1.3628417 ], [ 103.829433499999979, 1.3627067 ] ] } },
{ "type": "Feature", "properties": { "u": 5143788820, "v": 1318514124, "key": 0, "index": 450, "osmid": "645200626", "highway": "residential", "lanes": "2", "maxspeed": "50", "name": "Jalan Angklong", "oneway": false, "reversed": "False", "length": 90.109378985070748, "bridge": null, "junction": null, "length_m": 90.235725178327982, "building_count_50m": 36, "avg_building_area": 165.44360144491236, "poi_count_50m": 1, "highway_clean": "residential", "highway_rank": 2, "sinuosity": 1.0133256858576831, "poi_diversity": 0.0, "food_drink_count": 1, "street_furniture_count": 1, "degree_u": 5, "degree_v": 8, "avg_connectivity": 6.5, "city": "Singapore", "cluster": 2, "typology": "Local Mixed Street" }, "geometry": { "type": "LineString", "coordinates": [ [ 103.8291352, 1.3628417 ], [ 103.8288811, 1.3629488 ], [ 103.828755699999988, 1.362996 ], [ 103.8287099, 1.3630087 ], [ 103.828658, 1.3630107 ], [ 103.828508, 1.3630208 ], [ 103.8283571, 1.3630273 ] ] } },
{ "type": "Feature", "properties": { "u": 5143793921, "v": 1318513939, "key": 0, "index": 451, "osmid": "529547684", "highway": "residential", "lanes": "2", "maxspeed": "50", "name": "Jalan Rebana", "oneway": false, "reversed": "True", "length": 37.550738957306734, "bridge": null, "junction": null, "length_m": 37.603385225238263, "building_count_50m": 34, "avg_building_area": 147.04608545495873, "poi_count_50m": 1, "highway_clean": "residential", "highway_rank": 2, "sinuosity": 1.0, "poi_diversity": 0.0, "food_drink_count": 1, "street_furniture_count": 1, "degree_u": 5, "degree_v": 6, "avg_connectivity": 5.5, "city": "Singapore", "cluster": 2, "typology": "Local Mixed Street" }, "geometry": { "type": "LineString", "coordinates": [ [ 103.829129, 1.3625605 ], [ 103.829433499999979, 1.3627067 ] ] } },
{ "type": "Feature", "properties": { "u": 5143793921, "v": 1318514124, "key": 0, "index": 452, "osmid": [ 669627281, 117041311 ], "highway": "residential", "lanes": "2", "maxspeed": "50", "name": "Jalan Rebana", "oneway": false, "reversed": "False", "length": 150.58297011365022, "bridge": null, "junction": null, "length_m": 150.79408464643984, "building_count_50m": 52, "avg_building_area": 145.50236821723547, "poi_count_50m": 1, "highway_clean": "residential", "highway_rank": 2, "sinuosity": 1.501549073704141, "poi_diversity": 0.0, "food_drink_count": 1, "street_furniture_count": 1, "degree_u": 5, "degree_v": 8, "avg_connectivity": 6.5, "city": "Singapore", "cluster": 2, "typology": "Local Mixed Street" }, "geometry": { "type": "LineString", "coordinates": [ [ 103.829129, 1.3625605 ], [ 103.828872, 1.3624429 ], [ 103.8288406, 1.3624312 ], [ 103.8287957, 1.3624302 ], [ 103.828423799999982, 1.3624486 ], [ 103.8283952, 1.3624562 ], [ 103.828372299999984, 1.3624738 ], [ 103.8283509, 1.3625044 ], [ 103.8283367, 1.3625591 ], [ 103.8283365, 1.3626041 ], [ 103.8283571, 1.3630273 ] ] } },
{ "type": "Feature", "properties": { "u": 5143793921, "v": 5143788820, "key": 0, "index": 453, "osmid": "529547683", "highway": "residential", "lanes": "1", "maxspeed": "50", "name": "Jalan Rebana", "oneway": true, "reversed": "False", "length": 32.378748315238255, "bridge": null, "junction": null, "length_m": 32.424144346895339, "building_count_50m": 38, "avg_building_area": 148.00175315360576, "poi_count_50m": 1, "highway_clean": "residential", "highway_rank": 2, "sinuosity": 1.0352701137393614, "poi_diversity": 0.0, "food_drink_count": 1, "street_furniture_count": 1, "degree_u": 5, "degree_v": 5, "avg_connectivity": 5.0, "city": "Singapore", "cluster": 2, "typology": "Local Mixed Street" }, "geometry": { "type": "LineString", "coordinates": [ [ 103.829129, 1.3625605 ], [ 103.829144699999986, 1.3625933 ], [ 103.8291524, 1.3626314 ], [ 103.8291573, 1.3626672 ], [ 103.829160499999986, 1.3627011 ], [ 103.8291614, 1.3627405 ], [ 103.8291588, 1.3627781 ], [ 103.8291517, 1.3628126 ], [ 103.8291352, 1.3628417 ] ] } },
{ "type": "Feature", "properties": { "u": 5175569970, "v": 248894319, "key": 0, "index": 454, "osmid": [ 479747044, 479747045, 537159985, 633202450, 633202451, 633202453, 75122488, 1526444828 ], "highway": "primary", "lanes": [ "4", "3" ], "maxspeed": "60", "name": "Upper Thomson Road", "oneway": true, "reversed": "False", "length": 475.51275443098524, "bridge": "yes", "junction": null, "length_m": 476.17998815048082, "building_count_50m": 23, "avg_building_area": 205.99854395536053, "poi_count_50m": 7, "highway_clean": "primary", "highway_rank": 5, "sinuosity": 1.00030316817734, "poi_diversity": 1.0789922078775833, "food_drink_count": 1, "street_furniture_count": 1, "degree_u": 3, "degree_v": 2, "avg_connectivity": 2.5, "city": "Singapore", "cluster": 0, "typology": "Arterial Movement Corridor" }, "geometry": { "type": "LineString", "coordinates": [ [ 103.8279799, 1.3633457 ], [ 103.8279999, 1.3636672 ], [ 103.8280131, 1.3638375 ], [ 103.828024699999986, 1.3639877 ], [ 103.828064199999986, 1.3645546 ], [ 103.828081499999982, 1.3648963 ], [ 103.828087, 1.3650629 ], [ 103.828097299999982, 1.3653511 ], [ 103.828128899999982, 1.3656705 ], [ 103.8281949, 1.3663716 ], [ 103.8282041, 1.3668528 ], [ 103.8282251, 1.3671341 ], [ 103.828235100000015, 1.3673076 ], [ 103.8282508, 1.3676122 ] ] } },
{ "type": "Feature", "properties": { "u": 5175569975, "v": 1318514046, "key": 0, "index": 455, "osmid": "537159988", "highway": "primary", "lanes": "3", "maxspeed": "60", "name": "Upper Thomson Road", "oneway": true, "reversed": "False", "length": 39.804768115408194, "bridge": null, "junction": null, "length_m": 39.860583945558908, "building_count_50m": 11, "avg_building_area": 162.13230066195052, "poi_count_50m": 1, "highway_clean": "primary", "highway_rank": 5, "sinuosity": 1.0, "poi_diversity": 0.0, "food_drink_count": 1, "street_furniture_count": 1, "degree_u": 3, "degree_v": 5, "avg_connectivity": 4.0, "city": "Singapore", "cluster": 0, "typology": "Arterial Movement Corridor" }, "geometry": { "type": "LineString", "coordinates": [ [ 103.8281846, 1.3633808 ], [ 103.8281918, 1.3630229 ] ] } },
{ "type": "Feature", "properties": { "u": 5175569975, "v": 5175569970, "key": 0, "index": 456, "osmid": "533485052", "highway": "primary_link", "lanes": "1", "maxspeed": "50", "name": "Upper Thomson Road", "oneway": true, "reversed": "False", "length": 25.151654509140201, "bridge": null, "junction": null, "length_m": 25.186924592892151, "building_count_50m": 7, "avg_building_area": 162.20936667956832, "poi_count_50m": 1, "highway_clean": "primary_link", "highway_rank": 5, "sinuosity": 1.0894067137569881, "poi_diversity": 0.0, "food_drink_count": 1, "street_furniture_count": 1, "degree_u": 3, "degree_v": 3, "avg_connectivity": 3.0, "city": "Singapore", "cluster": 0, "typology": "Arterial Movement Corridor" }, "geometry": { "type": "LineString", "coordinates": [ [ 103.8281846, 1.3633808 ], [ 103.8281302, 1.3633355 ], [ 103.8280895, 1.3633246 ], [ 103.828055099999986, 1.3633224 ], [ 103.8280173, 1.3633318 ], [ 103.8279799, 1.3633457 ] ] } },
{ "type": "Feature", "properties": { "u": 5175569981, "v": 5689382226, "key": 0, "index": 457, "osmid": "533485053", "highway": "secondary_link", "lanes": "1", "maxspeed": "50", "name": null, "oneway": true, "reversed": "False", "length": 60.070680198710448, "bridge": null, "junction": null, "length_m": 60.154923221183353, "building_count_50m": 4, "avg_building_area": 263.28301983002223, "poi_count_50m": 3, "highway_clean": "secondary_link", "highway_rank": 4, "sinuosity": 1.1134795043911263, "poi_diversity": 0.0, "food_drink_count": 1, "street_furniture_count": 1, "degree_u": 3, "degree_v": 3, "avg_connectivity": 3.0, "city": "Singapore", "cluster": 0, "typology": "Arterial Movement Corridor" }, "geometry": { "type": "LineString", "coordinates": [ [ 103.832878699999981, 1.36336 ], [ 103.8329824, 1.3634538 ], [ 103.833009299999986, 1.3635076 ], [ 103.833017499999983, 1.363524 ], [ 103.8330211, 1.3636458 ], [ 103.8329641, 1.3638376 ] ] } },
{ "type": "Feature", "properties": { "u": 5175569981, "v": 4593195751, "key": 0, "index": 458, "osmid": "630096325", "highway": "secondary", "lanes": "2", "maxspeed": "50", "name": "Sin Ming Avenue", "oneway": true, "reversed": "False", "length": 29.979062964074398, "bridge": null, "junction": null, "length_m": 30.021103249515548, "building_count_50m": 3, "avg_building_area": 325.43996035541551, "poi_count_50m": 2, "highway_clean": "secondary", "highway_rank": 4, "sinuosity": 1.0000001412863642, "poi_diversity": 0.0, "food_drink_count": 1, "street_furniture_count": 1, "degree_u": 3, "degree_v": 4, "avg_connectivity": 3.5, "city": "Singapore", "cluster": 0, "typology": "Arterial Movement Corridor" }, "geometry": { "type": "LineString", "coordinates": [ [ 103.832878699999981, 1.36336 ], [ 103.83308030000002, 1.3634197 ], [ 103.8331373, 1.3634365 ] ] } },
{ "type": "Feature", "properties": { "u": 5176695217, "v": 5176695217, "key": 0, "index": 459, "osmid": [ 533619651, 633180420, 633180421 ], "highway": "residential", "lanes": "2", "maxspeed": "50", "name": "Sin Ming Walk", "oneway": true, "reversed": "False", "length": 84.96642783871404, "bridge": null, "junction": "roundabout", "length_m": 85.085653544332644, "building_count_50m": 14, "avg_building_area": 965.20753466843439, "poi_count_50m": 11, "highway_clean": "residential", "highway_rank": 2, "sinuosity": 1.0, "poi_diversity": 0.60016607315964565, "food_drink_count": 1, "street_furniture_count": 9, "degree_u": 4, "degree_v": 4, "avg_connectivity": 4.0, "city": "Singapore", "cluster": 4, "typology": "Pedestrian-Rich Street" }, "geometry": { "type": "LineString", "coordinates": [ [ 103.8307776, 1.3654683 ], [ 103.8307606, 1.365439 ], [ 103.8307443, 1.3654284 ], [ 103.8307248, 1.3654203 ], [ 103.8307061, 1.3654179 ], [ 103.830686299999982, 1.3654201 ], [ 103.8306094, 1.3654582 ], [ 103.8305674, 1.3654845 ], [ 103.8305425, 1.3655001 ], [ 103.830532, 1.3655125 ], [ 103.830527300000014, 1.3655275 ], [ 103.830526399999982, 1.365543 ], [ 103.83053, 1.3655571 ], [ 103.830548, 1.3655905 ], [ 103.8305684, 1.3656229 ], [ 103.8305815, 1.3656362 ], [ 103.830598599999988, 1.3656459 ], [ 103.8306156, 1.3656476 ], [ 103.8306358, 1.3656441 ], [ 103.8307802, 1.3655669 ], [ 103.830791599999984, 1.3655546 ], [ 103.830797, 1.365539 ], [ 103.8307984, 1.3655218 ], [ 103.8307952, 1.3655049 ], [ 103.8307776, 1.3654683 ] ] } },
{ "type": "Feature", "properties": { "u": 5176695217, "v": 1318514013, "key": 0, "index": 460, "osmid": [ 630111777, 720099980, 720099981, 720099982, 117041301, 645286807, 645286808, 645286043, 645286044, 720101277 ], "highway": "residential", "lanes": [ "2", "3" ], "maxspeed": "50", "name": "Sin Ming Walk", "oneway": false, "reversed": "True", "length": 285.85585470546675, "bridge": null, "junction": null, "length_m": 286.25688970706778, "building_count_50m": 16, "avg_building_area": 770.43502559321666, "poi_count_50m": 16, "highway_clean": "residential", "highway_rank": 2, "sinuosity": 1.0178319224036785, "poi_diversity": 0.86474009652763717, "food_drink_count": 1, "street_furniture_count": 9, "degree_u": 4, "degree_v": 4, "avg_connectivity": 4.0, "city": "Singapore", "cluster": 4, "typology": "Pedestrian-Rich Street" }, "geometry": { "type": "LineString", "coordinates": [ [ 103.8307776, 1.3654683 ], [ 103.83095609999998, 1.3653752 ], [ 103.831670399999979, 1.3649895 ], [ 103.8318205, 1.3649118 ], [ 103.8319065, 1.3648685 ], [ 103.831977899999984, 1.3648327 ], [ 103.832153199999979, 1.3647425 ], [ 103.832242400000013, 1.3646966 ], [ 103.8326068, 1.3644954 ], [ 103.832717299999985, 1.3644149 ], [ 103.8327464, 1.3643854 ], [ 103.832796, 1.3643265 ], [ 103.832863, 1.3642109 ], [ 103.8329074, 1.3641097 ] ] } },
{ "type": "Feature", "properties": { "u": 5176761855, "v": 1857011360, "key": 0, "index": 461, "osmid": [ 633149673, 640218101, 75117645 ], "highway": "primary", "lanes": "5", "maxspeed": "60", "name": "Upper Thomson Road", "oneway": true, "reversed": "False", "length": 106.37671614562653, "bridge": null, "junction": null, "length_m": 106.52538528630474, "building_count_50m": 8, "avg_building_area": 1446.5643453406633, "poi_count_50m": 20, "highway_clean": "primary", "highway_rank": 5, "sinuosity": 1.0041527029721917, "poi_diversity": 0.68813881371358843, "food_drink_count": 9, "street_furniture_count": 1, "degree_u": 3, "degree_v": 4, "avg_connectivity": 3.5, "city": "Singapore", "cluster": 1, "typology": "Active Commercial High Street" }, "geometry": { "type": "LineString", "coordinates": [ [ 103.8354024, 1.3523546 ], [ 103.835452299999986, 1.352283 ], [ 103.835551099999989, 1.3521145 ], [ 103.8355661, 1.3520895 ], [ 103.8356372, 1.3519339 ], [ 103.8357578, 1.3516273 ], [ 103.8357789, 1.3515679 ], [ 103.8358031, 1.3514902 ] ] } },
{ "type": "Feature", "properties": { "u": 5176761860, "v": 5176761855, "key": 0, "index": 462, "osmid": "533628376", "highway": "primary_link", "lanes": "1", "maxspeed": "50", "name": null, "oneway": true, "reversed": "False", "length": 58.491438009485591, "bridge": null, "junction": null, "length_m": 58.573200080821564, "building_count_50m": 7, "avg_building_area": 1544.6070966932534, "poi_count_50m": 16, "highway_clean": "primary_link", "highway_rank": 5, "sinuosity": 1.0935415674967119, "poi_diversity": 0.88153226118816375, "food_drink_count": 8, "street_furniture_count": 1, "degree_u": 3, "degree_v": 3, "avg_connectivity": 3.0, "city": "Singapore", "cluster": 1, "typology": "Active Commercial High Street" }, "geometry": { "type": "LineString", "coordinates": [ [ 103.835515299999983, 1.3528222 ], [ 103.8354082, 1.3526776 ], [ 103.835368, 1.3526215 ], [ 103.8353533, 1.3525814 ], [ 103.8353523, 1.352526 ], [ 103.8353632, 1.3524686 ], [ 103.8354024, 1.3523546 ] ] } },
{ "type": "Feature", "properties": { "u": 5176761860, "v": 206089495, "key": 0, "index": 463, "osmid": "633144180", "highway": "tertiary", "lanes": "2", "maxspeed": "50", "name": "Sin Ming Road", "oneway": true, "reversed": "False", "length": 43.505059110534894, "bridge": null, "junction": null, "length_m": 43.565874264528908, "building_count_50m": 7, "avg_building_area": 1544.6070966932534, "poi_count_50m": 17, "highway_clean": "tertiary", "highway_rank": 3, "sinuosity": 1.0000342323936717, "poi_diversity": 0.84636582962628737, "food_drink_count": 6, "street_furniture_count": 1, "degree_u": 3, "degree_v": 4, "avg_connectivity": 3.5, "city": "Singapore", "cluster": 1, "typology": "Active Commercial High Street" }, "geometry": { "type": "LineString", "coordinates": [ [ 103.835515299999983, 1.3528222 ], [ 103.8353115, 1.3526499 ], [ 103.8352773, 1.3526201 ], [ 103.835217899999989, 1.3525679 ] ] } },
{ "type": "Feature", "properties": { "u": 5643502198, "v": 243465482, "key": 0, "index": 464, "osmid": "631707824", "highway": "primary", "lanes": null, "maxspeed": "70", "name": "Ang Mo Kio Avenue 1", "oneway": true, "reversed": "False", "length": 6.6927557812067731, "bridge": null, "junction": null, "length_m": 6.7021497817719808, "building_count_50m": 1, "avg_building_area": 1910.1758469173342, "poi_count_50m": 1, "highway_clean": "primary", "highway_rank": 5, "sinuosity": 1.0, "poi_diversity": 0.0, "food_drink_count": 1, "street_furniture_count": 1, "degree_u": 3, "degree_v": 3, "avg_connectivity": 3.0, "city": "Singapore", "cluster": 0, "typology": "Arterial Movement Corridor" }, "geometry": { "type": "LineString", "coordinates": [ [ 103.8356766, 1.3664769 ], [ 103.835618699999984, 1.3664934 ] ] } },
{ "type": "Feature", "properties": { "u": 5643502199, "v": 308938197, "key": 0, "index": 465, "osmid": "639270844", "highway": "primary", "lanes": null, "maxspeed": "70", "name": "Ang Mo Kio Avenue 1", "oneway": true, "reversed": "False", "length": 7.6818434057684222, "bridge": null, "junction": null, "length_m": 7.6926261245927723, "building_count_50m": 1, "avg_building_area": 1910.1758469173342, "poi_count_50m": 1, "highway_clean": "primary", "highway_rank": 5, "sinuosity": 1.0, "poi_diversity": 0.0, "food_drink_count": 1, "street_furniture_count": 1, "degree_u": 4, "degree_v": 4, "avg_connectivity": 4.0, "city": "Singapore", "cluster": 0, "typology": "Arterial Movement Corridor" }, "geometry": { "type": "LineString", "coordinates": [ [ 103.835659599999985, 1.366631 ], [ 103.8357244, 1.366607 ] ] } },
{ "type": "Feature", "properties": { "u": 5643502199, "v": 2085971080, "key": 0, "index": 466, "osmid": [ 647943879, 19781231 ], "highway": "primary", "lanes": "3", "maxspeed": "60", "name": "Ang Mo Kio Avenue 3", "oneway": true, "reversed": "False", "length": 107.7941628391095, "bridge": null, "junction": null, "length_m": 107.94549066967471, "building_count_50m": 6, "avg_building_area": 1149.5521225131977, "poi_count_50m": 4, "highway_clean": "primary", "highway_rank": 5, "sinuosity": 1.0000762936757885, "poi_diversity": 0.56233514461880829, "food_drink_count": 1, "street_furniture_count": 1, "degree_u": 4, "degree_v": 2, "avg_connectivity": 3.0, "city": "Singapore", "cluster": 0, "typology": "Arterial Movement Corridor" }, "geometry": { "type": "LineString", "coordinates": [ [ 103.835659599999985, 1.366631 ], [ 103.835689299999984, 1.3667221 ], [ 103.8358035, 1.3670447 ], [ 103.8358867, 1.3673041 ], [ 103.835968899999983, 1.3675497 ] ] } },
{ "type": "Feature", "properties": { "u": 5646398857, "v": 4000033077, "key": 0, "index": 467, "osmid": "464804367", "highway": "primary_link", "lanes": "1", "maxspeed": "50", "name": null, "oneway": true, "reversed": "False", "length": 31.552940205996915, "bridge": null, "junction": null, "length_m": 31.597136992026485, "building_count_50m": 1, "avg_building_area": 2194.1763607701064, "poi_count_50m": 1, "highway_clean": "primary_link", "highway_rank": 5, "sinuosity": 1.0374425769166933, "poi_diversity": 0.0, "food_drink_count": 1, "street_furniture_count": 1, "degree_u": 3, "degree_v": 3, "avg_connectivity": 3.0, "city": "Singapore", "cluster": 0, "typology": "Arterial Movement Corridor" }, "geometry": { "type": "LineString", "coordinates": [ [ 103.8285862, 1.3594413 ], [ 103.8286642, 1.359504 ], [ 103.8287124, 1.3595453 ], [ 103.8287521, 1.3596588 ] ] } },
{ "type": "Feature", "properties": { "u": 5646398857, "v": 4593195739, "key": 0, "index": 468, "osmid": "628483516", "highway": "unclassified", "lanes": "2", "maxspeed": "50", "name": "Venus Drive", "oneway": true, "reversed": "False", "length": 17.063673812098163, "bridge": null, "junction": null, "length_m": 17.087574522769479, "building_count_50m": 1, "avg_building_area": 2194.1763607701064, "poi_count_50m": 1, "highway_clean": "unclassified", "highway_rank": 1, "sinuosity": 1.0000017005040638, "poi_diversity": 0.0, "food_drink_count": 1, "street_furniture_count": 1, "degree_u": 3, "degree_v": 4, "avg_connectivity": 3.5, "city": "Singapore", "cluster": 0, "typology": "Arterial Movement Corridor" }, "geometry": { "type": "LineString", "coordinates": [ [ 103.8285862, 1.3594413 ], [ 103.8286908, 1.3594411 ], [ 103.8287397, 1.3594412 ] ] } },
{ "type": "Feature", "properties": { "u": 5648108171, "v": 10898604744, "key": 0, "index": 469, "osmid": [ 634529104, 736525668 ], "highway": "primary", "lanes": "3", "maxspeed": "60", "name": "Upper Thomson Road", "oneway": true, "reversed": "False", "length": 44.14868519054999, "bridge": null, "junction": null, "length_m": 44.210434512739468, "building_count_50m": 33, "avg_building_area": 128.61985978251946, "poi_count_50m": 1, "highway_clean": "primary", "highway_rank": 5, "sinuosity": 1.0001473396442335, "poi_diversity": 0.0, "food_drink_count": 1, "street_furniture_count": 1, "degree_u": 3, "degree_v": 3, "avg_connectivity": 3.0, "city": "Singapore", "cluster": 0, "typology": "Arterial Movement Corridor" }, "geometry": { "type": "LineString", "coordinates": [ [ 103.8328908, 1.3544926 ], [ 103.832681699999981, 1.3546042 ], [ 103.8325379, 1.3546746 ] ] } },
{ "type": "Feature", "properties": { "u": 5648108171, "v": 11279640732, "key": 0, "index": 470, "osmid": "1217366062", "highway": "primary_link", "lanes": null, "maxspeed": null, "name": null, "oneway": true, "reversed": "False", "length": 12.679739009699892, "bridge": null, "junction": null, "length_m": 12.697473516934727, "building_count_50m": 24, "avg_building_area": 310.64145623049779, "poi_count_50m": 1, "highway_clean": "primary_link", "highway_rank": 5, "sinuosity": 1.1093465220708421, "poi_diversity": 0.0, "food_drink_count": 1, "street_furniture_count": 1, "degree_u": 3, "degree_v": 3, "avg_connectivity": 3.0, "city": "Singapore", "cluster": 0, "typology": "Arterial Movement Corridor" }, "geometry": { "type": "LineString", "coordinates": [ [ 103.8328908, 1.3544926 ], [ 103.8328891, 1.3545142 ], [ 103.832898899999989, 1.3545389 ], [ 103.8329217, 1.3545629 ], [ 103.832952, 1.3545752 ] ] } },
{ "type": "Feature", "properties": { "u": 5648108207, "v": 5648108210, "key": 0, "index": 471, "osmid": "591643541", "highway": "residential", "lanes": "1", "maxspeed": "50", "name": "Bright Hill Drive", "oneway": true, "reversed": "False", "length": 38.757225640077337, "bridge": null, "junction": null, "length_m": 38.8114440972167, "building_count_50m": 12, "avg_building_area": 278.02082538117503, "poi_count_50m": 2, "highway_clean": "residential", "highway_rank": 2, "sinuosity": 1.0813629941554324, "poi_diversity": 0.69314718055994529, "food_drink_count": 1, "street_furniture_count": 1, "degree_u": 3, "degree_v": 4, "avg_connectivity": 3.5, "city": "Singapore", "cluster": 0, "typology": "Arterial Movement Corridor" }, "geometry": { "type": "LineString", "coordinates": [ [ 103.8318459, 1.3551074 ], [ 103.8319225, 1.3551351 ], [ 103.831961399999983, 1.3551624 ], [ 103.8319682, 1.35517 ], [ 103.831995, 1.3552058 ], [ 103.832041, 1.3552757 ], [ 103.832051, 1.3553561 ] ] } },
{ "type": "Feature", "properties": { "u": 5648108207, "v": 206089498, "key": 0, "index": 472, "osmid": [ 655635261, 634056111 ], "highway": "primary", "lanes": "3", "maxspeed": "60", "name": "Upper Thomson Road", "oneway": true, "reversed": "False", "length": 34.192120867737586, "bridge": null, "junction": null, "length_m": 34.239950822117081, "building_count_50m": 17, "avg_building_area": 185.82169402173483, "poi_count_50m": 2, "highway_clean": "primary", "highway_rank": 5, "sinuosity": 1.0003134513179508, "poi_diversity": 0.69314718055994529, "food_drink_count": 1, "street_furniture_count": 1, "degree_u": 3, "degree_v": 3, "avg_connectivity": 3.0, "city": "Singapore", "cluster": 0, "typology": "Arterial Movement Corridor" }, "geometry": { "type": "LineString", "coordinates": [ [ 103.8318459, 1.3551074 ], [ 103.8319034, 1.355081 ], [ 103.832131299999986, 1.354993 ] ] } },
{ "type": "Feature", "properties": { "u": 5648108210, "v": 206089498, "key": 0, "index": 473, "osmid": "591643542", "highway": "residential", "lanes": "1", "maxspeed": "50", "name": "Bright Hill Drive", "oneway": true, "reversed": "False", "length": 42.396623581462542, "bridge": null, "junction": null, "length_m": 42.455932579239061, "building_count_50m": 19, "avg_building_area": 219.76507642074202, "poi_count_50m": 2, "highway_clean": "residential", "highway_rank": 2, "sinuosity": 1.0253129201288791, "poi_diversity": 0.69314718055994529, "food_drink_count": 1, "street_furniture_count": 1, "degree_u": 4, "degree_v": 3, "avg_connectivity": 3.5, "city": "Singapore", "cluster": 2, "typology": "Local Mixed Street" }, "geometry": { "type": "LineString", "coordinates": [ [ 103.832051, 1.3553561 ], [ 103.8320727, 1.3551905 ], [ 103.8320741, 1.3551301 ], [ 103.8320781, 1.3550698 ], [ 103.832131299999986, 1.354993 ] ] } },
{ "type": "Feature", "properties": { "u": 5648108210, "v": 1867626561, "key": 0, "index": 474, "osmid": [ 760541592, 644408859, 717075366 ], "highway": "residential", "lanes": [ "2", "4" ], "maxspeed": "50", "name": "Bright Hill Drive", "oneway": false, "reversed": "False", "length": 107.07446968376749, "bridge": null, "junction": null, "length_m": 107.2242866317433, "building_count_50m": 20, "avg_building_area": 180.73773967653344, "poi_count_50m": 2, "highway_clean": "residential", "highway_rank": 2, "sinuosity": 1.0007645414565296, "poi_diversity": 0.69314718055994529, "food_drink_count": 1, "street_furniture_count": 1, "degree_u": 4, "degree_v": 6, "avg_connectivity": 5.0, "city": "Singapore", "cluster": 2, "typology": "Local Mixed Street" }, "geometry": { "type": "LineString", "coordinates": [ [ 103.832051, 1.3553561 ], [ 103.8320272, 1.3556122 ], [ 103.8320245, 1.3558066 ], [ 103.831996599999982, 1.3561256 ], [ 103.831995399999983, 1.3563167 ] ] } },
{ "type": "Feature", "properties": { "u": 5648108224, "v": 1867626588, "key": 0, "index": 475, "osmid": "646314738", "highway": "residential", "lanes": "2", "maxspeed": "50", "name": "Bright Hill Drive", "oneway": false, "reversed": "True", "length": 47.234381484518529, "bridge": null, "junction": null, "length_m": 47.300503491331249, "building_count_50m": 11, "avg_building_area": 449.06665760344828, "poi_count_50m": 2, "highway_clean": "residential", "highway_rank": 2, "sinuosity": 1.0000009190026304, "poi_diversity": 0.0, "food_drink_count": 1, "street_furniture_count": 1, "degree_u": 2, "degree_v": 6, "avg_connectivity": 4.0, "city": "Singapore", "cluster": 2, "typology": "Local Mixed Street" }, "geometry": { "type": "LineString", "coordinates": [ [ 103.8326852, 1.3576876 ], [ 103.8325252, 1.3573192 ], [ 103.832516100000021, 1.3572979 ] ] } },
{ "type": "Feature", "properties": { "u": 5648108234, "v": 1601010905, "key": 0, "index": 476, "osmid": "591643544", "highway": "primary_link", "lanes": "1", "maxspeed": "50", "name": "Upper Thomson Road", "oneway": true, "reversed": "False", "length": 30.199323023910683, "bridge": null, "junction": null, "length_m": 30.241574135360274, "building_count_50m": 1, "avg_building_area": 15034.2309915893, "poi_count_50m": 3, "highway_clean": "primary_link", "highway_rank": 5, "sinuosity": 1.385866051079182, "poi_diversity": 0.63651416829481278, "food_drink_count": 1, "street_furniture_count": 1, "degree_u": 3, "degree_v": 3, "avg_connectivity": 3.0, "city": "Singapore", "cluster": 0, "typology": "Arterial Movement Corridor" }, "geometry": { "type": "LineString", "coordinates": [ [ 103.8307225, 1.3556851 ], [ 103.8307443, 1.3556502 ], [ 103.8307559, 1.3556275 ], [ 103.830766, 1.3555912 ], [ 103.830763799999986, 1.3555606 ], [ 103.83075359999998, 1.3555319 ], [ 103.8307388, 1.355517 ], [ 103.830717799999988, 1.3555062 ], [ 103.830692499999984, 1.3555015 ], [ 103.8306567, 1.3555005 ] ] } },
{ "type": "Feature", "properties": { "u": 5648108234, "v": 5648108207, "key": 0, "index": 477, "osmid": [ 634085466, 634085467, 634101390, 482040487 ], "highway": "primary", "lanes": "3", "maxspeed": "60", "name": "Upper Thomson Road", "oneway": true, "reversed": "False", "length": 140.52773984742907, "bridge": null, "junction": null, "length_m": 140.72433802964017, "building_count_50m": 8, "avg_building_area": 2129.1453972555605, "poi_count_50m": 6, "highway_clean": "primary", "highway_rank": 5, "sinuosity": 1.000663672642961, "poi_diversity": 0.86756322848146117, "food_drink_count": 1, "street_furniture_count": 1, "degree_u": 3, "degree_v": 3, "avg_connectivity": 3.0, "city": "Singapore", "cluster": 0, "typology": "Arterial Movement Corridor" }, "geometry": { "type": "LineString", "coordinates": [ [ 103.8307225, 1.3556851 ], [ 103.8308288, 1.3556187 ], [ 103.83088979999998, 1.355587 ], [ 103.8310242, 1.355515 ], [ 103.8311194, 1.355464 ], [ 103.8312581, 1.3553887 ], [ 103.8314799, 1.3552872 ], [ 103.8316217, 1.355217 ], [ 103.8318459, 1.3551074 ] ] } },
{ "type": "Feature", "properties": { "u": 5649987559, "v": 5137810887, "key": 0, "index": 478, "osmid": [ 173960128, 633183019 ], "highway": "tertiary", "lanes": "2", "maxspeed": "50", "name": "Sin Ming Road", "oneway": true, "reversed": "False", "length": 21.620084604992783, "bridge": null, "junction": null, "length_m": 21.650312128449482, "building_count_50m": 7, "avg_building_area": 1169.6619580820529, "poi_count_50m": 17, "highway_clean": "tertiary", "highway_rank": 3, "sinuosity": 1.0317899869182507, "poi_diversity": 0.54559457396918432, "food_drink_count": 4, "street_furniture_count": 1, "degree_u": 2, "degree_v": 2, "avg_connectivity": 2.0, "city": "Singapore", "cluster": 1, "typology": "Active Commercial High Street" }, "geometry": { "type": "LineString", "coordinates": [ [ 103.835944399999988, 1.3533618 ], [ 103.8359508, 1.3532578 ], [ 103.835941299999988, 1.3532145 ], [ 103.835917399999985, 1.3531753 ] ] } },
{ "type": "Feature", "properties": { "u": 5659506912, "v": 2291053366, "key": 0, "index": 479, "osmid": [ 219977152, 645127899 ], "highway": "residential", "lanes": "2", "maxspeed": "50", "name": "Lorong Puntong", "oneway": false, "reversed": "False", "length": 113.31617688120154, "bridge": null, "junction": null, "length_m": 113.474965222701, "building_count_50m": 22, "avg_building_area": 197.72518172710986, "poi_count_50m": 4, "highway_clean": "residential", "highway_rank": 2, "sinuosity": 1.0628069232912005, "poi_diversity": 1.0397207708399179, "food_drink_count": 1, "street_furniture_count": 1, "degree_u": 6, "degree_v": 6, "avg_connectivity": 6.0, "city": "Singapore", "cluster": 2, "typology": "Local Mixed Street" }, "geometry": { "type": "LineString", "coordinates": [ [ 103.8310415, 1.3614007 ], [ 103.831082099999989, 1.3611564 ], [ 103.8310929, 1.3610852 ], [ 103.8311038, 1.3610141 ], [ 103.8311089, 1.3609441 ], [ 103.831104599999989, 1.3608788 ], [ 103.8310914, 1.3607981 ], [ 103.8310763, 1.3607545 ], [ 103.8310643, 1.3607197 ], [ 103.8310289, 1.3606432 ], [ 103.8309748, 1.360569 ], [ 103.830873899999986, 1.3604566 ] ] } },
{ "type": "Feature", "properties": { "u": 5659506912, "v": 2291053370, "key": 0, "index": 480, "osmid": "646955798", "highway": "residential", "lanes": "2", "maxspeed": "50", "name": "Lorong Puntong", "oneway": false, "reversed": "True", "length": 16.840116832657372, "bridge": null, "junction": null, "length_m": 16.863718624302383, "building_count_50m": 15, "avg_building_area": 135.49311541016766, "poi_count_50m": 4, "highway_clean": "residential", "highway_rank": 2, "sinuosity": 1.0209318132713976, "poi_diversity": 1.0397207708399179, "food_drink_count": 1, "street_furniture_count": 1, "degree_u": 6, "degree_v": 2, "avg_connectivity": 4.0, "city": "Singapore", "cluster": 2, "typology": "Local Mixed Street" }, "geometry": { "type": "LineString", "coordinates": [ [ 103.8310415, 1.3614007 ], [ 103.8310357, 1.3614828 ], [ 103.8310039, 1.3615442 ] ] } },
{ "type": "Feature", "properties": { "u": 5659506912, "v": 8918219370, "key": 0, "index": 481, "osmid": "795088108", "highway": "residential", "lanes": "2", "maxspeed": "50", "name": "Lorong Puntong", "oneway": false, "reversed": "True", "length": 95.328690043953898, "bridge": null, "junction": null, "length_m": 95.46229553366237, "building_count_50m": 10, "avg_building_area": 154.01076882065607, "poi_count_50m": 5, "highway_clean": "residential", "highway_rank": 2, "sinuosity": 1.7094835816619915, "poi_diversity": 0.95027053923323468, "food_drink_count": 1, "street_furniture_count": 1, "degree_u": 6, "degree_v": 2, "avg_connectivity": 4.0, "city": "Singapore", "cluster": 2, "typology": "Local Mixed Street" }, "geometry": { "type": "LineString", "coordinates": [ [ 103.8310415, 1.3614007 ], [ 103.831142, 1.3614479 ], [ 103.831165299999981, 1.3614554 ], [ 103.8311872, 1.3614603 ], [ 103.8312125, 1.3614615 ], [ 103.831237799999982, 1.36146 ], [ 103.831502, 1.3614171 ], [ 103.831519899999989, 1.3614166 ], [ 103.8315377, 1.3614215 ], [ 103.8315511, 1.3614275 ], [ 103.8315688, 1.3614396 ], [ 103.8316019, 1.361474 ], [ 103.8316216, 1.3615077 ], [ 103.831621399999989, 1.3615268 ], [ 103.8316145, 1.361546 ], [ 103.831603499999986, 1.3615668 ], [ 103.831588499999981, 1.3615836 ], [ 103.831473099999982, 1.3616563 ] ] } },
{ "type": "Feature", "properties": { "u": 5661386006, "v": 206089520, "key": 0, "index": 482, "osmid": [ 628475000, 628481691, 482044343 ], "highway": "residential", "lanes": "2", "maxspeed": "50", "name": "Island Gardens Walk", "oneway": false, "reversed": "True", "length": 170.20725226005143, "bridge": null, "junction": null, "length_m": 170.44583239555871, "building_count_50m": 67, "avg_building_area": 145.47579539421614, "poi_count_50m": 3, "highway_clean": "residential", "highway_rank": 2, "sinuosity": 1.0005395651445999, "poi_diversity": 0.63651416829481278, "food_drink_count": 1, "street_furniture_count": 1, "degree_u": 2, "degree_v": 4, "avg_connectivity": 3.0, "city": "Singapore", "cluster": 2, "typology": "Local Mixed Street" }, "geometry": { "type": "LineString", "coordinates": [ [ 103.8297269, 1.3621604 ], [ 103.829556, 1.3621046 ], [ 103.8292705, 1.3619948 ], [ 103.828966899999983, 1.3618898 ], [ 103.828837, 1.3618493 ], [ 103.8286699, 1.3618017 ], [ 103.8286203, 1.361787 ], [ 103.828524, 1.3617585 ], [ 103.828386200000011, 1.3617177 ], [ 103.828361, 1.3617082 ], [ 103.8283073, 1.3616916 ], [ 103.828273, 1.361683 ] ] } },
{ "type": "Feature", "properties": { "u": 5661632956, "v": 5698393581, "key": 0, "index": 483, "osmid": [ 766241233, 639647722 ], "highway": "residential", "lanes": "2", "maxspeed": "50", "name": null, "oneway": false, "reversed": "True", "length": 12.667956240612465, "bridge": null, "junction": null, "length_m": 12.685699239414189, "building_count_50m": 3, "avg_building_area": 1350.7184545002026, "poi_count_50m": 1, "highway_clean": "residential", "highway_rank": 2, "sinuosity": 1.0000020913448275, "poi_diversity": 0.0, "food_drink_count": 1, "street_furniture_count": 1, "degree_u": 2, "degree_v": 6, "avg_connectivity": 4.0, "city": "Singapore", "cluster": 0, "typology": "Arterial Movement Corridor" }, "geometry": { "type": "LineString", "coordinates": [ [ 103.8294024, 1.3592459 ], [ 103.829402699999989, 1.3592642 ], [ 103.8294048, 1.3593598 ] ] } },
{ "type": "Feature", "properties": { "u": 5689382223, "v": 5015699438, "key": 0, "index": 484, "osmid": "630111775", "highway": "secondary", "lanes": "2", "maxspeed": "50", "name": "Sin Ming Avenue", "oneway": true, "reversed": "False", "length": 7.0755433503331435, "bridge": null, "junction": null, "length_m": 7.0854652862830996, "building_count_50m": 3, "avg_building_area": 1198.9452836367025, "poi_count_50m": 1, "highway_clean": "secondary", "highway_rank": 4, "sinuosity": 1.0, "poi_diversity": 0.0, "food_drink_count": 1, "street_furniture_count": 1, "degree_u": 3, "degree_v": 3, "avg_connectivity": 3.0, "city": "Singapore", "cluster": 0, "typology": "Arterial Movement Corridor" }, "geometry": { "type": "LineString", "coordinates": [ [ 103.8332571, 1.3633246 ], [ 103.8331976, 1.363302 ] ] } },
{ "type": "Feature", "properties": { "u": 5689382224, "v": 5689382223, "key": 0, "index": 485, "osmid": "630111779", "highway": "residential", "lanes": null, "maxspeed": "50", "name": "Sin Ming Walk", "oneway": true, "reversed": "False", "length": 16.003399386632537, "bridge": null, "junction": null, "length_m": 16.025841246269589, "building_count_50m": 3, "avg_building_area": 1198.9452836367025, "poi_count_50m": 1, "highway_clean": "residential", "highway_rank": 2, "sinuosity": 1.0, "poi_diversity": 0.0, "food_drink_count": 1, "street_furniture_count": 1, "degree_u": 4, "degree_v": 3, "avg_connectivity": 3.5, "city": "Singapore", "cluster": 0, "typology": "Arterial Movement Corridor" }, "geometry": { "type": "LineString", "coordinates": [ [ 103.8331995, 1.3634565 ], [ 103.8332571, 1.3633246 ] ] } },
{ "type": "Feature", "properties": { "u": 5689382224, "v": 5015699283, "key": 0, "index": 486, "osmid": [ 639352288, 631725095, 537159983, 639901266, 651841399, 631732827 ], "highway": "secondary", "lanes": "2", "maxspeed": "50", "name": "Sin Ming Avenue", "oneway": true, "reversed": "False", "length": 342.20946221318894, "bridge": null, "junction": null, "length_m": 342.68941999154066, "building_count_50m": 5, "avg_building_area": 911.3938997525205, "poi_count_50m": 2, "highway_clean": "secondary", "highway_rank": 4, "sinuosity": 1.0842369045856886, "poi_diversity": 0.0, "food_drink_count": 1, "street_furniture_count": 1, "degree_u": 4, "degree_v": 3, "avg_connectivity": 3.5, "city": "Singapore", "cluster": 0, "typology": "Arterial Movement Corridor" }, "geometry": { "type": "LineString", "coordinates": [ [ 103.8331995, 1.3634565 ], [ 103.8333, 1.3634941 ], [ 103.8335513, 1.3635732 ], [ 103.834080199999988, 1.3637504 ], [ 103.834333499999985, 1.3638519 ], [ 103.834466599999985, 1.3638852 ], [ 103.8347037, 1.3639193 ], [ 103.8348046, 1.3639489 ], [ 103.8350158, 1.3640807 ], [ 103.8351915, 1.364244 ], [ 103.835378399999982, 1.3642384 ], [ 103.835615299999986, 1.3641082 ], [ 103.8360059, 1.3638871 ] ] } },
{ "type": "Feature", "properties": { "u": 5689382226, "v": 1318514013, "key": 0, "index": 487, "osmid": "597566253", "highway": "residential", "lanes": "1", "maxspeed": "50", "name": "Sin Ming Walk", "oneway": true, "reversed": "False", "length": 30.931800426413801, "bridge": null, "junction": null, "length_m": 30.975184154298521, "building_count_50m": 2, "avg_building_area": 599.07841838558124, "poi_count_50m": 1, "highway_clean": "residential", "highway_rank": 2, "sinuosity": 1.0008435931154782, "poi_diversity": 0.0, "food_drink_count": 1, "street_furniture_count": 1, "degree_u": 3, "degree_v": 4, "avg_connectivity": 3.5, "city": "Singapore", "cluster": 0, "typology": "Arterial Movement Corridor" }, "geometry": { "type": "LineString", "coordinates": [ [ 103.8329641, 1.3638376 ], [ 103.832952299999988, 1.3638748 ], [ 103.8329074, 1.3641097 ] ] } },
{ "type": "Feature", "properties": { "u": 5698333651, "v": 4459074539, "key": 0, "index": 488, "osmid": "466813087", "highway": "unclassified", "lanes": "4", "maxspeed": "50", "name": "Sin Ming Lane", "oneway": false, "reversed": "True", "length": 252.72166906460856, "bridge": null, "junction": null, "length_m": 253.075381566846, "building_count_50m": 19, "avg_building_area": 595.48934976730015, "poi_count_50m": 1, "highway_clean": "unclassified", "highway_rank": 1, "sinuosity": 1.0021587055506267, "poi_diversity": 0.0, "food_drink_count": 1, "street_furniture_count": 1, "degree_u": 4, "degree_v": 2, "avg_connectivity": 3.0, "city": "Singapore", "cluster": 2, "typology": "Local Mixed Street" }, "geometry": { "type": "LineString", "coordinates": [ [ 103.835952, 1.3562942 ], [ 103.8354149, 1.3566233 ], [ 103.834543599999989, 1.3571431 ], [ 103.8340869, 1.3573347 ], [ 103.8339887, 1.3573753 ], [ 103.8339635, 1.3573857 ] ] } },
{ "type": "Feature", "properties": { "u": 5698333651, "v": 4459074536, "key": 0, "index": 489, "osmid": "638468104", "highway": "unclassified", "lanes": "2", "maxspeed": "50", "name": "Sin Ming Drive", "oneway": true, "reversed": "False", "length": 17.103838745484055, "bridge": null, "junction": null, "length_m": 17.12777320365668, "building_count_50m": 1, "avg_building_area": 172.25563315747215, "poi_count_50m": 1, "highway_clean": "unclassified", "highway_rank": 1, "sinuosity": 1.0000000841762147, "poi_diversity": 0.0, "food_drink_count": 1, "street_furniture_count": 1, "degree_u": 4, "degree_v": 3, "avg_connectivity": 3.5, "city": "Singapore", "cluster": 2, "typology": "Local Mixed Street" }, "geometry": { "type": "LineString", "coordinates": [ [ 103.835952, 1.3562942 ], [ 103.836011299999981, 1.3562692 ], [ 103.836093800000015, 1.3562345 ] ] } },
{ "type": "Feature", "properties": { "u": 5698393564, "v": 1318459289, "key": 0, "index": 490, "osmid": "633807005", "highway": "residential", "lanes": "2", "maxspeed": "40", "name": "Windsor Park Road", "oneway": false, "reversed": "True", "length": 35.4208548014564, "bridge": null, "junction": null, "length_m": 35.470445843451259, "building_count_50m": 26, "avg_building_area": 286.77213881862031, "poi_count_50m": 1, "highway_clean": "residential", "highway_rank": 2, "sinuosity": 1.0, "poi_diversity": 0.0, "food_drink_count": 1, "street_furniture_count": 1, "degree_u": 6, "degree_v": 6, "avg_connectivity": 6.0, "city": "Singapore", "cluster": 2, "typology": "Local Mixed Street" }, "geometry": { "type": "LineString", "coordinates": [ [ 103.8275367, 1.3578891 ], [ 103.8278437, 1.3579744 ] ] } },
{ "type": "Feature", "properties": { "u": 5698393564, "v": 1318459222, "key": 0, "index": 491, "osmid": [ 644704929, 117035215, 717017686, 717017687, 633807003 ], "highway": "residential", "lanes": "2", "maxspeed": "40", "name": "Ontario Avenue", "oneway": false, "reversed": "False", "length": 230.14663355892381, "bridge": null, "junction": null, "length_m": 230.46878588545266, "building_count_50m": 57, "avg_building_area": 286.95351512854086, "poi_count_50m": 1, "highway_clean": "residential", "highway_rank": 2, "sinuosity": 1.2737339541041868, "poi_diversity": 0.0, "food_drink_count": 1, "street_furniture_count": 1, "degree_u": 6, "degree_v": 6, "avg_connectivity": 6.0, "city": "Singapore", "cluster": 2, "typology": "Local Mixed Street" }, "geometry": { "type": "LineString", "coordinates": [ [ 103.8275367, 1.3578891 ], [ 103.8275473, 1.3578494 ], [ 103.827608699999985, 1.3576895 ], [ 103.8277026, 1.3574293 ], [ 103.8277074, 1.357387 ], [ 103.82769, 1.3573502 ], [ 103.82765209999998, 1.3573307 ], [ 103.827466699999988, 1.3572696 ], [ 103.827344, 1.3572277 ], [ 103.8270076, 1.3571183 ], [ 103.826552799999988, 1.3569703 ], [ 103.826288, 1.3568731 ], [ 103.8262727, 1.3568675 ] ] } },
{ "type": "Feature", "properties": { "u": 5698393564, "v": 1318459324, "key": 0, "index": 492, "osmid": "633807008", "highway": "residential", "lanes": "2", "maxspeed": "40", "name": "Windsor Park Road", "oneway": false, "reversed": "False", "length": 37.763870216177921, "bridge": null, "junction": null, "length_m": 37.816740184019153, "building_count_50m": 27, "avg_building_area": 311.3467308593751, "poi_count_50m": 1, "highway_clean": "residential", "highway_rank": 2, "sinuosity": 1.0000000921930856, "poi_diversity": 0.0, "food_drink_count": 1, "street_furniture_count": 1, "degree_u": 6, "degree_v": 6, "avg_connectivity": 6.0, "city": "Singapore", "cluster": 2, "typology": "Local Mixed Street" }, "geometry": { "type": "LineString", "coordinates": [ [ 103.8275367, 1.3578891 ], [ 103.8275013, 1.3578786 ], [ 103.827210899999983, 1.3577929 ] ] } },
{ "type": "Feature", "properties": { "u": 5698393581, "v": 4593195770, "key": 0, "index": 493, "osmid": "598720592", "highway": "residential", "lanes": "2", "maxspeed": "50", "name": null, "oneway": false, "reversed": "False", "length": 7.6667911132748907, "bridge": null, "junction": null, "length_m": 7.6775296684291705, "building_count_50m": 3, "avg_building_area": 1350.7184545002026, "poi_count_50m": 1, "highway_clean": "residential", "highway_rank": 2, "sinuosity": 1.0, "poi_diversity": 0.0, "food_drink_count": 1, "street_furniture_count": 1, "degree_u": 6, "degree_v": 4, "avg_connectivity": 5.0, "city": "Singapore", "cluster": 2, "typology": "Local Mixed Street" }, "geometry": { "type": "LineString", "coordinates": [ [ 103.8294048, 1.3593598 ], [ 103.82940739999998, 1.3594287 ] ] } },
{ "type": "Feature", "properties": { "u": 5698393581, "v": 4598764372, "key": 0, "index": 494, "osmid": "628202357", "highway": "secondary", "lanes": "3", "maxspeed": "50", "name": "Sin Ming Avenue", "oneway": true, "reversed": "False", "length": 24.500703682167561, "bridge": null, "junction": null, "length_m": 24.535020442978503, "building_count_50m": 3, "avg_building_area": 1350.7184545002026, "poi_count_50m": 1, "highway_clean": "secondary", "highway_rank": 4, "sinuosity": 1.0, "poi_diversity": 0.0, "food_drink_count": 1, "street_furniture_count": 1, "degree_u": 6, "degree_v": 3, "avg_connectivity": 4.5, "city": "Singapore", "cluster": 0, "typology": "Arterial Movement Corridor" }, "geometry": { "type": "LineString", "coordinates": [ [ 103.8294048, 1.3593598 ], [ 103.829184399999988, 1.3593589 ] ] } },
{ "type": "Feature", "properties": { "u": 5698393581, "v": 5661632956, "key": 0, "index": 495, "osmid": [ 766241233, 639647722 ], "highway": "residential", "lanes": "2", "maxspeed": "50", "name": null, "oneway": false, "reversed": "False", "length": 12.667956240612465, "bridge": null, "junction": null, "length_m": 12.685699239414189, "building_count_50m": 3, "avg_building_area": 1350.7184545002026, "poi_count_50m": 1, "highway_clean": "residential", "highway_rank": 2, "sinuosity": 1.0000020913448275, "poi_diversity": 0.0, "food_drink_count": 1, "street_furniture_count": 1, "degree_u": 6, "degree_v": 2, "avg_connectivity": 4.0, "city": "Singapore", "cluster": 0, "typology": "Arterial Movement Corridor" }, "geometry": { "type": "LineString", "coordinates": [ [ 103.8294048, 1.3593598 ], [ 103.829402699999989, 1.3592642 ], [ 103.8294024, 1.3592459 ] ] } },
{ "type": "Feature", "properties": { "u": 5698393591, "v": 1318459301, "key": 0, "index": 496, "osmid": "643867434", "highway": "residential", "lanes": "2", "maxspeed": "40", "name": "Jasmine Road", "oneway": false, "reversed": "True", "length": 9.0911106387186802, "bridge": null, "junction": null, "length_m": 9.1038322474910025, "building_count_50m": 16, "avg_building_area": 330.4353294075305, "poi_count_50m": 2, "highway_clean": "residential", "highway_rank": 2, "sinuosity": 1.0, "poi_diversity": 0.0, "food_drink_count": 1, "street_furniture_count": 1, "degree_u": 5, "degree_v": 6, "avg_connectivity": 5.5, "city": "Singapore", "cluster": 2, "typology": "Local Mixed Street" }, "geometry": { "type": "LineString", "coordinates": [ [ 103.829101, 1.3562559 ], [ 103.8291573, 1.3561966 ] ] } },
{ "type": "Feature", "properties": { "u": 5698393591, "v": 4749279415, "key": 0, "index": 497, "osmid": [ 117035200, 673274051, 673274052, 673274053 ], "highway": "residential", "lanes": "1", "maxspeed": "40", "name": "Jasmine Road", "oneway": true, "reversed": "False", "length": 179.50267491631493, "bridge": null, "junction": null, "length_m": 179.75386349161903, "building_count_50m": 24, "avg_building_area": 245.81434885656316, "poi_count_50m": 2, "highway_clean": "residential", "highway_rank": 2, "sinuosity": 1.4040318490834847, "poi_diversity": 0.0, "food_drink_count": 1, "street_furniture_count": 1, "degree_u": 5, "degree_v": 5, "avg_connectivity": 5.0, "city": "Singapore", "cluster": 2, "typology": "Local Mixed Street" }, "geometry": { "type": "LineString", "coordinates": [ [ 103.829101, 1.3562559 ], [ 103.8290803, 1.3562776 ], [ 103.8290654, 1.3563083 ], [ 103.8290702, 1.3563334 ], [ 103.829085099999986, 1.3563554 ], [ 103.8291042, 1.3563773 ], [ 103.829281599999987, 1.3565752 ], [ 103.829292699999982, 1.3565841 ], [ 103.8293066, 1.3565887 ], [ 103.8293231, 1.3565899 ], [ 103.8294184, 1.3565051 ], [ 103.8300559, 1.3558667 ], [ 103.8301457, 1.3557751 ] ] } },
{ "type": "Feature", "properties": { "u": 5698393591, "v": 1318459153, "key": 0, "index": 498, "osmid": [ 696707716, 598720594, 711326068 ], "highway": "residential", "lanes": "2", "maxspeed": "40", "name": "Gardenia Road", "oneway": false, "reversed": "False", "length": 236.4368553405871, "bridge": null, "junction": null, "length_m": 236.76766786017365, "building_count_50m": 68, "avg_building_area": 208.51463784730205, "poi_count_50m": 4, "highway_clean": "residential", "highway_rank": 2, "sinuosity": 1.0379866294512694, "poi_diversity": 0.0, "food_drink_count": 1, "street_furniture_count": 1, "degree_u": 5, "degree_v": 6, "avg_connectivity": 5.5, "city": "Singapore", "cluster": 2, "typology": "Local Mixed Street" }, "geometry": { "type": "LineString", "coordinates": [ [ 103.829101, 1.3562559 ], [ 103.8289936, 1.3562248 ], [ 103.828984199999979, 1.3562208 ], [ 103.828972799999988, 1.3562168 ], [ 103.8284451, 1.356017 ], [ 103.8282922, 1.3559581 ], [ 103.8281943, 1.3559165 ], [ 103.8281527, 1.3558991 ], [ 103.8281098, 1.3558575 ], [ 103.8280548, 1.3557932 ], [ 103.8278188, 1.3555411 ], [ 103.827538499999989, 1.35523 ], [ 103.8274969, 1.3551617 ], [ 103.827470099999985, 1.3551147 ], [ 103.8274456, 1.3550486 ] ] } },
{ "type": "Feature", "properties": { "u": 5698521001, "v": 1318498406, "key": 0, "index": 499, "osmid": [ 630437030, 479566374, 632712168, 632694796, 632694797, 479566797, 632694798, 632694799 ], "highway": "primary", "lanes": "4", "maxspeed": "60", "name": "Upper Thomson Road", "oneway": true, "reversed": "False", "length": 113.65323198228123, "bridge": null, "junction": null, "length_m": 113.81202536064069, "building_count_50m": 7, "avg_building_area": 1199.3873389141074, "poi_count_50m": 14, "highway_clean": "primary", "highway_rank": 5, "sinuosity": 1.0015851482087028, "poi_diversity": 1.4327570529970877, "food_drink_count": 4, "street_furniture_count": 1, "degree_u": 3, "degree_v": 6, "avg_connectivity": 4.5, "city": "Singapore", "cluster": 1, "typology": "Active Commercial High Street" }, "geometry": { "type": "LineString", "coordinates": [ [ 103.8360315, 1.3505021 ], [ 103.8359871, 1.3506016 ], [ 103.8359602, 1.3506575 ], [ 103.835934099999989, 1.3507031 ], [ 103.835896199999979, 1.3507915 ], [ 103.83586529999998, 1.3508526 ], [ 103.8358364, 1.3509103 ], [ 103.835795, 1.3510039 ], [ 103.835773299999985, 1.3510606 ], [ 103.835742599999989, 1.3511406 ], [ 103.83573530000001, 1.3511596 ], [ 103.83571809999998, 1.3512088 ], [ 103.835684, 1.3513087 ], [ 103.8356382, 1.3514438 ] ] } },
{ "type": "Feature", "properties": { "u": 5716410594, "v": 4598816959, "key": 0, "index": 500, "osmid": [ 673294209, 673294211, 629371235, 117035205, 673294212, 629371238, 754509615, 706643391 ], "highway": "residential", "lanes": "2", "maxspeed": "40", "name": "Bright Hill Drive", "oneway": true, "reversed": "False", "length": 130.92322348794519, "bridge": null, "junction": null, "length_m": 131.10663008070304, "building_count_50m": 12, "avg_building_area": 1210.2929660279419, "poi_count_50m": 4, "highway_clean": "residential", "highway_rank": 2, "sinuosity": 1.0657436158903211, "poi_diversity": 0.56233514461880829, "food_drink_count": 1, "street_furniture_count": 1, "degree_u": 3, "degree_v": 3, "avg_connectivity": 3.0, "city": "Singapore", "cluster": 0, "typology": "Arterial Movement Corridor" }, "geometry": { "type": "LineString", "coordinates": [ [ 103.833262300000015, 1.3595153 ], [ 103.8332575, 1.3595727 ], [ 103.8332466, 1.359634 ], [ 103.8332263, 1.3596929 ], [ 103.8331897, 1.3597566 ], [ 103.8331437, 1.3598088 ], [ 103.8331215, 1.3598264 ], [ 103.8330969, 1.3598459 ], [ 103.833029, 1.359878 ], [ 103.832975, 1.3599031 ], [ 103.8328541, 1.3599543 ], [ 103.8328035, 1.3599776 ], [ 103.8327049, 1.3600254 ], [ 103.832643, 1.3600548 ], [ 103.832560199999989, 1.3600941 ], [ 103.8324248, 1.3601554 ], [ 103.832376, 1.3601752 ] ] } },
{ "type": "Feature", "properties": { "u": 5716410595, "v": 4598447867, "key": 0, "index": 501, "osmid": [ 795097360, 652328329, 635509686, 464809799 ], "highway": "residential", "lanes": "2", "maxspeed": "40", "name": "Bright Hill Drive", "oneway": true, "reversed": "False", "length": 74.495389836224888, "bridge": null, "junction": null, "length_m": 74.599725520018893, "building_count_50m": 9, "avg_building_area": 1349.1378693726454, "poi_count_50m": 4, "highway_clean": "residential", "highway_rank": 2, "sinuosity": 1.2910532724122112, "poi_diversity": 0.56233514461880829, "food_drink_count": 1, "street_furniture_count": 1, "degree_u": 3, "degree_v": 1, "avg_connectivity": 2.0, "city": "Singapore", "cluster": 0, "typology": "Arterial Movement Corridor" }, "geometry": { "type": "LineString", "coordinates": [ [ 103.833329099999986, 1.3594693 ], [ 103.8333061, 1.3593861 ], [ 103.8332497, 1.3592454 ], [ 103.833204699999982, 1.3591358 ], [ 103.833200199999979, 1.3591257 ], [ 103.8331785, 1.3590773 ], [ 103.8331669, 1.3590413 ], [ 103.833165199999982, 1.3590299 ], [ 103.833170899999985, 1.3590218 ], [ 103.8331856, 1.3590158 ], [ 103.833212, 1.3590029 ], [ 103.833299199999985, 1.3589693 ], [ 103.8333473, 1.3589507 ] ] } },
{ "type": "Feature", "properties": { "u": 5716410595, "v": 5716410594, "key": 0, "index": 502, "osmid": "1352851297", "highway": "residential", "lanes": null, "maxspeed": null, "name": null, "oneway": true, "reversed": "False", "length": 16.374672724225853, "bridge": null, "junction": null, "length_m": 16.397608511939225, "building_count_50m": 9, "avg_building_area": 971.22809356254504, "poi_count_50m": 3, "highway_clean": "residential", "highway_rank": 2, "sinuosity": 1.8159969269842877, "poi_diversity": 0.63651416829481278, "food_drink_count": 1, "street_furniture_count": 1, "degree_u": 3, "degree_v": 3, "avg_connectivity": 3.0, "city": "Singapore", "cluster": 0, "typology": "Arterial Movement Corridor" }, "geometry": { "type": "LineString", "coordinates": [ [ 103.833329099999986, 1.3594693 ], [ 103.8333191, 1.3594489 ], [ 103.8333169, 1.3594457 ], [ 103.8333148, 1.3594435 ], [ 103.8333125, 1.3594418 ], [ 103.8333097, 1.3594402 ], [ 103.8333063, 1.3594387 ], [ 103.8333025, 1.359438 ], [ 103.833298099999979, 1.3594379 ], [ 103.8332937, 1.3594382 ], [ 103.8332892, 1.3594394 ], [ 103.833284599999985, 1.3594409 ], [ 103.83328, 1.3594429 ], [ 103.8332756, 1.359445 ], [ 103.8332717, 1.3594477 ], [ 103.8332674, 1.359452 ], [ 103.8332625, 1.3594589 ], [ 103.8332614, 1.3594672 ], [ 103.833262300000015, 1.3595153 ] ] } },
{ "type": "Feature", "properties": { "u": 5930664450, "v": 4000033078, "key": 0, "index": 503, "osmid": [ 628202360, 628184259, 628704005 ], "highway": "unclassified", "lanes": "1", "maxspeed": "50", "name": "Venus Drive", "oneway": true, "reversed": "False", "length": 41.989298357247009, "bridge": null, "junction": null, "length_m": 42.048111508641114, "building_count_50m": 2, "avg_building_area": 1816.6566896113111, "poi_count_50m": 1, "highway_clean": "unclassified", "highway_rank": 1, "sinuosity": 1.0008849574070746, "poi_diversity": 0.0, "food_drink_count": 1, "street_furniture_count": 1, "degree_u": 3, "degree_v": 4, "avg_connectivity": 3.5, "city": "Singapore", "cluster": 0, "typology": "Arterial Movement Corridor" }, "geometry": { "type": "LineString", "coordinates": [ [ 103.8285706, 1.3594062 ], [ 103.828452500000012, 1.3594164 ], [ 103.8283864, 1.3594198 ], [ 103.8283217, 1.3594246 ], [ 103.828195199999982, 1.3594449 ] ] } },
{ "type": "Feature", "properties": { "u": 5935920071, "v": 4593195766, "key": 0, "index": 504, "osmid": "628714177", "highway": "residential", "lanes": "2", "maxspeed": "50", "name": "Lorong Puntong", "oneway": true, "reversed": "False", "length": 27.465029242789115, "bridge": null, "junction": null, "length_m": 27.503500031776497, "building_count_50m": 5, "avg_building_area": 1137.3335860841385, "poi_count_50m": 4, "highway_clean": "residential", "highway_rank": 2, "sinuosity": 1.0172475279327382, "poi_diversity": 0.0, "food_drink_count": 1, "street_furniture_count": 1, "degree_u": 4, "degree_v": 4, "avg_connectivity": 4.0, "city": "Singapore", "cluster": 0, "typology": "Arterial Movement Corridor" }, "geometry": { "type": "LineString", "coordinates": [ [ 103.8306554, 1.3596565 ], [ 103.8306901, 1.3595894 ], [ 103.830699899999985, 1.3595046 ], [ 103.830704, 1.3594186 ] ] } },
{ "type": "Feature", "properties": { "u": 5935920071, "v": 2291053366, "key": 0, "index": 505, "osmid": [ 644879105, 629465978, 633809942, 628714175 ], "highway": "residential", "lanes": "2", "maxspeed": "50", "name": "Lorong Puntong", "oneway": false, "reversed": "True", "length": 97.304420354230402, "bridge": null, "junction": null, "length_m": 97.440738113783254, "building_count_50m": 18, "avg_building_area": 217.75906968153404, "poi_count_50m": 5, "highway_clean": "residential", "highway_rank": 2, "sinuosity": 1.0550963226396406, "poi_diversity": 0.50040242353818787, "food_drink_count": 1, "street_furniture_count": 1, "degree_u": 4, "degree_v": 6, "avg_connectivity": 5.0, "city": "Singapore", "cluster": 2, "typology": "Local Mixed Street" }, "geometry": { "type": "LineString", "coordinates": [ [ 103.8306554, 1.3596565 ], [ 103.830632399999985, 1.3597987 ], [ 103.83061859999998, 1.359863 ], [ 103.830612, 1.3599291 ], [ 103.8306183, 1.3599787 ], [ 103.830634299999986, 1.3600372 ], [ 103.830658499999984, 1.3600986 ], [ 103.8307084, 1.3602295 ], [ 103.8307361, 1.360282 ], [ 103.830752, 1.3603069 ], [ 103.8307775, 1.3603439 ], [ 103.830873899999986, 1.3604566 ] ] } },
{ "type": "Feature", "properties": { "u": 5935920073, "v": 4593195766, "key": 0, "index": 506, "osmid": "628714173", "highway": "secondary", "lanes": null, "maxspeed": "50", "name": "Sin Ming Avenue", "oneway": true, "reversed": "False", "length": 6.3184194892869892, "bridge": null, "junction": null, "length_m": 6.3272695033358293, "building_count_50m": 1, "avg_building_area": 3943.8880043960398, "poi_count_50m": 1, "highway_clean": "secondary", "highway_rank": 4, "sinuosity": 1.0, "poi_diversity": 0.0, "food_drink_count": 1, "street_furniture_count": 1, "degree_u": 4, "degree_v": 4, "avg_connectivity": 4.0, "city": "Singapore", "cluster": 0, "typology": "Arterial Movement Corridor" }, "geometry": { "type": "LineString", "coordinates": [ [ 103.830647199999987, 1.3594207 ], [ 103.830704, 1.3594186 ] ] } },
{ "type": "Feature", "properties": { "u": 5935920073, "v": 5935920071, "key": 0, "index": 507, "osmid": "628714178", "highway": "residential", "lanes": "1", "maxspeed": "50", "name": "Lorong Puntong", "oneway": true, "reversed": "False", "length": 26.432675943466698, "bridge": null, "junction": null, "length_m": 26.469700680173311, "building_count_50m": 5, "avg_building_area": 1137.3335860841385, "poi_count_50m": 4, "highway_clean": "residential", "highway_rank": 2, "sinuosity": 1.0075101992835016, "poi_diversity": 0.0, "food_drink_count": 1, "street_furniture_count": 1, "degree_u": 4, "degree_v": 4, "avg_connectivity": 4.0, "city": "Singapore", "cluster": 0, "typology": "Arterial Movement Corridor" }, "geometry": { "type": "LineString", "coordinates": [ [ 103.830647199999987, 1.3594207 ], [ 103.8306514, 1.3595221 ], [ 103.830642499999982, 1.3595908 ], [ 103.8306554, 1.3596565 ] ] } },
{ "type": "Feature", "properties": { "u": 5935920074, "v": 5935920073, "key": 0, "index": 508, "osmid": "628714176", "highway": "residential", "lanes": null, "maxspeed": "50", "name": "Lorong Puntong", "oneway": true, "reversed": "False", "length": 8.9845696419200287, "bridge": null, "junction": null, "length_m": 8.9971539026070975, "building_count_50m": 1, "avg_building_area": 3943.8880043960398, "poi_count_50m": 1, "highway_clean": "residential", "highway_rank": 2, "sinuosity": 1.0, "poi_diversity": 0.0, "food_drink_count": 1, "street_furniture_count": 1, "degree_u": 3, "degree_v": 4, "avg_connectivity": 3.5, "city": "Singapore", "cluster": 0, "typology": "Arterial Movement Corridor" }, "geometry": { "type": "LineString", "coordinates": [ [ 103.8306471, 1.3593399 ], [ 103.830647199999987, 1.3594207 ] ] } },
{ "type": "Feature", "properties": { "u": 5935920074, "v": 5698393581, "key": 0, "index": 509, "osmid": [ 479616491, 479616492, 628218676, 628202358, 628714171 ], "highway": "secondary", "lanes": "2", "maxspeed": "50", "name": "Sin Ming Avenue", "oneway": true, "reversed": "False", "length": 138.12806894879057, "bridge": null, "junction": null, "length_m": 138.32153674101403, "building_count_50m": 8, "avg_building_area": 730.46631003424204, "poi_count_50m": 5, "highway_clean": "secondary", "highway_rank": 4, "sinuosity": 1.0000837375018388, "poi_diversity": 0.0, "food_drink_count": 1, "street_furniture_count": 1, "degree_u": 3, "degree_v": 6, "avg_connectivity": 4.5, "city": "Singapore", "cluster": 0, "typology": "Arterial Movement Corridor" }, "geometry": { "type": "LineString", "coordinates": [ [ 103.8306471, 1.3593399 ], [ 103.8302475, 1.3593491 ], [ 103.829998, 1.3593549 ], [ 103.829756599999982, 1.3593533 ], [ 103.8295354, 1.3593594 ], [ 103.8294519, 1.3593596 ], [ 103.8294048, 1.3593598 ] ] } },
{ "type": "Feature", "properties": { "u": 5950255468, "v": 245174809, "key": 0, "index": 510, "osmid": "630075834", "highway": "residential", "lanes": "2", "maxspeed": "50", "name": "Fulton Road", "oneway": false, "reversed": "True", "length": 11.515707596784555, "bridge": null, "junction": null, "length_m": 11.531848823931977, "building_count_50m": 5, "avg_building_area": 218.44873908836149, "poi_count_50m": 3, "highway_clean": "residential", "highway_rank": 2, "sinuosity": 1.0, "poi_diversity": 1.0986122886681096, "food_drink_count": 1, "street_furniture_count": 1, "degree_u": 4, "degree_v": 6, "avg_connectivity": 5.0, "city": "Singapore", "cluster": 2, "typology": "Local Mixed Street" }, "geometry": { "type": "LineString", "coordinates": [ [ 103.832012299999988, 1.3618397 ], [ 103.832114799999985, 1.3618247 ] ] } },
{ "type": "Feature", "properties": { "u": 5950255468, "v": 5175569981, "key": 0, "index": 511, "osmid": [ 630096324, 1422231116, 1422231117, 479745396, 630078933, 630078934, 629414011, 861337180 ], "highway": "secondary", "lanes": "2", "maxspeed": "50", "name": "Sin Ming Avenue", "oneway": true, "reversed": "False", "length": 206.9492996098794, "bridge": null, "junction": null, "length_m": 207.23944874163479, "building_count_50m": 7, "avg_building_area": 376.89775558685972, "poi_count_50m": 7, "highway_clean": "secondary", "highway_rank": 4, "sinuosity": 1.0636742992909751, "poi_diversity": 0.95569989111253428, "food_drink_count": 1, "street_furniture_count": 1, "degree_u": 4, "degree_v": 3, "avg_connectivity": 3.5, "city": "Singapore", "cluster": 0, "typology": "Arterial Movement Corridor" }, "geometry": { "type": "LineString", "coordinates": [ [ 103.832012299999988, 1.3618397 ], [ 103.832051799999988, 1.3620236 ], [ 103.8321015, 1.362245 ], [ 103.8321132, 1.3622971 ], [ 103.8321223, 1.3623371 ], [ 103.8321632, 1.3625149 ], [ 103.832209099999986, 1.3627257 ], [ 103.8322367, 1.3628047 ], [ 103.832282799999987, 1.3628853 ], [ 103.832336499999982, 1.3629644 ], [ 103.8324291, 1.3630714 ], [ 103.83252659999998, 1.3631652 ], [ 103.8326218, 1.363239 ], [ 103.832788799999989, 1.3633247 ], [ 103.832878699999981, 1.36336 ] ] } },
{ "type": "Feature", "properties": { "u": 5977080283, "v": 4459074625, "key": 0, "index": 512, "osmid": "633150987", "highway": "tertiary", "lanes": "2", "maxspeed": "50", "name": "Sin Ming Road", "oneway": true, "reversed": "False", "length": 69.397471426510251, "bridge": null, "junction": null, "length_m": 69.494537147965119, "building_count_50m": 19, "avg_building_area": 493.44045089672017, "poi_count_50m": 9, "highway_clean": "tertiary", "highway_rank": 3, "sinuosity": 1.0000232756539869, "poi_diversity": 0.34883209584303193, "food_drink_count": 1, "street_furniture_count": 1, "degree_u": 3, "degree_v": 6, "avg_connectivity": 4.5, "city": "Singapore", "cluster": 0, "typology": "Arterial Movement Corridor" }, "geometry": { "type": "LineString", "coordinates": [ [ 103.8367375, 1.3548683 ], [ 103.8366675, 1.354796 ], [ 103.8363221, 1.3544483 ], [ 103.8362991, 1.354424 ] ] } },
{ "type": "Feature", "properties": { "u": 5977080283, "v": 5982355851, "key": 0, "index": 513, "osmid": "633788584", "highway": "tertiary_link", "lanes": null, "maxspeed": "50", "name": null, "oneway": true, "reversed": "False", "length": 22.178787393873602, "bridge": null, "junction": null, "length_m": 22.209810344194469, "building_count_50m": 9, "avg_building_area": 998.06985837427101, "poi_count_50m": 6, "highway_clean": "tertiary_link", "highway_rank": 3, "sinuosity": 1.0594094627741784, "poi_diversity": 0.45056120886630463, "food_drink_count": 1, "street_furniture_count": 1, "degree_u": 3, "degree_v": 3, "avg_connectivity": 3.0, "city": "Singapore", "cluster": 0, "typology": "Arterial Movement Corridor" }, "geometry": { "type": "LineString", "coordinates": [ [ 103.8367375, 1.3548683 ], [ 103.8366924, 1.3548401 ], [ 103.836658, 1.354819 ], [ 103.836625, 1.3548063 ], [ 103.836589700000019, 1.3548056 ], [ 103.836556300000012, 1.354817 ] ] } },
{ "type": "Feature", "properties": { "u": 5982355851, "v": 4459074631, "key": 0, "index": 514, "osmid": [ 633149636, 537570252, 634084470 ], "highway": "tertiary", "lanes": "2", "maxspeed": "50", "name": "Sin Ming Road", "oneway": true, "reversed": "False", "length": 95.67412289424216, "bridge": null, "junction": null, "length_m": 95.807959949657445, "building_count_50m": 11, "avg_building_area": 1346.7825004380591, "poi_count_50m": 7, "highway_clean": "tertiary", "highway_rank": 3, "sinuosity": 1.0008719629865817, "poi_diversity": 0.410116318288409, "food_drink_count": 1, "street_furniture_count": 1, "degree_u": 3, "degree_v": 4, "avg_connectivity": 3.5, "city": "Singapore", "cluster": 0, "typology": "Arterial Movement Corridor" }, "geometry": { "type": "LineString", "coordinates": [ [ 103.836556300000012, 1.354817 ], [ 103.83663869999998, 1.3549027 ], [ 103.836962899999989, 1.3552013 ], [ 103.837131, 1.3553374 ], [ 103.837196799999987, 1.3553906 ] ] } },
{ "type": "Feature", "properties": { "u": 5984305199, "v": 5648108171, "key": 0, "index": 515, "osmid": [ 736525669, 736525670, 736525671, 75117646, 634529104 ], "highway": "primary", "lanes": [ "4", "3" ], "maxspeed": "60", "name": "Upper Thomson Road", "oneway": true, "reversed": "False", "length": 176.85846826675993, "bridge": null, "junction": null, "length_m": 177.10579007403308, "building_count_50m": 42, "avg_building_area": 351.00725164377195, "poi_count_50m": 25, "highway_clean": "primary", "highway_rank": 5, "sinuosity": 1.0009871937992127, "poi_diversity": 1.1050865957723421, "food_drink_count": 12, "street_furniture_count": 1, "degree_u": 3, "degree_v": 3, "avg_connectivity": 3.0, "city": "Singapore", "cluster": 1, "typology": "Active Commercial High Street" }, "geometry": { "type": "LineString", "coordinates": [ [ 103.834087499999981, 1.3534469 ], [ 103.8339269, 1.3535808 ], [ 103.8337465, 1.353761 ], [ 103.833529199999987, 1.3539544 ], [ 103.833437, 1.3540397 ], [ 103.833279600000012, 1.3541883 ], [ 103.8330862, 1.354339 ], [ 103.8328908, 1.3544926 ] ] } },
{ "type": "Feature", "properties": { "u": 6167717130, "v": 3806372868, "key": 0, "index": 516, "osmid": "117038456", "highway": "residential", "lanes": null, "maxspeed": "40", "name": "Taman Permata", "oneway": false, "reversed": "True", "length": 35.205709490504596, "bridge": null, "junction": null, "length_m": 35.254911391889912, "building_count_50m": 21, "avg_building_area": 243.79049030829447, "poi_count_50m": 18, "highway_clean": "residential", "highway_rank": 2, "sinuosity": 1.0019667998210477, "poi_diversity": 0.85441498160018414, "food_drink_count": 10, "street_furniture_count": 1, "degree_u": 2, "degree_v": 6, "avg_connectivity": 4.0, "city": "Singapore", "cluster": 1, "typology": "Active Commercial High Street" }, "geometry": { "type": "LineString", "coordinates": [ [ 103.83488389999998, 1.3520263 ], [ 103.8349012, 1.3520001 ], [ 103.834941199999989, 1.3519378 ], [ 103.8349921, 1.3518443 ], [ 103.8350349, 1.3517487 ] ] } },
{ "type": "Feature", "properties": { "u": 6539271521, "v": 1318498410, "key": 0, "index": 517, "osmid": [ 717027122, 645123293 ], "highway": "residential", "lanes": "2", "maxspeed": "40", "name": "Soo Chow Rise", "oneway": false, "reversed": "True", "length": 84.65588600353388, "bridge": null, "junction": null, "length_m": 84.774241763304389, "building_count_50m": 81, "avg_building_area": 125.69716895981088, "poi_count_50m": 1, "highway_clean": "residential", "highway_rank": 2, "sinuosity": 1.0000137476857724, "poi_diversity": 0.0, "food_drink_count": 1, "street_furniture_count": 1, "degree_u": 2, "degree_v": 8, "avg_connectivity": 5.0, "city": "Singapore", "cluster": 2, "typology": "Local Mixed Street" }, "geometry": { "type": "LineString", "coordinates": [ [ 103.8313686, 1.3529028 ], [ 103.8309516, 1.3532994 ], [ 103.830815299999983, 1.3534259 ] ] } },
{ "type": "Feature", "properties": { "u": 6539271522, "v": 1318498377, "key": 0, "index": 518, "osmid": "645122675", "highway": "residential", "lanes": "2", "maxspeed": "40", "name": "Soo Chow View", "oneway": false, "reversed": "True", "length": 81.720583745515398, "bridge": null, "junction": null, "length_m": 81.834822211904566, "building_count_50m": 64, "avg_building_area": 132.885413257881, "poi_count_50m": 1, "highway_clean": "residential", "highway_rank": 2, "sinuosity": 1.0, "poi_diversity": 0.0, "food_drink_count": 1, "street_furniture_count": 1, "degree_u": 2, "degree_v": 6, "avg_connectivity": 4.0, "city": "Singapore", "cluster": 2, "typology": "Local Mixed Street" }, "geometry": { "type": "LineString", "coordinates": [ [ 103.8308966, 1.3525099 ], [ 103.830366799999979, 1.3530194 ] ] } },
{ "type": "Feature", "properties": { "u": 6734294894, "v": 1318498273, "key": 0, "index": 519, "osmid": [ 117038464, 794617841, 645114835 ], "highway": "residential", "lanes": "2", "maxspeed": "40", "name": "Windsor Park Hill", "oneway": false, "reversed": "True", "length": 104.94393815188151, "bridge": null, "junction": null, "length_m": 105.09083342962396, "building_count_50m": 12, "avg_building_area": 333.6369822650164, "poi_count_50m": 1, "highway_clean": "residential", "highway_rank": 2, "sinuosity": 1.4695078625752456, "poi_diversity": 0.0, "food_drink_count": 1, "street_furniture_count": 1, "degree_u": 2, "degree_v": 6, "avg_connectivity": 4.0, "city": "Singapore", "cluster": 2, "typology": "Local Mixed Street" }, "geometry": { "type": "LineString", "coordinates": [ [ 103.824097899999984, 1.3571506 ], [ 103.824097200000011, 1.3571687 ], [ 103.824104299999988, 1.3571912 ], [ 103.8244176, 1.357351 ], [ 103.824454499999987, 1.3573501 ], [ 103.824474, 1.3573496 ], [ 103.8245129, 1.3573215 ], [ 103.8246953, 1.3569144 ] ] } },
{ "type": "Feature", "properties": { "u": 6895851975, "v": 1601010905, "key": 0, "index": 520, "osmid": [ 736529409, 479567107, 482040811, 649760723, 630422611, 630422613, 630414232 ], "highway": "primary", "lanes": [ "4", "3" ], "maxspeed": "60", "name": "Upper Thomson Road", "oneway": true, "reversed": "False", "length": 149.11499544047302, "bridge": null, "junction": null, "length_m": 149.32359522155934, "building_count_50m": 12, "avg_building_area": 1462.6526712520078, "poi_count_50m": 26, "highway_clean": "primary", "highway_rank": 5, "sinuosity": 1.00204194678516, "poi_diversity": 0.84358698196381698, "food_drink_count": 6, "street_furniture_count": 1, "degree_u": 3, "degree_v": 3, "avg_connectivity": 3.0, "city": "Singapore", "cluster": 1, "typology": "Active Commercial High Street" }, "geometry": { "type": "LineString", "coordinates": [ [ 103.831865599999986, 1.3549257 ], [ 103.831651899999983, 1.3550158 ], [ 103.8313102, 1.355155 ], [ 103.8311677, 1.3552182 ], [ 103.8310151, 1.3552891 ], [ 103.830868199999983, 1.3553713 ], [ 103.8307977, 1.3554102 ], [ 103.8306567, 1.3555005 ] ] } },
{ "type": "Feature", "properties": { "u": 6895851977, "v": 6895851975, "key": 0, "index": 521, "osmid": "630414234", "highway": "primary", "lanes": "3", "maxspeed": "60", "name": "Upper Thomson Road", "oneway": true, "reversed": "False", "length": 24.86418932286584, "bridge": null, "junction": null, "length_m": 24.898969108170114, "building_count_50m": 17, "avg_building_area": 1046.0851761129054, "poi_count_50m": 4, "highway_clean": "primary", "highway_rank": 5, "sinuosity": 1.0, "poi_diversity": 0.56233514461880829, "food_drink_count": 1, "street_furniture_count": 1, "degree_u": 3, "degree_v": 3, "avg_connectivity": 3.0, "city": "Singapore", "cluster": 0, "typology": "Arterial Movement Corridor" }, "geometry": { "type": "LineString", "coordinates": [ [ 103.8320719, 1.3548393 ], [ 103.831865599999986, 1.3549257 ] ] } },
{ "type": "Feature", "properties": { "u": 6895851977, "v": 4749280930, "key": 0, "index": 522, "osmid": "953582903", "highway": "residential", "lanes": "1", "maxspeed": null, "name": "Soo Chow Garden Road", "oneway": true, "reversed": "False", "length": 54.53961461520349, "bridge": null, "junction": null, "length_m": 54.615899127912293, "building_count_50m": 22, "avg_building_area": 836.27074389260406, "poi_count_50m": 13, "highway_clean": "residential", "highway_rank": 2, "sinuosity": 1.0423260453369769, "poi_diversity": 1.2047933096947843, "food_drink_count": 4, "street_furniture_count": 1, "degree_u": 3, "degree_v": 6, "avg_connectivity": 4.5, "city": "Singapore", "cluster": 1, "typology": "Active Commercial High Street" }, "geometry": { "type": "LineString", "coordinates": [ [ 103.8320719, 1.3548393 ], [ 103.831977, 1.3547831 ], [ 103.8319401, 1.3547423 ], [ 103.831847699999983, 1.3545138 ], [ 103.8317848, 1.3544664 ] ] } },
{ "type": "Feature", "properties": { "u": 6913094587, "v": 4727949662, "key": 0, "index": 523, "osmid": "479745807", "highway": "primary_link", "lanes": null, "maxspeed": "50", "name": null, "oneway": true, "reversed": "False", "length": 61.470830078999448, "bridge": null, "junction": null, "length_m": 61.556875914464854, "building_count_50m": 16, "avg_building_area": 103.22985695355018, "poi_count_50m": 2, "highway_clean": "primary_link", "highway_rank": 5, "sinuosity": 1.0890440541733495, "poi_diversity": 0.0, "food_drink_count": 1, "street_furniture_count": 1, "degree_u": 3, "degree_v": 3, "avg_connectivity": 3.0, "city": "Singapore", "cluster": 0, "typology": "Arterial Movement Corridor" }, "geometry": { "type": "LineString", "coordinates": [ [ 103.829094799999979, 1.3570275 ], [ 103.8290848, 1.357099 ], [ 103.829058, 1.3571808 ], [ 103.828915099999989, 1.3574416 ], [ 103.828911099999985, 1.3574731 ], [ 103.8289359, 1.3575025 ], [ 103.828958899999989, 1.3575166 ] ] } },
{ "type": "Feature", "properties": { "u": 6913094587, "v": 4727949660, "key": 0, "index": 524, "osmid": [ 482040809, 656734501, 482040813 ], "highway": "primary", "lanes": "3", "maxspeed": "60", "name": "Upper Thomson Road", "oneway": true, "reversed": "False", "length": 68.064516840329659, "bridge": null, "junction": null, "length_m": 68.159792196037444, "building_count_50m": 17, "avg_building_area": 104.99164572599867, "poi_count_50m": 3, "highway_clean": "primary", "highway_rank": 5, "sinuosity": 1.0093536835064469, "poi_diversity": 0.0, "food_drink_count": 1, "street_furniture_count": 1, "degree_u": 3, "degree_v": 3, "avg_connectivity": 3.0, "city": "Singapore", "cluster": 0, "typology": "Arterial Movement Corridor" }, "geometry": { "type": "LineString", "coordinates": [ [ 103.829094799999979, 1.3570275 ], [ 103.8290521, 1.3570737 ], [ 103.829006, 1.3571236 ], [ 103.8288873, 1.3573004 ], [ 103.8288252, 1.3574284 ], [ 103.8288159, 1.3574534 ], [ 103.828781, 1.3575465 ] ] } },
{ "type": "Feature", "properties": { "u": 7100701798, "v": 5716410594, "key": 0, "index": 525, "osmid": [ 760108744, 117035205 ], "highway": "residential", "lanes": [ "2", "1" ], "maxspeed": "40", "name": "Bright Hill Drive", "oneway": true, "reversed": "False", "length": 88.606303625659592, "bridge": null, "junction": null, "length_m": 88.730402037784728, "building_count_50m": 11, "avg_building_area": 1179.5309685817042, "poi_count_50m": 3, "highway_clean": "residential", "highway_rank": 2, "sinuosity": 1.2610776908374666, "poi_diversity": 0.63651416829481278, "food_drink_count": 1, "street_furniture_count": 1, "degree_u": 1, "degree_v": 3, "avg_connectivity": 2.0, "city": "Singapore", "cluster": 0, "typology": "Arterial Movement Corridor" }, "geometry": { "type": "LineString", "coordinates": [ [ 103.833319399999979, 1.358886 ], [ 103.8332748, 1.3589071 ], [ 103.8331826, 1.3589506 ], [ 103.8331202, 1.3589801 ], [ 103.8331, 1.3589935 ], [ 103.833093299999987, 1.3590163 ], [ 103.8331202, 1.359092 ], [ 103.8331349, 1.3591308 ], [ 103.833142, 1.3591496 ], [ 103.8332036, 1.3592992 ], [ 103.833231499999982, 1.359374 ], [ 103.833255500000021, 1.3594578 ], [ 103.833262300000015, 1.3595153 ] ] } },
{ "type": "Feature", "properties": { "u": 7424629435, "v": 4000033078, "key": 0, "index": 526, "osmid": "818742293", "highway": "unclassified", "lanes": "2", "maxspeed": "50", "name": null, "oneway": false, "reversed": "True", "length": 4.3254538216924248, "bridge": null, "junction": null, "length_m": 4.3315124292567999, "building_count_50m": 2, "avg_building_area": 1816.6566896113111, "poi_count_50m": 1, "highway_clean": "unclassified", "highway_rank": 1, "sinuosity": 1.0, "poi_diversity": 0.0, "food_drink_count": 1, "street_furniture_count": 1, "degree_u": 4, "degree_v": 4, "avg_connectivity": 4.0, "city": "Singapore", "cluster": 0, "typology": "Arterial Movement Corridor" }, "geometry": { "type": "LineString", "coordinates": [ [ 103.828205899999986, 1.3594823 ], [ 103.828195199999982, 1.3594449 ] ] } },
{ "type": "Feature", "properties": { "u": 7424629435, "v": 5646398857, "key": 0, "index": 527, "osmid": [ 793734625, 793734626, 464176748 ], "highway": "unclassified", "lanes": [ "1", "3" ], "maxspeed": "50", "name": "Venus Drive", "oneway": true, "reversed": "False", "length": 42.591983125100811, "bridge": null, "junction": null, "length_m": 42.651641040967796, "building_count_50m": 2, "avg_building_area": 1816.6566896113111, "poi_count_50m": 1, "highway_clean": "unclassified", "highway_rank": 1, "sinuosity": 1.0016764762495305, "poi_diversity": 0.0, "food_drink_count": 1, "street_furniture_count": 1, "degree_u": 4, "degree_v": 3, "avg_connectivity": 3.5, "city": "Singapore", "cluster": 0, "typology": "Arterial Movement Corridor" }, "geometry": { "type": "LineString", "coordinates": [ [ 103.828205899999986, 1.3594823 ], [ 103.828329199999985, 1.3594586 ], [ 103.8283898, 1.3594538 ], [ 103.8284733, 1.3594483 ], [ 103.8285862, 1.3594413 ] ] } },
{ "type": "Feature", "properties": { "u": 7436308515, "v": 4749280927, "key": 0, "index": 528, "osmid": "645118133", "highway": "residential", "lanes": null, "maxspeed": "40", "name": "Marigold Drive", "oneway": false, "reversed": "True", "length": 11.095160414132014, "bridge": null, "junction": null, "length_m": 11.110677063185378, "building_count_50m": 24, "avg_building_area": 891.6223862165001, "poi_count_50m": 17, "highway_clean": "residential", "highway_rank": 2, "sinuosity": 1.0, "poi_diversity": 0.97184877123587654, "food_drink_count": 8, "street_furniture_count": 1, "degree_u": 2, "degree_v": 6, "avg_connectivity": 4.0, "city": "Singapore", "cluster": 1, "typology": "Active Commercial High Street" }, "geometry": { "type": "LineString", "coordinates": [ [ 103.8299693, 1.3542374 ], [ 103.8299167, 1.3541526 ] ] } },
{ "type": "Feature", "properties": { "u": 7738998388, "v": 3987285531, "key": 0, "index": 529, "osmid": "632693628", "highway": "residential", "lanes": "1", "maxspeed": null, "name": null, "oneway": true, "reversed": "False", "length": 16.173832486577947, "bridge": null, "junction": null, "length_m": 16.196434349421175, "building_count_50m": 5, "avg_building_area": 1056.9763424814278, "poi_count_50m": 11, "highway_clean": "residential", "highway_rank": 2, "sinuosity": 1.0002631589496527, "poi_diversity": 0.68900923847665863, "food_drink_count": 6, "street_furniture_count": 1, "degree_u": 3, "degree_v": 3, "avg_connectivity": 3.0, "city": "Singapore", "cluster": 1, "typology": "Active Commercial High Street" }, "geometry": { "type": "LineString", "coordinates": [ [ 103.835587599999982, 1.351618 ], [ 103.8355484, 1.3516055 ], [ 103.83552, 1.351598 ], [ 103.835447499999987, 1.3515789 ] ] } },
{ "type": "Feature", "properties": { "u": 7738998388, "v": 206256177, "key": 0, "index": 530, "osmid": [ 632685924, 736525673, 640218100, 482040485 ], "highway": "primary", "lanes": [ "4", "5" ], "maxspeed": "60", "name": "Upper Thomson Road", "oneway": true, "reversed": "False", "length": 118.02605722809338, "bridge": null, "junction": null, "length_m": 118.19101496741102, "building_count_50m": 8, "avg_building_area": 1354.5719962822038, "poi_count_50m": 28, "highway_clean": "primary", "highway_rank": 5, "sinuosity": 1.0134966304256843, "poi_diversity": 0.81650333824701982, "food_drink_count": 15, "street_furniture_count": 1, "degree_u": 3, "degree_v": 3, "avg_connectivity": 3.0, "city": "Singapore", "cluster": 1, "typology": "Active Commercial High Street" }, "geometry": { "type": "LineString", "coordinates": [ [ 103.835587599999982, 1.351618 ], [ 103.8355676, 1.3516903 ], [ 103.8355129, 1.3518468 ], [ 103.835461899999984, 1.3519842 ], [ 103.8353233, 1.3522074 ], [ 103.8351392, 1.3524291 ], [ 103.835057299999988, 1.3525212 ] ] } },
{ "type": "Feature", "properties": { "u": 8129041254, "v": 4598764358, "key": 0, "index": 531, "osmid": "117038425", "highway": "residential", "lanes": "2", "maxspeed": "40", "name": "Soo Chow Drive", "oneway": false, "reversed": "True", "length": 130.27262419308622, "bridge": null, "junction": null, "length_m": 130.45477153959052, "building_count_50m": 72, "avg_building_area": 318.78058981827297, "poi_count_50m": 2, "highway_clean": "residential", "highway_rank": 2, "sinuosity": 1.0007392697089401, "poi_diversity": 0.0, "food_drink_count": 1, "street_furniture_count": 1, "degree_u": 6, "degree_v": 8, "avg_connectivity": 7.0, "city": "Singapore", "cluster": 2, "typology": "Local Mixed Street" }, "geometry": { "type": "LineString", "coordinates": [ [ 103.8320642, 1.3530318 ], [ 103.8320285, 1.3530768 ], [ 103.8317835, 1.3533448 ], [ 103.831539, 1.3535843 ], [ 103.8313093, 1.353805 ], [ 103.831273399999986, 1.3538381 ], [ 103.8312428, 1.3538662 ] ] } },
{ "type": "Feature", "properties": { "u": 8129041254, "v": 4735281551, "key": 0, "index": 532, "osmid": "117038432", "highway": "residential", "lanes": "2", "maxspeed": "40", "name": "Soo Chow Way", "oneway": false, "reversed": "False", "length": 118.90714662738046, "bridge": null, "junction": null, "length_m": 119.07339250717997, "building_count_50m": 70, "avg_building_area": 120.6526238517764, "poi_count_50m": 6, "highway_clean": "residential", "highway_rank": 2, "sinuosity": 1.0004276025522065, "poi_diversity": 0.63651416829481278, "food_drink_count": 4, "street_furniture_count": 1, "degree_u": 6, "degree_v": 6, "avg_connectivity": 6.0, "city": "Singapore", "cluster": 2, "typology": "Local Mixed Street" }, "geometry": { "type": "LineString", "coordinates": [ [ 103.8320642, 1.3530318 ], [ 103.832098699999989, 1.3530465 ], [ 103.8324357, 1.3532002 ], [ 103.8324808, 1.3532203 ], [ 103.832525799999985, 1.3532414 ], [ 103.832579399999986, 1.3532654 ], [ 103.8326278, 1.3532855 ], [ 103.8326867, 1.3533112 ], [ 103.832731, 1.353331 ], [ 103.832782399999985, 1.3533512 ], [ 103.8328304, 1.3533692 ], [ 103.8328589, 1.35338 ], [ 103.832951399999985, 1.3534148 ], [ 103.8330477, 1.3534511 ] ] } },
{ "type": "Feature", "properties": { "u": 8129041254, "v": 1318498303, "key": 0, "index": 533, "osmid": [ 645122673, 645122674, 645123292 ], "highway": "residential", "lanes": "2", "maxspeed": "40", "name": "Soo Chow Way", "oneway": false, "reversed": "True", "length": 160.49226082674909, "bridge": null, "junction": null, "length_m": 160.71660979585204, "building_count_50m": 87, "avg_building_area": 111.58869254242678, "poi_count_50m": 1, "highway_clean": "residential", "highway_rank": 2, "sinuosity": 1.0176121788923798, "poi_diversity": 0.0, "food_drink_count": 1, "street_furniture_count": 1, "degree_u": 6, "degree_v": 2, "avg_connectivity": 4.0, "city": "Singapore", "cluster": 2, "typology": "Local Mixed Street" }, "geometry": { "type": "LineString", "coordinates": [ [ 103.8320642, 1.3530318 ], [ 103.831504099999989, 1.352754 ], [ 103.831288599999979, 1.3526463 ], [ 103.8312326, 1.3526005 ], [ 103.83117249999998, 1.3525397 ], [ 103.831038699999979, 1.3523913 ], [ 103.830913, 1.3522339 ], [ 103.8309006, 1.3522203 ] ] } },
{ "type": "Feature", "properties": { "u": 8882789469, "v": 4598549326, "key": 0, "index": 534, "osmid": "1175534165", "highway": "residential", "lanes": "2", "maxspeed": null, "name": null, "oneway": true, "reversed": "False", "length": 15.062908582346203, "bridge": null, "junction": null, "length_m": 15.083972037037034, "building_count_50m": 4, "avg_building_area": 633.39905264852359, "poi_count_50m": 11, "highway_clean": "residential", "highway_rank": 2, "sinuosity": 1.0367269692042056, "poi_diversity": 1.2406842919533958, "food_drink_count": 3, "street_furniture_count": 1, "degree_u": 3, "degree_v": 5, "avg_connectivity": 4.0, "city": "Singapore", "cluster": 1, "typology": "Active Commercial High Street" }, "geometry": { "type": "LineString", "coordinates": [ [ 103.8339057, 1.3538461 ], [ 103.833951099999979, 1.3538461 ], [ 103.8339906, 1.353853 ], [ 103.8340314, 1.3538819 ] ] } },
{ "type": "Feature", "properties": { "u": 8882789469, "v": 8882789474, "key": 0, "index": 535, "osmid": [ 1175534166, 633834263 ], "highway": "primary", "lanes": [ "5", "3" ], "maxspeed": "60", "name": "Upper Thomson Road", "oneway": true, "reversed": "False", "length": 23.498913484409503, "bridge": null, "junction": null, "length_m": 23.531772743801703, "building_count_50m": 4, "avg_building_area": 996.22719615058429, "poi_count_50m": 13, "highway_clean": "primary", "highway_rank": 5, "sinuosity": 1.0000096156380291, "poi_diversity": 1.2202821662722374, "food_drink_count": 5, "street_furniture_count": 1, "degree_u": 3, "degree_v": 3, "avg_connectivity": 3.0, "city": "Singapore", "cluster": 1, "typology": "Active Commercial High Street" }, "geometry": { "type": "LineString", "coordinates": [ [ 103.8339057, 1.3538461 ], [ 103.8339808, 1.3537708 ], [ 103.8340543, 1.3536958 ] ] } },
{ "type": "Feature", "properties": { "u": 8882789474, "v": 206089496, "key": 0, "index": 536, "osmid": [ 1175534168, 485860195 ], "highway": "primary", "lanes": [ "4", "5" ], "maxspeed": "60", "name": "Upper Thomson Road", "oneway": true, "reversed": "False", "length": 32.820484943432866, "bridge": null, "junction": null, "length_m": 32.866376380077483, "building_count_50m": 5, "avg_building_area": 1132.4117848452174, "poi_count_50m": 19, "highway_clean": "primary", "highway_rank": 5, "sinuosity": 1.0000686379536416, "poi_diversity": 1.0937704472491416, "food_drink_count": 6, "street_furniture_count": 1, "degree_u": 3, "degree_v": 3, "avg_connectivity": 3.0, "city": "Singapore", "cluster": 1, "typology": "Active Commercial High Street" }, "geometry": { "type": "LineString", "coordinates": [ [ 103.8340543, 1.3536958 ], [ 103.8341211, 1.3536277 ], [ 103.8342574, 1.3534816 ] ] } },
{ "type": "Feature", "properties": { "u": 8918219370, "v": 5659506912, "key": 0, "index": 537, "osmid": "795088108", "highway": "residential", "lanes": "2", "maxspeed": "50", "name": "Lorong Puntong", "oneway": false, "reversed": "False", "length": 95.32869004395387, "bridge": null, "junction": null, "length_m": 95.462295533662413, "building_count_50m": 10, "avg_building_area": 154.01076882065607, "poi_count_50m": 5, "highway_clean": "residential", "highway_rank": 2, "sinuosity": 1.7094835816619924, "poi_diversity": 0.95027053923323468, "food_drink_count": 1, "street_furniture_count": 1, "degree_u": 2, "degree_v": 6, "avg_connectivity": 4.0, "city": "Singapore", "cluster": 2, "typology": "Local Mixed Street" }, "geometry": { "type": "LineString", "coordinates": [ [ 103.831473099999982, 1.3616563 ], [ 103.831588499999981, 1.3615836 ], [ 103.831603499999986, 1.3615668 ], [ 103.8316145, 1.361546 ], [ 103.831621399999989, 1.3615268 ], [ 103.8316216, 1.3615077 ], [ 103.8316019, 1.361474 ], [ 103.8315688, 1.3614396 ], [ 103.8315511, 1.3614275 ], [ 103.8315377, 1.3614215 ], [ 103.831519899999989, 1.3614166 ], [ 103.831502, 1.3614171 ], [ 103.831237799999982, 1.36146 ], [ 103.8312125, 1.3614615 ], [ 103.8311872, 1.3614603 ], [ 103.831165299999981, 1.3614554 ], [ 103.831142, 1.3614479 ], [ 103.8310415, 1.3614007 ] ] } },
{ "type": "Feature", "properties": { "u": 8918229466, "v": 1318514274, "key": 0, "index": 538, "osmid": "646955334", "highway": "residential", "lanes": "2", "maxspeed": "50", "name": "Angklong Lane", "oneway": false, "reversed": "False", "length": 23.73871182660865, "bridge": null, "junction": null, "length_m": 23.771993233825963, "building_count_50m": 21, "avg_building_area": 157.00073512107338, "poi_count_50m": 1, "highway_clean": "residential", "highway_rank": 2, "sinuosity": 1.0, "poi_diversity": 0.0, "food_drink_count": 1, "street_furniture_count": 1, "degree_u": 2, "degree_v": 6, "avg_connectivity": 4.0, "city": "Singapore", "cluster": 2, "typology": "Local Mixed Street" }, "geometry": { "type": "LineString", "coordinates": [ [ 103.82977289999998, 1.3625548 ], [ 103.8295778, 1.3626416 ] ] } },
{ "type": "Feature", "properties": { "u": 9080932825, "v": 5716410595, "key": 0, "index": 539, "osmid": [ 629371232, 673294210, 464809800, 652328330, 652328331, 652328332, 795097360, 706644916 ], "highway": "residential", "lanes": "2", "maxspeed": "40", "name": "Bright Hill Drive", "oneway": true, "reversed": "False", "length": 160.65604295554772, "bridge": null, "junction": null, "length_m": 160.88110464103769, "building_count_50m": 13, "avg_building_area": 1138.9976720643381, "poi_count_50m": 5, "highway_clean": "residential", "highway_rank": 2, "sinuosity": 1.0842990981844609, "poi_diversity": 0.50040242353818787, "food_drink_count": 1, "street_furniture_count": 1, "degree_u": 3, "degree_v": 3, "avg_connectivity": 3.0, "city": "Singapore", "cluster": 0, "typology": "Arterial Movement Corridor" }, "geometry": { "type": "LineString", "coordinates": [ [ 103.832265, 1.3602717 ], [ 103.8323624, 1.3602424 ], [ 103.8324481, 1.3602027 ], [ 103.832521899999989, 1.3601714 ], [ 103.832583699999986, 1.360141 ], [ 103.832610699999989, 1.3601274 ], [ 103.8326568, 1.3601043 ], [ 103.8327239, 1.3600758 ], [ 103.8328267, 1.3600317 ], [ 103.832853, 1.3600211 ], [ 103.832959799999983, 1.3599782 ], [ 103.8330619, 1.3599333 ], [ 103.83315, 1.3598912 ], [ 103.8332004, 1.3598509 ], [ 103.8332438, 1.3597996 ], [ 103.8332932, 1.3597121 ], [ 103.8333191, 1.3596346 ], [ 103.8333334, 1.3595525 ], [ 103.833333599999989, 1.3595132 ], [ 103.833329099999986, 1.3594693 ] ] } },
{ "type": "Feature", "properties": { "u": 9080932827, "v": 9080932825, "key": 0, "index": 540, "osmid": "464809797", "highway": "secondary_link", "lanes": "1", "maxspeed": "40", "name": null, "oneway": true, "reversed": "False", "length": 23.817602102808657, "bridge": null, "junction": null, "length_m": 23.850971854911563, "building_count_50m": 2, "avg_building_area": 3689.3263090313644, "poi_count_50m": 4, "highway_clean": "secondary_link", "highway_rank": 4, "sinuosity": 1.0030915361963659, "poi_diversity": 0.56233514461880829, "food_drink_count": 1, "street_furniture_count": 1, "degree_u": 3, "degree_v": 3, "avg_connectivity": 3.0, "city": "Singapore", "cluster": 0, "typology": "Arterial Movement Corridor" }, "geometry": { "type": "LineString", "coordinates": [ [ 103.8321222, 1.3604305 ], [ 103.8321693, 1.3603675 ], [ 103.8322042, 1.3603288 ], [ 103.83221159999998, 1.360323 ], [ 103.832265, 1.3602717 ] ] } },
{ "type": "Feature", "properties": { "u": 9080932827, "v": 4598816973, "key": 0, "index": 541, "osmid": "479616490", "highway": "secondary", "lanes": "2", "maxspeed": "40", "name": "Sin Ming Avenue", "oneway": true, "reversed": "False", "length": 14.976867223457699, "bridge": null, "junction": null, "length_m": 14.997850718870435, "building_count_50m": 2, "avg_building_area": 3689.3263090313644, "poi_count_50m": 3, "highway_clean": "secondary", "highway_rank": 4, "sinuosity": 1.0006289980321728, "poi_diversity": 0.63651416829481278, "food_drink_count": 1, "street_furniture_count": 1, "degree_u": 3, "degree_v": 4, "avg_connectivity": 3.5, "city": "Singapore", "cluster": 0, "typology": "Arterial Movement Corridor" }, "geometry": { "type": "LineString", "coordinates": [ [ 103.8321222, 1.3604305 ], [ 103.8321247, 1.360309 ], [ 103.8321234, 1.3602959 ] ] } },
{ "type": "Feature", "properties": { "u": 10898604743, "v": 11279640732, "key": 0, "index": 542, "osmid": "634056112", "highway": "primary", "lanes": "3", "maxspeed": "60", "name": "Upper Thomson Road", "oneway": true, "reversed": "False", "length": 45.297804528225726, "bridge": null, "junction": null, "length_m": 45.361162762123435, "building_count_50m": 34, "avg_building_area": 250.7954575028119, "poi_count_50m": 1, "highway_clean": "primary", "highway_rank": 5, "sinuosity": 1.0007265094515969, "poi_diversity": 0.0, "food_drink_count": 1, "street_furniture_count": 1, "degree_u": 3, "degree_v": 3, "avg_connectivity": 3.0, "city": "Singapore", "cluster": 0, "typology": "Arterial Movement Corridor" }, "geometry": { "type": "LineString", "coordinates": [ [ 103.832593, 1.3547673 ], [ 103.832789, 1.3546712 ], [ 103.832952, 1.3545752 ] ] } },
{ "type": "Feature", "properties": { "u": 10898604743, "v": 10898604744, "key": 0, "index": 543, "osmid": "1172968579", "highway": "primary_link", "lanes": null, "maxspeed": null, "name": null, "oneway": true, "reversed": "False", "length": 15.133408014253625, "bridge": null, "junction": null, "length_m": 15.154575406002934, "building_count_50m": 28, "avg_building_area": 128.24224436641529, "poi_count_50m": 1, "highway_clean": "primary_link", "highway_rank": 5, "sinuosity": 1.2621357124012067, "poi_diversity": 0.0, "food_drink_count": 1, "street_furniture_count": 1, "degree_u": 3, "degree_v": 3, "avg_connectivity": 3.0, "city": "Singapore", "cluster": 0, "typology": "Arterial Movement Corridor" }, "geometry": { "type": "LineString", "coordinates": [ [ 103.832593, 1.3547673 ], [ 103.8326082, 1.3547327 ], [ 103.8325975, 1.3547105 ], [ 103.8325813, 1.354687 ], [ 103.8325379, 1.3546746 ] ] } },
{ "type": "Feature", "properties": { "u": 10898604744, "v": 6895851977, "key": 0, "index": 544, "osmid": [ 630414234, 736525668 ], "highway": "primary", "lanes": "3", "maxspeed": "60", "name": "Upper Thomson Road", "oneway": true, "reversed": "False", "length": 55.177645336609466, "bridge": null, "junction": null, "length_m": 55.254824540152711, "building_count_50m": 32, "avg_building_area": 135.24060607311822, "poi_count_50m": 1, "highway_clean": "primary", "highway_rank": 5, "sinuosity": 1.004245036265824, "poi_diversity": 0.0, "food_drink_count": 1, "street_furniture_count": 1, "degree_u": 3, "degree_v": 3, "avg_connectivity": 3.0, "city": "Singapore", "cluster": 0, "typology": "Arterial Movement Corridor" }, "geometry": { "type": "LineString", "coordinates": [ [ 103.8325379, 1.3546746 ], [ 103.8324051, 1.3547397 ], [ 103.8321367, 1.3548108 ], [ 103.8320719, 1.3548393 ] ] } },
{ "type": "Feature", "properties": { "u": 11279640732, "v": 8882789469, "key": 0, "index": 545, "osmid": [ 482040486, 634056108, 634056110, 634056112, 1175534167, 633834264 ], "highway": "primary", "lanes": "3", "maxspeed": "60", "name": "Upper Thomson Road", "oneway": true, "reversed": "False", "length": 133.95574132145327, "bridge": null, "junction": null, "length_m": 134.14308133930442, "building_count_50m": 32, "avg_building_area": 335.91653388906207, "poi_count_50m": 10, "highway_clean": "primary", "highway_rank": 5, "sinuosity": 1.003692443114905, "poi_diversity": 1.4708084763221112, "food_drink_count": 2, "street_furniture_count": 1, "degree_u": 3, "degree_v": 3, "avg_connectivity": 3.0, "city": "Singapore", "cluster": 1, "typology": "Active Commercial High Street" }, "geometry": { "type": "LineString", "coordinates": [ [ 103.832952, 1.3545752 ], [ 103.833047, 1.3545192 ], [ 103.8331944, 1.3544302 ], [ 103.8333967, 1.3542969 ], [ 103.8336243, 1.3541031 ], [ 103.833676899999986, 1.3540543 ], [ 103.8337987, 1.3539469 ], [ 103.8338475, 1.3539046 ], [ 103.8339057, 1.3538461 ] ] } },
{ "type": "Feature", "properties": { "u": 11766131930, "v": 4592960007, "key": 0, "index": 546, "osmid": "1266778812", "highway": "residential", "lanes": null, "maxspeed": null, "name": "Ang Mo Kio Rise", "oneway": false, "reversed": "True", "length": 65.411734305165496, "bridge": null, "junction": null, "length_m": 65.503582142653997, "building_count_50m": 6, "avg_building_area": 1303.366589958885, "poi_count_50m": 4, "highway_clean": "residential", "highway_rank": 2, "sinuosity": 1.0000494144206049, "poi_diversity": 0.56233514461880829, "food_drink_count": 1, "street_furniture_count": 1, "degree_u": 4, "degree_v": 4, "avg_connectivity": 4.0, "city": "Singapore", "cluster": 0, "typology": "Arterial Movement Corridor" }, "geometry": { "type": "LineString", "coordinates": [ [ 103.833162499999986, 1.3680613 ], [ 103.832988499999985, 1.3675868 ], [ 103.8329622, 1.3675082 ] ] } },
{ "type": "Feature", "properties": { "u": 11766131930, "v": 11766131930, "key": 0, "index": 547, "osmid": [ 1447652809, 1266778813 ], "highway": "residential", "lanes": null, "maxspeed": null, "name": "Ang Mo Kio Rise", "oneway": true, "reversed": "False", "length": 97.125472764058628, "bridge": null, "junction": null, "length_m": 97.261870645421439, "building_count_50m": 7, "avg_building_area": 1241.1256305635784, "poi_count_50m": 5, "highway_clean": "residential", "highway_rank": 2, "sinuosity": 1.0, "poi_diversity": 0.67301166700925652, "food_drink_count": 1, "street_furniture_count": 1, "degree_u": 4, "degree_v": 4, "avg_connectivity": 4.0, "city": "Singapore", "cluster": 0, "typology": "Arterial Movement Corridor" }, "geometry": { "type": "LineString", "coordinates": [ [ 103.833162499999986, 1.3680613 ], [ 103.8330738, 1.3682365 ], [ 103.8330594, 1.368289 ], [ 103.8330913, 1.3683924 ], [ 103.8331296, 1.3684159 ], [ 103.8331671, 1.3684177 ], [ 103.833215399999986, 1.3684087 ], [ 103.8332466, 1.3683859 ], [ 103.833257799999984, 1.3683504 ], [ 103.83325929999998, 1.368314 ], [ 103.833162499999986, 1.3680613 ] ] } }
]
}
