{
"type": "FeatureCollection",
"name": "tokyo_cleaned",
"crs": { "type": "name", "properties": { "name": "urn:ogc:def:crs:EPSG::32654" } },
"features": [
{ "type": "Feature", "properties": { "from_node": 1, "to_node": 2, "u": 253116548.0, "v": 561587149.0, "key": 0.0, "index": 1.0, "osmid": "1344918803", "highway": [ "unclassified" ], "lanes": null, "name": null, "oneway": "False", "ref": null, "reversed": "True", "length": 10.177945108748906, "maxspeed": null, "access": null, "bridge": null, "width": null, "length_m": 12.543848994710745, "building_count_50m": 19.0, "avg_building_area": 308.16889314447093, "poi_count_50m": 4.0, "highway_clean": [ "unclassified" ], "highway_rank": 1.0, "sinuosity": 1.0, "poi_diversity": 1.3862943611198906, "food_drink_count": 1.0, "street_furniture_count": 1.0, "degree_u": 4.0, "degree_v": 6.0, "avg_connectivity": 5.0, "city": "Tokyo", "cluster": 3.0, "typology": "Local Mixed Street" }, "geometry": { "type": "LineString", "coordinates": [ [ 378492.192713729455136, 3949177.031966937705874 ], [ 378501.762988639122341, 3949180.53994618030265 ] ] } },
{ "type": "Feature", "properties": { "from_node": 63, "to_node": 86, "u": 279077016.0, "v": 286841191.0, "key": 0.0, "index": 11.0, "osmid": "275655285", "highway": [ "secondary" ], "lanes": [ "2" ], "name": [ "井ノ頭通り" ], "oneway": "False", "ref": "413", "reversed": "True", "length": 29.195034954520025, "maxspeed": [ "40" ], "access": null, "bridge": null, "width": null, "length_m": 35.977752011736676, "building_count_50m": 14.0, "avg_building_area": 553.09449106928651, "poi_count_50m": 3.0, "highway_clean": [ "secondary" ], "highway_rank": 4.0, "sinuosity": 1.0, "poi_diversity": 0.63651416829481278, "food_drink_count": 1.0, "street_furniture_count": 1.0, "degree_u": 6.0, "degree_v": 6.0, "avg_connectivity": 6.0, "city": "Tokyo", "cluster": 3.0, "typology": "Local Mixed Street" }, "geometry": { "type": "LineString", "coordinates": [ [ 378073.577429266064428, 3948265.32935093017295 ], [ 378089.208594434137922, 3948240.708364021964371 ] ] } },
{ "type": "Feature", "properties": { "from_node": 120, "to_node": 121, "u": 286896856.0, "v": 1177182016.0, "key": 0.0, "index": 28.0, "osmid": "778198799", "highway": [ "primary" ], "lanes": [ "4" ], "name": [ "方南通り" ], "oneway": "False", "ref": "14", "reversed": "False", "length": 44.667441938365556, "maxspeed": [ "40" ], "access": null, "bridge": null, "width": null, "length_m": 55.053001113316434, "building_count_50m": 35.0, "avg_building_area": 153.62696344165042, "poi_count_50m": 3.0, "highway_clean": [ "primary" ], "highway_rank": 5.0, "sinuosity": 1.0, "poi_diversity": 0.63651416829481278, "food_drink_count": 1.0, "street_furniture_count": 1.0, "degree_u": 6.0, "degree_v": 6.0, "avg_connectivity": 6.0, "city": "Tokyo", "cluster": 3.0, "typology": "Local Mixed Street" }, "geometry": { "type": "LineString", "coordinates": [ [ 377924.34484446188435, 3949578.903572235256433 ], [ 377969.044730792113114, 3949576.614480682648718 ] ] } },
{ "type": "Feature", "properties": { "from_node": 148, "to_node": 149, "u": 307677878.0, "v": 345537202.0, "key": 0.0, "index": 39.0, "osmid": "275655296", "highway": [ "trunk_link" ], "lanes": [ "2" ], "name": null, "oneway": "True", "ref": "20", "reversed": "False", "length": 68.477782413169535, "maxspeed": null, "access": "yes", "bridge": null, "width": null, "length_m": 84.385486359438744, "building_count_50m": 15.0, "avg_building_area": 204.40793073503116, "poi_count_50m": 5.0, "highway_clean": [ "trunk_link" ], "highway_rank": 1.0, "sinuosity": 1.0, "poi_diversity": 1.3321790402101223, "food_drink_count": 1.0, "street_furniture_count": 1.0, "degree_u": 4.0, "degree_v": 1.0, "avg_connectivity": 2.5, "city": "Tokyo", "cluster": 3.0, "typology": "Local Mixed Street" }, "geometry": { "type": "LineString", "coordinates": [ [ 377695.022954828804359, 3948096.054291852749884 ], [ 377750.516630842874292, 3948136.227770252153277 ] ] } },
{ "type": "Feature", "properties": { "from_node": 181, "to_node": 177, "u": 344447220.0, "v": 426858666.0, "key": 0.0, "index": 49.0, "osmid": "36723648", "highway": [ "unclassified" ], "lanes": null, "name": null, "oneway": "False", "ref": null, "reversed": "True", "length": 47.74745343059017, "maxspeed": null, "access": null, "bridge": null, "width": null, "length_m": 58.846503167954005, "building_count_50m": 42.0, "avg_building_area": 150.90722056925654, "poi_count_50m": 5.0, "highway_clean": [ "unclassified" ], "highway_rank": 1.0, "sinuosity": 1.0, "poi_diversity": 0.50040242353818787, "food_drink_count": 1.0, "street_furniture_count": 1.0, "degree_u": 6.0, "degree_v": 8.0, "avg_connectivity": 7.0, "city": "Tokyo", "cluster": 1.0, "typology": "Dense Local Street" }, "geometry": { "type": "LineString", "coordinates": [ [ 377642.863267470325809, 3949192.58858138974756 ], [ 377688.060362491465639, 3949176.956365545745939 ] ] } },
{ "type": "Feature", "properties": { "from_node": 183, "to_node": 185, "u": 344447273.0, "v": 433730994.0, "key": 0.0, "index": 52.0, "osmid": "102270575", "highway": [ "secondary" ], "lanes": null, "name": [ "瀬田貫井線" ], "oneway": "False", "ref": "427", "reversed": "False", "length": 41.539316520729074, "maxspeed": null, "access": null, "bridge": null, "width": null, "length_m": 51.196677719866116, "building_count_50m": 42.0, "avg_building_area": 134.74105872388458, "poi_count_50m": 1.0, "highway_clean": [ "secondary" ], "highway_rank": 4.0, "sinuosity": 1.0, "poi_diversity": 0.0, "food_drink_count": 1.0, "street_furniture_count": 1.0, "degree_u": 6.0, "degree_v": 6.0, "avg_connectivity": 6.0, "city": "Tokyo", "cluster": 1.0, "typology": "Dense Local Street" }, "geometry": { "type": "LineString", "coordinates": [ [ 377248.581576525233686, 3949414.136025270447135 ], [ 377251.243638904765248, 3949455.490935013629496 ] ] } },
{ "type": "Feature", "properties": { "from_node": 184, "to_node": 185, "u": 344447273.0, "v": 357397140.0, "key": 0.0, "index": 53.0, "osmid": "102270575", "highway": [ "secondary" ], "lanes": null, "name": [ "瀬田貫井線" ], "oneway": "False", "ref": "427", "reversed": "True", "length": 33.968122693629873, "maxspeed": null, "access": null, "bridge": null, "width": null, "length_m": 41.865454441777544, "building_count_50m": 26.0, "avg_building_area": 159.967307115609, "poi_count_50m": 2.0, "highway_clean": [ "secondary" ], "highway_rank": 4.0, "sinuosity": 1.0, "poi_diversity": 0.69314718055994529, "food_drink_count": 1.0, "street_furniture_count": 1.0, "degree_u": 6.0, "degree_v": 5.0, "avg_connectivity": 5.5, "city": "Tokyo", "cluster": 3.0, "typology": "Local Mixed Street" }, "geometry": { "type": "LineString", "coordinates": [ [ 377245.169066996197216, 3949488.834621600341052 ], [ 377251.243638904765248, 3949455.490935013629496 ] ] } },
{ "type": "Feature", "properties": { "from_node": 196, "to_node": 197, "u": 344447280.0, "v": 433731422.0, "key": 0.0, "index": 59.0, "osmid": "30976441", "highway": [ "unclassified" ], "lanes": null, "name": null, "oneway": "False", "ref": null, "reversed": "True", "length": 29.156359317902467, "maxspeed": null, "access": null, "bridge": null, "width": null, "length_m": 35.934649525416887, "building_count_50m": 47.0, "avg_building_area": 98.782097894401502, "poi_count_50m": 1.0, "highway_clean": [ "unclassified" ], "highway_rank": 1.0, "sinuosity": 1.0, "poi_diversity": 0.0, "food_drink_count": 1.0, "street_furniture_count": 1.0, "degree_u": 6.0, "degree_v": 6.0, "avg_connectivity": 6.0, "city": "Tokyo", "cluster": 1.0, "typology": "Dense Local Street" }, "geometry": { "type": "LineString", "coordinates": [ [ 377386.896565355476923, 3949392.457261041272432 ], [ 377412.657862558146007, 3949378.733647543005645 ] ] } },
{ "type": "Feature", "properties": { "from_node": 197, "to_node": 1454, "u": 344447280.0, "v": 485609737.0, "key": 0.0, "index": 60.0, "osmid": "40267852", "highway": [ "residential" ], "lanes": null, "name": null, "oneway": "False", "ref": null, "reversed": "False", "length": 33.900848648181537, "maxspeed": null, "access": null, "bridge": null, "width": null, "length_m": 41.782188556036388, "building_count_50m": 52.0, "avg_building_area": 101.4243102009321, "poi_count_50m": 1.0, "highway_clean": [ "residential" ], "highway_rank": 2.0, "sinuosity": 1.0, "poi_diversity": 0.0, "food_drink_count": 1.0, "street_furniture_count": 1.0, "degree_u": 6.0, "degree_v": 6.0, "avg_connectivity": 6.0, "city": "Tokyo", "cluster": 1.0, "typology": "Dense Local Street" }, "geometry": { "type": "LineString", "coordinates": [ [ 377412.657862558146007, 3949378.733647543005645 ], [ 377417.527577215107158, 3949412.203585047274828 ] ] } },
{ "type": "Feature", "properties": { "from_node": 199, "to_node": 203, "u": 344447281.0, "v": 344447282.0, "key": 0.0, "index": 62.0, "osmid": "30976441", "highway": [ "unclassified" ], "lanes": null, "name": null, "oneway": "False", "ref": null, "reversed": "False", "length": 28.732147224457254, "maxspeed": null, "access": null, "bridge": null, "width": null, "length_m": 35.411740250343257, "building_count_50m": 45.0, "avg_building_area": 113.90693838613437, "poi_count_50m": 3.0, "highway_clean": [ "unclassified" ], "highway_rank": 1.0, "sinuosity": 1.0, "poi_diversity": 0.63651416829481278, "food_drink_count": 1.0, "street_furniture_count": 1.0, "degree_u": 6.0, "degree_v": 6.0, "avg_connectivity": 6.0, "city": "Tokyo", "cluster": 1.0, "typology": "Dense Local Street" }, "geometry": { "type": "LineString", "coordinates": [ [ 377447.27614424622152, 3949366.65192043967545 ], [ 377476.007267133099958, 3949364.802478882949799 ] ] } },
{ "type": "Feature", "properties": { "from_node": 209, "to_node": 210, "u": 344929854.0, "v": 345540853.0, "key": 0.0, "index": 68.0, "osmid": "31093477", "highway": [ "residential" ], "lanes": null, "name": null, "oneway": "False", "ref": null, "reversed": "False", "length": 35.541299779120813, "maxspeed": null, "access": null, "bridge": null, "width": null, "length_m": 43.799404442530886, "building_count_50m": 36.0, "avg_building_area": 119.23512328168742, "poi_count_50m": 2.0, "highway_clean": [ "residential" ], "highway_rank": 2.0, "sinuosity": 1.0, "poi_diversity": 0.0, "food_drink_count": 1.0, "street_furniture_count": 1.0, "degree_u": 6.0, "degree_v": 8.0, "avg_connectivity": 7.0, "city": "Tokyo", "cluster": 1.0, "typology": "Dense Local Street" }, "geometry": { "type": "LineString", "coordinates": [ [ 377391.459459412377328, 3948475.743592442013323 ], [ 377417.532269261253532, 3948451.587497550062835 ] ] } },
{ "type": "Feature", "properties": { "from_node": 216, "to_node": 447, "u": 344930031.0, "v": 428421767.0, "key": 0.0, "index": 71.0, "osmid": "31022136", "highway": [ "residential" ], "lanes": null, "name": null, "oneway": "False", "ref": null, "reversed": "False", "length": 44.973701119647622, "maxspeed": null, "access": null, "bridge": null, "width": null, "length_m": 55.42368277360945, "building_count_50m": 41.0, "avg_building_area": 115.80222248160399, "poi_count_50m": 1.0, "highway_clean": [ "residential" ], "highway_rank": 2.0, "sinuosity": 1.0, "poi_diversity": 0.0, "food_drink_count": 1.0, "street_furniture_count": 1.0, "degree_u": 8.0, "degree_v": 8.0, "avg_connectivity": 8.0, "city": "Tokyo", "cluster": 1.0, "typology": "Dense Local Street" }, "geometry": { "type": "LineString", "coordinates": [ [ 377450.590897307440173, 3948483.703613319899887 ], [ 377480.268257100309711, 3948517.463972861878574 ] ] } },
{ "type": "Feature", "properties": { "from_node": 216, "to_node": 2164, "u": 344930031.0, "v": 345534374.0, "key": 0.0, "index": 72.0, "osmid": "1334061146", "highway": [ "residential" ], "lanes": null, "name": null, "oneway": "False", "ref": null, "reversed": "False", "length": 16.229962544153484, "maxspeed": null, "access": null, "bridge": null, "width": null, "length_m": 20.00106829169432, "building_count_50m": 38.0, "avg_building_area": 101.41503882276099, "poi_count_50m": 1.0, "highway_clean": [ "residential" ], "highway_rank": 2.0, "sinuosity": 1.0, "poi_diversity": 0.0, "food_drink_count": 1.0, "street_furniture_count": 1.0, "degree_u": 8.0, "degree_v": 2.0, "avg_connectivity": 5.0, "city": "Tokyo", "cluster": 1.0, "typology": "Dense Local Street" }, "geometry": { "type": "LineString", "coordinates": [ [ 377450.590897307440173, 3948483.703613319899887 ], [ 377463.481207441887818, 3948473.829810003284365 ] ] } },
{ "type": "Feature", "properties": { "from_node": 217, "to_node": 216, "u": 344930031.0, "v": 345541351.0, "key": 0.0, "index": 73.0, "osmid": "1334061146", "highway": [ "residential" ], "lanes": null, "name": null, "oneway": "False", "ref": null, "reversed": "True", "length": 39.404246575629742, "maxspeed": null, "access": null, "bridge": null, "width": null, "length_m": 48.560096622214274, "building_count_50m": 42.0, "avg_building_area": 101.30766873175382, "poi_count_50m": 4.0, "highway_clean": [ "residential" ], "highway_rank": 2.0, "sinuosity": 1.0, "poi_diversity": 0.0, "food_drink_count": 1.0, "street_furniture_count": 1.0, "degree_u": 8.0, "degree_v": 8.0, "avg_connectivity": 8.0, "city": "Tokyo", "cluster": 1.0, "typology": "Dense Local Street" }, "geometry": { "type": "LineString", "coordinates": [ [ 377420.066067881823983, 3948508.642104951199144 ], [ 377450.590897307440173, 3948483.703613319899887 ] ] } },
{ "type": "Feature", "properties": { "from_node": 238, "to_node": 500, "u": 344931539.0, "v": 353680840.0, "key": 0.0, "index": 78.0, "osmid": "31444288", "highway": [ "residential" ], "lanes": null, "name": null, "oneway": "False", "ref": null, "reversed": "False", "length": 13.957572382266939, "maxspeed": null, "access": null, "bridge": null, "width": null, "length_m": 17.200694709728523, "building_count_50m": 26.0, "avg_building_area": 211.06744092382388, "poi_count_50m": 1.0, "highway_clean": [ "residential" ], "highway_rank": 2.0, "sinuosity": 1.0, "poi_diversity": 0.0, "food_drink_count": 1.0, "street_furniture_count": 1.0, "degree_u": 6.0, "degree_v": 6.0, "avg_connectivity": 6.0, "city": "Tokyo", "cluster": 1.0, "typology": "Dense Local Street" }, "geometry": { "type": "LineString", "coordinates": [ [ 377750.444787449843716, 3948487.174626802559942 ], [ 377762.051730910432525, 3948479.404579030815512 ] ] } },
{ "type": "Feature", "properties": { "from_node": 239, "to_node": 238, "u": 344931539.0, "v": 344931541.0, "key": 0.0, "index": 79.0, "osmid": "38098032", "highway": [ "residential" ], "lanes": null, "name": null, "oneway": "False", "ref": null, "reversed": "False", "length": 23.96923455542241, "maxspeed": null, "access": null, "bridge": null, "width": null, "length_m": 29.538605797297329, "building_count_50m": 21.0, "avg_building_area": 217.18166408404244, "poi_count_50m": 2.0, "highway_clean": [ "residential" ], "highway_rank": 2.0, "sinuosity": 1.0, "poi_diversity": 0.69314718055994529, "food_drink_count": 1.0, "street_furniture_count": 1.0, "degree_u": 6.0, "degree_v": 6.0, "avg_connectivity": 6.0, "city": "Tokyo", "cluster": 3.0, "typology": "Local Mixed Street" }, "geometry": { "type": "LineString", "coordinates": [ [ 377735.182049859839026, 3948468.713401678018272 ], [ 377750.444787449843716, 3948487.174626802559942 ] ] } },
{ "type": "Feature", "properties": { "from_node": 262, "to_node": 263, "u": 345533543.0, "v": 345541273.0, "key": 0.0, "index": 87.0, "osmid": "31093515", "highway": [ "secondary" ], "lanes": [ "2" ], "name": [ "瀬田貫井線" ], "oneway": "False", "ref": "427", "reversed": "True", "length": 68.270146236260658, "maxspeed": [ "30" ], "access": null, "bridge": null, "width": null, "length_m": 84.136032770790592, "building_count_50m": 54.0, "avg_building_area": 186.38396999625942, "poi_count_50m": 25.0, "highway_clean": [ "secondary" ], "highway_rank": 4.0, "sinuosity": 1.0, "poi_diversity": 1.0643154039079952, "food_drink_count": 7.0, "street_furniture_count": 1.0, "degree_u": 5.0, "degree_v": 8.0, "avg_connectivity": 6.5, "city": "Tokyo", "cluster": 4.0, "typology": "Active Commercial High Street" }, "geometry": { "type": "LineString", "coordinates": [ [ 377224.482968622760382, 3948766.424834706820548 ], [ 377248.743917964748107, 3948830.102049003820866 ] ] } },
{ "type": "Feature", "properties": { "from_node": 276, "to_node": 280, "u": 345533568.0, "v": 413326774.0, "key": 0.0, "index": 93.0, "osmid": "299739169", "highway": [ "secondary" ], "lanes": [ "2" ], "name": [ "井ノ頭通り" ], "oneway": "False", "ref": "413", "reversed": "True", "length": 14.370604464994464, "maxspeed": [ "40" ], "access": null, "bridge": null, "width": null, "length_m": 17.710363125004093, "building_count_50m": 31.0, "avg_building_area": 135.34515702224743, "poi_count_50m": 5.0, "highway_clean": [ "secondary" ], "highway_rank": 4.0, "sinuosity": 1.0, "poi_diversity": 0.67301166700925652, "food_drink_count": 1.0, "street_furniture_count": 1.0, "degree_u": 6.0, "degree_v": 6.0, "avg_connectivity": 6.0, "city": "Tokyo", "cluster": 3.0, "typology": "Local Mixed Street" }, "geometry": { "type": "LineString", "coordinates": [ [ 377354.907482887792867, 3948825.585827860049903 ], [ 377366.983802845235914, 3948817.775470842141658 ] ] } },
{ "type": "Feature", "properties": { "from_node": 285, "to_node": 286, "u": 345534299.0, "v": 428421766.0, "key": 0.0, "index": 98.0, "osmid": "32124885", "highway": [ "residential" ], "lanes": null, "name": null, "oneway": "False", "ref": null, "reversed": "True", "length": 45.047280154577024, "maxspeed": null, "access": null, "bridge": null, "width": null, "length_m": 55.514729702904411, "building_count_50m": 54.0, "avg_building_area": 103.25104456918088, "poi_count_50m": 3.0, "highway_clean": [ "residential" ], "highway_rank": 2.0, "sinuosity": 1.0, "poi_diversity": 0.0, "food_drink_count": 1.0, "street_furniture_count": 1.0, "degree_u": 8.0, "degree_v": 8.0, "avg_connectivity": 8.0, "city": "Tokyo", "cluster": 1.0, "typology": "Dense Local Street" }, "geometry": { "type": "LineString", "coordinates": [ [ 377449.785482391656842, 3948542.823356238659471 ], [ 377479.329806071997155, 3948576.796327151823789 ] ] } },
{ "type": "Feature", "properties": { "from_node": 286, "to_node": 288, "u": 345534299.0, "v": 349113815.0, "key": 0.0, "index": 99.0, "osmid": "32124900", "highway": [ "residential" ], "lanes": null, "name": null, "oneway": "False", "ref": null, "reversed": "True", "length": 39.876196593802611, "maxspeed": null, "access": null, "bridge": null, "width": null, "length_m": 49.142087511330303, "building_count_50m": 48.0, "avg_building_area": 115.80116519297933, "poi_count_50m": 1.0, "highway_clean": [ "residential" ], "highway_rank": 2.0, "sinuosity": 1.0, "poi_diversity": 0.0, "food_drink_count": 1.0, "street_furniture_count": 1.0, "degree_u": 8.0, "degree_v": 8.0, "avg_connectivity": 8.0, "city": "Tokyo", "cluster": 1.0, "typology": "Dense Local Street" }, "geometry": { "type": "LineString", "coordinates": [ [ 377479.329806071997155, 3948576.796327151823789 ], [ 377509.632630554377101, 3948550.862635764759034 ] ] } },
{ "type": "Feature", "properties": { "from_node": 289, "to_node": 286, "u": 345534299.0, "v": 345534300.0, "key": 0.0, "index": 101.0, "osmid": "35902714", "highway": [ "residential" ], "lanes": null, "name": null, "oneway": "False", "ref": null, "reversed": "False", "length": 39.749973047551045, "maxspeed": null, "access": null, "bridge": null, "width": null, "length_m": 48.986674797412178, "building_count_50m": 54.0, "avg_building_area": 100.32189282538167, "poi_count_50m": 1.0, "highway_clean": [ "residential" ], "highway_rank": 2.0, "sinuosity": 1.0, "poi_diversity": 0.0, "food_drink_count": 1.0, "street_furniture_count": 1.0, "degree_u": 8.0, "degree_v": 6.0, "avg_connectivity": 7.0, "city": "Tokyo", "cluster": 1.0, "typology": "Dense Local Street" }, "geometry": { "type": "LineString", "coordinates": [ [ 377449.125644018291496, 3948602.651112088467926 ], [ 377479.329806071997155, 3948576.796327151823789 ] ] } },
{ "type": "Feature", "properties": { "from_node": 290, "to_node": 289, "u": 345534300.0, "v": 345540680.0, "key": 0.0, "index": 103.0, "osmid": "211614233", "highway": [ "unclassified" ], "lanes": null, "name": null, "oneway": "False", "ref": null, "reversed": "False", "length": 45.102007043352785, "maxspeed": null, "access": null, "bridge": null, "width": null, "length_m": 55.582335303615693, "building_count_50m": 47.0, "avg_building_area": 121.9046966782015, "poi_count_50m": 3.0, "highway_clean": [ "unclassified" ], "highway_rank": 1.0, "sinuosity": 1.0, "poi_diversity": 0.0, "food_drink_count": 1.0, "street_furniture_count": 1.0, "degree_u": 6.0, "degree_v": 6.0, "avg_connectivity": 6.0, "city": "Tokyo", "cluster": 1.0, "typology": "Dense Local Street" }, "geometry": { "type": "LineString", "coordinates": [ [ 377418.632318436924834, 3948569.4457140811719 ], [ 377449.125644018291496, 3948602.651112088467926 ] ] } },
{ "type": "Feature", "properties": { "from_node": 289, "to_node": 378, "u": 345534300.0, "v": 345540678.0, "key": 0.0, "index": 104.0, "osmid": "211614233", "highway": [ "unclassified" ], "lanes": null, "name": null, "oneway": "False", "ref": null, "reversed": "True", "length": 25.153586532446916, "maxspeed": null, "access": null, "bridge": null, "width": null, "length_m": 30.998604329707582, "building_count_50m": 38.0, "avg_building_area": 104.0871352445408, "poi_count_50m": 1.0, "highway_clean": [ "unclassified" ], "highway_rank": 1.0, "sinuosity": 1.0, "poi_diversity": 0.0, "food_drink_count": 1.0, "street_furniture_count": 1.0, "degree_u": 6.0, "degree_v": 6.0, "avg_connectivity": 6.0, "city": "Tokyo", "cluster": 1.0, "typology": "Dense Local Street" }, "geometry": { "type": "LineString", "coordinates": [ [ 377449.125644018291496, 3948602.651112088467926 ], [ 377465.322637688950635, 3948621.875565090216696 ] ] } },
{ "type": "Feature", "properties": { "from_node": 288, "to_node": 2166, "u": 345534376.0, "v": 349113815.0, "key": 0.0, "index": 106.0, "osmid": "32124900", "highway": [ "residential" ], "lanes": null, "name": null, "oneway": "False", "ref": null, "reversed": "False", "length": 39.283784364496441, "maxspeed": null, "access": null, "bridge": null, "width": null, "length_m": 48.411879006183575, "building_count_50m": 38.0, "avg_building_area": 188.91843374616056, "poi_count_50m": 1.0, "highway_clean": [ "residential" ], "highway_rank": 2.0, "sinuosity": 1.0, "poi_diversity": 0.0, "food_drink_count": 1.0, "street_furniture_count": 1.0, "degree_u": 2.0, "degree_v": 8.0, "avg_connectivity": 5.0, "city": "Tokyo", "cluster": 1.0, "typology": "Dense Local Street" }, "geometry": { "type": "LineString", "coordinates": [ [ 377509.632630554377101, 3948550.862635764759034 ], [ 377539.148073551885318, 3948524.928807922638953 ] ] } },
{ "type": "Feature", "properties": { "from_node": 354, "to_node": 355, "u": 345540071.0, "v": 357163055.0, "key": 0.0, "index": 127.0, "osmid": "187409676", "highway": [ "secondary" ], "lanes": [ "2" ], "name": [ "瀬田貫井線" ], "oneway": "False", "ref": "427", "reversed": "True", "length": 49.195759769206028, "maxspeed": [ "30" ], "access": null, "bridge": null, "width": null, "length_m": 60.624517131595177, "building_count_50m": 22.0, "avg_building_area": 218.53001866660523, "poi_count_50m": 5.0, "highway_clean": [ "secondary" ], "highway_rank": 4.0, "sinuosity": 1.0, "poi_diversity": 0.50040242353818787, "food_drink_count": 1.0, "street_furniture_count": 1.0, "degree_u": 6.0, "degree_v": 6.0, "avg_connectivity": 6.0, "city": "Tokyo", "cluster": 3.0, "typology": "Local Mixed Street" }, "geometry": { "type": "LineString", "coordinates": [ [ 377095.176883645937778, 3948153.782630234025419 ], [ 377112.92843158938922, 3948199.566168610472232 ] ] } },
{ "type": "Feature", "properties": { "from_node": 290, "to_node": 285, "u": 345540680.0, "v": 428421766.0, "key": 0.0, "index": 135.0, "osmid": "36851847", "highway": [ "residential" ], "lanes": null, "name": null, "oneway": "False", "ref": null, "reversed": "False", "length": 40.969653554958583, "maxspeed": null, "access": null, "bridge": null, "width": null, "length_m": 50.489578589032334, "building_count_50m": 44.0, "avg_building_area": 130.48101107944441, "poi_count_50m": 4.0, "highway_clean": [ "residential" ], "highway_rank": 2.0, "sinuosity": 1.0, "poi_diversity": 0.0, "food_drink_count": 1.0, "street_furniture_count": 1.0, "degree_u": 6.0, "degree_v": 8.0, "avg_connectivity": 7.0, "city": "Tokyo", "cluster": 1.0, "typology": "Dense Local Street" }, "geometry": { "type": "LineString", "coordinates": [ [ 377418.632318436924834, 3948569.4457140811719 ], [ 377449.785482391656842, 3948542.823356238659471 ] ] } },
{ "type": "Feature", "properties": { "from_node": 383, "to_node": 290, "u": 345540680.0, "v": 345540681.0, "key": 0.0, "index": 136.0, "osmid": "211614233", "highway": [ "unclassified" ], "lanes": null, "name": null, "oneway": "False", "ref": null, "reversed": "False", "length": 44.647730208828392, "maxspeed": null, "access": null, "bridge": null, "width": null, "length_m": 55.02228784157704, "building_count_50m": 41.0, "avg_building_area": 129.54118201995078, "poi_count_50m": 4.0, "highway_clean": [ "unclassified" ], "highway_rank": 1.0, "sinuosity": 1.0, "poi_diversity": 0.0, "food_drink_count": 1.0, "street_furniture_count": 1.0, "degree_u": 6.0, "degree_v": 8.0, "avg_connectivity": 7.0, "city": "Tokyo", "cluster": 1.0, "typology": "Dense Local Street" }, "geometry": { "type": "LineString", "coordinates": [ [ 377389.434868293814361, 3948535.701124029234052 ], [ 377418.632318436924834, 3948569.4457140811719 ] ] } },
{ "type": "Feature", "properties": { "from_node": 383, "to_node": 217, "u": 345540681.0, "v": 345541351.0, "key": 0.0, "index": 139.0, "osmid": "1334061146", "highway": [ "residential" ], "lanes": null, "name": null, "oneway": "False", "ref": null, "reversed": "False", "length": 40.864993366943729, "maxspeed": null, "access": null, "bridge": null, "width": null, "length_m": 50.360403533799307, "building_count_50m": 36.0, "avg_building_area": 128.92818961133662, "poi_count_50m": 4.0, "highway_clean": [ "residential" ], "highway_rank": 2.0, "sinuosity": 1.0, "poi_diversity": 0.0, "food_drink_count": 1.0, "street_furniture_count": 1.0, "degree_u": 8.0, "degree_v": 8.0, "avg_connectivity": 8.0, "city": "Tokyo", "cluster": 1.0, "typology": "Dense Local Street" }, "geometry": { "type": "LineString", "coordinates": [ [ 377389.434868293814361, 3948535.701124029234052 ], [ 377420.066067881823983, 3948508.642104951199144 ] ] } },
{ "type": "Feature", "properties": { "from_node": 209, "to_node": 217, "u": 345540853.0, "v": 345541351.0, "key": 0.0, "index": 146.0, "osmid": "32124885", "highway": [ "residential" ], "lanes": null, "name": null, "oneway": "False", "ref": null, "reversed": "False", "length": 43.620403360108654, "maxspeed": null, "access": null, "bridge": null, "width": null, "length_m": 53.755880047558911, "building_count_50m": 38.0, "avg_building_area": 121.16847802363142, "poi_count_50m": 5.0, "highway_clean": [ "residential" ], "highway_rank": 2.0, "sinuosity": 1.0, "poi_diversity": 0.0, "food_drink_count": 1.0, "street_furniture_count": 1.0, "degree_u": 8.0, "degree_v": 8.0, "avg_connectivity": 8.0, "city": "Tokyo", "cluster": 1.0, "typology": "Dense Local Street" }, "geometry": { "type": "LineString", "coordinates": [ [ 377391.459459412377328, 3948475.743592442013323 ], [ 377420.066067881823983, 3948508.642104951199144 ] ] } },
{ "type": "Feature", "properties": { "from_node": 398, "to_node": 399, "u": 345541271.0, "v": 345541272.0, "key": 0.0, "index": 149.0, "osmid": "31093545", "highway": [ "unclassified" ], "lanes": null, "name": null, "oneway": "False", "ref": null, "reversed": "False", "length": 31.472109338958564, "maxspeed": [ "30" ], "access": null, "bridge": null, "width": null, "length_m": 38.785972359091232, "building_count_50m": 42.0, "avg_building_area": 168.53974838546961, "poi_count_50m": 9.0, "highway_clean": [ "unclassified" ], "highway_rank": 1.0, "sinuosity": 1.0, "poi_diversity": 1.310783678099714, "food_drink_count": 3.0, "street_furniture_count": 1.0, "degree_u": 6.0, "degree_v": 6.0, "avg_connectivity": 6.0, "city": "Tokyo", "cluster": 3.0, "typology": "Local Mixed Street" }, "geometry": { "type": "LineString", "coordinates": [ [ 377261.090897269663401, 3948752.739656428806484 ], [ 377291.950808635330759, 3948746.267402382567525 ] ] } },
{ "type": "Feature", "properties": { "from_node": 262, "to_node": 398, "u": 345541272.0, "v": 345541273.0, "key": 0.0, "index": 152.0, "osmid": "31093545", "highway": [ "unclassified" ], "lanes": null, "name": null, "oneway": "False", "ref": null, "reversed": "False", "length": 39.022254485179822, "maxspeed": [ "30" ], "access": null, "bridge": null, "width": null, "length_m": 48.090762232392088, "building_count_50m": 51.0, "avg_building_area": 162.27215857991948, "poi_count_50m": 14.0, "highway_clean": [ "unclassified" ], "highway_rank": 1.0, "sinuosity": 1.0, "poi_diversity": 1.1163670752893367, "food_drink_count": 3.0, "street_furniture_count": 1.0, "degree_u": 6.0, "degree_v": 8.0, "avg_connectivity": 7.0, "city": "Tokyo", "cluster": 3.0, "typology": "Local Mixed Street" }, "geometry": { "type": "LineString", "coordinates": [ [ 377224.482968622760382, 3948766.424834706820548 ], [ 377261.090897269663401, 3948752.739656428806484 ] ] } },
{ "type": "Feature", "properties": { "from_node": 425, "to_node": 387, "u": 345541348.0, "v": 7206077771.0, "key": 0.0, "index": 161.0, "osmid": "36237010", "highway": [ "unclassified" ], "lanes": null, "name": null, "oneway": "False", "ref": null, "reversed": "False", "length": 33.091590917499367, "maxspeed": null, "access": null, "bridge": null, "width": null, "length_m": 40.780942561584389, "building_count_50m": 32.0, "avg_building_area": 148.77921831155331, "poi_count_50m": 1.0, "highway_clean": [ "unclassified" ], "highway_rank": 1.0, "sinuosity": 1.0, "poi_diversity": 0.0, "food_drink_count": 1.0, "street_furniture_count": 1.0, "degree_u": 6.0, "degree_v": 6.0, "avg_connectivity": 6.0, "city": "Tokyo", "cluster": 1.0, "typology": "Dense Local Street" }, "geometry": { "type": "LineString", "coordinates": [ [ 377339.876214536139742, 3948551.006619232706726 ], [ 377367.040871899924241, 3948569.935363326687366 ] ] } },
{ "type": "Feature", "properties": { "from_node": 217, "to_node": 285, "u": 345541351.0, "v": 428421766.0, "key": 0.0, "index": 164.0, "osmid": "32124885", "highway": [ "residential" ], "lanes": null, "name": null, "oneway": "False", "ref": null, "reversed": "False", "length": 45.319508235595372, "maxspeed": null, "access": null, "bridge": null, "width": null, "length_m": 55.849996775377242, "building_count_50m": 45.0, "avg_building_area": 107.04662858299713, "poi_count_50m": 5.0, "highway_clean": [ "residential" ], "highway_rank": 2.0, "sinuosity": 1.0, "poi_diversity": 0.0, "food_drink_count": 1.0, "street_furniture_count": 1.0, "degree_u": 8.0, "degree_v": 8.0, "avg_connectivity": 8.0, "city": "Tokyo", "cluster": 1.0, "typology": "Dense Local Street" }, "geometry": { "type": "LineString", "coordinates": [ [ 377420.066067881823983, 3948508.642104951199144 ], [ 377449.785482391656842, 3948542.823356238659471 ] ] } },
{ "type": "Feature", "properties": { "from_node": 440, "to_node": 443, "u": 345542199.0, "v": 353680341.0, "key": 0.0, "index": 173.0, "osmid": "31612278", "highway": [ "residential" ], "lanes": null, "name": null, "oneway": "False", "ref": null, "reversed": "False", "length": 37.533642389782713, "maxspeed": null, "access": null, "bridge": null, "width": null, "length_m": 46.254398528440809, "building_count_50m": 35.0, "avg_building_area": 110.60668843500196, "poi_count_50m": 2.0, "highway_clean": [ "residential" ], "highway_rank": 2.0, "sinuosity": 1.0, "poi_diversity": 0.69314718055994529, "food_drink_count": 1.0, "street_furniture_count": 1.0, "degree_u": 6.0, "degree_v": 6.0, "avg_connectivity": 6.0, "city": "Tokyo", "cluster": 3.0, "typology": "Local Mixed Street" }, "geometry": { "type": "LineString", "coordinates": [ [ 377458.843635757802986, 3948413.209757622797042 ], [ 377495.966416923969518, 3948407.195550590753555 ] ] } },
{ "type": "Feature", "properties": { "from_node": 448, "to_node": 555, "u": 352996173.0, "v": 413326755.0, "key": 0.0, "index": 187.0, "osmid": "35262837", "highway": [ "unclassified" ], "lanes": null, "name": null, "oneway": "False", "ref": null, "reversed": "True", "length": 50.012791407096088, "maxspeed": null, "access": null, "bridge": null, "width": null, "length_m": 61.636642389034876, "building_count_50m": 41.0, "avg_building_area": 220.37518823639704, "poi_count_50m": 14.0, "highway_clean": [ "unclassified" ], "highway_rank": 1.0, "sinuosity": 1.0, "poi_diversity": 1.5124511784664483, "food_drink_count": 4.0, "street_furniture_count": 1.0, "degree_u": 4.0, "degree_v": 8.0, "avg_connectivity": 6.0, "city": "Tokyo", "cluster": 4.0, "typology": "Active Commercial High Street" }, "geometry": { "type": "LineString", "coordinates": [ [ 377307.291227584704757, 3948946.080065920948982 ], [ 377350.203831481398083, 3948920.30452296603471 ] ] } },
{ "type": "Feature", "properties": { "from_node": 448, "to_node": 558, "u": 352996173.0, "v": 410115846.0, "key": 0.0, "index": 188.0, "osmid": "645599600", "highway": [ "unclassified" ], "lanes": [ "1" ], "name": null, "oneway": "True", "ref": null, "reversed": "False", "length": 95.806200811537437, "maxspeed": [ "30" ], "access": null, "bridge": null, "width": null, "length_m": 118.07398223408275, "building_count_50m": 78.0, "avg_building_area": 140.66638521278375, "poi_count_50m": 21.0, "highway_clean": [ "unclassified" ], "highway_rank": 1.0, "sinuosity": 1.0, "poi_diversity": 1.2736474290365023, "food_drink_count": 8.0, "street_furniture_count": 1.0, "degree_u": 4.0, "degree_v": 4.0, "avg_connectivity": 4.0, "city": "Tokyo", "cluster": 4.0, "typology": "Active Commercial High Street" }, "geometry": { "type": "LineString", "coordinates": [ [ 377307.291227584704757, 3948946.080065920948982 ], [ 377351.43182515836088, 3949030.950000125914812 ] ] } },
{ "type": "Feature", "properties": { "from_node": 454, "to_node": 1390, "u": 352996175.0, "v": 476564762.0, "key": 0.0, "index": 191.0, "osmid": "645599600", "highway": [ "unclassified" ], "lanes": [ "1" ], "name": null, "oneway": "True", "ref": null, "reversed": "False", "length": 8.9105250412757453, "maxspeed": [ "30" ], "access": null, "bridge": null, "width": null, "length_m": 10.981722728101303, "building_count_50m": 32.0, "avg_building_area": 151.0909572704295, "poi_count_50m": 6.0, "highway_clean": [ "unclassified" ], "highway_rank": 1.0, "sinuosity": 1.0, "poi_diversity": 0.69314718055994529, "food_drink_count": 1.0, "street_furniture_count": 1.0, "degree_u": 4.0, "degree_v": 4.0, "avg_connectivity": 4.0, "city": "Tokyo", "cluster": 3.0, "typology": "Local Mixed Street" }, "geometry": { "type": "LineString", "coordinates": [ [ 377393.79037233121926, 3949117.930379638914019 ], [ 377397.90908362925984, 3949125.816854778211564 ] ] } },
{ "type": "Feature", "properties": { "from_node": 466, "to_node": 460, "u": 352997318.0, "v": 7187514402.0, "key": 0.0, "index": 196.0, "osmid": "31904766", "highway": [ "residential" ], "lanes": null, "name": null, "oneway": "False", "ref": null, "reversed": "True", "length": 19.295634898326426, "maxspeed": [ "20" ], "access": null, "bridge": null, "width": null, "length_m": 23.780708836866086, "building_count_50m": 39.0, "avg_building_area": 115.9629968312159, "poi_count_50m": 1.0, "highway_clean": [ "residential" ], "highway_rank": 2.0, "sinuosity": 1.0, "poi_diversity": 0.0, "food_drink_count": 1.0, "street_furniture_count": 1.0, "degree_u": 6.0, "degree_v": 6.0, "avg_connectivity": 6.0, "city": "Tokyo", "cluster": 1.0, "typology": "Dense Local Street" }, "geometry": { "type": "LineString", "coordinates": [ [ 377146.938912794459611, 3949104.121005663648248 ], [ 377155.763015343341976, 3949086.991960768122226 ] ] } },
{ "type": "Feature", "properties": { "from_node": 472, "to_node": 466, "u": 352997319.0, "v": 7187514402.0, "key": 0.0, "index": 199.0, "osmid": "31904766", "highway": [ "residential" ], "lanes": null, "name": null, "oneway": "False", "ref": null, "reversed": "False", "length": 19.461025337149426, "maxspeed": [ "20" ], "access": null, "bridge": null, "width": null, "length_m": 23.984588570377866, "building_count_50m": 42.0, "avg_building_area": 110.63953478184898, "poi_count_50m": 1.0, "highway_clean": [ "residential" ], "highway_rank": 2.0, "sinuosity": 1.0, "poi_diversity": 0.0, "food_drink_count": 1.0, "street_furniture_count": 1.0, "degree_u": 6.0, "degree_v": 6.0, "avg_connectivity": 6.0, "city": "Tokyo", "cluster": 1.0, "typology": "Dense Local Street" }, "geometry": { "type": "LineString", "coordinates": [ [ 377137.625070303911343, 3949121.179172793403268 ], [ 377146.938912794459611, 3949104.121005663648248 ] ] } },
{ "type": "Feature", "properties": { "from_node": 480, "to_node": 114, "u": 353679632.0, "v": 1186563258.0, "key": 0.0, "index": 204.0, "osmid": "299739169", "highway": [ "secondary" ], "lanes": [ "2" ], "name": [ "井ノ頭通り" ], "oneway": "False", "ref": "413", "reversed": "True", "length": 40.339428329354824, "maxspeed": [ "40" ], "access": null, "bridge": null, "width": null, "length_m": 49.713902905622994, "building_count_50m": 16.0, "avg_building_area": 483.52868928069711, "poi_count_50m": 1.0, "highway_clean": [ "secondary" ], "highway_rank": 4.0, "sinuosity": 1.0, "poi_diversity": 0.0, "food_drink_count": 1.0, "street_furniture_count": 1.0, "degree_u": 6.0, "degree_v": 6.0, "avg_connectivity": 6.0, "city": "Tokyo", "cluster": 3.0, "typology": "Local Mixed Street" }, "geometry": { "type": "LineString", "coordinates": [ [ 377467.54664452932775, 3948744.477611632086337 ], [ 377499.47739429626381, 3948719.797221368644387 ] ] } },
{ "type": "Feature", "properties": { "from_node": 504, "to_node": 506, "u": 353680843.0, "v": 353680845.0, "key": 0.0, "index": 220.0, "osmid": "31444288", "highway": [ "residential" ], "lanes": null, "name": null, "oneway": "False", "ref": null, "reversed": "False", "length": 33.416759348314407, "maxspeed": null, "access": null, "bridge": null, "width": null, "length_m": 41.181045383347552, "building_count_50m": 39.0, "avg_building_area": 111.06635763555849, "poi_count_50m": 1.0, "highway_clean": [ "residential" ], "highway_rank": 2.0, "sinuosity": 1.0, "poi_diversity": 0.0, "food_drink_count": 1.0, "street_furniture_count": 1.0, "degree_u": 6.0, "degree_v": 6.0, "avg_connectivity": 6.0, "city": "Tokyo", "cluster": 1.0, "typology": "Dense Local Street" }, "geometry": { "type": "LineString", "coordinates": [ [ 377798.642350170353893, 3948434.0265360516496 ], [ 377817.125551224336959, 3948406.226234537083656 ] ] } },
{ "type": "Feature", "properties": { "from_node": 504, "to_node": 1388, "u": 353680843.0, "v": 448133785.0, "key": 0.0, "index": 221.0, "osmid": "38098042", "highway": [ "residential" ], "lanes": null, "name": null, "oneway": "False", "ref": null, "reversed": "True", "length": 37.5506360998194, "maxspeed": null, "access": null, "bridge": null, "width": null, "length_m": 46.275564577094059, "building_count_50m": 47.0, "avg_building_area": 119.57017029098547, "poi_count_50m": 1.0, "highway_clean": [ "residential" ], "highway_rank": 2.0, "sinuosity": 1.0, "poi_diversity": 0.0, "food_drink_count": 1.0, "street_furniture_count": 1.0, "degree_u": 6.0, "degree_v": 6.0, "avg_connectivity": 6.0, "city": "Tokyo", "cluster": 1.0, "typology": "Dense Local Street" }, "geometry": { "type": "LineString", "coordinates": [ [ 377798.642350170353893, 3948434.0265360516496 ], [ 377822.602731687366031, 3948462.907579536084086 ] ] } },
{ "type": "Feature", "properties": { "from_node": 508, "to_node": 1306, "u": 353681004.0, "v": 426864860.0, "key": 0.0, "index": 229.0, "osmid": "36724211", "highway": [ "residential" ], "lanes": null, "name": null, "oneway": "False", "ref": null, "reversed": "True", "length": 36.823883049259379, "maxspeed": null, "access": null, "bridge": null, "width": null, "length_m": 45.37921457566263, "building_count_50m": 27.0, "avg_building_area": 198.41481298395868, "poi_count_50m": 2.0, "highway_clean": [ "residential" ], "highway_rank": 2.0, "sinuosity": 1.0, "poi_diversity": 0.0, "food_drink_count": 1.0, "street_furniture_count": 1.0, "degree_u": 6.0, "degree_v": 6.0, "avg_connectivity": 6.0, "city": "Tokyo", "cluster": 1.0, "typology": "Dense Local Street" }, "geometry": { "type": "LineString", "coordinates": [ [ 377960.749417366867419, 3948300.536348884925246 ], [ 377997.390274530276656, 3948304.870428097900003 ] ] } },
{ "type": "Feature", "properties": { "from_node": 517, "to_node": 2114, "u": 353681009.0, "v": 2203282754.0, "key": 0.0, "index": 232.0, "osmid": "916526027", "highway": [ "trunk_link" ], "lanes": null, "name": null, "oneway": "True", "ref": null, "reversed": "False", "length": 59.622873024787374, "maxspeed": null, "access": "yes", "bridge": null, "width": null, "length_m": 73.474655352508805, "building_count_50m": 19.0, "avg_building_area": 324.81968376642254, "poi_count_50m": 6.0, "highway_clean": [ "trunk_link" ], "highway_rank": 1.0, "sinuosity": 1.0, "poi_diversity": 1.0114042647073516, "food_drink_count": 1.0, "street_furniture_count": 1.0, "degree_u": 4.0, "degree_v": 4.0, "avg_connectivity": 4.0, "city": "Tokyo", "cluster": 3.0, "typology": "Local Mixed Street" }, "geometry": { "type": "LineString", "coordinates": [ [ 377943.311847397126257, 3948241.678331227041781 ], [ 378002.074793636216782, 3948252.40950482385233 ] ] } },
{ "type": "Feature", "properties": { "from_node": 518, "to_node": 354, "u": 357163055.0, "v": 6207555787.0, "key": 0.0, "index": 235.0, "osmid": "187409676", "highway": [ "secondary" ], "lanes": [ "2" ], "name": [ "瀬田貫井線" ], "oneway": "False", "ref": "427", "reversed": "True", "length": 8.0956340249693532, "maxspeed": [ "30" ], "access": null, "bridge": null, "width": null, "length_m": 9.9763155800980723, "building_count_50m": 19.0, "avg_building_area": 222.46207278976132, "poi_count_50m": 2.0, "highway_clean": [ "secondary" ], "highway_rank": 4.0, "sinuosity": 1.0, "poi_diversity": 0.0, "food_drink_count": 1.0, "street_furniture_count": 1.0, "degree_u": 6.0, "degree_v": 2.0, "avg_connectivity": 4.0, "city": "Tokyo", "cluster": 3.0, "typology": "Local Mixed Street" }, "geometry": { "type": "LineString", "coordinates": [ [ 377091.699347422108985, 3948146.486489464528859 ], [ 377095.176883645937778, 3948153.782630234025419 ] ] } },
{ "type": "Feature", "properties": { "from_node": 184, "to_node": 976, "u": 357397140.0, "v": 416932687.0, "key": 0.0, "index": 243.0, "osmid": "1373749980", "highway": [ "secondary" ], "lanes": [ "1" ], "name": [ "荒玉水道道路" ], "oneway": "True", "ref": "428", "reversed": "False", "length": 35.326236429247153, "maxspeed": [ "30" ], "access": null, "bridge": null, "width": "1.8", "length_m": 43.539476453918013, "building_count_50m": 20.0, "avg_building_area": 203.60180315117333, "poi_count_50m": 2.0, "highway_clean": [ "secondary" ], "highway_rank": 4.0, "sinuosity": 1.0, "poi_diversity": 0.69314718055994529, "food_drink_count": 1.0, "street_furniture_count": 1.0, "degree_u": 5.0, "degree_v": 6.0, "avg_connectivity": 5.5, "city": "Tokyo", "cluster": 3.0, "typology": "Local Mixed Street" }, "geometry": { "type": "LineString", "coordinates": [ [ 377245.169066996197216, 3949488.834621600341052 ], [ 377263.121051106136292, 3949519.206093681976199 ] ] } },
{ "type": "Feature", "properties": { "from_node": 542, "to_node": 543, "u": 357397801.0, "v": 7159966986.0, "key": 0.0, "index": 249.0, "osmid": "766616408", "highway": [ "residential" ], "lanes": null, "name": null, "oneway": "False", "ref": null, "reversed": "False", "length": 8.9465635233082654, "maxspeed": null, "access": null, "bridge": null, "width": null, "length_m": 11.026385769269316, "building_count_50m": 38.0, "avg_building_area": 95.627346724483829, "poi_count_50m": 1.0, "highway_clean": [ "residential" ], "highway_rank": 2.0, "sinuosity": 1.0, "poi_diversity": 0.0, "food_drink_count": 1.0, "street_furniture_count": 1.0, "degree_u": 4.0, "degree_v": 2.0, "avg_connectivity": 3.0, "city": "Tokyo", "cluster": 1.0, "typology": "Dense Local Street" }, "geometry": { "type": "LineString", "coordinates": [ [ 377130.071141281398013, 3949326.433702637441456 ], [ 377137.950497099955101, 3949322.175623323768377 ] ] } },
{ "type": "Feature", "properties": { "from_node": 545, "to_node": 552, "u": 357398496.0, "v": 12448431343.0, "key": 0.0, "index": 251.0, "osmid": "1344342571", "highway": [ "residential" ], "lanes": null, "name": null, "oneway": "False", "ref": null, "reversed": "True", "length": 8.2605405911159178, "maxspeed": null, "access": null, "bridge": null, "width": null, "length_m": 10.180908439951686, "building_count_50m": 34.0, "avg_building_area": 99.820526467363379, "poi_count_50m": 1.0, "highway_clean": [ "residential" ], "highway_rank": 2.0, "sinuosity": 1.0, "poi_diversity": 0.0, "food_drink_count": 1.0, "street_furniture_count": 1.0, "degree_u": 6.0, "degree_v": 4.0, "avg_connectivity": 5.0, "city": "Tokyo", "cluster": 1.0, "typology": "Dense Local Street" }, "geometry": { "type": "LineString", "coordinates": [ [ 377156.151361581869423, 3949349.54808138590306 ], [ 377162.615416498854756, 3949344.399878099095076 ] ] } },
{ "type": "Feature", "properties": { "from_node": 554, "to_node": 564, "u": 357412201.0, "v": 413326772.0, "key": 0.0, "index": 254.0, "osmid": "31905004", "highway": [ "tertiary" ], "lanes": [ "2" ], "name": null, "oneway": "False", "ref": null, "reversed": "False", "length": 55.994315705665862, "maxspeed": [ "30" ], "access": null, "bridge": null, "width": null, "length_m": 69.008672199954816, "building_count_50m": 51.0, "avg_building_area": 144.4181798372413, "poi_count_50m": 4.0, "highway_clean": [ "tertiary" ], "highway_rank": 3.0, "sinuosity": 1.0, "poi_diversity": 0.0, "food_drink_count": 1.0, "street_furniture_count": 1.0, "degree_u": 8.0, "degree_v": 8.0, "avg_connectivity": 8.0, "city": "Tokyo", "cluster": 1.0, "typology": "Dense Local Street" }, "geometry": { "type": "LineString", "coordinates": [ [ 377389.492677739704959, 3948982.232673818711191 ], [ 377439.694377446663566, 3948957.277822450734675 ] ] } },
{ "type": "Feature", "properties": { "from_node": 555, "to_node": 554, "u": 357412201.0, "v": 413326755.0, "key": 0.0, "index": 255.0, "osmid": "35262662", "highway": [ "residential" ], "lanes": null, "name": null, "oneway": "False", "ref": null, "reversed": "False", "length": 73.426239131462808, "maxspeed": null, "access": null, "bridge": null, "width": null, "length_m": 90.491977079614301, "building_count_50m": 53.0, "avg_building_area": 198.51966963021729, "poi_count_50m": 6.0, "highway_clean": [ "residential" ], "highway_rank": 2.0, "sinuosity": 1.0, "poi_diversity": 0.86756322848146117, "food_drink_count": 1.0, "street_furniture_count": 1.0, "degree_u": 8.0, "degree_v": 8.0, "avg_connectivity": 8.0, "city": "Tokyo", "cluster": 3.0, "typology": "Local Mixed Street" }, "geometry": { "type": "LineString", "coordinates": [ [ 377350.203831481398083, 3948920.30452296603471 ], [ 377389.492677739704959, 3948982.232673818711191 ] ] } },
{ "type": "Feature", "properties": { "from_node": 561, "to_node": 1252, "u": 357412208.0, "v": 433741406.0, "key": 0.0, "index": 258.0, "osmid": "31905004", "highway": [ "tertiary" ], "lanes": [ "2" ], "name": null, "oneway": "False", "ref": null, "reversed": "False", "length": 25.089565808159115, "maxspeed": [ "30" ], "access": null, "bridge": null, "width": null, "length_m": 30.920744738162519, "building_count_50m": 32.0, "avg_building_area": 131.56538419811224, "poi_count_50m": 1.0, "highway_clean": [ "tertiary" ], "highway_rank": 3.0, "sinuosity": 1.0, "poi_diversity": 0.0, "food_drink_count": 1.0, "street_furniture_count": 1.0, "degree_u": 6.0, "degree_v": 6.0, "avg_connectivity": 6.0, "city": "Tokyo", "cluster": 1.0, "typology": "Dense Local Street" }, "geometry": { "type": "LineString", "coordinates": [ [ 377530.085971081745811, 3948913.198145843110979 ], [ 377553.204943890159484, 3948903.361026287544519 ] ] } },
{ "type": "Feature", "properties": { "from_node": 485, "to_node": 561, "u": 357412208.0, "v": 413326895.0, "key": 0.0, "index": 259.0, "osmid": "35262840", "highway": [ "residential" ], "lanes": null, "name": null, "oneway": "False", "ref": null, "reversed": "True", "length": 93.022936415640871, "maxspeed": null, "access": null, "bridge": null, "width": null, "length_m": 114.64233162404319, "building_count_50m": 40.0, "avg_building_area": 237.08887709846735, "poi_count_50m": 3.0, "highway_clean": [ "residential" ], "highway_rank": 2.0, "sinuosity": 1.0, "poi_diversity": 0.0, "food_drink_count": 1.0, "street_furniture_count": 1.0, "degree_u": 6.0, "degree_v": 6.0, "avg_connectivity": 6.0, "city": "Tokyo", "cluster": 1.0, "typology": "Dense Local Street" }, "geometry": { "type": "LineString", "coordinates": [ [ 377489.944939598266501, 3948829.44822435779497 ], [ 377530.085971081745811, 3948913.198145843110979 ] ] } },
{ "type": "Feature", "properties": { "from_node": 577, "to_node": 567, "u": 357413210.0, "v": 1178938229.0, "key": 0.0, "index": 265.0, "osmid": "31905267", "highway": [ "residential" ], "lanes": null, "name": null, "oneway": "False", "ref": null, "reversed": "False", "length": 8.222800311747525, "maxspeed": null, "access": null, "bridge": null, "width": null, "length_m": 10.133644729025706, "building_count_50m": 35.0, "avg_building_area": 88.279821130124631, "poi_count_50m": 2.0, "highway_clean": [ "residential" ], "highway_rank": 2.0, "sinuosity": 1.0, "poi_diversity": 0.69314718055994529, "food_drink_count": 1.0, "street_furniture_count": 1.0, "degree_u": 6.0, "degree_v": 5.0, "avg_connectivity": 5.5, "city": "Tokyo", "cluster": 3.0, "typology": "Local Mixed Street" }, "geometry": { "type": "LineString", "coordinates": [ [ 377829.649728001793846, 3948679.930352448485792 ], [ 377835.745266537182033, 3948685.449027184862643 ] ] } },
{ "type": "Feature", "properties": { "from_node": 580, "to_node": 581, "u": 357413215.0, "v": 357413217.0, "key": 0.0, "index": 268.0, "osmid": "31905267", "highway": [ "residential" ], "lanes": null, "name": null, "oneway": "False", "ref": null, "reversed": "False", "length": 51.71025807155678, "maxspeed": null, "access": null, "bridge": null, "width": null, "length_m": 63.726576341675248, "building_count_50m": 45.0, "avg_building_area": 132.23522380089841, "poi_count_50m": 2.0, "highway_clean": [ "residential" ], "highway_rank": 2.0, "sinuosity": 1.0, "poi_diversity": 0.69314718055994529, "food_drink_count": 1.0, "street_furniture_count": 1.0, "degree_u": 6.0, "degree_v": 8.0, "avg_connectivity": 7.0, "city": "Tokyo", "cluster": 1.0, "typology": "Dense Local Street" }, "geometry": { "type": "LineString", "coordinates": [ [ 377759.159652493544854, 3948625.895567174535245 ], [ 377800.191903609898873, 3948657.392952831462026 ] ] } },
{ "type": "Feature", "properties": { "from_node": 581, "to_node": 577, "u": 357413215.0, "v": 1178938229.0, "key": 0.0, "index": 269.0, "osmid": "31905267", "highway": [ "residential" ], "lanes": null, "name": null, "oneway": "False", "ref": null, "reversed": "True", "length": 37.07780528398137, "maxspeed": null, "access": null, "bridge": null, "width": null, "length_m": 45.694007653986262, "building_count_50m": 50.0, "avg_building_area": 105.85195497639751, "poi_count_50m": 2.0, "highway_clean": [ "residential" ], "highway_rank": 2.0, "sinuosity": 1.0, "poi_diversity": 0.69314718055994529, "food_drink_count": 1.0, "street_furniture_count": 1.0, "degree_u": 6.0, "degree_v": 5.0, "avg_connectivity": 5.5, "city": "Tokyo", "cluster": 1.0, "typology": "Dense Local Street" }, "geometry": { "type": "LineString", "coordinates": [ [ 377800.191903609898873, 3948657.392952831462026 ], [ 377829.649728001793846, 3948679.930352448485792 ] ] } },
{ "type": "Feature", "properties": { "from_node": 583, "to_node": 580, "u": 357413217.0, "v": 614596773.0, "key": 0.0, "index": 271.0, "osmid": "31905267", "highway": [ "residential" ], "lanes": null, "name": null, "oneway": "False", "ref": null, "reversed": "False", "length": 44.221641456537306, "maxspeed": null, "access": null, "bridge": null, "width": null, "length_m": 54.497591286767751, "building_count_50m": 28.0, "avg_building_area": 518.23097666150636, "poi_count_50m": 1.0, "highway_clean": [ "residential" ], "highway_rank": 2.0, "sinuosity": 1.0, "poi_diversity": 0.0, "food_drink_count": 1.0, "street_furniture_count": 1.0, "degree_u": 8.0, "degree_v": 2.0, "avg_connectivity": 5.0, "city": "Tokyo", "cluster": 3.0, "typology": "Local Mixed Street" }, "geometry": { "type": "LineString", "coordinates": [ [ 377723.28258602519054, 3948600.007555106654763 ], [ 377759.159652493544854, 3948625.895567174535245 ] ] } },
{ "type": "Feature", "properties": { "from_node": 584, "to_node": 580, "u": 357413217.0, "v": 420161417.0, "key": 0.0, "index": 273.0, "osmid": "48390249", "highway": [ "residential" ], "lanes": null, "name": null, "oneway": "False", "ref": null, "reversed": "True", "length": 38.408084583478136, "maxspeed": null, "access": null, "bridge": null, "width": null, "length_m": 47.333264306307136, "building_count_50m": 28.0, "avg_building_area": 444.59370539257907, "poi_count_50m": 1.0, "highway_clean": [ "residential" ], "highway_rank": 2.0, "sinuosity": 1.0, "poi_diversity": 0.0, "food_drink_count": 1.0, "street_furniture_count": 1.0, "degree_u": 8.0, "degree_v": 6.0, "avg_connectivity": 7.0, "city": "Tokyo", "cluster": 1.0, "typology": "Dense Local Street" }, "geometry": { "type": "LineString", "coordinates": [ [ 377734.416212009615265, 3948655.246524507645518 ], [ 377759.159652493544854, 3948625.895567174535245 ] ] } },
{ "type": "Feature", "properties": { "from_node": 587, "to_node": 1651, "u": 357413836.0, "v": 631481302.0, "key": 0.0, "index": 275.0, "osmid": "31905301", "highway": [ "residential" ], "lanes": null, "name": null, "oneway": "False", "ref": null, "reversed": "False", "length": 65.374763752106162, "maxspeed": null, "access": null, "bridge": null, "width": null, "length_m": 80.565799876982197, "building_count_50m": 56.0, "avg_building_area": 119.16848351359555, "poi_count_50m": 2.0, "highway_clean": [ "residential" ], "highway_rank": 2.0, "sinuosity": 1.0, "poi_diversity": 0.0, "food_drink_count": 1.0, "street_furniture_count": 1.0, "degree_u": 8.0, "degree_v": 6.0, "avg_connectivity": 7.0, "city": "Tokyo", "cluster": 1.0, "typology": "Dense Local Street" }, "geometry": { "type": "LineString", "coordinates": [ [ 377834.101354865473695, 3948600.736051826737821 ], [ 377870.287650012178347, 3948546.366657590027899 ] ] } },
{ "type": "Feature", "properties": { "from_node": 588, "to_node": 587, "u": 357413836.0, "v": 614596894.0, "key": 0.0, "index": 276.0, "osmid": "31905333", "highway": [ "residential" ], "lanes": null, "name": null, "oneway": "False", "ref": null, "reversed": "False", "length": 38.316930039049751, "maxspeed": null, "access": null, "bridge": null, "width": null, "length_m": 47.220671804773566, "building_count_50m": 55.0, "avg_building_area": 98.779984867942332, "poi_count_50m": 1.0, "highway_clean": [ "residential" ], "highway_rank": 2.0, "sinuosity": 1.0, "poi_diversity": 0.0, "food_drink_count": 1.0, "street_furniture_count": 1.0, "degree_u": 8.0, "degree_v": 6.0, "avg_connectivity": 7.0, "city": "Tokyo", "cluster": 1.0, "typology": "Dense Local Street" }, "geometry": { "type": "LineString", "coordinates": [ [ 377800.313224469253328, 3948582.584792203269899 ], [ 377834.101354865473695, 3948600.736051826737821 ] ] } },
{ "type": "Feature", "properties": { "from_node": 587, "to_node": 1662, "u": 357413836.0, "v": 631481435.0, "key": 0.0, "index": 277.0, "osmid": "31905333", "highway": [ "residential" ], "lanes": null, "name": null, "oneway": "False", "ref": null, "reversed": "True", "length": 40.750483617512209, "maxspeed": null, "access": null, "bridge": null, "width": null, "length_m": 50.219818959857527, "building_count_50m": 63.0, "avg_building_area": 92.26994528032229, "poi_count_50m": 1.0, "highway_clean": [ "residential" ], "highway_rank": 2.0, "sinuosity": 1.0, "poi_diversity": 0.0, "food_drink_count": 1.0, "street_furniture_count": 1.0, "degree_u": 8.0, "degree_v": 4.0, "avg_connectivity": 6.0, "city": "Tokyo", "cluster": 1.0, "typology": "Dense Local Street" }, "geometry": { "type": "LineString", "coordinates": [ [ 377834.101354865473695, 3948600.736051826737821 ], [ 377870.508909589494579, 3948619.139890966936946 ] ] } },
{ "type": "Feature", "properties": { "from_node": 589, "to_node": 590, "u": 357414240.0, "v": 357414248.0, "key": 0.0, "index": 279.0, "osmid": "31905333", "highway": [ "residential" ], "lanes": null, "name": null, "oneway": "False", "ref": null, "reversed": "False", "length": 23.06410788356181, "maxspeed": null, "access": null, "bridge": null, "width": null, "length_m": 28.423476947971409, "building_count_50m": 39.0, "avg_building_area": 138.72899070519961, "poi_count_50m": 1.0, "highway_clean": [ "residential" ], "highway_rank": 2.0, "sinuosity": 1.0, "poi_diversity": 0.0, "food_drink_count": 1.0, "street_furniture_count": 1.0, "degree_u": 6.0, "degree_v": 2.0, "avg_connectivity": 4.0, "city": "Tokyo", "cluster": 1.0, "typology": "Dense Local Street" }, "geometry": { "type": "LineString", "coordinates": [ [ 377773.233919155027252, 3948567.81382097164169 ], [ 377793.323407531832345, 3948579.18628223054111 ] ] } },
{ "type": "Feature", "properties": { "from_node": 590, "to_node": 588, "u": 357414240.0, "v": 614596894.0, "key": 0.0, "index": 280.0, "osmid": "31905333", "highway": [ "residential" ], "lanes": null, "name": null, "oneway": "False", "ref": null, "reversed": "True", "length": 7.763352224167094, "maxspeed": null, "access": null, "bridge": null, "width": null, "length_m": 9.5673178774460119, "building_count_50m": 36.0, "avg_building_area": 100.84322184093794, "poi_count_50m": 1.0, "highway_clean": [ "residential" ], "highway_rank": 2.0, "sinuosity": 1.0, "poi_diversity": 0.0, "food_drink_count": 1.0, "street_furniture_count": 1.0, "degree_u": 6.0, "degree_v": 6.0, "avg_connectivity": 6.0, "city": "Tokyo", "cluster": 1.0, "typology": "Dense Local Street" }, "geometry": { "type": "LineString", "coordinates": [ [ 377793.323407531832345, 3948579.18628223054111 ], [ 377800.313224469253328, 3948582.584792203269899 ] ] } },
{ "type": "Feature", "properties": { "from_node": 353, "to_node": 1324, "u": 360609209.0, "v": 428421467.0, "key": 0.0, "index": 286.0, "osmid": "36851811", "highway": [ "residential" ], "lanes": null, "name": null, "oneway": "False", "ref": null, "reversed": "True", "length": 21.697164342360864, "maxspeed": null, "access": null, "bridge": null, "width": null, "length_m": 26.738131857318226, "building_count_50m": 37.0, "avg_building_area": 122.09722294695213, "poi_count_50m": 1.0, "highway_clean": [ "residential" ], "highway_rank": 2.0, "sinuosity": 1.0, "poi_diversity": 0.0, "food_drink_count": 1.0, "street_furniture_count": 1.0, "degree_u": 6.0, "degree_v": 6.0, "avg_connectivity": 6.0, "city": "Tokyo", "cluster": 1.0, "typology": "Dense Local Street" }, "geometry": { "type": "LineString", "coordinates": [ [ 377305.757886287174188, 3948335.855028105899692 ], [ 377314.637364894617349, 3948316.096170167438686 ] ] } },
{ "type": "Feature", "properties": { "from_node": 610, "to_node": 629, "u": 360615740.0, "v": 1177181952.0, "key": 0.0, "index": 291.0, "osmid": "32125133", "highway": [ "unclassified" ], "lanes": null, "name": null, "oneway": "False", "ref": null, "reversed": "False", "length": 15.882028661472294, "maxspeed": null, "access": null, "bridge": null, "width": null, "length_m": 19.573091342449178, "building_count_50m": 52.0, "avg_building_area": 94.920716358401236, "poi_count_50m": 1.0, "highway_clean": [ "unclassified" ], "highway_rank": 1.0, "sinuosity": 1.0, "poi_diversity": 0.0, "food_drink_count": 1.0, "street_furniture_count": 1.0, "degree_u": 6.0, "degree_v": 6.0, "avg_connectivity": 6.0, "city": "Tokyo", "cluster": 1.0, "typology": "Dense Local Street" }, "geometry": { "type": "LineString", "coordinates": [ [ 378185.473840575024951, 3948837.251761117484421 ], [ 378195.305565259070136, 3948824.791677282657474 ] ] } },
{ "type": "Feature", "properties": { "from_node": 622, "to_node": 1285, "u": 360615748.0, "v": 426860307.0, "key": 0.0, "index": 296.0, "osmid": "32125133", "highway": [ "unclassified" ], "lanes": null, "name": null, "oneway": "False", "ref": null, "reversed": "False", "length": 2.8761117366942575, "maxspeed": null, "access": null, "bridge": null, "width": null, "length_m": 3.5445988171125702, "building_count_50m": 42.0, "avg_building_area": 99.43161868231978, "poi_count_50m": 1.0, "highway_clean": [ "unclassified" ], "highway_rank": 1.0, "sinuosity": 1.0, "poi_diversity": 0.0, "food_drink_count": 1.0, "street_furniture_count": 1.0, "degree_u": 6.0, "degree_v": 5.0, "avg_connectivity": 5.5, "city": "Tokyo", "cluster": 1.0, "typology": "Dense Local Street" }, "geometry": { "type": "LineString", "coordinates": [ [ 378020.389746626606211, 3948994.708712656516582 ], [ 378023.007356594491284, 3948993.507927614729851 ] ] } },
{ "type": "Feature", "properties": { "from_node": 628, "to_node": 1770, "u": 360615773.0, "v": 12728483147.0, "key": 0.0, "index": 299.0, "osmid": "32125133", "highway": [ "unclassified" ], "lanes": null, "name": null, "oneway": "False", "ref": null, "reversed": "False", "length": 3.2545810471826204, "maxspeed": null, "access": null, "bridge": null, "width": null, "length_m": 4.0109462533001086, "building_count_50m": 57.0, "avg_building_area": 78.778996224607567, "poi_count_50m": 1.0, "highway_clean": [ "unclassified" ], "highway_rank": 1.0, "sinuosity": 1.0, "poi_diversity": 0.0, "food_drink_count": 1.0, "street_furniture_count": 1.0, "degree_u": 6.0, "degree_v": 6.0, "avg_connectivity": 6.0, "city": "Tokyo", "cluster": 1.0, "typology": "Dense Local Street" }, "geometry": { "type": "LineString", "coordinates": [ [ 378216.302724705077708, 3948797.445891377981752 ], [ 378218.066664988349658, 3948794.714806529227644 ] ] } },
{ "type": "Feature", "properties": { "from_node": 629, "to_node": 628, "u": 360615773.0, "v": 1177181952.0, "key": 0.0, "index": 300.0, "osmid": "32125133", "highway": [ "unclassified" ], "lanes": null, "name": null, "oneway": "False", "ref": null, "reversed": "True", "length": 34.501157757843629, "maxspeed": null, "access": null, "bridge": null, "width": null, "length_m": 42.519304344475806, "building_count_50m": 73.0, "avg_building_area": 83.502707851945104, "poi_count_50m": 1.0, "highway_clean": [ "unclassified" ], "highway_rank": 1.0, "sinuosity": 1.0, "poi_diversity": 0.0, "food_drink_count": 1.0, "street_furniture_count": 1.0, "degree_u": 6.0, "degree_v": 6.0, "avg_connectivity": 6.0, "city": "Tokyo", "cluster": 1.0, "typology": "Dense Local Street" }, "geometry": { "type": "LineString", "coordinates": [ [ 378195.305565259070136, 3948824.791677282657474 ], [ 378216.302724705077708, 3948797.445891377981752 ] ] } },
{ "type": "Feature", "properties": { "from_node": 635, "to_node": 640, "u": 360615956.0, "v": 360615958.0, "key": 0.0, "index": 302.0, "osmid": "32125286", "highway": [ "unclassified" ], "lanes": null, "name": null, "oneway": "False", "ref": null, "reversed": "False", "length": 42.626348257396629, "maxspeed": null, "access": null, "bridge": null, "width": null, "length_m": 52.531671021708597, "building_count_50m": 64.0, "avg_building_area": 111.0011581251473, "poi_count_50m": 1.0, "highway_clean": [ "unclassified" ], "highway_rank": 1.0, "sinuosity": 1.0, "poi_diversity": 0.0, "food_drink_count": 1.0, "street_furniture_count": 1.0, "degree_u": 6.0, "degree_v": 6.0, "avg_connectivity": 6.0, "city": "Tokyo", "cluster": 1.0, "typology": "Dense Local Street" }, "geometry": { "type": "LineString", "coordinates": [ [ 378301.924714858585503, 3948637.341714700683951 ], [ 378320.31845725729363, 3948598.960119248367846 ] ] } },
{ "type": "Feature", "properties": { "from_node": 640, "to_node": 642, "u": 360615958.0, "v": 1112549983.0, "key": 0.0, "index": 305.0, "osmid": "32125286", "highway": [ "unclassified" ], "lanes": null, "name": null, "oneway": "False", "ref": null, "reversed": "False", "length": 12.781486685132483, "maxspeed": null, "access": null, "bridge": null, "width": null, "length_m": 15.75154788970698, "building_count_50m": 46.0, "avg_building_area": 111.13567790708981, "poi_count_50m": 1.0, "highway_clean": [ "unclassified" ], "highway_rank": 1.0, "sinuosity": 1.0, "poi_diversity": 0.0, "food_drink_count": 1.0, "street_furniture_count": 1.0, "degree_u": 6.0, "degree_v": 6.0, "avg_connectivity": 6.0, "city": "Tokyo", "cluster": 1.0, "typology": "Dense Local Street" }, "geometry": { "type": "LineString", "coordinates": [ [ 378320.31845725729363, 3948598.960119248367846 ], [ 378325.344861586461775, 3948587.231610729824752 ] ] } },
{ "type": "Feature", "properties": { "from_node": 642, "to_node": 643, "u": 360615959.0, "v": 1112549983.0, "key": 0.0, "index": 308.0, "osmid": "32125286", "highway": [ "unclassified" ], "lanes": null, "name": null, "oneway": "False", "ref": null, "reversed": "True", "length": 16.226901694034797, "maxspeed": null, "access": null, "bridge": null, "width": null, "length_m": 19.997551596467215, "building_count_50m": 45.0, "avg_building_area": 114.17811418087052, "poi_count_50m": 1.0, "highway_clean": [ "unclassified" ], "highway_rank": 1.0, "sinuosity": 1.0, "poi_diversity": 0.0, "food_drink_count": 1.0, "street_furniture_count": 1.0, "degree_u": 6.0, "degree_v": 6.0, "avg_connectivity": 6.0, "city": "Tokyo", "cluster": 1.0, "typology": "Dense Local Street" }, "geometry": { "type": "LineString", "coordinates": [ [ 378325.344861586461775, 3948587.231610729824752 ], [ 378332.077203530352563, 3948572.495493496302515 ] ] } },
{ "type": "Feature", "properties": { "from_node": 604, "to_node": 675, "u": 360664676.0, "v": 2331333464.0, "key": 0.0, "index": 321.0, "osmid": "31093515", "highway": [ "secondary" ], "lanes": [ "2" ], "name": [ "瀬田貫井線" ], "oneway": "False", "ref": "427", "reversed": "True", "length": 5.4608425523844479, "maxspeed": [ "30" ], "access": null, "bridge": null, "width": null, "length_m": 6.7295714221072265, "building_count_50m": 41.0, "avg_building_area": 100.19776564794768, "poi_count_50m": 1.0, "highway_clean": [ "secondary" ], "highway_rank": 4.0, "sinuosity": 1.0, "poi_diversity": 0.0, "food_drink_count": 1.0, "street_furniture_count": 1.0, "degree_u": 6.0, "degree_v": 6.0, "avg_connectivity": 6.0, "city": "Tokyo", "cluster": 1.0, "typology": "Dense Local Street" }, "geometry": { "type": "LineString", "coordinates": [ [ 377137.879823687428143, 3948318.947523538954556 ], [ 377139.057755118061323, 3948324.26744830282405 ] ] } },
{ "type": "Feature", "properties": { "from_node": 684, "to_node": 683, "u": 360664681.0, "v": 422897803.0, "key": 0.0, "index": 325.0, "osmid": "31093515", "highway": [ "secondary" ], "lanes": [ "2" ], "name": [ "瀬田貫井線" ], "oneway": "False", "ref": "427", "reversed": "True", "length": 26.362884995014618, "maxspeed": [ "30" ], "access": null, "bridge": null, "width": null, "length_m": 32.488708798426948, "building_count_50m": 56.0, "avg_building_area": 114.91060639180887, "poi_count_50m": 5.0, "highway_clean": [ "secondary" ], "highway_rank": 4.0, "sinuosity": 1.0, "poi_diversity": 0.50040242353818787, "food_drink_count": 1.0, "street_furniture_count": 1.0, "degree_u": 6.0, "degree_v": 6.0, "avg_connectivity": 6.0, "city": "Tokyo", "cluster": 3.0, "typology": "Local Mixed Street" }, "geometry": { "type": "LineString", "coordinates": [ [ 377165.78538754733745, 3948548.007569609209895 ], [ 377168.554685998067725, 3948574.162191188428551 ] ] } },
{ "type": "Feature", "properties": { "from_node": 698, "to_node": 699, "u": 378063243.0, "v": 416933301.0, "key": 0.0, "index": 334.0, "osmid": "102270575", "highway": [ "secondary" ], "lanes": null, "name": [ "瀬田貫井線" ], "oneway": "False", "ref": "427", "reversed": "True", "length": 38.055830135859452, "maxspeed": null, "access": null, "bridge": null, "width": null, "length_m": 46.901761724490889, "building_count_50m": 34.0, "avg_building_area": 252.59352668567092, "poi_count_50m": 1.0, "highway_clean": [ "secondary" ], "highway_rank": 4.0, "sinuosity": 1.0, "poi_diversity": 0.0, "food_drink_count": 1.0, "street_furniture_count": 1.0, "degree_u": 8.0, "degree_v": 8.0, "avg_connectivity": 8.0, "city": "Tokyo", "cluster": 1.0, "typology": "Dense Local Street" }, "geometry": { "type": "LineString", "coordinates": [ [ 377275.307834345847368, 3949158.283520955592394 ], [ 377278.161407993931789, 3949120.424730645027012 ] ] } },
{ "type": "Feature", "properties": { "from_node": 704, "to_node": 543, "u": 378064978.0, "v": 357397801.0, "key": 0.0, "index": 338.0, "osmid": "35578903", "highway": [ "secondary" ], "lanes": [ "1" ], "name": [ "荒玉水道道路" ], "oneway": "True", "ref": "428", "reversed": "False", "length": 29.75751892319883, "maxspeed": [ "30" ], "access": null, "bridge": null, "width": "1.8", "length_m": 36.675237110155393, "building_count_50m": 48.0, "avg_building_area": 98.484453419891508, "poi_count_50m": 1.0, "highway_clean": [ "secondary" ], "highway_rank": 4.0, "sinuosity": 1.0, "poi_diversity": 0.0, "food_drink_count": 1.0, "street_furniture_count": 1.0, "degree_u": 4.0, "degree_v": 4.0, "avg_connectivity": 4.0, "city": "Tokyo", "cluster": 1.0, "typology": "Dense Local Street" }, "geometry": { "type": "LineString", "coordinates": [ [ 377121.900161854573525, 3949297.158675709739327 ], [ 377137.950497099955101, 3949322.175623323768377 ] ] } },
{ "type": "Feature", "properties": { "from_node": 705, "to_node": 704, "u": 378064978.0, "v": 7159967043.0, "key": 0.0, "index": 339.0, "osmid": "766616417", "highway": [ "residential" ], "lanes": null, "name": null, "oneway": "False", "ref": null, "reversed": "False", "length": 19.571839142571939, "maxspeed": null, "access": null, "bridge": null, "width": null, "length_m": 24.121673549174258, "building_count_50m": 43.0, "avg_building_area": 97.077810975855016, "poi_count_50m": 1.0, "highway_clean": [ "residential" ], "highway_rank": 2.0, "sinuosity": 1.0, "poi_diversity": 0.0, "food_drink_count": 1.0, "street_furniture_count": 1.0, "degree_u": 4.0, "degree_v": 2.0, "avg_connectivity": 3.0, "city": "Tokyo", "cluster": 1.0, "typology": "Dense Local Street" }, "geometry": { "type": "LineString", "coordinates": [ [ 377104.296176451607607, 3949305.766947738360614 ], [ 377121.900161854573525, 3949297.158675709739327 ] ] } },
{ "type": "Feature", "properties": { "from_node": 716, "to_node": 2180, "u": 379369319.0, "v": 8930966778.0, "key": 0.0, "index": 343.0, "osmid": "965407355", "highway": [ "residential" ], "lanes": null, "name": null, "oneway": "False", "ref": null, "reversed": "False", "length": 12.053743536062639, "maxspeed": null, "access": null, "bridge": null, "width": null, "length_m": 14.854143481907705, "building_count_50m": 18.0, "avg_building_area": 203.41478933735692, "poi_count_50m": 21.0, "highway_clean": [ "residential" ], "highway_rank": 2.0, "sinuosity": 1.0, "poi_diversity": 1.2131634390361368, "food_drink_count": 6.0, "street_furniture_count": 2.0, "degree_u": 6.0, "degree_v": 2.0, "avg_connectivity": 4.0, "city": "Tokyo", "cluster": 4.0, "typology": "Active Commercial High Street" }, "geometry": { "type": "LineString", "coordinates": [ [ 378601.018604644050356, 3948257.523874703329057 ], [ 378612.753379811532795, 3948260.370099355466664 ] ] } },
{ "type": "Feature", "properties": { "from_node": 558, "to_node": 452, "u": 410115846.0, "v": 352996174.0, "key": 0.0, "index": 354.0, "osmid": "645599600", "highway": [ "unclassified" ], "lanes": [ "1" ], "name": null, "oneway": "True", "ref": null, "reversed": "False", "length": 34.5009873782639, "maxspeed": [ "30" ], "access": null, "bridge": null, "width": null, "length_m": 42.520168601198179, "building_count_50m": 60.0, "avg_building_area": 128.96616713048221, "poi_count_50m": 7.0, "highway_clean": [ "unclassified" ], "highway_rank": 1.0, "sinuosity": 1.0, "poi_diversity": 0.95569989111253428, "food_drink_count": 2.0, "street_furniture_count": 1.0, "degree_u": 4.0, "degree_v": 4.0, "avg_connectivity": 4.0, "city": "Tokyo", "cluster": 3.0, "typology": "Local Mixed Street" }, "geometry": { "type": "LineString", "coordinates": [ [ 377351.43182515836088, 3949030.950000125914812 ], [ 377366.496050885296427, 3949061.927321931812912 ] ] } },
{ "type": "Feature", "properties": { "from_node": 729, "to_node": 921, "u": 410115895.0, "v": 563661509.0, "key": 0.0, "index": 356.0, "osmid": "34947815", "highway": [ "tertiary" ], "lanes": null, "name": null, "oneway": "False", "ref": null, "reversed": "True", "length": 39.989401424156135, "maxspeed": null, "access": null, "bridge": null, "width": null, "length_m": 49.284578013148426, "building_count_50m": 53.0, "avg_building_area": 132.56441663250925, "poi_count_50m": 2.0, "highway_clean": [ "tertiary" ], "highway_rank": 3.0, "sinuosity": 1.0, "poi_diversity": 0.0, "food_drink_count": 1.0, "street_furniture_count": 1.0, "degree_u": 8.0, "degree_v": 8.0, "avg_connectivity": 8.0, "city": "Tokyo", "cluster": 1.0, "typology": "Dense Local Street" }, "geometry": { "type": "LineString", "coordinates": [ [ 377450.591997608949896, 3949104.278029263950884 ], [ 377489.567888014425989, 3949095.00977661088109 ] ] } },
{ "type": "Feature", "properties": { "from_node": 738, "to_node": 1395, "u": 410131692.0, "v": 563661845.0, "key": 0.0, "index": 361.0, "osmid": "39753051", "highway": [ "residential" ], "lanes": null, "name": null, "oneway": "False", "ref": null, "reversed": "False", "length": 20.908258402677252, "maxspeed": null, "access": null, "bridge": null, "width": null, "length_m": 25.768585859571886, "building_count_50m": 32.0, "avg_building_area": 105.1143297715068, "poi_count_50m": 1.0, "highway_clean": [ "residential" ], "highway_rank": 2.0, "sinuosity": 1.0, "poi_diversity": 0.0, "food_drink_count": 1.0, "street_furniture_count": 1.0, "degree_u": 6.0, "degree_v": 6.0, "avg_connectivity": 6.0, "city": "Tokyo", "cluster": 1.0, "typology": "Dense Local Street" }, "geometry": { "type": "LineString", "coordinates": [ [ 377876.322556911502033, 3949218.854408907704055 ], [ 377885.271225676813629, 3949237.71321319276467 ] ] } },
{ "type": "Feature", "properties": { "from_node": 745, "to_node": 746, "u": 410131851.0, "v": 656136859.0, "key": 0.0, "index": 364.0, "osmid": "44351959", "highway": [ "unclassified" ], "lanes": null, "name": null, "oneway": "False", "ref": null, "reversed": "True", "length": 5.4074087776246973, "maxspeed": null, "access": null, "bridge": null, "width": null, "length_m": 6.6643956471318431, "building_count_50m": 24.0, "avg_building_area": 103.19039966797503, "poi_count_50m": 2.0, "highway_clean": [ "unclassified" ], "highway_rank": 1.0, "sinuosity": 1.0, "poi_diversity": 0.0, "food_drink_count": 1.0, "street_furniture_count": 1.0, "degree_u": 6.0, "degree_v": 6.0, "avg_connectivity": 6.0, "city": "Tokyo", "cluster": 1.0, "typology": "Dense Local Street" }, "geometry": { "type": "LineString", "coordinates": [ [ 377904.767959838034585, 3949202.100028337910771 ], [ 377907.726561187242623, 3949206.619001456070691 ] ] } },
{ "type": "Feature", "properties": { "from_node": 777, "to_node": 767, "u": 410132633.0, "v": 656150780.0, "key": 0.0, "index": 370.0, "osmid": "46703195", "highway": [ "unclassified" ], "lanes": null, "name": null, "oneway": "False", "ref": null, "reversed": "False", "length": 37.150095734499885, "maxspeed": [ "30" ], "access": null, "bridge": null, "width": null, "length_m": 45.78732721772937, "building_count_50m": 59.0, "avg_building_area": 78.434344394455351, "poi_count_50m": 3.0, "highway_clean": [ "unclassified" ], "highway_rank": 1.0, "sinuosity": 1.0, "poi_diversity": 0.63651416829481278, "food_drink_count": 1.0, "street_furniture_count": 1.0, "degree_u": 6.0, "degree_v": 6.0, "avg_connectivity": 6.0, "city": "Tokyo", "cluster": 1.0, "typology": "Dense Local Street" }, "geometry": { "type": "LineString", "coordinates": [ [ 378117.49736677610781, 3949499.615452806465328 ], [ 378131.017190871702041, 3949465.083189176395535 ] ] } },
{ "type": "Feature", "properties": { "from_node": 808, "to_node": 812, "u": 410133787.0, "v": 1177181894.0, "key": 0.0, "index": 379.0, "osmid": "102737774", "highway": [ "residential" ], "lanes": null, "name": null, "oneway": "False", "ref": null, "reversed": "False", "length": 4.9958272700565516, "maxspeed": null, "access": null, "bridge": null, "width": null, "length_m": 6.1573134493056036, "building_count_50m": 41.0, "avg_building_area": 128.27643902083588, "poi_count_50m": 3.0, "highway_clean": [ "residential" ], "highway_rank": 2.0, "sinuosity": 1.0, "poi_diversity": 0.0, "food_drink_count": 1.0, "street_furniture_count": 1.0, "degree_u": 6.0, "degree_v": 6.0, "avg_connectivity": 6.0, "city": "Tokyo", "cluster": 1.0, "typology": "Dense Local Street" }, "geometry": { "type": "LineString", "coordinates": [ [ 378255.783736527606379, 3949452.05736577603966 ], [ 378257.957925818103831, 3949447.567819047253579 ] ] } },
{ "type": "Feature", "properties": { "from_node": 812, "to_node": 813, "u": 410133788.0, "v": 1177181894.0, "key": 0.0, "index": 382.0, "osmid": "102737774", "highway": [ "residential" ], "lanes": null, "name": null, "oneway": "False", "ref": null, "reversed": "True", "length": 21.092822449973511, "maxspeed": null, "access": null, "bridge": null, "width": null, "length_m": 25.996682233615772, "building_count_50m": 50.0, "avg_building_area": 114.73302069033861, "poi_count_50m": 2.0, "highway_clean": [ "residential" ], "highway_rank": 2.0, "sinuosity": 1.0, "poi_diversity": 0.0, "food_drink_count": 1.0, "street_furniture_count": 1.0, "degree_u": 6.0, "degree_v": 6.0, "avg_connectivity": 6.0, "city": "Tokyo", "cluster": 1.0, "typology": "Dense Local Street" }, "geometry": { "type": "LineString", "coordinates": [ [ 378257.957925818103831, 3949447.567819047253579 ], [ 378260.876632821280509, 3949426.726702111307532 ] ] } },
{ "type": "Feature", "properties": { "from_node": 889, "to_node": 890, "u": 413320648.0, "v": 413320660.0, "key": 0.0, "index": 411.0, "osmid": "645599599", "highway": [ "secondary" ], "lanes": null, "name": [ "瀬田貫井線" ], "oneway": "False", "ref": "427", "reversed": "True", "length": 8.2121050238988627, "maxspeed": [ "20" ], "access": null, "bridge": null, "width": null, "length_m": 10.120716766667945, "building_count_50m": 21.0, "avg_building_area": 225.82058315015755, "poi_count_50m": 15.0, "highway_clean": [ "secondary" ], "highway_rank": 4.0, "sinuosity": 1.0, "poi_diversity": 1.5472867333409475, "food_drink_count": 5.0, "street_furniture_count": 1.0, "degree_u": 4.0, "degree_v": 6.0, "avg_connectivity": 5.0, "city": "Tokyo", "cluster": 4.0, "typology": "Active Commercial High Street" }, "geometry": { "type": "LineString", "coordinates": [ [ 377281.014772611611988, 3948914.048376151826233 ], [ 377287.204197036684491, 3948908.648912628181279 ] ] } },
{ "type": "Feature", "properties": { "from_node": 890, "to_node": 448, "u": 413320648.0, "v": 352996173.0, "key": 0.0, "index": 412.0, "osmid": "645599600", "highway": [ "unclassified" ], "lanes": [ "1" ], "name": null, "oneway": "True", "ref": null, "reversed": "False", "length": 42.542225047919224, "maxspeed": [ "30" ], "access": null, "bridge": null, "width": null, "length_m": 52.429748133902798, "building_count_50m": 36.0, "avg_building_area": 222.81928011963444, "poi_count_50m": 21.0, "highway_clean": [ "unclassified" ], "highway_rank": 1.0, "sinuosity": 1.0, "poi_diversity": 1.4514503073876548, "food_drink_count": 8.0, "street_furniture_count": 1.0, "degree_u": 4.0, "degree_v": 4.0, "avg_connectivity": 4.0, "city": "Tokyo", "cluster": 4.0, "typology": "Active Commercial High Street" }, "geometry": { "type": "LineString", "coordinates": [ [ 377287.204197036684491, 3948908.648912628181279 ], [ 377307.291227584704757, 3948946.080065920948982 ] ] } },
{ "type": "Feature", "properties": { "from_node": 902, "to_node": 1453, "u": 413320811.0, "v": 485608691.0, "key": 0.0, "index": 416.0, "osmid": "645599600", "highway": [ "unclassified" ], "lanes": [ "1" ], "name": null, "oneway": "True", "ref": null, "reversed": "False", "length": 7.5730495828590971, "maxspeed": [ "30" ], "access": null, "bridge": null, "width": null, "length_m": 9.3335061889553081, "building_count_50m": 40.0, "avg_building_area": 141.53478388462599, "poi_count_50m": 10.0, "highway_clean": [ "unclassified" ], "highway_rank": 1.0, "sinuosity": 1.0, "poi_diversity": 0.95027053923323468, "food_drink_count": 2.0, "street_furniture_count": 1.0, "degree_u": 4.0, "degree_v": 4.0, "avg_connectivity": 4.0, "city": "Tokyo", "cluster": 3.0, "typology": "Local Mixed Street" }, "geometry": { "type": "LineString", "coordinates": [ [ 377460.653953338682186, 3949256.992093806620687 ], [ 377463.961017410387285, 3949263.79148291843012 ] ] } },
{ "type": "Feature", "properties": { "from_node": 904, "to_node": 905, "u": 413320812.0, "v": 413320813.0, "key": 0.0, "index": 418.0, "osmid": "645599600", "highway": [ "unclassified" ], "lanes": [ "1" ], "name": null, "oneway": "True", "ref": null, "reversed": "False", "length": 19.555322795894622, "maxspeed": [ "30" ], "access": null, "bridge": null, "width": null, "length_m": 24.101512086438813, "building_count_50m": 28.0, "avg_building_area": 125.88789387334907, "poi_count_50m": 4.0, "highway_clean": [ "unclassified" ], "highway_rank": 1.0, "sinuosity": 1.0, "poi_diversity": 1.0397207708399179, "food_drink_count": 1.0, "street_furniture_count": 1.0, "degree_u": 4.0, "degree_v": 4.0, "avg_connectivity": 4.0, "city": "Tokyo", "cluster": 3.0, "typology": "Local Mixed Street" }, "geometry": { "type": "LineString", "coordinates": [ [ 377508.472472421941347, 3949358.708143039606512 ], [ 377517.563001387636177, 3949375.989307647105306 ] ] } },
{ "type": "Feature", "properties": { "from_node": 918, "to_node": 922, "u": 413320917.0, "v": 413325237.0, "key": 0.0, "index": 425.0, "osmid": "35262509", "highway": [ "tertiary" ], "lanes": [ "2" ], "name": null, "oneway": "False", "ref": null, "reversed": "True", "length": 34.592878511516915, "maxspeed": [ "20" ], "access": null, "bridge": null, "width": null, "length_m": 42.634337697306933, "building_count_50m": 50.0, "avg_building_area": 128.99691286828539, "poi_count_50m": 1.0, "highway_clean": [ "tertiary" ], "highway_rank": 3.0, "sinuosity": 1.0, "poi_diversity": 0.0, "food_drink_count": 1.0, "street_furniture_count": 1.0, "degree_u": 8.0, "degree_v": 6.0, "avg_connectivity": 7.0, "city": "Tokyo", "cluster": 1.0, "typology": "Dense Local Street" }, "geometry": { "type": "LineString", "coordinates": [ [ 377506.808988831122406, 3949240.635707822162658 ], [ 377539.631090421462432, 3949229.533206038177013 ] ] } },
{ "type": "Feature", "properties": { "from_node": 926, "to_node": 928, "u": 413323369.0, "v": 419675009.0, "key": 0.0, "index": 429.0, "osmid": "36723596", "highway": [ "residential" ], "lanes": null, "name": null, "oneway": "False", "ref": null, "reversed": "False", "length": 54.319473275499178, "maxspeed": null, "access": null, "bridge": null, "width": null, "length_m": 66.94727252153416, "building_count_50m": 35.0, "avg_building_area": 130.3356046573191, "poi_count_50m": 1.0, "highway_clean": [ "residential" ], "highway_rank": 2.0, "sinuosity": 1.0, "poi_diversity": 0.0, "food_drink_count": 1.0, "street_furniture_count": 1.0, "degree_u": 8.0, "degree_v": 6.0, "avg_connectivity": 7.0, "city": "Tokyo", "cluster": 1.0, "typology": "Dense Local Street" }, "geometry": { "type": "LineString", "coordinates": [ [ 377694.013638545700815, 3949351.726421996485442 ], [ 377700.14278874109732, 3949297.880722258239985 ] ] } },
{ "type": "Feature", "properties": { "from_node": 927, "to_node": 928, "u": 413323369.0, "v": 413323373.0, "key": 0.0, "index": 430.0, "osmid": "36723596", "highway": [ "residential" ], "lanes": null, "name": null, "oneway": "False", "ref": null, "reversed": "True", "length": 43.635404275258523, "maxspeed": null, "access": null, "bridge": null, "width": null, "length_m": 53.779170294243571, "building_count_50m": 35.0, "avg_building_area": 135.2825048851353, "poi_count_50m": 1.0, "highway_clean": [ "residential" ], "highway_rank": 2.0, "sinuosity": 1.0, "poi_diversity": 0.0, "food_drink_count": 1.0, "street_furniture_count": 1.0, "degree_u": 8.0, "degree_v": 6.0, "avg_connectivity": 7.0, "city": "Tokyo", "cluster": 1.0, "typology": "Dense Local Street" }, "geometry": { "type": "LineString", "coordinates": [ [ 377677.831432077800855, 3949260.446090895682573 ], [ 377700.14278874109732, 3949297.880722258239985 ] ] } },
{ "type": "Feature", "properties": { "from_node": 952, "to_node": 1787, "u": 413323769.0, "v": 863242643.0, "key": 0.0, "index": 445.0, "osmid": "645599600", "highway": [ "unclassified" ], "lanes": [ "1" ], "name": null, "oneway": "True", "ref": null, "reversed": "False", "length": 36.968143756469793, "maxspeed": [ "30" ], "access": null, "bridge": null, "width": null, "length_m": 45.563423697987744, "building_count_50m": 29.0, "avg_building_area": 224.30308368296517, "poi_count_50m": 8.0, "highway_clean": [ "unclassified" ], "highway_rank": 1.0, "sinuosity": 1.0, "poi_diversity": 1.3862943611198906, "food_drink_count": 1.0, "street_furniture_count": 1.0, "degree_u": 4.0, "degree_v": 4.0, "avg_connectivity": 4.0, "city": "Tokyo", "cluster": 3.0, "typology": "Local Mixed Street" }, "geometry": { "type": "LineString", "coordinates": [ [ 377584.076862251153216, 3949540.528434971813112 ], [ 377596.070711767533794, 3949575.420193767175078 ] ] } },
{ "type": "Feature", "properties": { "from_node": 953, "to_node": 958, "u": 413323879.0, "v": 413323880.0, "key": 0.0, "index": 447.0, "osmid": "645599600", "highway": [ "unclassified" ], "lanes": [ "1" ], "name": null, "oneway": "True", "ref": null, "reversed": "False", "length": 30.662746570719211, "maxspeed": [ "30" ], "access": null, "bridge": null, "width": null, "length_m": 37.791675066583771, "building_count_50m": 33.0, "avg_building_area": 144.41435191461824, "poi_count_50m": 3.0, "highway_clean": [ "unclassified" ], "highway_rank": 1.0, "sinuosity": 1.0, "poi_diversity": 0.63651416829481278, "food_drink_count": 1.0, "street_furniture_count": 1.0, "degree_u": 4.0, "degree_v": 4.0, "avg_connectivity": 4.0, "city": "Tokyo", "cluster": 3.0, "typology": "Local Mixed Street" }, "geometry": { "type": "LineString", "coordinates": [ [ 377559.176446263445541, 3949470.21392987575382 ], [ 377569.619781533139758, 3949498.980956548359245 ] ] } },
{ "type": "Feature", "properties": { "from_node": 958, "to_node": 952, "u": 413323880.0, "v": 413323769.0, "key": 0.0, "index": 449.0, "osmid": "645599600", "highway": [ "unclassified" ], "lanes": [ "1" ], "name": null, "oneway": "True", "ref": null, "reversed": "False", "length": 44.076935591470047, "maxspeed": [ "30" ], "access": null, "bridge": null, "width": null, "length_m": 54.324809820352321, "building_count_50m": 39.0, "avg_building_area": 189.38017032005033, "poi_count_50m": 4.0, "highway_clean": [ "unclassified" ], "highway_rank": 1.0, "sinuosity": 1.0, "poi_diversity": 1.0397207708399179, "food_drink_count": 1.0, "street_furniture_count": 1.0, "degree_u": 4.0, "degree_v": 4.0, "avg_connectivity": 4.0, "city": "Tokyo", "cluster": 3.0, "typology": "Local Mixed Street" }, "geometry": { "type": "LineString", "coordinates": [ [ 377569.619781533139758, 3949498.980956548359245 ], [ 377584.076862251153216, 3949540.528434971813112 ] ] } },
{ "type": "Feature", "properties": { "from_node": 961, "to_node": 957, "u": 413323882.0, "v": 7185523736.0, "key": 0.0, "index": 451.0, "osmid": "35262581", "highway": [ "residential" ], "lanes": null, "name": null, "oneway": "False", "ref": null, "reversed": "True", "length": 23.127623103013043, "maxspeed": null, "access": null, "bridge": null, "width": null, "length_m": 28.504651187641159, "building_count_50m": 46.0, "avg_building_area": 106.97696600135674, "poi_count_50m": 1.0, "highway_clean": [ "residential" ], "highway_rank": 2.0, "sinuosity": 1.0, "poi_diversity": 0.0, "food_drink_count": 1.0, "street_furniture_count": 1.0, "degree_u": 6.0, "degree_v": 6.0, "avg_connectivity": 6.0, "city": "Tokyo", "cluster": 1.0, "typology": "Dense Local Street" }, "geometry": { "type": "LineString", "coordinates": [ [ 377475.418790506839287, 3949479.034194338601083 ], [ 377498.553464140277356, 3949477.672445010859519 ] ] } },
{ "type": "Feature", "properties": { "from_node": 961, "to_node": 2188, "u": 413323882.0, "v": 413323982.0, "key": 0.0, "index": 452.0, "osmid": "36723331", "highway": [ "residential" ], "lanes": null, "name": null, "oneway": "False", "ref": null, "reversed": "False", "length": 11.502966324480846, "maxspeed": null, "access": null, "bridge": null, "width": null, "length_m": 14.177325879759632, "building_count_50m": 40.0, "avg_building_area": 105.49676055261064, "poi_count_50m": 1.0, "highway_clean": [ "residential" ], "highway_rank": 2.0, "sinuosity": 1.0, "poi_diversity": 0.0, "food_drink_count": 1.0, "street_furniture_count": 1.0, "degree_u": 6.0, "degree_v": 6.0, "avg_connectivity": 6.0, "city": "Tokyo", "cluster": 1.0, "typology": "Dense Local Street" }, "geometry": { "type": "LineString", "coordinates": [ [ 377475.418790506839287, 3949479.034194338601083 ], [ 377475.613611179520376, 3949467.560333758126944 ] ] } },
{ "type": "Feature", "properties": { "from_node": 961, "to_node": 1268, "u": 413323882.0, "v": 7185632330.0, "key": 0.0, "index": 453.0, "osmid": "36723331", "highway": [ "residential" ], "lanes": null, "name": null, "oneway": "False", "ref": null, "reversed": "True", "length": 11.408619164934018, "maxspeed": null, "access": null, "bridge": null, "width": null, "length_m": 14.061061814845424, "building_count_50m": 39.0, "avg_building_area": 102.3875970587537, "poi_count_50m": 1.0, "highway_clean": [ "residential" ], "highway_rank": 2.0, "sinuosity": 1.0, "poi_diversity": 0.0, "food_drink_count": 1.0, "street_furniture_count": 1.0, "degree_u": 6.0, "degree_v": 6.0, "avg_connectivity": 6.0, "city": "Tokyo", "cluster": 1.0, "typology": "Dense Local Street" }, "geometry": { "type": "LineString", "coordinates": [ [ 377475.418790506839287, 3949479.034194338601083 ], [ 377475.584733971278183, 3949490.414329627994448 ] ] } },
{ "type": "Feature", "properties": { "from_node": 962, "to_node": 963, "u": 413323981.0, "v": 426857313.0, "key": 0.0, "index": 454.0, "osmid": "36723331", "highway": [ "residential" ], "lanes": null, "name": null, "oneway": "False", "ref": null, "reversed": "False", "length": 44.675840391391333, "maxspeed": null, "access": null, "bridge": null, "width": null, "length_m": 55.063152969344934, "building_count_50m": 46.0, "avg_building_area": 125.70149387976743, "poi_count_50m": 2.0, "highway_clean": [ "residential" ], "highway_rank": 2.0, "sinuosity": 1.0, "poi_diversity": 0.69314718055994529, "food_drink_count": 1.0, "street_furniture_count": 1.0, "degree_u": 8.0, "degree_v": 6.0, "avg_connectivity": 7.0, "city": "Tokyo", "cluster": 1.0, "typology": "Dense Local Street" }, "geometry": { "type": "LineString", "coordinates": [ [ 377476.147988691693172, 3949529.956603055354208 ], [ 377479.720254702842794, 3949574.38312233472243 ] ] } },
{ "type": "Feature", "properties": { "from_node": 963, "to_node": 1714, "u": 413323981.0, "v": 863242555.0, "key": 0.0, "index": 455.0, "osmid": "299739177", "highway": [ "primary" ], "lanes": [ "4" ], "name": [ "方南通り" ], "oneway": "False", "ref": "14", "reversed": "True", "length": 85.060081884530774, "maxspeed": [ "40" ], "access": null, "bridge": null, "width": null, "length_m": 104.83729931039569, "building_count_50m": 58.0, "avg_building_area": 134.91806722285924, "poi_count_50m": 8.0, "highway_clean": [ "primary" ], "highway_rank": 5.0, "sinuosity": 1.0, "poi_diversity": 1.3208883431493221, "food_drink_count": 3.0, "street_furniture_count": 2.0, "degree_u": 8.0, "degree_v": 6.0, "avg_connectivity": 7.0, "city": "Tokyo", "cluster": 0.0, "typology": "Arterial Movement Corridor" }, "geometry": { "type": "LineString", "coordinates": [ [ 377479.720254702842794, 3949574.38312233472243 ], [ 377561.761180083616637, 3949597.381850258912891 ] ] } },
{ "type": "Feature", "properties": { "from_node": 968, "to_node": 2188, "u": 413323982.0, "v": 7185849230.0, "key": 0.0, "index": 458.0, "osmid": "36723331", "highway": [ "residential" ], "lanes": null, "name": null, "oneway": "False", "ref": null, "reversed": "False", "length": 34.545591678219253, "maxspeed": null, "access": null, "bridge": null, "width": null, "length_m": 42.577090765550658, "building_count_50m": 51.0, "avg_building_area": 101.00153491716553, "poi_count_50m": 1.0, "highway_clean": [ "residential" ], "highway_rank": 2.0, "sinuosity": 1.0, "poi_diversity": 0.0, "food_drink_count": 1.0, "street_furniture_count": 1.0, "degree_u": 6.0, "degree_v": 6.0, "avg_connectivity": 6.0, "city": "Tokyo", "cluster": 1.0, "typology": "Dense Local Street" }, "geometry": { "type": "LineString", "coordinates": [ [ 377473.437765772046987, 3949433.165713924914598 ], [ 377475.613611179520376, 3949467.560333758126944 ] ] } },
{ "type": "Feature", "properties": { "from_node": 969, "to_node": 2188, "u": 413323982.0, "v": 485609739.0, "key": 0.0, "index": 460.0, "osmid": "37236844", "highway": [ "residential" ], "lanes": null, "name": null, "oneway": "False", "ref": null, "reversed": "True", "length": 50.26552421305324, "maxspeed": null, "access": null, "bridge": null, "width": null, "length_m": 61.951873336638016, "building_count_50m": 61.0, "avg_building_area": 109.93992132902564, "poi_count_50m": 1.0, "highway_clean": [ "residential" ], "highway_rank": 2.0, "sinuosity": 1.0, "poi_diversity": 0.0, "food_drink_count": 1.0, "street_furniture_count": 1.0, "degree_u": 6.0, "degree_v": 6.0, "avg_connectivity": 6.0, "city": "Tokyo", "cluster": 1.0, "typology": "Dense Local Street" }, "geometry": { "type": "LineString", "coordinates": [ [ 377425.289833910006564, 3949469.674289464019239 ], [ 377475.613611179520376, 3949467.560333758126944 ] ] } },
{ "type": "Feature", "properties": { "from_node": 970, "to_node": 968, "u": 413323983.0, "v": 7185849230.0, "key": 0.0, "index": 461.0, "osmid": "36723331", "highway": [ "residential" ], "lanes": null, "name": null, "oneway": "False", "ref": null, "reversed": "True", "length": 5.7111754240022199, "maxspeed": null, "access": null, "bridge": null, "width": null, "length_m": 7.0389497357353079, "building_count_50m": 40.0, "avg_building_area": 102.54893010582687, "poi_count_50m": 1.0, "highway_clean": [ "residential" ], "highway_rank": 2.0, "sinuosity": 1.0, "poi_diversity": 0.0, "food_drink_count": 1.0, "street_furniture_count": 1.0, "degree_u": 6.0, "degree_v": 6.0, "avg_connectivity": 6.0, "city": "Tokyo", "cluster": 1.0, "typology": "Dense Local Street" }, "geometry": { "type": "LineString", "coordinates": [ [ 377473.078777666669339, 3949427.479452002327889 ], [ 377473.437765772046987, 3949433.165713924914598 ] ] } },
{ "type": "Feature", "properties": { "from_node": 970, "to_node": 2189, "u": 413323983.0, "v": 7185831170.0, "key": 0.0, "index": 462.0, "osmid": "769806198", "highway": [ "residential" ], "lanes": null, "name": null, "oneway": "False", "ref": null, "reversed": "False", "length": 46.681677786028793, "maxspeed": null, "access": null, "bridge": null, "width": null, "length_m": 57.53452515032852, "building_count_50m": 58.0, "avg_building_area": 99.3191269818862, "poi_count_50m": 2.0, "highway_clean": [ "residential" ], "highway_rank": 2.0, "sinuosity": 1.0, "poi_diversity": 0.69314718055994529, "food_drink_count": 1.0, "street_furniture_count": 1.0, "degree_u": 6.0, "degree_v": 2.0, "avg_connectivity": 4.0, "city": "Tokyo", "cluster": 3.0, "typology": "Local Mixed Street" }, "geometry": { "type": "LineString", "coordinates": [ [ 377473.078777666669339, 3949427.479452002327889 ], [ 377519.375580644875299, 3949420.817272717133164 ] ] } },
{ "type": "Feature", "properties": { "from_node": 971, "to_node": 965, "u": 413323986.0, "v": 426856170.0, "key": 0.0, "index": 464.0, "osmid": "299739177", "highway": [ "primary" ], "lanes": [ "4" ], "name": [ "方南通り" ], "oneway": "False", "ref": "14", "reversed": "True", "length": 37.009527622019313, "maxspeed": [ "40" ], "access": null, "bridge": null, "width": null, "length_m": 45.614384900513372, "building_count_50m": 27.0, "avg_building_area": 187.29220588745079, "poi_count_50m": 5.0, "highway_clean": [ "primary" ], "highway_rank": 5.0, "sinuosity": 1.0, "poi_diversity": 0.50040242353818787, "food_drink_count": 1.0, "street_furniture_count": 1.0, "degree_u": 6.0, "degree_v": 5.0, "avg_connectivity": 5.5, "city": "Tokyo", "cluster": 3.0, "typology": "Local Mixed Street" }, "geometry": { "type": "LineString", "coordinates": [ [ 377375.079863196704537, 3949547.603254786226898 ], [ 377411.081452803453431, 3949556.458803756628186 ] ] } },
{ "type": "Feature", "properties": { "from_node": 974, "to_node": 1455, "u": 413323989.0, "v": 1180573586.0, "key": 0.0, "index": 467.0, "osmid": "37236844", "highway": [ "residential" ], "lanes": null, "name": null, "oneway": "False", "ref": null, "reversed": "False", "length": 20.088138294032454, "maxspeed": null, "access": null, "bridge": null, "width": null, "length_m": 24.758484210713846, "building_count_50m": 48.0, "avg_building_area": 113.98213743751148, "poi_count_50m": 2.0, "highway_clean": [ "residential" ], "highway_rank": 2.0, "sinuosity": 1.0, "poi_diversity": 0.0, "food_drink_count": 1.0, "street_furniture_count": 1.0, "degree_u": 8.0, "degree_v": 6.0, "avg_connectivity": 7.0, "city": "Tokyo", "cluster": 1.0, "typology": "Dense Local Street" }, "geometry": { "type": "LineString", "coordinates": [ [ 377363.854080072662327, 3949473.983151197899133 ], [ 377383.742592240625527, 3949470.890859995502979 ] ] } },
{ "type": "Feature", "properties": { "from_node": 979, "to_node": 918, "u": 413325237.0, "v": 7183672832.0, "key": 0.0, "index": 472.0, "osmid": "35262509", "highway": [ "tertiary" ], "lanes": [ "2" ], "name": null, "oneway": "False", "ref": null, "reversed": "True", "length": 13.812799501530792, "maxspeed": [ "20" ], "access": null, "bridge": null, "width": null, "length_m": 17.023736935288401, "building_count_50m": 40.0, "avg_building_area": 130.88821272819695, "poi_count_50m": 2.0, "highway_clean": [ "tertiary" ], "highway_rank": 3.0, "sinuosity": 1.0, "poi_diversity": 0.0, "food_drink_count": 1.0, "street_furniture_count": 1.0, "degree_u": 6.0, "degree_v": 6.0, "avg_connectivity": 6.0, "city": "Tokyo", "cluster": 1.0, "typology": "Dense Local Street" }, "geometry": { "type": "LineString", "coordinates": [ [ 377493.8034507810371, 3949245.352393270004541 ], [ 377506.808988831122406, 3949240.635707822162658 ] ] } },
{ "type": "Feature", "properties": { "from_node": 555, "to_node": 987, "u": 413326755.0, "v": 413326773.0, "key": 0.0, "index": 476.0, "osmid": "35262837", "highway": [ "unclassified" ], "lanes": null, "name": null, "oneway": "False", "ref": null, "reversed": "True", "length": 55.35962143851733, "maxspeed": null, "access": null, "bridge": null, "width": null, "length_m": 68.225963237596062, "building_count_50m": 35.0, "avg_building_area": 248.43861488012996, "poi_count_50m": 8.0, "highway_clean": [ "unclassified" ], "highway_rank": 1.0, "sinuosity": 1.0, "poi_diversity": 1.0735428464085233, "food_drink_count": 1.0, "street_furniture_count": 1.0, "degree_u": 8.0, "degree_v": 8.0, "avg_connectivity": 8.0, "city": "Tokyo", "cluster": 3.0, "typology": "Local Mixed Street" }, "geometry": { "type": "LineString", "coordinates": [ [ 377350.203831481398083, 3948920.30452296603471 ], [ 377397.398645928362384, 3948891.275070087984204 ] ] } },
{ "type": "Feature", "properties": { "from_node": 987, "to_node": 564, "u": 413326772.0, "v": 413326773.0, "key": 0.0, "index": 482.0, "osmid": "164918905", "highway": [ "unclassified" ], "lanes": null, "name": null, "oneway": "False", "ref": null, "reversed": "False", "length": 78.483030981863749, "maxspeed": null, "access": null, "bridge": null, "width": null, "length_m": 96.723781728896014, "building_count_50m": 53.0, "avg_building_area": 157.75097622784872, "poi_count_50m": 7.0, "highway_clean": [ "unclassified" ], "highway_rank": 1.0, "sinuosity": 1.0, "poi_diversity": 0.410116318288409, "food_drink_count": 1.0, "street_furniture_count": 1.0, "degree_u": 8.0, "degree_v": 8.0, "avg_connectivity": 8.0, "city": "Tokyo", "cluster": 1.0, "typology": "Dense Local Street" }, "geometry": { "type": "LineString", "coordinates": [ [ 377397.398645928362384, 3948891.275070087984204 ], [ 377439.694377446663566, 3948957.277822450734675 ] ] } },
{ "type": "Feature", "properties": { "from_node": 1001, "to_node": 1002, "u": 416929463.0, "v": 416929480.0, "key": 0.0, "index": 497.0, "osmid": "35578560", "highway": [ "residential" ], "lanes": null, "name": null, "oneway": "False", "ref": null, "reversed": "False", "length": 44.111326276103981, "maxspeed": null, "access": null, "bridge": null, "width": null, "length_m": 54.367888435411558, "building_count_50m": 52.0, "avg_building_area": 94.126729678953524, "poi_count_50m": 6.0, "highway_clean": [ "residential" ], "highway_rank": 2.0, "sinuosity": 1.0, "poi_diversity": 1.0114042647073516, "food_drink_count": 2.0, "street_furniture_count": 1.0, "degree_u": 6.0, "degree_v": 4.0, "avg_connectivity": 5.0, "city": "Tokyo", "cluster": 3.0, "typology": "Local Mixed Street" }, "geometry": { "type": "LineString", "coordinates": [ [ 377436.998305734538008, 3949612.458777889143676 ], [ 377441.810408263409045, 3949656.202555940952152 ] ] } },
{ "type": "Feature", "properties": { "from_node": 1006, "to_node": 2127, "u": 416929498.0, "v": 6207514483.0, "key": 0.0, "index": 504.0, "osmid": "36723135", "highway": [ "unclassified" ], "lanes": null, "name": null, "oneway": "True", "ref": null, "reversed": "False", "length": 18.587001788492941, "maxspeed": [ "20" ], "access": null, "bridge": null, "width": null, "length_m": 22.908699313465316, "building_count_50m": 46.0, "avg_building_area": 113.37769101027956, "poi_count_50m": 5.0, "highway_clean": [ "unclassified" ], "highway_rank": 1.0, "sinuosity": 1.0, "poi_diversity": 1.0549201679861442, "food_drink_count": 1.0, "street_furniture_count": 1.0, "degree_u": 4.0, "degree_v": 4.0, "avg_connectivity": 4.0, "city": "Tokyo", "cluster": 3.0, "typology": "Local Mixed Street" }, "geometry": { "type": "LineString", "coordinates": [ [ 377385.788067984685767, 3949608.649934044573456 ], [ 377404.369629738444928, 3949609.913456949871033 ] ] } },
{ "type": "Feature", "properties": { "from_node": 1007, "to_node": 1008, "u": 416929499.0, "v": 1218977360.0, "key": 0.0, "index": 506.0, "osmid": "35578611", "highway": [ "residential" ], "lanes": null, "name": null, "oneway": "False", "ref": null, "reversed": "False", "length": 47.043378457355246, "maxspeed": null, "access": null, "bridge": null, "width": null, "length_m": 57.98135855939578, "building_count_50m": 45.0, "avg_building_area": 120.69039600122315, "poi_count_50m": 4.0, "highway_clean": [ "residential" ], "highway_rank": 2.0, "sinuosity": 1.0, "poi_diversity": 0.56233514461880829, "food_drink_count": 1.0, "street_furniture_count": 1.0, "degree_u": 4.0, "degree_v": 2.0, "avg_connectivity": 3.0, "city": "Tokyo", "cluster": 3.0, "typology": "Local Mixed Street" }, "geometry": { "type": "LineString", "coordinates": [ [ 377367.151531970128417, 3949562.079366242978722 ], [ 377377.387056974461302, 3949607.889423041138798 ] ] } },
{ "type": "Feature", "properties": { "from_node": 1008, "to_node": 1006, "u": 416929499.0, "v": 416929498.0, "key": 0.0, "index": 507.0, "osmid": "36723135", "highway": [ "unclassified" ], "lanes": null, "name": null, "oneway": "True", "ref": null, "reversed": "False", "length": 8.4185480114068447, "maxspeed": [ "20" ], "access": null, "bridge": null, "width": null, "length_m": 10.375958488192575, "building_count_50m": 40.0, "avg_building_area": 107.39543006037715, "poi_count_50m": 3.0, "highway_clean": [ "unclassified" ], "highway_rank": 1.0, "sinuosity": 1.0, "poi_diversity": 0.63651416829481278, "food_drink_count": 1.0, "street_furniture_count": 1.0, "degree_u": 4.0, "degree_v": 4.0, "avg_connectivity": 4.0, "city": "Tokyo", "cluster": 3.0, "typology": "Local Mixed Street" }, "geometry": { "type": "LineString", "coordinates": [ [ 377377.387056974461302, 3949607.889423041138798 ], [ 377385.788067984685767, 3949608.649934044573456 ] ] } },
{ "type": "Feature", "properties": { "from_node": 183, "to_node": 1012, "u": 416933081.0, "v": 433730994.0, "key": 0.0, "index": 513.0, "osmid": "102270575", "highway": [ "secondary" ], "lanes": null, "name": [ "瀬田貫井線" ], "oneway": "False", "ref": "427", "reversed": "True", "length": 18.371319227720036, "maxspeed": null, "access": null, "bridge": null, "width": null, "length_m": 22.642340432543911, "building_count_50m": 42.0, "avg_building_area": 122.65472775889691, "poi_count_50m": 1.0, "highway_clean": [ "secondary" ], "highway_rank": 4.0, "sinuosity": 1.0, "poi_diversity": 0.0, "food_drink_count": 1.0, "street_furniture_count": 1.0, "degree_u": 6.0, "degree_v": 6.0, "avg_connectivity": 6.0, "city": "Tokyo", "cluster": 1.0, "typology": "Dense Local Street" }, "geometry": { "type": "LineString", "coordinates": [ [ 377248.581576525233686, 3949414.136025270447135 ], [ 377250.81947578326799, 3949395.944255457725376 ] ] } },
{ "type": "Feature", "properties": { "from_node": 1017, "to_node": 1101, "u": 416933139.0, "v": 7186913385.0, "key": 0.0, "index": 516.0, "osmid": "35578968", "highway": [ "unclassified" ], "lanes": null, "name": null, "oneway": "False", "ref": null, "reversed": "False", "length": 21.448048924813055, "maxspeed": null, "access": null, "bridge": null, "width": null, "length_m": 26.434104793385679, "building_count_50m": 49.0, "avg_building_area": 111.07968895537554, "poi_count_50m": 1.0, "highway_clean": [ "unclassified" ], "highway_rank": 1.0, "sinuosity": 1.0, "poi_diversity": 0.0, "food_drink_count": 1.0, "street_furniture_count": 1.0, "degree_u": 6.0, "degree_v": 6.0, "avg_connectivity": 6.0, "city": "Tokyo", "cluster": 1.0, "typology": "Dense Local Street" }, "geometry": { "type": "LineString", "coordinates": [ [ 377352.00994151586201, 3949328.016634020023048 ], [ 377363.034713492612354, 3949309.648183637764305 ] ] } },
{ "type": "Feature", "properties": { "from_node": 1018, "to_node": 1017, "u": 416933139.0, "v": 433731427.0, "key": 0.0, "index": 517.0, "osmid": "35578968", "highway": [ "unclassified" ], "lanes": null, "name": null, "oneway": "False", "ref": null, "reversed": "True", "length": 11.529351001886065, "maxspeed": null, "access": null, "bridge": null, "width": null, "length_m": 14.209616995713109, "building_count_50m": 43.0, "avg_building_area": 107.24674075712768, "poi_count_50m": 1.0, "highway_clean": [ "unclassified" ], "highway_rank": 1.0, "sinuosity": 1.0, "poi_diversity": 0.0, "food_drink_count": 1.0, "street_furniture_count": 1.0, "degree_u": 6.0, "degree_v": 6.0, "avg_connectivity": 6.0, "city": "Tokyo", "cluster": 1.0, "typology": "Dense Local Street" }, "geometry": { "type": "LineString", "coordinates": [ [ 377346.674552375043277, 3949338.219069100916386 ], [ 377352.00994151586201, 3949328.016634020023048 ] ] } },
{ "type": "Feature", "properties": { "from_node": 1019, "to_node": 1017, "u": 416933139.0, "v": 416933152.0, "key": 0.0, "index": 518.0, "osmid": "35578970", "highway": [ "residential" ], "lanes": null, "name": null, "oneway": "False", "ref": null, "reversed": "False", "length": 48.86484534204763, "maxspeed": null, "access": null, "bridge": null, "width": null, "length_m": 60.224503129581834, "building_count_50m": 62.0, "avg_building_area": 106.02763745067094, "poi_count_50m": 4.0, "highway_clean": [ "residential" ], "highway_rank": 2.0, "sinuosity": 1.0, "poi_diversity": 0.0, "food_drink_count": 1.0, "street_furniture_count": 1.0, "degree_u": 6.0, "degree_v": 8.0, "avg_connectivity": 7.0, "city": "Tokyo", "cluster": 1.0, "typology": "Dense Local Street" }, "geometry": { "type": "LineString", "coordinates": [ [ 377308.551254946796689, 3949305.563154380302876 ], [ 377352.00994151586201, 3949328.016634020023048 ] ] } },
{ "type": "Feature", "properties": { "from_node": 1020, "to_node": 1019, "u": 416933152.0, "v": 1180573589.0, "key": 0.0, "index": 520.0, "osmid": "105865665", "highway": [ "residential" ], "lanes": null, "name": null, "oneway": "False", "ref": null, "reversed": "False", "length": 47.140414201678539, "maxspeed": null, "access": null, "bridge": null, "width": null, "length_m": 58.099101966997864, "building_count_50m": 62.0, "avg_building_area": 103.72852381241637, "poi_count_50m": 4.0, "highway_clean": [ "residential" ], "highway_rank": 2.0, "sinuosity": 1.0, "poi_diversity": 0.0, "food_drink_count": 1.0, "street_furniture_count": 1.0, "degree_u": 8.0, "degree_v": 6.0, "avg_connectivity": 7.0, "city": "Tokyo", "cluster": 1.0, "typology": "Dense Local Street" }, "geometry": { "type": "LineString", "coordinates": [ [ 377261.459458845027257, 3949301.886700354982167 ], [ 377308.551254946796689, 3949305.563154380302876 ] ] } },
{ "type": "Feature", "properties": { "from_node": 1027, "to_node": 1028, "u": 416933202.0, "v": 1180573556.0, "key": 0.0, "index": 523.0, "osmid": "35578971", "highway": [ "residential" ], "lanes": null, "name": null, "oneway": "False", "ref": null, "reversed": "True", "length": 45.413755736617645, "maxspeed": null, "access": null, "bridge": null, "width": null, "length_m": 55.970330328483769, "building_count_50m": 51.0, "avg_building_area": 167.0242447172445, "poi_count_50m": 1.0, "highway_clean": [ "residential" ], "highway_rank": 2.0, "sinuosity": 1.0, "poi_diversity": 0.0, "food_drink_count": 1.0, "street_furniture_count": 1.0, "degree_u": 6.0, "degree_v": 8.0, "avg_connectivity": 7.0, "city": "Tokyo", "cluster": 1.0, "typology": "Dense Local Street" }, "geometry": { "type": "LineString", "coordinates": [ [ 377337.341139486408792, 3949210.889108067844063 ], [ 377350.919331799726933, 3949167.645989510696381 ] ] } },
{ "type": "Feature", "properties": { "from_node": 1028, "to_node": 1104, "u": 416933202.0, "v": 419685638.0, "key": 0.0, "index": 524.0, "osmid": "35903680", "highway": [ "residential" ], "lanes": null, "name": null, "oneway": "False", "ref": null, "reversed": "False", "length": 40.041252548387781, "maxspeed": null, "access": null, "bridge": null, "width": null, "length_m": 49.348865933856146, "building_count_50m": 46.0, "avg_building_area": 184.94640706870231, "poi_count_50m": 5.0, "highway_clean": [ "residential" ], "highway_rank": 2.0, "sinuosity": 1.0, "poi_diversity": 0.50040242353818787, "food_drink_count": 1.0, "street_furniture_count": 1.0, "degree_u": 6.0, "degree_v": 6.0, "avg_connectivity": 6.0, "city": "Tokyo", "cluster": 3.0, "typology": "Local Mixed Street" }, "geometry": { "type": "LineString", "coordinates": [ [ 377350.919331799726933, 3949167.645989510696381 ], [ 377390.766087881405838, 3949172.321495298761874 ] ] } },
{ "type": "Feature", "properties": { "from_node": 698, "to_node": 1028, "u": 416933202.0, "v": 416933301.0, "key": 0.0, "index": 525.0, "osmid": "35903680", "highway": [ "residential" ], "lanes": null, "name": null, "oneway": "False", "ref": null, "reversed": "True", "length": 76.039721091632117, "maxspeed": null, "access": null, "bridge": null, "width": null, "length_m": 93.715117537896745, "building_count_50m": 46.0, "avg_building_area": 185.40970809901168, "poi_count_50m": 1.0, "highway_clean": [ "residential" ], "highway_rank": 2.0, "sinuosity": 1.0, "poi_diversity": 0.0, "food_drink_count": 1.0, "street_furniture_count": 1.0, "degree_u": 6.0, "degree_v": 8.0, "avg_connectivity": 7.0, "city": "Tokyo", "cluster": 1.0, "typology": "Dense Local Street" }, "geometry": { "type": "LineString", "coordinates": [ [ 377275.307834345847368, 3949158.283520955592394 ], [ 377350.919331799726933, 3949167.645989510696381 ] ] } },
{ "type": "Feature", "properties": { "from_node": 1076, "to_node": 744, "u": 419672824.0, "v": 419672826.0, "key": 0.0, "index": 563.0, "osmid": "1334061140", "highway": [ "unclassified" ], "lanes": null, "name": null, "oneway": "False", "ref": null, "reversed": "False", "length": 22.233432278669905, "maxspeed": null, "access": null, "bridge": null, "width": null, "length_m": 27.401893835771112, "building_count_50m": 45.0, "avg_building_area": 107.57590847265095, "poi_count_50m": 1.0, "highway_clean": [ "unclassified" ], "highway_rank": 1.0, "sinuosity": 1.0, "poi_diversity": 0.0, "food_drink_count": 1.0, "street_furniture_count": 1.0, "degree_u": 6.0, "degree_v": 8.0, "avg_connectivity": 7.0, "city": "Tokyo", "cluster": 1.0, "typology": "Dense Local Street" }, "geometry": { "type": "LineString", "coordinates": [ [ 377792.30083919421304, 3949267.901903137564659 ], [ 377793.109411414479837, 3949245.736148030497134 ] ] } },
{ "type": "Feature", "properties": { "from_node": 1088, "to_node": 902, "u": 419682371.0, "v": 413320811.0, "key": 0.0, "index": 573.0, "osmid": "645599600", "highway": [ "unclassified" ], "lanes": [ "1" ], "name": null, "oneway": "True", "ref": null, "reversed": "False", "length": 28.360334381384007, "maxspeed": [ "30" ], "access": null, "bridge": null, "width": null, "length_m": 34.953008842260978, "building_count_50m": 43.0, "avg_building_area": 159.78373109531876, "poi_count_50m": 8.0, "highway_clean": [ "unclassified" ], "highway_rank": 1.0, "sinuosity": 1.0, "poi_diversity": 0.56233514461880829, "food_drink_count": 2.0, "street_furniture_count": 1.0, "degree_u": 4.0, "degree_v": 4.0, "avg_connectivity": 4.0, "city": "Tokyo", "cluster": 3.0, "typology": "Local Mixed Street" }, "geometry": { "type": "LineString", "coordinates": [ [ 377448.543018254335038, 3949231.398862820118666 ], [ 377460.653953338682186, 3949256.992093806620687 ] ] } },
{ "type": "Feature", "properties": { "from_node": 1096, "to_node": 1102, "u": 419683668.0, "v": 419683800.0, "key": 0.0, "index": 579.0, "osmid": "35903496", "highway": [ "residential" ], "lanes": null, "name": null, "oneway": "False", "ref": null, "reversed": "True", "length": 14.810625985200236, "maxspeed": null, "access": null, "bridge": null, "width": null, "length_m": 18.253594828355954, "building_count_50m": 51.0, "avg_building_area": 101.55985430782411, "poi_count_50m": 1.0, "highway_clean": [ "residential" ], "highway_rank": 2.0, "sinuosity": 1.0, "poi_diversity": 0.0, "food_drink_count": 1.0, "street_furniture_count": 1.0, "degree_u": 6.0, "degree_v": 6.0, "avg_connectivity": 6.0, "city": "Tokyo", "cluster": 1.0, "typology": "Dense Local Street" }, "geometry": { "type": "LineString", "coordinates": [ [ 377364.296034127590246, 3949279.044671467039734 ], [ 377378.320259751286358, 3949283.876748876646161 ] ] } },
{ "type": "Feature", "properties": { "from_node": 1101, "to_node": 1102, "u": 419683800.0, "v": 7186913385.0, "key": 0.0, "index": 582.0, "osmid": "35578968", "highway": [ "unclassified" ], "lanes": null, "name": null, "oneway": "False", "ref": null, "reversed": "True", "length": 29.999193152529433, "maxspeed": null, "access": null, "bridge": null, "width": null, "length_m": 36.973053236801363, "building_count_50m": 53.0, "avg_building_area": 109.5719040248202, "poi_count_50m": 1.0, "highway_clean": [ "unclassified" ], "highway_rank": 1.0, "sinuosity": 1.0, "poi_diversity": 0.0, "food_drink_count": 1.0, "street_furniture_count": 1.0, "degree_u": 6.0, "degree_v": 6.0, "avg_connectivity": 6.0, "city": "Tokyo", "cluster": 1.0, "typology": "Dense Local Street" }, "geometry": { "type": "LineString", "coordinates": [ [ 377363.034713492612354, 3949309.648183637764305 ], [ 377378.320259751286358, 3949283.876748876646161 ] ] } },
{ "type": "Feature", "properties": { "from_node": 1124, "to_node": 672, "u": 420148926.0, "v": 420148830.0, "key": 0.0, "index": 598.0, "osmid": "35937988", "highway": [ "unclassified" ], "lanes": null, "name": null, "oneway": "True", "ref": null, "reversed": "False", "length": 15.975548061114782, "maxspeed": null, "access": null, "bridge": null, "width": null, "length_m": 19.687402190308116, "building_count_50m": 39.0, "avg_building_area": 132.98529499748585, "poi_count_50m": 3.0, "highway_clean": [ "unclassified" ], "highway_rank": 1.0, "sinuosity": 1.0, "poi_diversity": 0.0, "food_drink_count": 1.0, "street_furniture_count": 1.0, "degree_u": 4.0, "degree_v": 4.0, "avg_connectivity": 4.0, "city": "Tokyo", "cluster": 1.0, "typology": "Dense Local Street" }, "geometry": { "type": "LineString", "coordinates": [ [ 378302.45093134988565, 3948412.593852053862065 ], [ 378309.232736854697578, 3948398.15658406727016 ] ] } },
{ "type": "Feature", "properties": { "from_node": 1131, "to_node": 1132, "u": 420149278.0, "v": 7193333453.0, "key": 0.0, "index": 602.0, "osmid": "770658324", "highway": [ "residential" ], "lanes": null, "name": null, "oneway": "False", "ref": null, "reversed": "False", "length": 9.0077208097094807, "maxspeed": null, "access": null, "bridge": null, "width": null, "length_m": 11.100727694580186, "building_count_50m": 32.0, "avg_building_area": 127.10828612810286, "poi_count_50m": 1.0, "highway_clean": [ "residential" ], "highway_rank": 2.0, "sinuosity": 1.0, "poi_diversity": 0.0, "food_drink_count": 1.0, "street_furniture_count": 1.0, "degree_u": 4.0, "degree_v": 2.0, "avg_connectivity": 3.0, "city": "Tokyo", "cluster": 1.0, "typology": "Dense Local Street" }, "geometry": { "type": "LineString", "coordinates": [ [ 378433.321516005205922, 3948486.71903141355142 ], [ 378437.77702899381984, 3948478.903461121488363 ] ] } },
{ "type": "Feature", "properties": { "from_node": 1134, "to_node": 647, "u": 420150376.0, "v": 1178938307.0, "key": 0.0, "index": 604.0, "osmid": "35938140", "highway": [ "residential" ], "lanes": null, "name": null, "oneway": "False", "ref": null, "reversed": "True", "length": 22.858739913410464, "maxspeed": null, "access": null, "bridge": null, "width": null, "length_m": 28.170298803296561, "building_count_50m": 53.0, "avg_building_area": 101.68145984609177, "poi_count_50m": 1.0, "highway_clean": [ "residential" ], "highway_rank": 2.0, "sinuosity": 1.0, "poi_diversity": 0.0, "food_drink_count": 1.0, "street_furniture_count": 1.0, "degree_u": 6.0, "degree_v": 6.0, "avg_connectivity": 6.0, "city": "Tokyo", "cluster": 1.0, "typology": "Dense Local Street" }, "geometry": { "type": "LineString", "coordinates": [ [ 378243.475297384138685, 3948534.280730879865587 ], [ 378264.307694934075698, 3948543.758092106785625 ] ] } },
{ "type": "Feature", "properties": { "from_node": 1140, "to_node": 1147, "u": 420156321.0, "v": 420156322.0, "key": 0.0, "index": 608.0, "osmid": "174879460", "highway": [ "secondary" ], "lanes": null, "name": [ "角筈和泉町線" ], "oneway": "False", "ref": "431", "reversed": "False", "length": 4.7803752611559389, "maxspeed": [ "30" ], "access": null, "bridge": null, "width": null, "length_m": 5.8910964715116014, "building_count_50m": 31.0, "avg_building_area": 138.68822481066576, "poi_count_50m": 4.0, "highway_clean": [ "secondary" ], "highway_rank": 4.0, "sinuosity": 1.0, "poi_diversity": 1.0397207708399179, "food_drink_count": 1.0, "street_furniture_count": 1.0, "degree_u": 6.0, "degree_v": 6.0, "avg_connectivity": 6.0, "city": "Tokyo", "cluster": 3.0, "typology": "Local Mixed Street" }, "geometry": { "type": "LineString", "coordinates": [ [ 378117.919814154680353, 3948438.541022992692888 ], [ 378122.705813966516871, 3948438.342283651698381 ] ] } },
{ "type": "Feature", "properties": { "from_node": 1147, "to_node": 1130, "u": 420156322.0, "v": 614597780.0, "key": 0.0, "index": 611.0, "osmid": "174879460", "highway": [ "secondary" ], "lanes": null, "name": [ "角筈和泉町線" ], "oneway": "False", "ref": "431", "reversed": "False", "length": 46.302614690607648, "maxspeed": [ "30" ], "access": null, "bridge": null, "width": null, "length_m": 57.061026109041109, "building_count_50m": 42.0, "avg_building_area": 158.27234105166184, "poi_count_50m": 3.0, "highway_clean": [ "secondary" ], "highway_rank": 4.0, "sinuosity": 1.0, "poi_diversity": 1.0986122886681096, "food_drink_count": 1.0, "street_furniture_count": 1.0, "degree_u": 6.0, "degree_v": 6.0, "avg_connectivity": 6.0, "city": "Tokyo", "cluster": 3.0, "typology": "Local Mixed Street" }, "geometry": { "type": "LineString", "coordinates": [ [ 378122.705813966516871, 3948438.342283651698381 ], [ 378168.937242823652923, 3948434.435912485234439 ] ] } },
{ "type": "Feature", "properties": { "from_node": 1156, "to_node": 1467, "u": 420156758.0, "v": 614597732.0, "key": 0.0, "index": 614.0, "osmid": "35938657", "highway": [ "unclassified" ], "lanes": null, "name": null, "oneway": "False", "ref": null, "reversed": "True", "length": 47.537976763586414, "maxspeed": null, "access": null, "bridge": null, "width": null, "length_m": 58.584173678009911, "building_count_50m": 38.0, "avg_building_area": 257.59341026086912, "poi_count_50m": 2.0, "highway_clean": [ "unclassified" ], "highway_rank": 1.0, "sinuosity": 1.0, "poi_diversity": 0.69314718055994529, "food_drink_count": 1.0, "street_furniture_count": 1.0, "degree_u": 8.0, "degree_v": 6.0, "avg_connectivity": 7.0, "city": "Tokyo", "cluster": 3.0, "typology": "Local Mixed Street" }, "geometry": { "type": "LineString", "coordinates": [ [ 378034.388543311972171, 3948568.187627031002194 ], [ 378067.046309146273416, 3948533.659076527226716 ] ] } },
{ "type": "Feature", "properties": { "from_node": 1156, "to_node": 1172, "u": 420156758.0, "v": 1178938103.0, "key": 0.0, "index": 615.0, "osmid": "35938686", "highway": [ "residential" ], "lanes": null, "name": null, "oneway": "False", "ref": null, "reversed": "False", "length": 62.949338217541218, "maxspeed": null, "access": null, "bridge": null, "width": null, "length_m": 77.576936139861019, "building_count_50m": 46.0, "avg_building_area": 168.62003531640789, "poi_count_50m": 2.0, "highway_clean": [ "residential" ], "highway_rank": 2.0, "sinuosity": 1.0, "poi_diversity": 0.69314718055994529, "food_drink_count": 1.0, "street_furniture_count": 1.0, "degree_u": 8.0, "degree_v": 6.0, "avg_connectivity": 7.0, "city": "Tokyo", "cluster": 1.0, "typology": "Dense Local Street" }, "geometry": { "type": "LineString", "coordinates": [ [ 378034.388543311972171, 3948568.187627031002194 ], [ 378082.77325350639876, 3948608.47165582049638 ] ] } },
{ "type": "Feature", "properties": { "from_node": 1166, "to_node": 1173, "u": 420157000.0, "v": 1178938177.0, "key": 0.0, "index": 618.0, "osmid": "35939028", "highway": [ "residential" ], "lanes": null, "name": null, "oneway": "False", "ref": null, "reversed": "True", "length": 37.155608064870648, "maxspeed": null, "access": null, "bridge": null, "width": null, "length_m": 45.790118579114903, "building_count_50m": 46.0, "avg_building_area": 121.39429060224475, "poi_count_50m": 2.0, "highway_clean": [ "residential" ], "highway_rank": 2.0, "sinuosity": 1.0, "poi_diversity": 0.0, "food_drink_count": 1.0, "street_furniture_count": 1.0, "degree_u": 6.0, "degree_v": 6.0, "avg_connectivity": 6.0, "city": "Tokyo", "cluster": 1.0, "typology": "Dense Local Street" }, "geometry": { "type": "LineString", "coordinates": [ [ 378156.606866960471962, 3948715.72506759269163 ], [ 378190.327927036036272, 3948700.008784242905676 ] ] } },
{ "type": "Feature", "properties": { "from_node": 1176, "to_node": 1177, "u": 420157047.0, "v": 1178938353.0, "key": 0.0, "index": 621.0, "osmid": "35938887", "highway": [ "residential" ], "lanes": null, "name": null, "oneway": "False", "ref": null, "reversed": "False", "length": 35.804141723819548, "maxspeed": null, "access": null, "bridge": null, "width": null, "length_m": 44.124220248053092, "building_count_50m": 47.0, "avg_building_area": 188.41548932201576, "poi_count_50m": 2.0, "highway_clean": [ "residential" ], "highway_rank": 2.0, "sinuosity": 1.0, "poi_diversity": 0.69314718055994529, "food_drink_count": 1.0, "street_furniture_count": 1.0, "degree_u": 6.0, "degree_v": 6.0, "avg_connectivity": 6.0, "city": "Tokyo", "cluster": 3.0, "typology": "Local Mixed Street" }, "geometry": { "type": "LineString", "coordinates": [ [ 378213.164088657533284, 3948622.526536364573985 ], [ 378241.703415200638119, 3948644.168142791371793 ] ] } },
{ "type": "Feature", "properties": { "from_node": 1161, "to_node": 1663, "u": 420158234.0, "v": 656134265.0, "key": 0.0, "index": 627.0, "osmid": "35939044", "highway": [ "residential" ], "lanes": null, "name": null, "oneway": "False", "ref": null, "reversed": "True", "length": 38.828722913836174, "maxspeed": null, "access": null, "bridge": null, "width": null, "length_m": 47.851838257374034, "building_count_50m": 62.0, "avg_building_area": 76.365007395341848, "poi_count_50m": 4.0, "highway_clean": [ "residential" ], "highway_rank": 2.0, "sinuosity": 1.0, "poi_diversity": 0.0, "food_drink_count": 1.0, "street_furniture_count": 1.0, "degree_u": 6.0, "degree_v": 6.0, "avg_connectivity": 6.0, "city": "Tokyo", "cluster": 1.0, "typology": "Dense Local Street" }, "geometry": { "type": "LineString", "coordinates": [ [ 377998.813291053054854, 3948658.569951688405126 ], [ 378027.175504386250395, 3948685.083556944038719 ] ] } },
{ "type": "Feature", "properties": { "from_node": 1209, "to_node": 1201, "u": 420158287.0, "v": 1178938238.0, "key": 0.0, "index": 633.0, "osmid": "35939080", "highway": [ "unclassified" ], "lanes": null, "name": null, "oneway": "False", "ref": null, "reversed": "False", "length": 9.6309261917899427, "maxspeed": null, "access": null, "bridge": null, "width": null, "length_m": 11.86902128146841, "building_count_50m": 47.0, "avg_building_area": 116.32233821992567, "poi_count_50m": 1.0, "highway_clean": [ "unclassified" ], "highway_rank": 1.0, "sinuosity": 1.0, "poi_diversity": 0.0, "food_drink_count": 1.0, "street_furniture_count": 1.0, "degree_u": 6.0, "degree_v": 6.0, "avg_connectivity": 6.0, "city": "Tokyo", "cluster": 1.0, "typology": "Dense Local Street" }, "geometry": { "type": "LineString", "coordinates": [ [ 377928.595074274460785, 3948702.711519410368055 ], [ 377936.743732195638586, 3948697.562976127490401 ] ] } },
{ "type": "Feature", "properties": { "from_node": 1215, "to_node": 1662, "u": 420158706.0, "v": 631481435.0, "key": 0.0, "index": 638.0, "osmid": "36724192", "highway": [ "residential" ], "lanes": null, "name": null, "oneway": "True", "ref": null, "reversed": "False", "length": 15.246425770584789, "maxspeed": null, "access": null, "bridge": null, "width": null, "length_m": 18.789325886930257, "building_count_50m": 50.0, "avg_building_area": 84.818397282557768, "poi_count_50m": 1.0, "highway_clean": [ "residential" ], "highway_rank": 2.0, "sinuosity": 1.0, "poi_diversity": 0.0, "food_drink_count": 1.0, "street_furniture_count": 1.0, "degree_u": 4.0, "degree_v": 4.0, "avg_connectivity": 4.0, "city": "Tokyo", "cluster": 1.0, "typology": "Dense Local Street" }, "geometry": { "type": "LineString", "coordinates": [ [ 377862.576712701935321, 3948632.140032197814435 ], [ 377870.508909589494579, 3948619.139890966936946 ] ] } },
{ "type": "Feature", "properties": { "from_node": 1218, "to_node": 1193, "u": 420159917.0, "v": 420159918.0, "key": 0.0, "index": 640.0, "osmid": "35939246", "highway": [ "unclassified" ], "lanes": null, "name": null, "oneway": "True", "ref": null, "reversed": "False", "length": 38.201727230979166, "maxspeed": null, "access": null, "bridge": null, "width": null, "length_m": 47.079909727150294, "building_count_50m": 62.0, "avg_building_area": 113.63557920327386, "poi_count_50m": 1.0, "highway_clean": [ "unclassified" ], "highway_rank": 1.0, "sinuosity": 1.0, "poi_diversity": 0.0, "food_drink_count": 1.0, "street_furniture_count": 1.0, "degree_u": 4.0, "degree_v": 4.0, "avg_connectivity": 4.0, "city": "Tokyo", "cluster": 1.0, "typology": "Dense Local Street" }, "geometry": { "type": "LineString", "coordinates": [ [ 377941.734640958020464, 3948807.890278232749552 ], [ 377974.926526301482227, 3948826.871171787381172 ] ] } },
{ "type": "Feature", "properties": { "from_node": 1193, "to_node": 1564, "u": 420159918.0, "v": 597011649.0, "key": 0.0, "index": 642.0, "osmid": "35939246", "highway": [ "unclassified" ], "lanes": null, "name": null, "oneway": "True", "ref": null, "reversed": "False", "length": 3.9127478717884085, "maxspeed": null, "access": null, "bridge": null, "width": null, "length_m": 4.8220867796274405, "building_count_50m": 41.0, "avg_building_area": 97.012003215387821, "poi_count_50m": 1.0, "highway_clean": [ "unclassified" ], "highway_rank": 1.0, "sinuosity": 1.0, "poi_diversity": 0.0, "food_drink_count": 1.0, "street_furniture_count": 1.0, "degree_u": 4.0, "degree_v": 4.0, "avg_connectivity": 4.0, "city": "Tokyo", "cluster": 1.0, "typology": "Dense Local Street" }, "geometry": { "type": "LineString", "coordinates": [ [ 377974.926526301482227, 3948826.871171787381172 ], [ 377978.045724083029199, 3948829.235739748924971 ] ] } },
{ "type": "Feature", "properties": { "from_node": 965, "to_node": 1267, "u": 426856170.0, "v": 426856211.0, "key": 0.0, "index": 664.0, "osmid": "36723318", "highway": [ "residential" ], "lanes": null, "name": null, "oneway": "True", "ref": null, "reversed": "False", "length": 54.69346013365287, "maxspeed": null, "access": null, "bridge": null, "width": null, "length_m": 67.41014260915604, "building_count_50m": 42.0, "avg_building_area": 134.04453837346196, "poi_count_50m": 5.0, "highway_clean": [ "residential" ], "highway_rank": 2.0, "sinuosity": 1.0, "poi_diversity": 1.0549201679861442, "food_drink_count": 1.0, "street_furniture_count": 1.0, "degree_u": 5.0, "degree_v": 3.0, "avg_connectivity": 4.0, "city": "Tokyo", "cluster": 3.0, "typology": "Local Mixed Street" }, "geometry": { "type": "LineString", "coordinates": [ [ 377411.081452803453431, 3949556.458803756628186 ], [ 377415.271366766188294, 3949610.861378006171435 ] ] } },
{ "type": "Feature", "properties": { "from_node": 1267, "to_node": 1001, "u": 426856211.0, "v": 416929480.0, "key": 0.0, "index": 667.0, "osmid": "36723135", "highway": [ "unclassified" ], "lanes": null, "name": null, "oneway": "True", "ref": null, "reversed": "False", "length": 21.741843932584946, "maxspeed": [ "20" ], "access": null, "bridge": null, "width": null, "length_m": 26.797088029327035, "building_count_50m": 42.0, "avg_building_area": 105.93332455365895, "poi_count_50m": 6.0, "highway_clean": [ "unclassified" ], "highway_rank": 1.0, "sinuosity": 1.0, "poi_diversity": 1.0114042647073516, "food_drink_count": 2.0, "street_furniture_count": 1.0, "degree_u": 3.0, "degree_v": 4.0, "avg_connectivity": 3.5, "city": "Tokyo", "cluster": 3.0, "typology": "Local Mixed Street" }, "geometry": { "type": "LineString", "coordinates": [ [ 377415.271366766188294, 3949610.861378006171435 ], [ 377436.998305734538008, 3949612.458777889143676 ] ] } },
{ "type": "Feature", "properties": { "from_node": 1268, "to_node": 962, "u": 426857313.0, "v": 7185632330.0, "key": 0.0, "index": 668.0, "osmid": "36723331", "highway": [ "residential" ], "lanes": null, "name": null, "oneway": "False", "ref": null, "reversed": "False", "length": 39.641051463901533, "maxspeed": null, "access": null, "bridge": null, "width": null, "length_m": 48.857523471856879, "building_count_50m": 52.0, "avg_building_area": 93.134712285066612, "poi_count_50m": 2.0, "highway_clean": [ "residential" ], "highway_rank": 2.0, "sinuosity": 1.0, "poi_diversity": 0.69314718055994529, "food_drink_count": 1.0, "street_furniture_count": 1.0, "degree_u": 6.0, "degree_v": 6.0, "avg_connectivity": 6.0, "city": "Tokyo", "cluster": 1.0, "typology": "Dense Local Street" }, "geometry": { "type": "LineString", "coordinates": [ [ 377475.584733971278183, 3949490.414329627994448 ], [ 377476.147988691693172, 3949529.956603055354208 ] ] } },
{ "type": "Feature", "properties": { "from_node": 962, "to_node": 1270, "u": 426857313.0, "v": 426857530.0, "key": 0.0, "index": 670.0, "osmid": "36723344", "highway": [ "residential" ], "lanes": null, "name": null, "oneway": "False", "ref": null, "reversed": "False", "length": 25.376475831193915, "maxspeed": null, "access": null, "bridge": null, "width": null, "length_m": 31.276535613700521, "building_count_50m": 40.0, "avg_building_area": 144.46542257705136, "poi_count_50m": 1.0, "highway_clean": [ "residential" ], "highway_rank": 2.0, "sinuosity": 1.0, "poi_diversity": 0.0, "food_drink_count": 1.0, "street_furniture_count": 1.0, "degree_u": 6.0, "degree_v": 6.0, "avg_connectivity": 6.0, "city": "Tokyo", "cluster": 1.0, "typology": "Dense Local Street" }, "geometry": { "type": "LineString", "coordinates": [ [ 377476.147988691693172, 3949529.956603055354208 ], [ 377501.41344735288294, 3949532.814473639708012 ] ] } },
{ "type": "Feature", "properties": { "from_node": 1269, "to_node": 1270, "u": 426857530.0, "v": 426857644.0, "key": 0.0, "index": 672.0, "osmid": "36723414", "highway": [ "residential" ], "lanes": null, "name": null, "oneway": "False", "ref": null, "reversed": "False", "length": 19.915170574100976, "maxspeed": null, "access": null, "bridge": null, "width": null, "length_m": 24.545447508195309, "building_count_50m": 44.0, "avg_building_area": 141.48932088390563, "poi_count_50m": 1.0, "highway_clean": [ "residential" ], "highway_rank": 2.0, "sinuosity": 1.0, "poi_diversity": 0.0, "food_drink_count": 1.0, "street_furniture_count": 1.0, "degree_u": 6.0, "degree_v": 2.0, "avg_connectivity": 4.0, "city": "Tokyo", "cluster": 1.0, "typology": "Dense Local Street" }, "geometry": { "type": "LineString", "coordinates": [ [ 377501.067228409170639, 3949512.949929522816092 ], [ 377501.41344735288294, 3949532.814473639708012 ] ] } },
{ "type": "Feature", "properties": { "from_node": 1305, "to_node": 1306, "u": 426864860.0, "v": 10628121481.0, "key": 0.0, "index": 699.0, "osmid": "1140674628", "highway": [ "residential" ], "lanes": null, "name": null, "oneway": "False", "ref": null, "reversed": "False", "length": 11.838576020794722, "maxspeed": null, "access": null, "bridge": null, "width": null, "length_m": 14.589058498444489, "building_count_50m": 21.0, "avg_building_area": 232.33249006040856, "poi_count_50m": 3.0, "highway_clean": [ "residential" ], "highway_rank": 2.0, "sinuosity": 1.0, "poi_diversity": 0.63651416829481278, "food_drink_count": 1.0, "street_furniture_count": 1.0, "degree_u": 6.0, "degree_v": 2.0, "avg_connectivity": 4.0, "city": "Tokyo", "cluster": 3.0, "typology": "Local Mixed Street" }, "geometry": { "type": "LineString", "coordinates": [ [ 377996.130176170612685, 3948316.61400697613135 ], [ 377997.390274530276656, 3948304.870428097900003 ] ] } },
{ "type": "Feature", "properties": { "from_node": 1315, "to_node": 604, "u": 428421438.0, "v": 2331333464.0, "key": 0.0, "index": 705.0, "osmid": "31093515", "highway": [ "secondary" ], "lanes": [ "2" ], "name": [ "瀬田貫井線" ], "oneway": "False", "ref": "427", "reversed": "False", "length": 24.264753852614184, "maxspeed": [ "30" ], "access": null, "bridge": null, "width": null, "length_m": 29.902184866220939, "building_count_50m": 46.0, "avg_building_area": 105.88864453775922, "poi_count_50m": 1.0, "highway_clean": [ "secondary" ], "highway_rank": 4.0, "sinuosity": 1.0, "poi_diversity": 0.0, "food_drink_count": 1.0, "street_furniture_count": 1.0, "degree_u": 6.0, "degree_v": 6.0, "avg_connectivity": 6.0, "city": "Tokyo", "cluster": 1.0, "typology": "Dense Local Street" }, "geometry": { "type": "LineString", "coordinates": [ [ 377134.416522365645505, 3948294.988019037991762 ], [ 377137.879823687428143, 3948318.947523538954556 ] ] } },
{ "type": "Feature", "properties": { "from_node": 1315, "to_node": 1319, "u": 428421438.0, "v": 428421464.0, "key": 0.0, "index": 706.0, "osmid": "36851809", "highway": [ "residential" ], "lanes": null, "name": null, "oneway": "False", "ref": null, "reversed": "False", "length": 63.70223673289285, "maxspeed": null, "access": null, "bridge": null, "width": null, "length_m": 78.502028600296242, "building_count_50m": 62.0, "avg_building_area": 108.98243221084137, "poi_count_50m": 1.0, "highway_clean": [ "residential" ], "highway_rank": 2.0, "sinuosity": 1.0, "poi_diversity": 0.0, "food_drink_count": 1.0, "street_furniture_count": 1.0, "degree_u": 6.0, "degree_v": 6.0, "avg_connectivity": 6.0, "city": "Tokyo", "cluster": 1.0, "typology": "Dense Local Street" }, "geometry": { "type": "LineString", "coordinates": [ [ 377134.416522365645505, 3948294.988019037991762 ], [ 377197.308664618059993, 3948284.112346142530441 ] ] } },
{ "type": "Feature", "properties": { "from_node": 1318, "to_node": 1319, "u": 428421464.0, "v": 443389510.0, "key": 0.0, "index": 709.0, "osmid": "37801318", "highway": [ "residential" ], "lanes": null, "name": null, "oneway": "False", "ref": null, "reversed": "False", "length": 42.04157489710952, "maxspeed": null, "access": null, "bridge": null, "width": null, "length_m": 51.808844790800023, "building_count_50m": 55.0, "avg_building_area": 103.22421906436998, "poi_count_50m": 1.0, "highway_clean": [ "residential" ], "highway_rank": 2.0, "sinuosity": 1.0, "poi_diversity": 0.0, "food_drink_count": 1.0, "street_furniture_count": 1.0, "degree_u": 6.0, "degree_v": 6.0, "avg_connectivity": 6.0, "city": "Tokyo", "cluster": 1.0, "typology": "Dense Local Street" }, "geometry": { "type": "LineString", "coordinates": [ [ 377191.448254933289718, 3948242.579801825340837 ], [ 377197.308664618059993, 3948284.112346142530441 ] ] } },
{ "type": "Feature", "properties": { "from_node": 285, "to_node": 447, "u": 428421766.0, "v": 428421767.0, "key": 0.0, "index": 716.0, "osmid": "36851847", "highway": [ "residential" ], "lanes": null, "name": null, "oneway": "False", "ref": null, "reversed": "False", "length": 39.640993419161539, "maxspeed": null, "access": null, "bridge": null, "width": null, "length_m": 48.852042916410191, "building_count_50m": 42.0, "avg_building_area": 119.2588261378127, "poi_count_50m": 3.0, "highway_clean": [ "residential" ], "highway_rank": 2.0, "sinuosity": 1.0, "poi_diversity": 0.0, "food_drink_count": 1.0, "street_furniture_count": 1.0, "degree_u": 8.0, "degree_v": 8.0, "avg_connectivity": 8.0, "city": "Tokyo", "cluster": 1.0, "typology": "Dense Local Street" }, "geometry": { "type": "LineString", "coordinates": [ [ 377449.785482391656842, 3948542.823356238659471 ], [ 377480.268257100309711, 3948517.463972861878574 ] ] } },
{ "type": "Feature", "properties": { "from_node": 447, "to_node": 2204, "u": 428421767.0, "v": 428421768.0, "key": 0.0, "index": 719.0, "osmid": "36851847", "highway": [ "residential" ], "lanes": null, "name": null, "oneway": "False", "ref": null, "reversed": "False", "length": 29.94468302836173, "maxspeed": null, "access": null, "bridge": null, "width": null, "length_m": 36.902588882077197, "building_count_50m": 48.0, "avg_building_area": 150.20237511890193, "poi_count_50m": 1.0, "highway_clean": [ "residential" ], "highway_rank": 2.0, "sinuosity": 1.0, "poi_diversity": 0.0, "food_drink_count": 1.0, "street_furniture_count": 1.0, "degree_u": 8.0, "degree_v": 2.0, "avg_connectivity": 5.0, "city": "Tokyo", "cluster": 1.0, "typology": "Dense Local Street" }, "geometry": { "type": "LineString", "coordinates": [ [ 377480.268257100309711, 3948517.463972861878574 ], [ 377502.872847226739395, 3948497.81570129795 ] ] } },
{ "type": "Feature", "properties": { "from_node": 1016, "to_node": 2046, "u": 433730333.0, "v": 7187052372.0, "key": 0.0, "index": 732.0, "osmid": "102270575", "highway": [ "secondary" ], "lanes": null, "name": [ "瀬田貫井線" ], "oneway": "False", "ref": "427", "reversed": "False", "length": 11.511671540090976, "maxspeed": null, "access": null, "bridge": null, "width": null, "length_m": 14.187834288458642, "building_count_50m": 35.0, "avg_building_area": 132.25363506866668, "poi_count_50m": 4.0, "highway_clean": [ "secondary" ], "highway_rank": 4.0, "sinuosity": 1.0, "poi_diversity": 0.0, "food_drink_count": 1.0, "street_furniture_count": 1.0, "degree_u": 6.0, "degree_v": 6.0, "avg_connectivity": 6.0, "city": "Tokyo", "cluster": 1.0, "typology": "Dense Local Street" }, "geometry": { "type": "LineString", "coordinates": [ [ 377257.004155560105573, 3949344.349449502769858 ], [ 377257.108055688615423, 3949332.865736913867295 ] ] } },
{ "type": "Feature", "properties": { "from_node": 1347, "to_node": 1348, "u": 433731740.0, "v": 433731927.0, "key": 0.0, "index": 751.0, "osmid": "35903161", "highway": [ "unclassified" ], "lanes": null, "name": null, "oneway": "False", "ref": null, "reversed": "False", "length": 5.8800312741603236, "maxspeed": null, "access": null, "bridge": null, "width": null, "length_m": 7.2470018685349613, "building_count_50m": 28.0, "avg_building_area": 116.33670868485248, "poi_count_50m": 2.0, "highway_clean": [ "unclassified" ], "highway_rank": 1.0, "sinuosity": 1.0, "poi_diversity": 0.0, "food_drink_count": 1.0, "street_furniture_count": 1.0, "degree_u": 6.0, "degree_v": 6.0, "avg_connectivity": 6.0, "city": "Tokyo", "cluster": 1.0, "typology": "Dense Local Street" }, "geometry": { "type": "LineString", "coordinates": [ [ 377827.564322381978855, 3949349.44583646627143 ], [ 377831.775350187090226, 3949353.548186306841671 ] ] } },
{ "type": "Feature", "properties": { "from_node": 1348, "to_node": 1354, "u": 433731927.0, "v": 433731928.0, "key": 0.0, "index": 754.0, "osmid": "35903161", "highway": [ "unclassified" ], "lanes": null, "name": null, "oneway": "False", "ref": null, "reversed": "False", "length": 17.184637419332372, "maxspeed": null, "access": null, "bridge": null, "width": null, "length_m": 21.179686013463204, "building_count_50m": 28.0, "avg_building_area": 108.20726900681539, "poi_count_50m": 2.0, "highway_clean": [ "unclassified" ], "highway_rank": 1.0, "sinuosity": 1.0, "poi_diversity": 0.0, "food_drink_count": 1.0, "street_furniture_count": 1.0, "degree_u": 6.0, "degree_v": 6.0, "avg_connectivity": 6.0, "city": "Tokyo", "cluster": 1.0, "typology": "Dense Local Street" }, "geometry": { "type": "LineString", "coordinates": [ [ 377831.775350187090226, 3949353.548186306841671 ], [ 377843.810363263532054, 3949365.807997375261039 ] ] } },
{ "type": "Feature", "properties": { "from_node": 1357, "to_node": 1358, "u": 433731929.0, "v": 476567580.0, "key": 0.0, "index": 760.0, "osmid": "35903161", "highway": [ "unclassified" ], "lanes": null, "name": null, "oneway": "False", "ref": null, "reversed": "True", "length": 18.757098869249418, "maxspeed": null, "access": null, "bridge": null, "width": null, "length_m": 23.117883662750611, "building_count_50m": 25.0, "avg_building_area": 126.36265319572185, "poi_count_50m": 1.0, "highway_clean": [ "unclassified" ], "highway_rank": 1.0, "sinuosity": 1.0, "poi_diversity": 0.0, "food_drink_count": 1.0, "street_furniture_count": 1.0, "degree_u": 6.0, "degree_v": 6.0, "avg_connectivity": 6.0, "city": "Tokyo", "cluster": 1.0, "typology": "Dense Local Street" }, "geometry": { "type": "LineString", "coordinates": [ [ 377879.084012849256396, 3949416.53295670170337 ], [ 377883.957601788104512, 3949434.604612451978028 ] ] } },
{ "type": "Feature", "properties": { "from_node": 1364, "to_node": 1708, "u": 433732635.0, "v": 656153716.0, "key": 0.0, "index": 763.0, "osmid": "37236991", "highway": [ "residential" ], "lanes": null, "name": null, "oneway": "True", "ref": null, "reversed": "False", "length": 59.081327392503525, "maxspeed": null, "access": null, "bridge": null, "width": null, "length_m": 72.817625100287998, "building_count_50m": 48.0, "avg_building_area": 119.79291619039888, "poi_count_50m": 4.0, "highway_clean": [ "residential" ], "highway_rank": 2.0, "sinuosity": 1.0, "poi_diversity": 0.56233514461880829, "food_drink_count": 1.0, "street_furniture_count": 1.0, "degree_u": 5.0, "degree_v": 4.0, "avg_connectivity": 4.5, "city": "Tokyo", "cluster": 3.0, "typology": "Local Mixed Street" }, "geometry": { "type": "LineString", "coordinates": [ [ 377862.350470933131874, 3949526.049502978101373 ], [ 377902.165252259990666, 3949482.424570801667869 ] ] } },
{ "type": "Feature", "properties": { "from_node": 1365, "to_node": 135, "u": 433733291.0, "v": 1176517354.0, "key": 0.0, "index": 766.0, "osmid": "778198799", "highway": [ "primary" ], "lanes": [ "4" ], "name": [ "方南通り" ], "oneway": "False", "ref": "14", "reversed": "False", "length": 70.27375563188869, "maxspeed": [ "40" ], "access": null, "bridge": null, "width": null, "length_m": 86.613208771939725, "building_count_50m": 42.0, "avg_building_area": 135.46704885162015, "poi_count_50m": 8.0, "highway_clean": [ "primary" ], "highway_rank": 5.0, "sinuosity": 1.0, "poi_diversity": 1.0821955300387673, "food_drink_count": 1.0, "street_furniture_count": 3.0, "degree_u": 6.0, "degree_v": 6.0, "avg_connectivity": 6.0, "city": "Tokyo", "cluster": 0.0, "typology": "Arterial Movement Corridor" }, "geometry": { "type": "LineString", "coordinates": [ [ 377694.905773097008932, 3949608.606078598182648 ], [ 377764.09505803976208, 3949595.561715318821371 ] ] } },
{ "type": "Feature", "properties": { "from_node": 1366, "to_node": 1279, "u": 433738996.0, "v": 433740458.0, "key": 0.0, "index": 769.0, "osmid": "36723596", "highway": [ "residential" ], "lanes": null, "name": null, "oneway": "False", "ref": null, "reversed": "True", "length": 40.71055780488863, "maxspeed": null, "access": null, "bridge": null, "width": null, "length_m": 50.172678698713227, "building_count_50m": 36.0, "avg_building_area": 180.92718594919478, "poi_count_50m": 2.0, "highway_clean": [ "residential" ], "highway_rank": 2.0, "sinuosity": 1.0, "poi_diversity": 0.0, "food_drink_count": 1.0, "street_furniture_count": 1.0, "degree_u": 8.0, "degree_v": 6.0, "avg_connectivity": 7.0, "city": "Tokyo", "cluster": 1.0, "typology": "Dense Local Street" }, "geometry": { "type": "LineString", "coordinates": [ [ 377567.594219129648991, 3948958.322020078077912 ], [ 377578.542725992505439, 3948997.443863385356963 ] ] } },
{ "type": "Feature", "properties": { "from_node": 1252, "to_node": 1366, "u": 433740458.0, "v": 433741406.0, "key": 0.0, "index": 774.0, "osmid": "36723596", "highway": [ "residential" ], "lanes": null, "name": null, "oneway": "False", "ref": null, "reversed": "True", "length": 56.935121625217263, "maxspeed": null, "access": null, "bridge": null, "width": null, "length_m": 70.167850393141904, "building_count_50m": 39.0, "avg_building_area": 142.12605865444726, "poi_count_50m": 2.0, "highway_clean": [ "residential" ], "highway_rank": 2.0, "sinuosity": 1.0, "poi_diversity": 0.69314718055994529, "food_drink_count": 1.0, "street_furniture_count": 1.0, "degree_u": 6.0, "degree_v": 6.0, "avg_connectivity": 6.0, "city": "Tokyo", "cluster": 3.0, "typology": "Local Mixed Street" }, "geometry": { "type": "LineString", "coordinates": [ [ 377553.204943890159484, 3948903.361026287544519 ], [ 377567.594219129648991, 3948958.322020078077912 ] ] } },
{ "type": "Feature", "properties": { "from_node": 1323, "to_node": 1327, "u": 443388891.0, "v": 443388893.0, "key": 0.0, "index": 782.0, "osmid": "37801255", "highway": [ "residential" ], "lanes": null, "name": null, "oneway": "False", "ref": null, "reversed": "False", "length": 42.560826956535102, "maxspeed": null, "access": null, "bridge": null, "width": null, "length_m": 52.448763011020205, "building_count_50m": 45.0, "avg_building_area": 97.42205320320916, "poi_count_50m": 1.0, "highway_clean": [ "residential" ], "highway_rank": 2.0, "sinuosity": 1.0, "poi_diversity": 0.0, "food_drink_count": 1.0, "street_furniture_count": 1.0, "degree_u": 6.0, "degree_v": 6.0, "avg_connectivity": 6.0, "city": "Tokyo", "cluster": 1.0, "typology": "Dense Local Street" }, "geometry": { "type": "LineString", "coordinates": [ [ 377249.350850298535079, 3948288.607843240257353 ], [ 377258.101332460879348, 3948247.051058457233012 ] ] } },
{ "type": "Feature", "properties": { "from_node": 1388, "to_node": 507, "u": 448133785.0, "v": 448133786.0, "key": 0.0, "index": 800.0, "osmid": "38098037", "highway": [ "residential" ], "lanes": null, "name": null, "oneway": "False", "ref": null, "reversed": "False", "length": 27.235229840668058, "maxspeed": null, "access": null, "bridge": null, "width": null, "length_m": 33.563383497299981, "building_count_50m": 35.0, "avg_building_area": 138.5156557825384, "poi_count_50m": 1.0, "highway_clean": [ "residential" ], "highway_rank": 2.0, "sinuosity": 1.0, "poi_diversity": 0.0, "food_drink_count": 1.0, "street_furniture_count": 1.0, "degree_u": 6.0, "degree_v": 6.0, "avg_connectivity": 6.0, "city": "Tokyo", "cluster": 1.0, "typology": "Dense Local Street" }, "geometry": { "type": "LineString", "coordinates": [ [ 377822.602731687366031, 3948462.907579536084086 ], [ 377842.341644788102712, 3948444.142730501014739 ] ] } },
{ "type": "Feature", "properties": { "from_node": 1396, "to_node": 2207, "u": 476566433.0, "v": 476566606.0, "key": 0.0, "index": 812.0, "osmid": "39753138", "highway": [ "residential" ], "lanes": null, "name": null, "oneway": "False", "ref": null, "reversed": "True", "length": 36.55341347923801, "maxspeed": null, "access": null, "bridge": null, "width": null, "length_m": 45.051274401770598, "building_count_50m": 42.0, "avg_building_area": 115.91709520611721, "poi_count_50m": 2.0, "highway_clean": [ "residential" ], "highway_rank": 2.0, "sinuosity": 1.0, "poi_diversity": 0.0, "food_drink_count": 1.0, "street_furniture_count": 1.0, "degree_u": 6.0, "degree_v": 2.0, "avg_connectivity": 4.0, "city": "Tokyo", "cluster": 1.0, "typology": "Dense Local Street" }, "geometry": { "type": "LineString", "coordinates": [ [ 377970.412264110171236, 3949369.682357964571565 ], [ 377997.878100993868429, 3949345.553137282840908 ] ] } },
{ "type": "Feature", "properties": { "from_node": 1453, "to_node": 2145, "u": 485608691.0, "v": 7186487801.0, "key": 0.0, "index": 840.0, "osmid": "645599600", "highway": [ "unclassified" ], "lanes": [ "1" ], "name": null, "oneway": "True", "ref": null, "reversed": "False", "length": 28.790967648154211, "maxspeed": [ "30" ], "access": null, "bridge": null, "width": null, "length_m": 35.483879106874774, "building_count_50m": 48.0, "avg_building_area": 128.3488327885548, "poi_count_50m": 10.0, "highway_clean": [ "unclassified" ], "highway_rank": 1.0, "sinuosity": 1.0, "poi_diversity": 0.95027053923323468, "food_drink_count": 2.0, "street_furniture_count": 1.0, "degree_u": 4.0, "degree_v": 4.0, "avg_connectivity": 4.0, "city": "Tokyo", "cluster": 3.0, "typology": "Local Mixed Street" }, "geometry": { "type": "LineString", "coordinates": [ [ 377463.961017410387285, 3949263.79148291843012 ], [ 377476.213273702422157, 3949289.793261543381959 ] ] } },
{ "type": "Feature", "properties": { "from_node": 1454, "to_node": 1456, "u": 485609737.0, "v": 7185922836.0, "key": 0.0, "index": 842.0, "osmid": "40267852", "highway": [ "residential" ], "lanes": null, "name": null, "oneway": "False", "ref": null, "reversed": "False", "length": 2.2955474206693074, "maxspeed": null, "access": null, "bridge": null, "width": null, "length_m": 2.8292267893358884, "building_count_50m": 39.0, "avg_building_area": 100.7162781709021, "poi_count_50m": 1.0, "highway_clean": [ "residential" ], "highway_rank": 2.0, "sinuosity": 1.0, "poi_diversity": 0.0, "food_drink_count": 1.0, "street_furniture_count": 1.0, "degree_u": 6.0, "degree_v": 6.0, "avg_connectivity": 6.0, "city": "Tokyo", "cluster": 1.0, "typology": "Dense Local Street" }, "geometry": { "type": "LineString", "coordinates": [ [ 377417.527577215107158, 3949412.203585047274828 ], [ 377417.830431479495019, 3949414.473674043081701 ] ] } },
{ "type": "Feature", "properties": { "from_node": 1454, "to_node": 2210, "u": 485609737.0, "v": 7185845753.0, "key": 0.0, "index": 844.0, "osmid": "769809313", "highway": [ "residential" ], "lanes": null, "name": null, "oneway": "False", "ref": null, "reversed": "False", "length": 6.0760004948198141, "maxspeed": null, "access": null, "bridge": null, "width": null, "length_m": 7.4885757013850904, "building_count_50m": 43.0, "avg_building_area": 99.76926889324659, "poi_count_50m": 1.0, "highway_clean": [ "residential" ], "highway_rank": 2.0, "sinuosity": 1.0, "poi_diversity": 0.0, "food_drink_count": 1.0, "street_furniture_count": 1.0, "degree_u": 6.0, "degree_v": 2.0, "avg_connectivity": 4.0, "city": "Tokyo", "cluster": 1.0, "typology": "Dense Local Street" }, "geometry": { "type": "LineString", "coordinates": [ [ 377417.527577215107158, 3949412.203585047274828 ], [ 377423.583404084434733, 3949411.576455981936306 ] ] } },
{ "type": "Feature", "properties": { "from_node": 1455, "to_node": 969, "u": 485609739.0, "v": 1180573586.0, "key": 0.0, "index": 846.0, "osmid": "37236844", "highway": [ "residential" ], "lanes": null, "name": null, "oneway": "False", "ref": null, "reversed": "True", "length": 41.480244883807529, "maxspeed": null, "access": null, "bridge": null, "width": null, "length_m": 51.124089854633574, "building_count_50m": 59.0, "avg_building_area": 108.15840428108733, "poi_count_50m": 2.0, "highway_clean": [ "residential" ], "highway_rank": 2.0, "sinuosity": 1.0, "poi_diversity": 0.0, "food_drink_count": 1.0, "street_furniture_count": 1.0, "degree_u": 6.0, "degree_v": 6.0, "avg_connectivity": 6.0, "city": "Tokyo", "cluster": 1.0, "typology": "Dense Local Street" }, "geometry": { "type": "LineString", "coordinates": [ [ 377383.742592240625527, 3949470.890859995502979 ], [ 377425.289833910006564, 3949469.674289464019239 ] ] } },
{ "type": "Feature", "properties": { "from_node": 1456, "to_node": 969, "u": 485609739.0, "v": 7185922836.0, "key": 0.0, "index": 847.0, "osmid": "40267852", "highway": [ "residential" ], "lanes": null, "name": null, "oneway": "False", "ref": null, "reversed": "True", "length": 55.832252682488601, "maxspeed": null, "access": null, "bridge": null, "width": null, "length_m": 68.812614069778704, "building_count_50m": 64.0, "avg_building_area": 111.56397396086875, "poi_count_50m": 1.0, "highway_clean": [ "residential" ], "highway_rank": 2.0, "sinuosity": 1.0, "poi_diversity": 0.0, "food_drink_count": 1.0, "street_furniture_count": 1.0, "degree_u": 6.0, "degree_v": 6.0, "avg_connectivity": 6.0, "city": "Tokyo", "cluster": 1.0, "typology": "Dense Local Street" }, "geometry": { "type": "LineString", "coordinates": [ [ 377417.830431479495019, 3949414.473674043081701 ], [ 377425.289833910006564, 3949469.674289464019239 ] ] } },
{ "type": "Feature", "properties": { "from_node": 1464, "to_node": 1142, "u": 561167683.0, "v": 614597192.0, "key": 0.0, "index": 856.0, "osmid": "48390338", "highway": [ "residential" ], "lanes": null, "name": null, "oneway": "False", "ref": null, "reversed": "False", "length": 69.649697221031971, "maxspeed": null, "access": null, "bridge": null, "width": null, "length_m": 85.833156723523487, "building_count_50m": 56.0, "avg_building_area": 196.71450572775191, "poi_count_50m": 6.0, "highway_clean": [ "residential" ], "highway_rank": 2.0, "sinuosity": 1.0, "poi_diversity": 1.0114042647073516, "food_drink_count": 1.0, "street_furniture_count": 1.0, "degree_u": 6.0, "degree_v": 8.0, "avg_connectivity": 7.0, "city": "Tokyo", "cluster": 3.0, "typology": "Local Mixed Street" }, "geometry": { "type": "LineString", "coordinates": [ [ 378049.254565453680698, 3948474.639325183350593 ], [ 378119.024150769168045, 3948472.872688507195562 ] ] } },
{ "type": "Feature", "properties": { "from_node": 1060, "to_node": 2135, "u": 561587157.0, "v": 7182976472.0, "key": 0.0, "index": 867.0, "osmid": "769505895", "highway": [ "residential" ], "lanes": null, "name": null, "oneway": "False", "ref": null, "reversed": "False", "length": 90.034350613875247, "maxspeed": null, "access": null, "bridge": null, "width": null, "length_m": 110.96122705745265, "building_count_50m": 67.0, "avg_building_area": 81.961921232504992, "poi_count_50m": 1.0, "highway_clean": [ "residential" ], "highway_rank": 2.0, "sinuosity": 1.0, "poi_diversity": 0.0, "food_drink_count": 1.0, "street_furniture_count": 1.0, "degree_u": 6.0, "degree_v": 6.0, "avg_connectivity": 6.0, "city": "Tokyo", "cluster": 1.0, "typology": "Dense Local Street" }, "geometry": { "type": "LineString", "coordinates": [ [ 377704.802344079478644, 3949028.011439429130405 ], [ 377794.645485166809522, 3949036.183451447635889 ] ] } },
{ "type": "Feature", "properties": { "from_node": 1506, "to_node": 1507, "u": 561587169.0, "v": 7184090144.0, "key": 0.0, "index": 876.0, "osmid": "769629267", "highway": [ "residential" ], "lanes": null, "name": null, "oneway": "False", "ref": null, "reversed": "False", "length": 11.926700536104423, "maxspeed": null, "access": null, "bridge": null, "width": null, "length_m": 14.698583874078908, "building_count_50m": 4.0, "avg_building_area": 195.77610932813241, "poi_count_50m": 4.0, "highway_clean": [ "residential" ], "highway_rank": 2.0, "sinuosity": 1.0, "poi_diversity": 1.0397207708399179, "food_drink_count": 1.0, "street_furniture_count": 1.0, "degree_u": 6.0, "degree_v": 6.0, "avg_connectivity": 6.0, "city": "Tokyo", "cluster": 3.0, "typology": "Local Mixed Street" }, "geometry": { "type": "LineString", "coordinates": [ [ 377677.807316957216244, 3948875.885318074841052 ], [ 377688.580713887349702, 3948870.733697257004678 ] ] } },
{ "type": "Feature", "properties": { "from_node": 1519, "to_node": 2213, "u": 563662050.0, "v": 563662051.0, "key": 0.0, "index": 889.0, "osmid": "44351959", "highway": [ "unclassified" ], "lanes": null, "name": null, "oneway": "False", "ref": null, "reversed": "False", "length": 14.676111956991138, "maxspeed": null, "access": null, "bridge": null, "width": null, "length_m": 18.087875734695309, "building_count_50m": 27.0, "avg_building_area": 113.57402581699564, "poi_count_50m": 4.0, "highway_clean": [ "unclassified" ], "highway_rank": 1.0, "sinuosity": 1.0, "poi_diversity": 0.0, "food_drink_count": 1.0, "street_furniture_count": 1.0, "degree_u": 6.0, "degree_v": 2.0, "avg_connectivity": 4.0, "city": "Tokyo", "cluster": 1.0, "typology": "Dense Local Street" }, "geometry": { "type": "LineString", "coordinates": [ [ 378090.632467593939509, 3949301.613058320246637 ], [ 378104.978052609541919, 3949304.833234302233905 ] ] } },
{ "type": "Feature", "properties": { "from_node": 1524, "to_node": 1525, "u": 563662272.0, "v": 1177181854.0, "key": 0.0, "index": 893.0, "osmid": "44351980", "highway": [ "residential" ], "lanes": null, "name": null, "oneway": "False", "ref": null, "reversed": "False", "length": 22.243619057418648, "maxspeed": null, "access": null, "bridge": null, "width": null, "length_m": 27.41443643783796, "building_count_50m": 50.0, "avg_building_area": 83.758810896915875, "poi_count_50m": 1.0, "highway_clean": [ "residential" ], "highway_rank": 2.0, "sinuosity": 1.0, "poi_diversity": 0.0, "food_drink_count": 1.0, "street_furniture_count": 1.0, "degree_u": 6.0, "degree_v": 6.0, "avg_connectivity": 6.0, "city": "Tokyo", "cluster": 1.0, "typology": "Dense Local Street" }, "geometry": { "type": "LineString", "coordinates": [ [ 378111.451933914562687, 3949237.659369682893157 ], [ 378116.57259087159764, 3949259.255618491675705 ] ] } },
{ "type": "Feature", "properties": { "from_node": 1533, "to_node": 1534, "u": 563663654.0, "v": 1116796575.0, "key": 0.0, "index": 899.0, "osmid": "44352095", "highway": [ "unclassified" ], "lanes": null, "name": null, "oneway": "False", "ref": null, "reversed": "False", "length": 20.621123966105351, "maxspeed": [ "20" ], "access": null, "bridge": null, "width": null, "length_m": 25.414587128351997, "building_count_50m": 49.0, "avg_building_area": 88.198758391494493, "poi_count_50m": 1.0, "highway_clean": [ "unclassified" ], "highway_rank": 1.0, "sinuosity": 1.0, "poi_diversity": 0.0, "food_drink_count": 1.0, "street_furniture_count": 1.0, "degree_u": 6.0, "degree_v": 6.0, "avg_connectivity": 6.0, "city": "Tokyo", "cluster": 1.0, "typology": "Dense Local Street" }, "geometry": { "type": "LineString", "coordinates": [ [ 378193.521442283992656, 3949193.31227648537606 ], [ 378197.036266322829761, 3949173.03985958872363 ] ] } },
{ "type": "Feature", "properties": { "from_node": 1579, "to_node": 621, "u": 597012253.0, "v": 656135402.0, "key": 0.0, "index": 913.0, "osmid": "32125133", "highway": [ "unclassified" ], "lanes": null, "name": null, "oneway": "False", "ref": null, "reversed": "False", "length": 15.179211805709173, "maxspeed": null, "access": null, "bridge": null, "width": null, "length_m": 18.707231795269369, "building_count_50m": 57.0, "avg_building_area": 79.366613134651232, "poi_count_50m": 2.0, "highway_clean": [ "unclassified" ], "highway_rank": 1.0, "sinuosity": 1.0, "poi_diversity": 0.69314718055994529, "food_drink_count": 1.0, "street_furniture_count": 1.0, "degree_u": 6.0, "degree_v": 6.0, "avg_connectivity": 6.0, "city": "Tokyo", "cluster": 1.0, "typology": "Dense Local Street" }, "geometry": { "type": "LineString", "coordinates": [ [ 378052.440756820316892, 3948976.119246791116893 ], [ 378065.959538488648832, 3948969.177579184994102 ] ] } },
{ "type": "Feature", "properties": { "from_node": 1641, "to_node": 791, "u": 597122525.0, "v": 597124183.0, "key": 0.0, "index": 936.0, "osmid": "778198799", "highway": [ "primary" ], "lanes": [ "4" ], "name": [ "方南通り" ], "oneway": "False", "ref": "14", "reversed": "False", "length": 21.923314822387461, "maxspeed": [ "40" ], "access": null, "bridge": null, "width": null, "length_m": 27.020701978883217, "building_count_50m": 21.0, "avg_building_area": 190.14574334264256, "poi_count_50m": 9.0, "highway_clean": [ "primary" ], "highway_rank": 5.0, "sinuosity": 1.0, "poi_diversity": 1.0608569471580214, "food_drink_count": 1.0, "street_furniture_count": 1.0, "degree_u": 6.0, "degree_v": 5.0, "avg_connectivity": 5.5, "city": "Tokyo", "cluster": 3.0, "typology": "Local Mixed Street" }, "geometry": { "type": "LineString", "coordinates": [ [ 378049.362552371050697, 3949582.989292674232274 ], [ 378070.367814296507277, 3949589.390728042460978 ] ] } },
{ "type": "Feature", "properties": { "from_node": 1146, "to_node": 1464, "u": 614597192.0, "v": 614597711.0, "key": 0.0, "index": 952.0, "osmid": "48390407", "highway": [ "residential" ], "lanes": null, "name": null, "oneway": "False", "ref": null, "reversed": "True", "length": 33.160228891085048, "maxspeed": null, "access": null, "bridge": null, "width": null, "length_m": 40.865101489038594, "building_count_50m": 56.0, "avg_building_area": 95.537126623924365, "poi_count_50m": 5.0, "highway_clean": [ "residential" ], "highway_rank": 2.0, "sinuosity": 1.0, "poi_diversity": 0.67301166700925652, "food_drink_count": 1.0, "street_furniture_count": 1.0, "degree_u": 8.0, "degree_v": 6.0, "avg_connectivity": 7.0, "city": "Tokyo", "cluster": 1.0, "typology": "Dense Local Street" }, "geometry": { "type": "LineString", "coordinates": [ [ 378046.846661786315963, 3948441.645716930739582 ], [ 378049.254565453680698, 3948474.639325183350593 ] ] } },
{ "type": "Feature", "properties": { "from_node": 1654, "to_node": 1467, "u": 614597717.0, "v": 614597732.0, "key": 0.0, "index": 958.0, "osmid": "48390417", "highway": [ "residential" ], "lanes": null, "name": null, "oneway": "False", "ref": null, "reversed": "False", "length": 19.175020877188757, "maxspeed": null, "access": null, "bridge": null, "width": null, "length_m": 23.630580875958621, "building_count_50m": 24.0, "avg_building_area": 354.43018693394862, "poi_count_50m": 1.0, "highway_clean": [ "residential" ], "highway_rank": 2.0, "sinuosity": 1.0, "poi_diversity": 0.0, "food_drink_count": 1.0, "street_furniture_count": 1.0, "degree_u": 6.0, "degree_v": 6.0, "avg_connectivity": 6.0, "city": "Tokyo", "cluster": 1.0, "typology": "Dense Local Street" }, "geometry": { "type": "LineString", "coordinates": [ [ 378050.103375835285988, 3948524.63913439726457 ], [ 378067.046309146273416, 3948533.659076527226716 ] ] } },
{ "type": "Feature", "properties": { "from_node": 1655, "to_node": 1654, "u": 614597717.0, "v": 614597718.0, "key": 0.0, "index": 959.0, "osmid": "48390417", "highway": [ "residential" ], "lanes": null, "name": null, "oneway": "False", "ref": null, "reversed": "True", "length": 53.134828575305853, "maxspeed": null, "access": null, "bridge": null, "width": null, "length_m": 65.481262187839476, "building_count_50m": 41.0, "avg_building_area": 253.58452364852823, "poi_count_50m": 3.0, "highway_clean": [ "residential" ], "highway_rank": 2.0, "sinuosity": 1.0, "poi_diversity": 0.63651416829481278, "food_drink_count": 1.0, "street_furniture_count": 1.0, "degree_u": 6.0, "degree_v": 6.0, "avg_connectivity": 6.0, "city": "Tokyo", "cluster": 3.0, "typology": "Local Mixed Street" }, "geometry": { "type": "LineString", "coordinates": [ [ 378001.872323675197549, 3948502.192204541061074 ], [ 378050.103375835285988, 3948524.63913439726457 ] ] } },
{ "type": "Feature", "properties": { "from_node": 1656, "to_node": 1117, "u": 614598016.0, "v": 614598466.0, "key": 0.0, "index": 970.0, "osmid": "35937943", "highway": [ "residential" ], "lanes": null, "name": null, "oneway": "False", "ref": null, "reversed": "True", "length": 7.0226687615145087, "maxspeed": null, "access": null, "bridge": null, "width": null, "length_m": 8.6542887526336543, "building_count_50m": 19.0, "avg_building_area": 445.82417595093773, "poi_count_50m": 1.0, "highway_clean": [ "residential" ], "highway_rank": 2.0, "sinuosity": 1.0, "poi_diversity": 0.0, "food_drink_count": 1.0, "street_furniture_count": 1.0, "degree_u": 6.0, "degree_v": 2.0, "avg_connectivity": 4.0, "city": "Tokyo", "cluster": 3.0, "typology": "Local Mixed Street" }, "geometry": { "type": "LineString", "coordinates": [ [ 378154.731398958188947, 3948335.828088482841849 ], [ 378161.327894203539472, 3948338.267101859208196 ] ] } },
{ "type": "Feature", "properties": { "from_node": 1657, "to_node": 1658, "u": 631479136.0, "v": 631479142.0, "key": 0.0, "index": 974.0, "osmid": "49679507", "highway": [ "residential" ], "lanes": null, "name": null, "oneway": "False", "ref": null, "reversed": "False", "length": 37.396425160339362, "maxspeed": null, "access": null, "bridge": null, "width": null, "length_m": 46.086900394187985, "building_count_50m": 31.0, "avg_building_area": 120.25921324467446, "poi_count_50m": 1.0, "highway_clean": [ "residential" ], "highway_rank": 2.0, "sinuosity": 1.0, "poi_diversity": 0.0, "food_drink_count": 1.0, "street_furniture_count": 1.0, "degree_u": 2.0, "degree_v": 6.0, "avg_connectivity": 4.0, "city": "Tokyo", "cluster": 1.0, "typology": "Dense Local Street" }, "geometry": { "type": "LineString", "coordinates": [ [ 377566.057208770071156, 3948731.715695265680552 ], [ 377587.460193874663673, 3948701.090052371378988 ] ] } },
{ "type": "Feature", "properties": { "from_node": 606, "to_node": 1247, "u": 631480210.0, "v": 7185295153.0, "key": 0.0, "index": 978.0, "osmid": "31022179", "highway": [ "residential" ], "lanes": null, "name": null, "oneway": "False", "ref": null, "reversed": "False", "length": 4.6600228455792116, "maxspeed": null, "access": null, "bridge": null, "width": null, "length_m": 5.7429766869502199, "building_count_50m": 19.0, "avg_building_area": 547.76582126226697, "poi_count_50m": 1.0, "highway_clean": [ "residential" ], "highway_rank": 2.0, "sinuosity": 1.0, "poi_diversity": 0.0, "food_drink_count": 1.0, "street_furniture_count": 1.0, "degree_u": 6.0, "degree_v": 6.0, "avg_connectivity": 6.0, "city": "Tokyo", "cluster": 3.0, "typology": "Local Mixed Street" }, "geometry": { "type": "LineString", "coordinates": [ [ 377625.626908063597512, 3948746.005422059912235 ], [ 377626.802253807487432, 3948750.504483455792069 ] ] } },
{ "type": "Feature", "properties": { "from_node": 1662, "to_node": 1208, "u": 631481435.0, "v": 420158382.0, "key": 0.0, "index": 985.0, "osmid": "36724192", "highway": [ "residential" ], "lanes": null, "name": null, "oneway": "True", "ref": null, "reversed": "False", "length": 17.909312807977191, "maxspeed": null, "access": null, "bridge": null, "width": null, "length_m": 22.070968871732372, "building_count_50m": 50.0, "avg_building_area": 89.607303921084167, "poi_count_50m": 1.0, "highway_clean": [ "residential" ], "highway_rank": 2.0, "sinuosity": 1.0, "poi_diversity": 0.0, "food_drink_count": 1.0, "street_furniture_count": 1.0, "degree_u": 4.0, "degree_v": 4.0, "avg_connectivity": 4.0, "city": "Tokyo", "cluster": 1.0, "typology": "Dense Local Street" }, "geometry": { "type": "LineString", "coordinates": [ [ 377870.508909589494579, 3948619.139890966936946 ], [ 377880.360790031903889, 3948604.205228865612298 ] ] } },
{ "type": "Feature", "properties": { "from_node": 1663, "to_node": 1196, "u": 656134265.0, "v": 656134304.0, "key": 0.0, "index": 987.0, "osmid": "35939044", "highway": [ "residential" ], "lanes": null, "name": null, "oneway": "False", "ref": null, "reversed": "True", "length": 3.5840698690725645, "maxspeed": null, "access": null, "bridge": null, "width": null, "length_m": 4.4169521444122184, "building_count_50m": 41.0, "avg_building_area": 86.085356413860538, "poi_count_50m": 1.0, "highway_clean": [ "residential" ], "highway_rank": 2.0, "sinuosity": 1.0, "poi_diversity": 0.0, "food_drink_count": 1.0, "street_furniture_count": 1.0, "degree_u": 6.0, "degree_v": 6.0, "avg_connectivity": 6.0, "city": "Tokyo", "cluster": 1.0, "typology": "Dense Local Street" }, "geometry": { "type": "LineString", "coordinates": [ [ 378027.175504386250395, 3948685.083556944038719 ], [ 378030.224838046182413, 3948686.972063386347145 ] ] } },
{ "type": "Feature", "properties": { "from_node": 1679, "to_node": 1680, "u": 656135314.0, "v": 1177181458.0, "key": 0.0, "index": 994.0, "osmid": "46702790", "highway": [ "residential" ], "lanes": null, "name": null, "oneway": "True", "ref": null, "reversed": "False", "length": 15.374323023455178, "maxspeed": null, "access": null, "bridge": null, "width": null, "length_m": 18.947648846092278, "building_count_50m": 42.0, "avg_building_area": 97.479937656705971, "poi_count_50m": 4.0, "highway_clean": [ "residential" ], "highway_rank": 2.0, "sinuosity": 1.0, "poi_diversity": 0.56233514461880829, "food_drink_count": 1.0, "street_furniture_count": 1.0, "degree_u": 5.0, "degree_v": 4.0, "avg_connectivity": 4.5, "city": "Tokyo", "cluster": 3.0, "typology": "Local Mixed Street" }, "geometry": { "type": "LineString", "coordinates": [ [ 378177.708782444824465, 3948952.291330881882459 ], [ 378192.869536926969886, 3948949.565241491422057 ] ] } },
{ "type": "Feature", "properties": { "from_node": 1680, "to_node": 1827, "u": 656135314.0, "v": 1177181201.0, "key": 0.0, "index": 995.0, "osmid": "101969041", "highway": [ "unclassified" ], "lanes": null, "name": null, "oneway": "False", "ref": null, "reversed": "False", "length": 25.06663271746655, "maxspeed": null, "access": null, "bridge": null, "width": null, "length_m": 30.89264954962265, "building_count_50m": 41.0, "avg_building_area": 101.54747326863149, "poi_count_50m": 3.0, "highway_clean": [ "unclassified" ], "highway_rank": 1.0, "sinuosity": 1.0, "poi_diversity": 0.63651416829481278, "food_drink_count": 1.0, "street_furniture_count": 1.0, "degree_u": 5.0, "degree_v": 6.0, "avg_connectivity": 5.5, "city": "Tokyo", "cluster": 1.0, "typology": "Dense Local Street" }, "geometry": { "type": "LineString", "coordinates": [ [ 378192.869536926969886, 3948949.565241491422057 ], [ 378217.563743624370545, 3948944.98899992601946 ] ] } },
{ "type": "Feature", "properties": { "from_node": 967, "to_node": 1783, "u": 802172267.0, "v": 863242484.0, "key": 0.0, "index": 1018.0, "osmid": "66082286", "highway": [ "unclassified" ], "lanes": null, "name": null, "oneway": "True", "ref": null, "reversed": "False", "length": 27.82337208931115, "maxspeed": null, "access": null, "bridge": null, "width": null, "length_m": 34.292661745715932, "building_count_50m": 40.0, "avg_building_area": 108.54893581279616, "poi_count_50m": 4.0, "highway_clean": [ "unclassified" ], "highway_rank": 1.0, "sinuosity": 1.0, "poi_diversity": 1.0397207708399179, "food_drink_count": 1.0, "street_furniture_count": 1.0, "degree_u": 4.0, "degree_v": 4.0, "avg_connectivity": 4.0, "city": "Tokyo", "cluster": 3.0, "typology": "Local Mixed Street" }, "geometry": { "type": "LineString", "coordinates": [ [ 377477.044233663531486, 3949614.003341192845255 ], [ 377504.865453982260078, 3949615.80533038591966 ] ] } },
{ "type": "Feature", "properties": { "from_node": 1724, "to_node": 2152, "u": 810701893.0, "v": 810701835.0, "key": 0.0, "index": 1022.0, "osmid": "72561166", "highway": [ "residential" ], "lanes": null, "name": null, "oneway": "True", "ref": null, "reversed": "False", "length": 8.3509109515446216, "maxspeed": null, "access": null, "bridge": null, "width": null, "length_m": 10.291441758315022, "building_count_50m": 52.0, "avg_building_area": 98.559237217135959, "poi_count_50m": 1.0, "highway_clean": [ "residential" ], "highway_rank": 2.0, "sinuosity": 1.0, "poi_diversity": 0.0, "food_drink_count": 1.0, "street_furniture_count": 1.0, "degree_u": 3.0, "degree_v": 3.0, "avg_connectivity": 3.0, "city": "Tokyo", "cluster": 1.0, "typology": "Dense Local Street" }, "geometry": { "type": "LineString", "coordinates": [ [ 378537.393306437879801, 3948597.810975040774792 ], [ 378544.025561426882632, 3948602.890123259741813 ] ] } },
{ "type": "Feature", "properties": { "from_node": 1728, "to_node": 888, "u": 810709089.0, "v": 1178938433.0, "key": 0.0, "index": 1024.0, "osmid": "1302678256", "highway": [ "primary" ], "lanes": [ "3" ], "name": [ "環七通り" ], "oneway": "True", "ref": "318", "reversed": "False", "length": 68.906684807639962, "maxspeed": [ "50" ], "access": null, "bridge": null, "width": null, "length_m": 84.921830541223144, "building_count_50m": 26.0, "avg_building_area": 443.85619173095523, "poi_count_50m": 8.0, "highway_clean": [ "primary" ], "highway_rank": 5.0, "sinuosity": 1.0, "poi_diversity": 0.73562193975879464, "food_drink_count": 1.0, "street_furniture_count": 1.0, "degree_u": 4.0, "degree_v": 4.0, "avg_connectivity": 4.0, "city": "Tokyo", "cluster": 3.0, "typology": "Local Mixed Street" }, "geometry": { "type": "LineString", "coordinates": [ [ 378582.486905877420213, 3948950.047928905580193 ], [ 378608.018916122615337, 3948886.175465064123273 ] ] } },
{ "type": "Feature", "properties": { "from_node": 1771, "to_node": 1723, "u": 861244997.0, "v": 1178938333.0, "key": 0.0, "index": 1040.0, "osmid": "72561166", "highway": [ "residential" ], "lanes": null, "name": null, "oneway": "True", "ref": null, "reversed": "False", "length": 20.13023964671514, "maxspeed": null, "access": null, "bridge": null, "width": null, "length_m": 24.807878717841021, "building_count_50m": 47.0, "avg_building_area": 113.29777778905304, "poi_count_50m": 1.0, "highway_clean": [ "residential" ], "highway_rank": 2.0, "sinuosity": 1.0, "poi_diversity": 0.0, "food_drink_count": 1.0, "street_furniture_count": 1.0, "degree_u": 4.0, "degree_v": 4.0, "avg_connectivity": 4.0, "city": "Tokyo", "cluster": 1.0, "typology": "Dense Local Street" }, "geometry": { "type": "LineString", "coordinates": [ [ 378476.547379254363477, 3948560.956497498322278 ], [ 378492.946928568475414, 3948572.64719798322767 ] ] } },
{ "type": "Feature", "properties": { "from_node": 1782, "to_node": 1480, "u": 861245302.0, "v": 1112549986.0, "key": 0.0, "index": 1047.0, "osmid": "72561181", "highway": [ "residential" ], "lanes": null, "name": null, "oneway": "False", "ref": null, "reversed": "True", "length": 13.888834339432528, "maxspeed": null, "access": null, "bridge": null, "width": null, "length_m": 17.116584086744073, "building_count_50m": 45.0, "avg_building_area": 110.1565002824678, "poi_count_50m": 1.0, "highway_clean": [ "residential" ], "highway_rank": 2.0, "sinuosity": 1.0, "poi_diversity": 0.0, "food_drink_count": 1.0, "street_furniture_count": 1.0, "degree_u": 5.0, "degree_v": 6.0, "avg_connectivity": 5.5, "city": "Tokyo", "cluster": 1.0, "typology": "Dense Local Street" }, "geometry": { "type": "LineString", "coordinates": [ [ 378433.080417177407071, 3948779.546259296126664 ], [ 378443.988107668003067, 3948788.15019903331995 ] ] } },
{ "type": "Feature", "properties": { "from_node": 1783, "to_node": 2051, "u": 863242484.0, "v": 1181495896.0, "key": 0.0, "index": 1049.0, "osmid": "66082286", "highway": [ "unclassified" ], "lanes": null, "name": null, "oneway": "True", "ref": null, "reversed": "False", "length": 37.245445904882153, "maxspeed": null, "access": null, "bridge": null, "width": null, "length_m": 45.90550631275709, "building_count_50m": 55.0, "avg_building_area": 118.09233034154417, "poi_count_50m": 4.0, "highway_clean": [ "unclassified" ], "highway_rank": 1.0, "sinuosity": 1.0, "poi_diversity": 0.56233514461880829, "food_drink_count": 1.0, "street_furniture_count": 1.0, "degree_u": 4.0, "degree_v": 4.0, "avg_connectivity": 4.0, "city": "Tokyo", "cluster": 1.0, "typology": "Dense Local Street" }, "geometry": { "type": "LineString", "coordinates": [ [ 377504.865453982260078, 3949615.80533038591966 ], [ 377541.935297682939563, 3949620.109231746289879 ] ] } },
{ "type": "Feature", "properties": { "from_node": 1783, "to_node": 1785, "u": 863242484.0, "v": 1181495874.0, "key": 0.0, "index": 1050.0, "osmid": "72702857", "highway": [ "residential" ], "lanes": null, "name": null, "oneway": "False", "ref": null, "reversed": "False", "length": 31.16567684717371, "maxspeed": null, "access": null, "bridge": null, "width": null, "length_m": 38.412167226635752, "building_count_50m": 50.0, "avg_building_area": 94.514326838791973, "poi_count_50m": 2.0, "highway_clean": [ "residential" ], "highway_rank": 2.0, "sinuosity": 1.0, "poi_diversity": 0.0, "food_drink_count": 1.0, "street_furniture_count": 1.0, "degree_u": 4.0, "degree_v": 6.0, "avg_connectivity": 5.0, "city": "Tokyo", "cluster": 1.0, "typology": "Dense Local Street" }, "geometry": { "type": "LineString", "coordinates": [ [ 377504.865453982260078, 3949615.80533038591966 ], [ 377506.687163869151846, 3949646.843366101849824 ] ] } },
{ "type": "Feature", "properties": { "from_node": 1785, "to_node": 1784, "u": 863242537.0, "v": 1181495874.0, "key": 0.0, "index": 1052.0, "osmid": "72702857", "highway": [ "residential" ], "lanes": null, "name": null, "oneway": "False", "ref": null, "reversed": "True", "length": 14.917189378555747, "maxspeed": null, "access": null, "bridge": null, "width": null, "length_m": 18.385708563014859, "building_count_50m": 43.0, "avg_building_area": 90.862824632221503, "poi_count_50m": 1.0, "highway_clean": [ "residential" ], "highway_rank": 2.0, "sinuosity": 1.0, "poi_diversity": 0.0, "food_drink_count": 1.0, "street_furniture_count": 1.0, "degree_u": 6.0, "degree_v": 6.0, "avg_connectivity": 6.0, "city": "Tokyo", "cluster": 1.0, "typology": "Dense Local Street" }, "geometry": { "type": "LineString", "coordinates": [ [ 377506.687163869151846, 3949646.843366101849824 ], [ 377509.675909252197016, 3949661.424037284217775 ] ] } },
{ "type": "Feature", "properties": { "from_node": 1787, "to_node": 1715, "u": 863242643.0, "v": 802169896.0, "key": 0.0, "index": 1059.0, "osmid": "645599600", "highway": [ "unclassified" ], "lanes": [ "1" ], "name": null, "oneway": "True", "ref": null, "reversed": "False", "length": 36.684275484765756, "maxspeed": [ "30" ], "access": null, "bridge": null, "width": null, "length_m": 45.213732785823474, "building_count_50m": 35.0, "avg_building_area": 156.68763878054554, "poi_count_50m": 10.0, "highway_clean": [ "unclassified" ], "highway_rank": 1.0, "sinuosity": 1.0, "poi_diversity": 1.1682824501765625, "food_drink_count": 3.0, "street_furniture_count": 1.0, "degree_u": 4.0, "degree_v": 6.0, "avg_connectivity": 5.0, "city": "Tokyo", "cluster": 3.0, "typology": "Local Mixed Street" }, "geometry": { "type": "LineString", "coordinates": [ [ 377596.070711767533794, 3949575.420193767175078 ], [ 377608.231526745425072, 3949609.95466016093269 ] ] } },
{ "type": "Feature", "properties": { "from_node": 1795, "to_node": 1807, "u": 1112549981.0, "v": 1178938223.0, "key": 0.0, "index": 1068.0, "osmid": "72561180", "highway": [ "residential" ], "lanes": null, "name": null, "oneway": "False", "ref": null, "reversed": "False", "length": 27.525224423895143, "maxspeed": null, "access": null, "bridge": null, "width": null, "length_m": 33.92168368932002, "building_count_50m": 61.0, "avg_building_area": 94.786113852514646, "poi_count_50m": 1.0, "highway_clean": [ "residential" ], "highway_rank": 2.0, "sinuosity": 1.0, "poi_diversity": 0.0, "food_drink_count": 1.0, "street_furniture_count": 1.0, "degree_u": 6.0, "degree_v": 6.0, "avg_connectivity": 6.0, "city": "Tokyo", "cluster": 1.0, "typology": "Dense Local Street" }, "geometry": { "type": "LineString", "coordinates": [ [ 378409.277198556577787, 3948699.074796335306019 ], [ 378422.1977030338021, 3948674.813184286933392 ] ] } },
{ "type": "Feature", "properties": { "from_node": 1796, "to_node": 1795, "u": 1112549981.0, "v": 1112549999.0, "key": 0.0, "index": 1069.0, "osmid": "96026556", "highway": [ "residential" ], "lanes": null, "name": null, "oneway": "False", "ref": null, "reversed": "False", "length": 38.528888041724734, "maxspeed": null, "access": null, "bridge": null, "width": null, "length_m": 47.482445880134378, "building_count_50m": 71.0, "avg_building_area": 95.418071818934791, "poi_count_50m": 2.0, "highway_clean": [ "residential" ], "highway_rank": 2.0, "sinuosity": 1.0, "poi_diversity": 0.0, "food_drink_count": 1.0, "street_furniture_count": 1.0, "degree_u": 6.0, "degree_v": 6.0, "avg_connectivity": 6.0, "city": "Tokyo", "cluster": 1.0, "typology": "Dense Local Street" }, "geometry": { "type": "LineString", "coordinates": [ [ 378376.670523425098509, 3948678.497867004014552 ], [ 378409.277198556577787, 3948699.074796335306019 ] ] } },
{ "type": "Feature", "properties": { "from_node": 1386, "to_node": 1775, "u": 1112549995.0, "v": 1112549997.0, "key": 0.0, "index": 1081.0, "osmid": "96026552", "highway": [ "residential" ], "lanes": null, "name": null, "oneway": "False", "ref": null, "reversed": "True", "length": 47.070456153248877, "maxspeed": null, "access": null, "bridge": null, "width": null, "length_m": 58.008630975998635, "building_count_50m": 64.0, "avg_building_area": 100.70241219167461, "poi_count_50m": 1.0, "highway_clean": [ "residential" ], "highway_rank": 2.0, "sinuosity": 1.0, "poi_diversity": 0.0, "food_drink_count": 1.0, "street_furniture_count": 1.0, "degree_u": 8.0, "degree_v": 8.0, "avg_connectivity": 8.0, "city": "Tokyo", "cluster": 1.0, "typology": "Dense Local Street" }, "geometry": { "type": "LineString", "coordinates": [ [ 378395.659149766550399, 3948629.325006761122495 ], [ 378438.086637740605511, 3948649.834273778367788 ] ] } },
{ "type": "Feature", "properties": { "from_node": 1775, "to_node": 1812, "u": 1112549997.0, "v": 1112550011.0, "key": 0.0, "index": 1086.0, "osmid": "96026552", "highway": [ "residential" ], "lanes": null, "name": null, "oneway": "False", "ref": null, "reversed": "True", "length": 51.733638780760081, "maxspeed": null, "access": null, "bridge": null, "width": null, "length_m": 63.7555977840209, "building_count_50m": 70.0, "avg_building_area": 95.208447608398131, "poi_count_50m": 1.0, "highway_clean": [ "residential" ], "highway_rank": 2.0, "sinuosity": 1.0, "poi_diversity": 0.0, "food_drink_count": 1.0, "street_furniture_count": 1.0, "degree_u": 8.0, "degree_v": 4.0, "avg_connectivity": 6.0, "city": "Tokyo", "cluster": 1.0, "typology": "Dense Local Street" }, "geometry": { "type": "LineString", "coordinates": [ [ 378438.086637740605511, 3948649.834273778367788 ], [ 378484.697197109519038, 3948672.416587060317397 ] ] } },
{ "type": "Feature", "properties": { "from_node": 1824, "to_node": 1365, "u": 1176517012.0, "v": 1176517354.0, "key": 0.0, "index": 1104.0, "osmid": "769545680", "highway": [ "residential" ], "lanes": null, "name": null, "oneway": "False", "ref": null, "reversed": "False", "length": 33.824234230730589, "maxspeed": null, "access": null, "bridge": null, "width": null, "length_m": 41.688711274405073, "building_count_50m": 44.0, "avg_building_area": 148.67748532701776, "poi_count_50m": 3.0, "highway_clean": [ "residential" ], "highway_rank": 2.0, "sinuosity": 1.0, "poi_diversity": 0.63651416829481278, "food_drink_count": 1.0, "street_furniture_count": 1.0, "degree_u": 6.0, "degree_v": 6.0, "avg_connectivity": 6.0, "city": "Tokyo", "cluster": 3.0, "typology": "Local Mixed Street" }, "geometry": { "type": "LineString", "coordinates": [ [ 377681.418769979616627, 3949577.650925115682185 ], [ 377694.905773097008932, 3949608.606078598182648 ] ] } },
{ "type": "Feature", "properties": { "from_node": 1824, "to_node": 2222, "u": 1176517012.0, "v": 7183339313.0, "key": 0.0, "index": 1105.0, "osmid": "769545681", "highway": [ "residential" ], "lanes": null, "name": null, "oneway": "False", "ref": null, "reversed": "False", "length": 7.6187250546111462, "maxspeed": null, "access": null, "bridge": null, "width": null, "length_m": 9.3901374425512376, "building_count_50m": 32.0, "avg_building_area": 142.07667962244216, "poi_count_50m": 1.0, "highway_clean": [ "residential" ], "highway_rank": 2.0, "sinuosity": 1.0, "poi_diversity": 0.0, "food_drink_count": 1.0, "street_furniture_count": 1.0, "degree_u": 6.0, "degree_v": 2.0, "avg_connectivity": 4.0, "city": "Tokyo", "cluster": 1.0, "typology": "Dense Local Street" }, "geometry": { "type": "LineString", "coordinates": [ [ 377681.418769979616627, 3949577.650925115682185 ], [ 377688.167360421386547, 3949574.096723009366542 ] ] } },
{ "type": "Feature", "properties": { "from_node": 1827, "to_node": 1854, "u": 1177181201.0, "v": 1177181962.0, "key": 0.0, "index": 1110.0, "osmid": "46702823", "highway": [ "residential" ], "lanes": null, "name": null, "oneway": "False", "ref": null, "reversed": "False", "length": 6.6614988443735745, "maxspeed": null, "access": null, "bridge": null, "width": null, "length_m": 8.2097733864192435, "building_count_50m": 30.0, "avg_building_area": 100.83458680378369, "poi_count_50m": 1.0, "highway_clean": [ "residential" ], "highway_rank": 2.0, "sinuosity": 1.0, "poi_diversity": 0.0, "food_drink_count": 1.0, "street_furniture_count": 1.0, "degree_u": 6.0, "degree_v": 6.0, "avg_connectivity": 6.0, "city": "Tokyo", "cluster": 1.0, "typology": "Dense Local Street" }, "geometry": { "type": "LineString", "coordinates": [ [ 378217.563743624370545, 3948944.98899992601946 ], [ 378219.524511193973012, 3948951.34114792291075 ] ] } },
{ "type": "Feature", "properties": { "from_node": 1828, "to_node": 1827, "u": 1177181201.0, "v": 1177181453.0, "key": 0.0, "index": 1112.0, "osmid": "1334061142", "highway": [ "unclassified" ], "lanes": null, "name": null, "oneway": "False", "ref": null, "reversed": "True", "length": 9.6147518535770402, "maxspeed": null, "access": null, "bridge": null, "width": null, "length_m": 11.849414802362565, "building_count_50m": 38.0, "avg_building_area": 96.144748053327575, "poi_count_50m": 1.0, "highway_clean": [ "unclassified" ], "highway_rank": 1.0, "sinuosity": 1.0, "poi_diversity": 0.0, "food_drink_count": 1.0, "street_furniture_count": 1.0, "degree_u": 6.0, "degree_v": 6.0, "avg_connectivity": 6.0, "city": "Tokyo", "cluster": 1.0, "typology": "Dense Local Street" }, "geometry": { "type": "LineString", "coordinates": [ [ 378216.2387318785768, 3948935.488559011835605 ], [ 378217.563743624370545, 3948944.98899992601946 ] ] } },
{ "type": "Feature", "properties": { "from_node": 1281, "to_node": 1844, "u": 1177181285.0, "v": 1177181849.0, "key": 0.0, "index": 1119.0, "osmid": "101969037", "highway": [ "residential" ], "lanes": null, "name": null, "oneway": "False", "ref": null, "reversed": "True", "length": 51.246261953390587, "maxspeed": null, "access": null, "bridge": null, "width": null, "length_m": 63.158178790802388, "building_count_50m": 68.0, "avg_building_area": 97.435697228351202, "poi_count_50m": 1.0, "highway_clean": [ "residential" ], "highway_rank": 2.0, "sinuosity": 1.0, "poi_diversity": 0.0, "food_drink_count": 1.0, "street_furniture_count": 1.0, "degree_u": 8.0, "degree_v": 6.0, "avg_connectivity": 7.0, "city": "Tokyo", "cluster": 1.0, "typology": "Dense Local Street" }, "geometry": { "type": "LineString", "coordinates": [ [ 377971.465043870150112, 3949096.945323979016393 ], [ 377999.417077891062945, 3949139.828009184915572 ] ] } },
{ "type": "Feature", "properties": { "from_node": 1848, "to_node": 2117, "u": 1177181295.0, "v": 2638287603.0, "key": 0.0, "index": 1123.0, "osmid": "1302678256", "highway": [ "primary" ], "lanes": [ "3" ], "name": [ "環七通り" ], "oneway": "True", "ref": "318", "reversed": "False", "length": 50.506131129711505, "maxspeed": [ "50" ], "access": null, "bridge": null, "width": null, "length_m": 62.245932150247143, "building_count_50m": 26.0, "avg_building_area": 279.75725312567494, "poi_count_50m": 3.0, "highway_clean": [ "primary" ], "highway_rank": 5.0, "sinuosity": 1.0, "poi_diversity": 0.63651416829481278, "food_drink_count": 1.0, "street_furniture_count": 1.0, "degree_u": 4.0, "degree_v": 4.0, "avg_connectivity": 4.0, "city": "Tokyo", "cluster": 3.0, "typology": "Local Mixed Street" }, "geometry": { "type": "LineString", "coordinates": [ [ 378513.439489462063648, 3949123.579461163841188 ], [ 378532.097606201132294, 3949076.741090615745634 ] ] } },
{ "type": "Feature", "properties": { "from_node": 1854, "to_node": 1778, "u": 1177181297.0, "v": 1177181962.0, "key": 0.0, "index": 1125.0, "osmid": "101968951", "highway": [ "residential" ], "lanes": null, "name": null, "oneway": "False", "ref": null, "reversed": "False", "length": 79.257244693788564, "maxspeed": null, "access": null, "bridge": null, "width": null, "length_m": 97.678286817509786, "building_count_50m": 57.0, "avg_building_area": 184.07150846626055, "poi_count_50m": 1.0, "highway_clean": [ "residential" ], "highway_rank": 2.0, "sinuosity": 1.0, "poi_diversity": 0.0, "food_drink_count": 1.0, "street_furniture_count": 1.0, "degree_u": 6.0, "degree_v": 6.0, "avg_connectivity": 6.0, "city": "Tokyo", "cluster": 1.0, "typology": "Dense Local Street" }, "geometry": { "type": "LineString", "coordinates": [ [ 378219.524511193973012, 3948951.34114792291075 ], [ 378297.773799405549653, 3948937.810966468416154 ] ] } },
{ "type": "Feature", "properties": { "from_node": 1857, "to_node": 1910, "u": 1177181299.0, "v": 1754644894.0, "key": 0.0, "index": 1128.0, "osmid": "102737769", "highway": [ "residential" ], "lanes": null, "name": null, "oneway": "False", "ref": null, "reversed": "False", "length": 3.5751309842130632, "maxspeed": null, "access": null, "bridge": null, "width": null, "length_m": 4.4062600790189705, "building_count_50m": 22.0, "avg_building_area": 91.594559418366273, "poi_count_50m": 1.0, "highway_clean": [ "residential" ], "highway_rank": 2.0, "sinuosity": 1.0, "poi_diversity": 0.0, "food_drink_count": 1.0, "street_furniture_count": 1.0, "degree_u": 6.0, "degree_v": 6.0, "avg_connectivity": 6.0, "city": "Tokyo", "cluster": 1.0, "typology": "Dense Local Street" }, "geometry": { "type": "LineString", "coordinates": [ [ 378331.874949483841192, 3949334.762007312383503 ], [ 378332.778106870129704, 3949331.310524120926857 ] ] } },
{ "type": "Feature", "properties": { "from_node": 1867, "to_node": 1803, "u": 1177181366.0, "v": 1177181405.0, "key": 0.0, "index": 1135.0, "osmid": "72561175", "highway": [ "residential" ], "lanes": null, "name": null, "oneway": "False", "ref": null, "reversed": "False", "length": 3.1649030318003843, "maxspeed": null, "access": null, "bridge": null, "width": null, "length_m": 3.9004639373338224, "building_count_50m": 31.0, "avg_building_area": 153.87518042701399, "poi_count_50m": 1.0, "highway_clean": [ "residential" ], "highway_rank": 2.0, "sinuosity": 1.0, "poi_diversity": 0.0, "food_drink_count": 1.0, "street_furniture_count": 1.0, "degree_u": 6.0, "degree_v": 6.0, "avg_connectivity": 6.0, "city": "Tokyo", "cluster": 1.0, "typology": "Dense Local Street" }, "geometry": { "type": "LineString", "coordinates": [ [ 378395.705179371638224, 3948878.848840561695397 ], [ 378396.732443458982743, 3948875.86161612579599 ] ] } },
{ "type": "Feature", "properties": { "from_node": 1868, "to_node": 1910, "u": 1177181400.0, "v": 1754644894.0, "key": 0.0, "index": 1138.0, "osmid": "102737769", "highway": [ "residential" ], "lanes": null, "name": null, "oneway": "False", "ref": null, "reversed": "True", "length": 7.9904114848657057, "maxspeed": null, "access": null, "bridge": null, "width": null, "length_m": 9.8479773671236082, "building_count_50m": 25.0, "avg_building_area": 101.74828250020066, "poi_count_50m": 1.0, "highway_clean": [ "residential" ], "highway_rank": 2.0, "sinuosity": 1.0, "poi_diversity": 0.0, "food_drink_count": 1.0, "street_furniture_count": 1.0, "degree_u": 2.0, "degree_v": 6.0, "avg_connectivity": 4.0, "city": "Tokyo", "cluster": 1.0, "typology": "Dense Local Street" }, "geometry": { "type": "LineString", "coordinates": [ [ 378330.555228207784239, 3949323.652858006302267 ], [ 378332.778106870129704, 3949331.310524120926857 ] ] } },
{ "type": "Feature", "properties": { "from_node": 1874, "to_node": 1905, "u": 1177181447.0, "v": 1177182017.0, "key": 0.0, "index": 1142.0, "osmid": "46706856", "highway": [ "residential" ], "lanes": null, "name": null, "oneway": "False", "ref": null, "reversed": "False", "length": 5.1314859245609519, "maxspeed": null, "access": null, "bridge": null, "width": null, "length_m": 6.3244550370156345, "building_count_50m": 27.0, "avg_building_area": 131.97907214341788, "poi_count_50m": 1.0, "highway_clean": [ "residential" ], "highway_rank": 2.0, "sinuosity": 1.0, "poi_diversity": 0.0, "food_drink_count": 1.0, "street_furniture_count": 1.0, "degree_u": 6.0, "degree_v": 6.0, "avg_connectivity": 6.0, "city": "Tokyo", "cluster": 1.0, "typology": "Dense Local Street" }, "geometry": { "type": "LineString", "coordinates": [ [ 378352.758136851422023, 3949370.575810658279806 ], [ 378357.286876233003568, 3949368.150817891117185 ] ] } },
{ "type": "Feature", "properties": { "from_node": 1874, "to_node": 1615, "u": 1177181447.0, "v": 1177181831.0, "key": 0.0, "index": 1143.0, "osmid": "46706864", "highway": [ "residential" ], "lanes": null, "name": null, "oneway": "False", "ref": null, "reversed": "False", "length": 25.516748936317601, "maxspeed": null, "access": null, "bridge": null, "width": null, "length_m": 31.44893593893056, "building_count_50m": 43.0, "avg_building_area": 103.22370674489927, "poi_count_50m": 2.0, "highway_clean": [ "residential" ], "highway_rank": 2.0, "sinuosity": 1.0, "poi_diversity": 0.0, "food_drink_count": 1.0, "street_furniture_count": 1.0, "degree_u": 6.0, "degree_v": 6.0, "avg_connectivity": 6.0, "city": "Tokyo", "cluster": 1.0, "typology": "Dense Local Street" }, "geometry": { "type": "LineString", "coordinates": [ [ 378352.758136851422023, 3949370.575810658279806 ], [ 378361.467325895035174, 3949394.508257101755589 ] ] } },
{ "type": "Feature", "properties": { "from_node": 1880, "to_node": 1470, "u": 1177181456.0, "v": 1178938371.0, "key": 0.0, "index": 1148.0, "osmid": "44220005", "highway": [ "tertiary" ], "lanes": null, "name": null, "oneway": "True", "ref": null, "reversed": "False", "length": 24.294978017034833, "maxspeed": null, "access": null, "bridge": null, "width": null, "length_m": 29.941543399534886, "building_count_50m": 46.0, "avg_building_area": 122.07510022945482, "poi_count_50m": 1.0, "highway_clean": [ "tertiary" ], "highway_rank": 3.0, "sinuosity": 1.0, "poi_diversity": 0.0, "food_drink_count": 1.0, "street_furniture_count": 1.0, "degree_u": 4.0, "degree_v": 4.0, "avg_connectivity": 4.0, "city": "Tokyo", "cluster": 1.0, "typology": "Dense Local Street" }, "geometry": { "type": "LineString", "coordinates": [ [ 378501.390978780225851, 3948924.863444741349667 ], [ 378505.010008670331445, 3948900.895491542760283 ] ] } },
{ "type": "Feature", "properties": { "from_node": 1905, "to_node": 1621, "u": 1177181570.0, "v": 1177182017.0, "key": 0.0, "index": 1156.0, "osmid": "46706856", "highway": [ "residential" ], "lanes": null, "name": null, "oneway": "False", "ref": null, "reversed": "True", "length": 30.785336585897273, "maxspeed": null, "access": null, "bridge": null, "width": null, "length_m": 37.942293662690169, "building_count_50m": 29.0, "avg_building_area": 179.09226068166595, "poi_count_50m": 3.0, "highway_clean": [ "residential" ], "highway_rank": 2.0, "sinuosity": 1.0, "poi_diversity": 0.63651416829481278, "food_drink_count": 1.0, "street_furniture_count": 1.0, "degree_u": 6.0, "degree_v": 6.0, "avg_connectivity": 6.0, "city": "Tokyo", "cluster": 3.0, "typology": "Local Mixed Street" }, "geometry": { "type": "LineString", "coordinates": [ [ 378357.286876233003568, 3949368.150817891117185 ], [ 378386.468201769632287, 3949358.188498825766146 ] ] } },
{ "type": "Feature", "properties": { "from_node": 1915, "to_node": 1684, "u": 1177181645.0, "v": 1177181860.0, "key": 0.0, "index": 1168.0, "osmid": "101969029", "highway": [ "residential" ], "lanes": null, "name": null, "oneway": "False", "ref": null, "reversed": "True", "length": 21.71751002199434, "maxspeed": null, "access": null, "bridge": null, "width": null, "length_m": 26.765534177279992, "building_count_50m": 58.0, "avg_building_area": 85.571246247899765, "poi_count_50m": 1.0, "highway_clean": [ "residential" ], "highway_rank": 2.0, "sinuosity": 1.0, "poi_diversity": 0.0, "food_drink_count": 1.0, "street_furniture_count": 1.0, "degree_u": 2.0, "degree_v": 6.0, "avg_connectivity": 4.0, "city": "Tokyo", "cluster": 1.0, "typology": "Dense Local Street" }, "geometry": { "type": "LineString", "coordinates": [ [ 378175.155042190628592, 3949085.619975173845887 ], [ 378196.824750191648491, 3949083.625625043176115 ] ] } },
{ "type": "Feature", "properties": { "from_node": 1926, "to_node": 1990, "u": 1177181713.0, "v": 1177181991.0, "key": 0.0, "index": 1175.0, "osmid": "51395434", "highway": [ "residential" ], "lanes": null, "name": null, "oneway": "True", "ref": null, "reversed": "False", "length": 26.880327894410815, "maxspeed": null, "access": null, "bridge": null, "width": null, "length_m": 33.127710052679646, "building_count_50m": 65.0, "avg_building_area": 84.850848870114234, "poi_count_50m": 2.0, "highway_clean": [ "residential" ], "highway_rank": 2.0, "sinuosity": 1.0, "poi_diversity": 0.0, "food_drink_count": 1.0, "street_furniture_count": 1.0, "degree_u": 4.0, "degree_v": 4.0, "avg_connectivity": 4.0, "city": "Tokyo", "cluster": 1.0, "typology": "Dense Local Street" }, "geometry": { "type": "LineString", "coordinates": [ [ 377923.092623790143989, 3948895.932665818370879 ], [ 377944.613264650455676, 3948912.056179065257311 ] ] } },
{ "type": "Feature", "properties": { "from_node": 1615, "to_node": 1923, "u": 1177181831.0, "v": 1177181996.0, "key": 0.0, "index": 1193.0, "osmid": "46706864", "highway": [ "residential" ], "lanes": null, "name": null, "oneway": "False", "ref": null, "reversed": "False", "length": 9.2728440614913943, "maxspeed": null, "access": null, "bridge": null, "width": null, "length_m": 11.428635354768646, "building_count_50m": 36.0, "avg_building_area": 108.0009705013359, "poi_count_50m": 2.0, "highway_clean": [ "residential" ], "highway_rank": 2.0, "sinuosity": 1.0, "poi_diversity": 0.0, "food_drink_count": 1.0, "street_furniture_count": 1.0, "degree_u": 6.0, "degree_v": 6.0, "avg_connectivity": 6.0, "city": "Tokyo", "cluster": 1.0, "typology": "Dense Local Street" }, "geometry": { "type": "LineString", "coordinates": [ [ 378361.467325895035174, 3949394.508257101755589 ], [ 378364.627656073949765, 3949403.20702359220013 ] ] } },
{ "type": "Feature", "properties": { "from_node": 1990, "to_node": 1573, "u": 1177182013.0, "v": 1177181713.0, "key": 0.0, "index": 1250.0, "osmid": "51395434", "highway": [ "residential" ], "lanes": null, "name": null, "oneway": "True", "ref": null, "reversed": "False", "length": 11.604818460066117, "maxspeed": null, "access": null, "bridge": null, "width": null, "length_m": 14.301967120588957, "building_count_50m": 57.0, "avg_building_area": 85.048593452395778, "poi_count_50m": 1.0, "highway_clean": [ "residential" ], "highway_rank": 2.0, "sinuosity": 1.0, "poi_diversity": 0.0, "food_drink_count": 1.0, "street_furniture_count": 1.0, "degree_u": 4.0, "degree_v": 4.0, "avg_connectivity": 4.0, "city": "Tokyo", "cluster": 1.0, "typology": "Dense Local Street" }, "geometry": { "type": "LineString", "coordinates": [ [ 377944.613264650455676, 3948912.056179065257311 ], [ 377954.101063371112105, 3948918.74868270335719 ] ] } },
{ "type": "Feature", "properties": { "from_node": 1853, "to_node": 1991, "u": 1177182018.0, "v": 1177181920.0, "key": 0.0, "index": 1258.0, "osmid": "44220005", "highway": [ "tertiary" ], "lanes": null, "name": null, "oneway": "True", "ref": null, "reversed": "False", "length": 8.0436425619868697, "maxspeed": null, "access": null, "bridge": null, "width": null, "length_m": 9.9132307523893708, "building_count_50m": 34.0, "avg_building_area": 96.121251932168832, "poi_count_50m": 2.0, "highway_clean": [ "tertiary" ], "highway_rank": 3.0, "sinuosity": 1.0, "poi_diversity": 0.69314718055994529, "food_drink_count": 1.0, "street_furniture_count": 1.0, "degree_u": 4.0, "degree_v": 6.0, "avg_connectivity": 5.0, "city": "Tokyo", "cluster": 3.0, "typology": "Local Mixed Street" }, "geometry": { "type": "LineString", "coordinates": [ [ 378490.214916308876127, 3949014.477580420672894 ], [ 378490.884054636000656, 3949006.480810546781868 ] ] } },
{ "type": "Feature", "properties": { "from_node": 1771, "to_node": 2230, "u": 1178938083.0, "v": 1178938333.0, "key": 0.0, "index": 1266.0, "osmid": "102147709", "highway": [ "residential" ], "lanes": null, "name": null, "oneway": "False", "ref": null, "reversed": "True", "length": 30.175670729788436, "maxspeed": null, "access": null, "bridge": null, "width": null, "length_m": 37.187479903601982, "building_count_50m": 43.0, "avg_building_area": 117.83411281105192, "poi_count_50m": 1.0, "highway_clean": [ "residential" ], "highway_rank": 2.0, "sinuosity": 1.0, "poi_diversity": 0.0, "food_drink_count": 1.0, "street_furniture_count": 1.0, "degree_u": 2.0, "degree_v": 4.0, "avg_connectivity": 3.0, "city": "Tokyo", "cluster": 1.0, "typology": "Dense Local Street" }, "geometry": { "type": "LineString", "coordinates": [ [ 378476.547379254363477, 3948560.956497498322278 ], [ 378495.114689875568729, 3948537.194707763381302 ] ] } },
{ "type": "Feature", "properties": { "from_node": 1807, "to_node": 1815, "u": 1178938223.0, "v": 1178938315.0, "key": 0.0, "index": 1276.0, "osmid": "102147676", "highway": [ "residential" ], "lanes": null, "name": null, "oneway": "False", "ref": null, "reversed": "False", "length": 54.737012205039576, "maxspeed": null, "access": null, "bridge": null, "width": null, "length_m": 67.457105621538389, "building_count_50m": 79.0, "avg_building_area": 93.752795854292245, "poi_count_50m": 1.0, "highway_clean": [ "residential" ], "highway_rank": 2.0, "sinuosity": 1.0, "poi_diversity": 0.0, "food_drink_count": 1.0, "street_furniture_count": 1.0, "degree_u": 6.0, "degree_v": 4.0, "avg_connectivity": 5.0, "city": "Tokyo", "cluster": 1.0, "typology": "Dense Local Street" }, "geometry": { "type": "LineString", "coordinates": [ [ 378422.1977030338021, 3948674.813184286933392 ], [ 378469.96166160487337, 3948701.650800980161875 ] ] } },
{ "type": "Feature", "properties": { "from_node": 867, "to_node": 1771, "u": 1178938333.0, "v": 443662191.0, "key": 0.0, "index": 1291.0, "osmid": "72561166", "highway": [ "residential" ], "lanes": null, "name": null, "oneway": "True", "ref": null, "reversed": "False", "length": 33.937608189914769, "maxspeed": null, "access": null, "bridge": null, "width": null, "length_m": 41.823574179166179, "building_count_50m": 47.0, "avg_building_area": 124.57172947883501, "poi_count_50m": 1.0, "highway_clean": [ "residential" ], "highway_rank": 2.0, "sinuosity": 1.0, "poi_diversity": 0.0, "food_drink_count": 1.0, "street_furniture_count": 1.0, "degree_u": 4.0, "degree_v": 6.0, "avg_connectivity": 5.0, "city": "Tokyo", "cluster": 1.0, "typology": "Dense Local Street" }, "geometry": { "type": "LineString", "coordinates": [ [ 378448.530798314197455, 3948541.769854386337101 ], [ 378476.547379254363477, 3948560.956497498322278 ] ] } },
{ "type": "Feature", "properties": { "from_node": 2036, "to_node": 382, "u": 1180546837.0, "v": 1180546863.0, "key": 0.0, "index": 1312.0, "osmid": "31236728", "highway": [ "residential" ], "lanes": null, "name": null, "oneway": "False", "ref": null, "reversed": "True", "length": 47.217008871402676, "maxspeed": null, "access": null, "bridge": null, "width": null, "length_m": 58.189459947553097, "building_count_50m": 42.0, "avg_building_area": 124.14045429295268, "poi_count_50m": 1.0, "highway_clean": [ "residential" ], "highway_rank": 2.0, "sinuosity": 1.0, "poi_diversity": 0.0, "food_drink_count": 1.0, "street_furniture_count": 1.0, "degree_u": 6.0, "degree_v": 6.0, "avg_connectivity": 6.0, "city": "Tokyo", "cluster": 1.0, "typology": "Dense Local Street" }, "geometry": { "type": "LineString", "coordinates": [ [ 377375.502985918661579, 3948703.023933749180287 ], [ 377410.541921316355001, 3948671.366617147810757 ] ] } },
{ "type": "Feature", "properties": { "from_node": 2043, "to_node": 1455, "u": 1180573514.0, "v": 1180573586.0, "key": 0.0, "index": 1325.0, "osmid": "102270565", "highway": [ "residential" ], "lanes": null, "name": null, "oneway": "False", "ref": null, "reversed": "True", "length": 27.614710613078906, "maxspeed": null, "access": null, "bridge": null, "width": null, "length_m": 34.034872791239053, "building_count_50m": 48.0, "avg_building_area": 107.60617962754964, "poi_count_50m": 2.0, "highway_clean": [ "residential" ], "highway_rank": 2.0, "sinuosity": 1.0, "poi_diversity": 0.0, "food_drink_count": 1.0, "street_furniture_count": 1.0, "degree_u": 2.0, "degree_v": 6.0, "avg_connectivity": 4.0, "city": "Tokyo", "cluster": 1.0, "typology": "Dense Local Street" }, "geometry": { "type": "LineString", "coordinates": [ [ 377377.110014264006168, 3949444.146022936794907 ], [ 377383.742592240625527, 3949470.890859995502979 ] ] } },
{ "type": "Feature", "properties": { "from_node": 978, "to_node": 2231, "u": 1180573520.0, "v": 1180573545.0, "key": 0.0, "index": 1326.0, "osmid": "102270573", "highway": [ "residential" ], "lanes": null, "name": null, "oneway": "False", "ref": null, "reversed": "False", "length": 16.591381000698821, "maxspeed": null, "access": null, "bridge": null, "width": null, "length_m": 20.44881536215097, "building_count_50m": 36.0, "avg_building_area": 127.95649840315292, "poi_count_50m": 1.0, "highway_clean": [ "residential" ], "highway_rank": 2.0, "sinuosity": 1.0, "poi_diversity": 0.0, "food_drink_count": 1.0, "street_furniture_count": 1.0, "degree_u": 6.0, "degree_v": 2.0, "avg_connectivity": 4.0, "city": "Tokyo", "cluster": 1.0, "typology": "Dense Local Street" }, "geometry": { "type": "LineString", "coordinates": [ [ 377329.261365905054845, 3949490.502468429971486 ], [ 377332.752273357647937, 3949506.684787296690047 ] ] } },
{ "type": "Feature", "properties": { "from_node": 2044, "to_node": 194, "u": 1180573531.0, "v": 1180573567.0, "key": 0.0, "index": 1330.0, "osmid": "35578964", "highway": [ "unclassified" ], "lanes": null, "name": null, "oneway": "False", "ref": null, "reversed": "True", "length": 7.6402444238488902, "maxspeed": null, "access": null, "bridge": null, "width": null, "length_m": 9.4164362693426611, "building_count_50m": 34.0, "avg_building_area": 119.59801270263965, "poi_count_50m": 2.0, "highway_clean": [ "unclassified" ], "highway_rank": 1.0, "sinuosity": 1.0, "poi_diversity": 0.0, "food_drink_count": 1.0, "street_furniture_count": 1.0, "degree_u": 6.0, "degree_v": 6.0, "avg_connectivity": 6.0, "city": "Tokyo", "cluster": 1.0, "typology": "Dense Local Street" }, "geometry": { "type": "LineString", "coordinates": [ [ 377308.773131586727686, 3949372.1240044394508 ], [ 377315.679266018792987, 3949368.83360194414854 ] ] } },
{ "type": "Feature", "properties": { "from_node": 2045, "to_node": 1027, "u": 1180573556.0, "v": 2092173616.0, "key": 0.0, "index": 1335.0, "osmid": "35903434", "highway": [ "residential" ], "lanes": null, "name": null, "oneway": "False", "ref": null, "reversed": "False", "length": 20.245392916752049, "maxspeed": null, "access": null, "bridge": null, "width": null, "length_m": 24.951553862914444, "building_count_50m": 45.0, "avg_building_area": 128.0344273053847, "poi_count_50m": 1.0, "highway_clean": [ "residential" ], "highway_rank": 2.0, "sinuosity": 1.0, "poi_diversity": 0.0, "food_drink_count": 1.0, "street_furniture_count": 1.0, "degree_u": 8.0, "degree_v": 2.0, "avg_connectivity": 5.0, "city": "Tokyo", "cluster": 1.0, "typology": "Dense Local Street" }, "geometry": { "type": "LineString", "coordinates": [ [ 377317.590149160823785, 3949206.280356576200575 ], [ 377337.341139486408792, 3949210.889108067844063 ] ] } },
{ "type": "Feature", "properties": { "from_node": 2046, "to_node": 1020, "u": 1180573589.0, "v": 7187052372.0, "key": 0.0, "index": 1344.0, "osmid": "102270575", "highway": [ "secondary" ], "lanes": null, "name": [ "瀬田貫井線" ], "oneway": "False", "ref": "427", "reversed": "True", "length": 31.35487056209373, "maxspeed": null, "access": null, "bridge": null, "width": null, "length_m": 38.643965882928022, "building_count_50m": 45.0, "avg_building_area": 126.04951402877253, "poi_count_50m": 4.0, "highway_clean": [ "secondary" ], "highway_rank": 4.0, "sinuosity": 1.0, "poi_diversity": 0.0, "food_drink_count": 1.0, "street_furniture_count": 1.0, "degree_u": 6.0, "degree_v": 6.0, "avg_connectivity": 6.0, "city": "Tokyo", "cluster": 1.0, "typology": "Dense Local Street" }, "geometry": { "type": "LineString", "coordinates": [ [ 377257.108055688615423, 3949332.865736913867295 ], [ 377261.459458845027257, 3949301.886700354982167 ] ] } },
{ "type": "Feature", "properties": { "from_node": 2050, "to_node": 1785, "u": 1181495874.0, "v": 7180155549.0, "key": 0.0, "index": 1351.0, "osmid": "769179431", "highway": [ "residential" ], "lanes": null, "name": null, "oneway": "False", "ref": null, "reversed": "True", "length": 3.9924049389035803, "maxspeed": null, "access": null, "bridge": null, "width": null, "length_m": 4.9207081237935606, "building_count_50m": 43.0, "avg_building_area": 91.066036501308204, "poi_count_50m": 1.0, "highway_clean": [ "residential" ], "highway_rank": 2.0, "sinuosity": 1.0, "poi_diversity": 0.0, "food_drink_count": 1.0, "street_furniture_count": 1.0, "degree_u": 6.0, "degree_v": 2.0, "avg_connectivity": 4.0, "city": "Tokyo", "cluster": 1.0, "typology": "Dense Local Street" }, "geometry": { "type": "LineString", "coordinates": [ [ 377502.720857371285092, 3949647.363984648603946 ], [ 377506.687163869151846, 3949646.843366101849824 ] ] } },
{ "type": "Feature", "properties": { "from_node": 2058, "to_node": 2232, "u": 1237273421.0, "v": 1237273538.0, "key": 0.0, "index": 1360.0, "osmid": "220691858", "highway": [ "residential" ], "lanes": null, "name": null, "oneway": "False", "ref": null, "reversed": "False", "length": 52.519280147552323, "maxspeed": null, "access": null, "bridge": null, "width": null, "length_m": 64.729731250088449, "building_count_50m": 40.0, "avg_building_area": 139.92111067935804, "poi_count_50m": 1.0, "highway_clean": [ "residential" ], "highway_rank": 2.0, "sinuosity": 1.0, "poi_diversity": 0.0, "food_drink_count": 1.0, "street_furniture_count": 1.0, "degree_u": 2.0, "degree_v": 6.0, "avg_connectivity": 4.0, "city": "Tokyo", "cluster": 1.0, "typology": "Dense Local Street" }, "geometry": { "type": "LineString", "coordinates": [ [ 378610.671749255736358, 3949473.429030068218708 ], [ 378662.502351535833441, 3949464.345331335905939 ] ] } },
{ "type": "Feature", "properties": { "from_node": 853, "to_node": 2059, "u": 1237273425.0, "v": 1237273472.0, "key": 0.0, "index": 1361.0, "osmid": "107699644", "highway": [ "residential" ], "lanes": null, "name": null, "oneway": "False", "ref": null, "reversed": "False", "length": 39.073406887442026, "maxspeed": null, "access": null, "bridge": null, "width": null, "length_m": 48.157211352311776, "building_count_50m": 25.0, "avg_building_area": 117.76754819425513, "poi_count_50m": 3.0, "highway_clean": [ "residential" ], "highway_rank": 2.0, "sinuosity": 1.0, "poi_diversity": 1.0986122886681096, "food_drink_count": 1.0, "street_furniture_count": 1.0, "degree_u": 6.0, "degree_v": 6.0, "avg_connectivity": 6.0, "city": "Tokyo", "cluster": 3.0, "typology": "Local Mixed Street" }, "geometry": { "type": "LineString", "coordinates": [ [ 378583.411686246632598, 3949350.381520283408463 ], [ 378600.922718023648486, 3949385.243481131736189 ] ] } },
{ "type": "Feature", "properties": { "from_node": 2059, "to_node": 2078, "u": 1237273425.0, "v": 1237273526.0, "key": 0.0, "index": 1362.0, "osmid": "107699644", "highway": [ "residential" ], "lanes": null, "name": null, "oneway": "False", "ref": null, "reversed": "True", "length": 33.466070468077106, "maxspeed": null, "access": null, "bridge": null, "width": null, "length_m": 41.246437925590023, "building_count_50m": 24.0, "avg_building_area": 134.72985420327669, "poi_count_50m": 3.0, "highway_clean": [ "residential" ], "highway_rank": 2.0, "sinuosity": 1.0, "poi_diversity": 1.0986122886681096, "food_drink_count": 1.0, "street_furniture_count": 1.0, "degree_u": 6.0, "degree_v": 6.0, "avg_connectivity": 6.0, "city": "Tokyo", "cluster": 3.0, "typology": "Local Mixed Street" }, "geometry": { "type": "LineString", "coordinates": [ [ 378600.922718023648486, 3949385.243481131736189 ], [ 378604.327143141184933, 3949418.456555738579482 ] ] } },
{ "type": "Feature", "properties": { "from_node": 2064, "to_node": 2098, "u": 1237273430.0, "v": 1237273531.0, "key": 0.0, "index": 1364.0, "osmid": "107699623", "highway": [ "residential" ], "lanes": null, "name": null, "oneway": "False", "ref": null, "reversed": "True", "length": 40.256105564395952, "maxspeed": null, "access": null, "bridge": null, "width": null, "length_m": 49.615673720741171, "building_count_50m": 44.0, "avg_building_area": 135.83395164094543, "poi_count_50m": 5.0, "highway_clean": [ "residential" ], "highway_rank": 2.0, "sinuosity": 1.0, "poi_diversity": 0.67301166700925652, "food_drink_count": 1.0, "street_furniture_count": 1.0, "degree_u": 5.0, "degree_v": 6.0, "avg_connectivity": 5.5, "city": "Tokyo", "cluster": 3.0, "typology": "Local Mixed Street" }, "geometry": { "type": "LineString", "coordinates": [ [ 378552.182686174637638, 3949494.008578430395573 ], [ 378567.174192355421837, 3949531.290099309291691 ] ] } },
{ "type": "Feature", "properties": { "from_node": 2079, "to_node": 2080, "u": 1237273465.0, "v": 7349781050.0, "key": 0.0, "index": 1369.0, "osmid": "107699623", "highway": [ "residential" ], "lanes": null, "name": null, "oneway": "False", "ref": null, "reversed": "False", "length": 37.889247798884512, "maxspeed": null, "access": null, "bridge": null, "width": null, "length_m": 46.698927615893865, "building_count_50m": 51.0, "avg_building_area": 134.13897547463935, "poi_count_50m": 8.0, "highway_clean": [ "residential" ], "highway_rank": 2.0, "sinuosity": 1.0, "poi_diversity": 1.3208883431493221, "food_drink_count": 2.0, "street_furniture_count": 1.0, "degree_u": 6.0, "degree_v": 6.0, "avg_connectivity": 6.0, "city": "Tokyo", "cluster": 3.0, "typology": "Local Mixed Street" }, "geometry": { "type": "LineString", "coordinates": [ [ 378579.058273534523323, 3949571.021479795686901 ], [ 378586.326386008993722, 3949608.120112981647253 ] ] } },
{ "type": "Feature", "properties": { "from_node": 2080, "to_node": 2090, "u": 1237273465.0, "v": 1237273476.0, "key": 0.0, "index": 1370.0, "osmid": "107699623", "highway": [ "residential" ], "lanes": null, "name": null, "oneway": "False", "ref": null, "reversed": "True", "length": 18.065466895349395, "maxspeed": null, "access": null, "bridge": null, "width": null, "length_m": 22.265961997053079, "building_count_50m": 38.0, "avg_building_area": 154.67601407187499, "poi_count_50m": 9.0, "highway_clean": [ "residential" ], "highway_rank": 2.0, "sinuosity": 1.0, "poi_diversity": 1.5229550675313184, "food_drink_count": 2.0, "street_furniture_count": 1.0, "degree_u": 6.0, "degree_v": 6.0, "avg_connectivity": 6.0, "city": "Tokyo", "cluster": 3.0, "typology": "Local Mixed Street" }, "geometry": { "type": "LineString", "coordinates": [ [ 378586.326386008993722, 3949608.120112981647253 ], [ 378589.447189847065601, 3949625.87213400285691 ] ] } },
{ "type": "Feature", "properties": { "from_node": 2098, "to_node": 2057, "u": 1237273486.0, "v": 1237273531.0, "key": 0.0, "index": 1381.0, "osmid": "107699623", "highway": [ "residential" ], "lanes": null, "name": null, "oneway": "False", "ref": null, "reversed": "False", "length": 6.1993744584760391, "maxspeed": null, "access": null, "bridge": null, "width": null, "length_m": 7.6407513478084059, "building_count_50m": 30.0, "avg_building_area": 146.17917327562421, "poi_count_50m": 5.0, "highway_clean": [ "residential" ], "highway_rank": 2.0, "sinuosity": 1.0, "poi_diversity": 0.67301166700925652, "food_drink_count": 1.0, "street_furniture_count": 1.0, "degree_u": 6.0, "degree_v": 6.0, "avg_connectivity": 6.0, "city": "Tokyo", "cluster": 3.0, "typology": "Local Mixed Street" }, "geometry": { "type": "LineString", "coordinates": [ [ 378567.174192355421837, 3949531.290099309291691 ], [ 378569.34421262005344, 3949537.084759530145675 ] ] } },
{ "type": "Feature", "properties": { "from_node": 2102, "to_node": 2103, "u": 1237273544.0, "v": 7349784040.0, "key": 0.0, "index": 1394.0, "osmid": "107699626", "highway": [ "residential" ], "lanes": null, "name": null, "oneway": "False", "ref": null, "reversed": "False", "length": 41.308789450981863, "maxspeed": null, "access": null, "bridge": null, "width": null, "length_m": 50.913743271943275, "building_count_50m": 35.0, "avg_building_area": 216.08901356452267, "poi_count_50m": 5.0, "highway_clean": [ "residential" ], "highway_rank": 2.0, "sinuosity": 1.0, "poi_diversity": 0.95027053923323468, "food_drink_count": 1.0, "street_furniture_count": 1.0, "degree_u": 6.0, "degree_v": 6.0, "avg_connectivity": 6.0, "city": "Tokyo", "cluster": 3.0, "typology": "Local Mixed Street" }, "geometry": { "type": "LineString", "coordinates": [ [ 378627.443985133315437, 3949602.011494069360197 ], [ 378635.219599818228744, 3949642.486875481437892 ] ] } },
{ "type": "Feature", "properties": { "from_node": 2103, "to_node": 2235, "u": 1237273544.0, "v": 7349709095.0, "key": 0.0, "index": 1395.0, "osmid": "107699626", "highway": [ "residential" ], "lanes": null, "name": null, "oneway": "False", "ref": null, "reversed": "True", "length": 12.712940096779324, "maxspeed": null, "access": null, "bridge": null, "width": null, "length_m": 15.668936886181156, "building_count_50m": 28.0, "avg_building_area": 236.17531710271825, "poi_count_50m": 3.0, "highway_clean": [ "residential" ], "highway_rank": 2.0, "sinuosity": 1.0, "poi_diversity": 0.63651416829481278, "food_drink_count": 1.0, "street_furniture_count": 1.0, "degree_u": 6.0, "degree_v": 2.0, "avg_connectivity": 4.0, "city": "Tokyo", "cluster": 3.0, "typology": "Local Mixed Street" }, "geometry": { "type": "LineString", "coordinates": [ [ 378635.219599818228744, 3949642.486875481437892 ], [ 378647.902068683994003, 3949641.293042388278991 ] ] } },
{ "type": "Feature", "properties": { "from_node": 2110, "to_node": 1505, "u": 1754657602.0, "v": 7184090145.0, "key": 0.0, "index": 1403.0, "osmid": "769629268", "highway": [ "residential" ], "lanes": null, "name": null, "oneway": "False", "ref": null, "reversed": "False", "length": 17.036290323159395, "maxspeed": null, "access": null, "bridge": null, "width": null, "length_m": 20.99571485175186, "building_count_50m": 5.0, "avg_building_area": 178.13643240628676, "poi_count_50m": 4.0, "highway_clean": [ "residential" ], "highway_rank": 2.0, "sinuosity": 1.0, "poi_diversity": 1.0397207708399179, "food_drink_count": 1.0, "street_furniture_count": 1.0, "degree_u": 6.0, "degree_v": 6.0, "avg_connectivity": 6.0, "city": "Tokyo", "cluster": 3.0, "typology": "Local Mixed Street" }, "geometry": { "type": "LineString", "coordinates": [ [ 377679.547500777582172, 3948885.912498368415982 ], [ 377695.176699829637073, 3948879.07434885809198 ] ] } },
{ "type": "Feature", "properties": { "from_node": 2114, "to_node": 1457, "u": 2203282754.0, "v": 561167681.0, "key": 0.0, "index": 1413.0, "osmid": "1239391135", "highway": [ "trunk_link" ], "lanes": [ "3" ], "name": null, "oneway": "True", "ref": null, "reversed": "False", "length": 44.570441125374415, "maxspeed": null, "access": "yes", "bridge": null, "width": null, "length_m": 54.925256145017407, "building_count_50m": 15.0, "avg_building_area": 313.39038557974067, "poi_count_50m": 8.0, "highway_clean": [ "trunk_link" ], "highway_rank": 1.0, "sinuosity": 1.0, "poi_diversity": 0.66156323815798213, "food_drink_count": 1.0, "street_furniture_count": 1.0, "degree_u": 4.0, "degree_v": 3.0, "avg_connectivity": 3.5, "city": "Tokyo", "cluster": 3.0, "typology": "Local Mixed Street" }, "geometry": { "type": "LineString", "coordinates": [ [ 378002.074793636216782, 3948252.40950482385233 ], [ 378045.957459732890129, 3948260.671520648524165 ] ] } },
{ "type": "Feature", "properties": { "from_node": 2117, "to_node": 2035, "u": 2638287565.0, "v": 1177181295.0, "key": 0.0, "index": 1424.0, "osmid": "1302678256", "highway": [ "primary" ], "lanes": [ "3" ], "name": [ "環七通り" ], "oneway": "True", "ref": "318", "reversed": "False", "length": 74.135710155418053, "maxspeed": [ "50" ], "access": null, "bridge": null, "width": null, "length_m": 91.367449630674827, "building_count_50m": 29.0, "avg_building_area": 342.5332749055267, "poi_count_50m": 4.0, "highway_clean": [ "primary" ], "highway_rank": 5.0, "sinuosity": 1.0, "poi_diversity": 0.69314718055994529, "food_drink_count": 1.0, "street_furniture_count": 1.0, "degree_u": 4.0, "degree_v": 4.0, "avg_connectivity": 4.0, "city": "Tokyo", "cluster": 3.0, "typology": "Local Mixed Street" }, "geometry": { "type": "LineString", "coordinates": [ [ 378532.097606201132294, 3949076.741090615745634 ], [ 378559.199027010588907, 3949007.876923523377627 ] ] } },
{ "type": "Feature", "properties": { "from_node": 2123, "to_node": 2124, "u": 3021673381.0, "v": 3021673384.0, "key": 0.0, "index": 1430.0, "osmid": "298257988", "highway": [ "residential" ], "lanes": null, "name": null, "oneway": "False", "ref": null, "reversed": "False", "length": 27.102866996103824, "maxspeed": null, "access": null, "bridge": null, "width": null, "length_m": 33.403464699778056, "building_count_50m": 49.0, "avg_building_area": 113.52135408531183, "poi_count_50m": 6.0, "highway_clean": [ "residential" ], "highway_rank": 2.0, "sinuosity": 1.0, "poi_diversity": 1.0986122886681096, "food_drink_count": 2.0, "street_furniture_count": 1.0, "degree_u": 4.0, "degree_v": 2.0, "avg_connectivity": 3.0, "city": "Tokyo", "cluster": 3.0, "typology": "Local Mixed Street" }, "geometry": { "type": "LineString", "coordinates": [ [ 377456.669433366274461, 3949312.006592177785933 ], [ 377481.388693384535145, 3949300.804799261968583 ] ] } },
{ "type": "Feature", "properties": { "from_node": 2126, "to_node": 2127, "u": 6207514482.0, "v": 6207514483.0, "key": 0.0, "index": 1434.0, "osmid": "663139293", "highway": [ "residential" ], "lanes": null, "name": null, "oneway": "False", "ref": null, "reversed": "False", "length": 21.927138986789696, "maxspeed": null, "access": null, "bridge": null, "width": null, "length_m": 27.025493561958282, "building_count_50m": 43.0, "avg_building_area": 107.06866268476291, "poi_count_50m": 4.0, "highway_clean": [ "residential" ], "highway_rank": 2.0, "sinuosity": 1.0, "poi_diversity": 1.0397207708399179, "food_drink_count": 1.0, "street_furniture_count": 1.0, "degree_u": 2.0, "degree_v": 4.0, "avg_connectivity": 3.0, "city": "Tokyo", "cluster": 3.0, "typology": "Local Mixed Street" }, "geometry": { "type": "LineString", "coordinates": [ [ 377403.693718908820301, 3949631.777932808734477 ], [ 377404.369629738444928, 3949609.913456949871033 ] ] } },
{ "type": "Feature", "properties": { "from_node": 2127, "to_node": 1267, "u": 6207514483.0, "v": 426856211.0, "key": 0.0, "index": 1435.0, "osmid": "36723135", "highway": [ "unclassified" ], "lanes": null, "name": null, "oneway": "True", "ref": null, "reversed": "False", "length": 10.921022254012428, "maxspeed": [ "20" ], "access": null, "bridge": null, "width": null, "length_m": 13.460290954585608, "building_count_50m": 41.0, "avg_building_area": 107.779677318251, "poi_count_50m": 4.0, "highway_clean": [ "unclassified" ], "highway_rank": 1.0, "sinuosity": 1.0, "poi_diversity": 1.0397207708399179, "food_drink_count": 1.0, "street_furniture_count": 1.0, "degree_u": 4.0, "degree_v": 3.0, "avg_connectivity": 3.5, "city": "Tokyo", "cluster": 3.0, "typology": "Local Mixed Street" }, "geometry": { "type": "LineString", "coordinates": [ [ 377404.369629738444928, 3949609.913456949871033 ], [ 377415.271366766188294, 3949610.861378006171435 ] ] } },
{ "type": "Feature", "properties": { "from_node": 2133, "to_node": 2132, "u": 6229211106.0, "v": 7180602191.0, "key": 0.0, "index": 1442.0, "osmid": "665529559", "highway": [ "residential" ], "lanes": null, "name": null, "oneway": "False", "ref": null, "reversed": "True", "length": 16.743214542623548, "maxspeed": null, "access": null, "bridge": null, "width": null, "length_m": 20.635924225798902, "building_count_50m": 30.0, "avg_building_area": 198.24640396599446, "poi_count_50m": 2.0, "highway_clean": [ "residential" ], "highway_rank": 2.0, "sinuosity": 1.0, "poi_diversity": 0.69314718055994529, "food_drink_count": 1.0, "street_furniture_count": 1.0, "degree_u": 2.0, "degree_v": 6.0, "avg_connectivity": 4.0, "city": "Tokyo", "cluster": 3.0, "typology": "Local Mixed Street" }, "geometry": { "type": "LineString", "coordinates": [ [ 378386.171010485908482, 3949472.071783472783864 ], [ 378402.82586969085969, 3949474.084868650883436 ] ] } },
{ "type": "Feature", "properties": { "from_node": 1788, "to_node": 2237, "u": 7179016071.0, "v": 7179016072.0, "key": 0.0, "index": 1446.0, "osmid": "769051621", "highway": [ "residential" ], "lanes": null, "name": null, "oneway": "False", "ref": null, "reversed": "False", "length": 23.837175145693188, "maxspeed": null, "access": null, "bridge": null, "width": null, "length_m": 29.379756048640068, "building_count_50m": 33.0, "avg_building_area": 140.58175268855561, "poi_count_50m": 9.0, "highway_clean": [ "residential" ], "highway_rank": 2.0, "sinuosity": 1.0, "poi_diversity": 1.0608569471580214, "food_drink_count": 2.0, "street_furniture_count": 1.0, "degree_u": 6.0, "degree_v": 2.0, "avg_connectivity": 4.0, "city": "Tokyo", "cluster": 3.0, "typology": "Local Mixed Street" }, "geometry": { "type": "LineString", "coordinates": [ [ 377583.808247080247384, 3949653.102710265666246 ], [ 377607.678883810935076, 3949653.949884031899273 ] ] } },
{ "type": "Feature", "properties": { "from_node": 2134, "to_node": 2132, "u": 7180602191.0, "v": 7180602192.0, "key": 0.0, "index": 1452.0, "osmid": "769217985", "highway": [ "residential" ], "lanes": null, "name": null, "oneway": "False", "ref": null, "reversed": "False", "length": 12.057879515940197, "maxspeed": null, "access": null, "bridge": null, "width": null, "length_m": 14.861285285782508, "building_count_50m": 28.0, "avg_building_area": 211.98512125603406, "poi_count_50m": 2.0, "highway_clean": [ "residential" ], "highway_rank": 2.0, "sinuosity": 1.0, "poi_diversity": 0.69314718055994529, "food_drink_count": 1.0, "street_furniture_count": 1.0, "degree_u": 6.0, "degree_v": 2.0, "avg_connectivity": 4.0, "city": "Tokyo", "cluster": 3.0, "typology": "Local Mixed Street" }, "geometry": { "type": "LineString", "coordinates": [ [ 378401.903814811958, 3949486.078931927215308 ], [ 378402.82586969085969, 3949474.084868650883436 ] ] } },
{ "type": "Feature", "properties": { "from_node": 2135, "to_node": 2238, "u": 7182976472.0, "v": 7182976474.0, "key": 0.0, "index": 1456.0, "osmid": "769505896", "highway": [ "residential" ], "lanes": null, "name": null, "oneway": "False", "ref": null, "reversed": "False", "length": 6.6223578179234019, "maxspeed": null, "access": null, "bridge": null, "width": null, "length_m": 8.1616133166648659, "building_count_50m": 32.0, "avg_building_area": 80.606288130705792, "poi_count_50m": 1.0, "highway_clean": [ "residential" ], "highway_rank": 2.0, "sinuosity": 1.0, "poi_diversity": 0.0, "food_drink_count": 1.0, "street_furniture_count": 1.0, "degree_u": 6.0, "degree_v": 2.0, "avg_connectivity": 4.0, "city": "Tokyo", "cluster": 1.0, "typology": "Dense Local Street" }, "geometry": { "type": "LineString", "coordinates": [ [ 377794.645485166809522, 3949036.183451447635889 ], [ 377798.834498083801009, 3949041.30673687113449 ] ] } },
{ "type": "Feature", "properties": { "from_node": 2136, "to_node": 2135, "u": 7182976472.0, "v": 7182976473.0, "key": 0.0, "index": 1457.0, "osmid": "769505896", "highway": [ "residential" ], "lanes": null, "name": null, "oneway": "False", "ref": null, "reversed": "True", "length": 7.4294843003169326, "maxspeed": null, "access": null, "bridge": null, "width": null, "length_m": 9.1563370132896154, "building_count_50m": 30.0, "avg_building_area": 80.036498574129695, "poi_count_50m": 1.0, "highway_clean": [ "residential" ], "highway_rank": 2.0, "sinuosity": 1.0, "poi_diversity": 0.0, "food_drink_count": 1.0, "street_furniture_count": 1.0, "degree_u": 6.0, "degree_v": 2.0, "avg_connectivity": 4.0, "city": "Tokyo", "cluster": 1.0, "typology": "Dense Local Street" }, "geometry": { "type": "LineString", "coordinates": [ [ 377790.075347700505517, 3949030.333206840325147 ], [ 377794.645485166809522, 3949036.183451447635889 ] ] } },
{ "type": "Feature", "properties": { "from_node": 917, "to_node": 2239, "u": 7183621009.0, "v": 7183621010.0, "key": 0.0, "index": 1462.0, "osmid": "769577484", "highway": [ "residential" ], "lanes": null, "name": null, "oneway": "False", "ref": null, "reversed": "False", "length": 5.767923213135421, "maxspeed": null, "access": null, "bridge": null, "width": null, "length_m": 7.1087666492936394, "building_count_50m": 32.0, "avg_building_area": 122.67493840012386, "poi_count_50m": 1.0, "highway_clean": [ "residential" ], "highway_rank": 2.0, "sinuosity": 1.0, "poi_diversity": 0.0, "food_drink_count": 1.0, "street_furniture_count": 1.0, "degree_u": 6.0, "degree_v": 2.0, "avg_connectivity": 4.0, "city": "Tokyo", "cluster": 1.0, "typology": "Dense Local Street" }, "geometry": { "type": "LineString", "coordinates": [ [ 377561.580479616415687, 3949276.125028516631573 ], [ 377566.55468697816832, 3949273.194261361379176 ] ] } },
{ "type": "Feature", "properties": { "from_node": 979, "to_node": 2240, "u": 7183672832.0, "v": 7183672833.0, "key": 0.0, "index": 1467.0, "osmid": "769582375", "highway": [ "residential" ], "lanes": null, "name": null, "oneway": "False", "ref": null, "reversed": "False", "length": 7.6349266819315611, "maxspeed": null, "access": null, "bridge": null, "width": null, "length_m": 9.4097557376526684, "building_count_50m": 42.0, "avg_building_area": 131.04836488664819, "poi_count_50m": 3.0, "highway_clean": [ "residential" ], "highway_rank": 2.0, "sinuosity": 1.0, "poi_diversity": 0.63651416829481278, "food_drink_count": 1.0, "street_furniture_count": 1.0, "degree_u": 6.0, "degree_v": 2.0, "avg_connectivity": 4.0, "city": "Tokyo", "cluster": 3.0, "typology": "Local Mixed Street" }, "geometry": { "type": "LineString", "coordinates": [ [ 377493.8034507810371, 3949245.352393270004541 ], [ 377496.463486704800744, 3949252.493530974723399 ] ] } },
{ "type": "Feature", "properties": { "from_node": 2137, "to_node": 2139, "u": 7184090142.0, "v": 7184090147.0, "key": 0.0, "index": 1470.0, "osmid": "769629267", "highway": [ "residential" ], "lanes": null, "name": null, "oneway": "False", "ref": null, "reversed": "True", "length": 15.097380693392358, "maxspeed": null, "access": null, "bridge": null, "width": null, "length_m": 18.606207188634816, "building_count_50m": 9.0, "avg_building_area": 422.41745500891619, "poi_count_50m": 2.0, "highway_clean": [ "residential" ], "highway_rank": 2.0, "sinuosity": 1.0, "poi_diversity": 0.69314718055994529, "food_drink_count": 1.0, "street_furniture_count": 1.0, "degree_u": 2.0, "degree_v": 8.0, "avg_connectivity": 5.0, "city": "Tokyo", "cluster": 3.0, "typology": "Local Mixed Street" }, "geometry": { "type": "LineString", "coordinates": [ [ 377629.488481899024919, 3948898.94907074328512 ], [ 377643.130687917000614, 3948892.437718198169023 ] ] } },
{ "type": "Feature", "properties": { "from_node": 2138, "to_node": 2110, "u": 7184090143.0, "v": 7184090145.0, "key": 0.0, "index": 1471.0, "osmid": "769629268", "highway": [ "residential" ], "lanes": null, "name": null, "oneway": "False", "ref": null, "reversed": "True", "length": 37.591895850697959, "maxspeed": null, "access": null, "bridge": null, "width": null, "length_m": 46.328728703795186, "building_count_50m": 9.0, "avg_building_area": 205.90165480747953, "poi_count_50m": 5.0, "highway_clean": [ "residential" ], "highway_rank": 2.0, "sinuosity": 1.0, "poi_diversity": 1.0549201679861442, "food_drink_count": 1.0, "street_furniture_count": 1.0, "degree_u": 6.0, "degree_v": 6.0, "avg_connectivity": 6.0, "city": "Tokyo", "cluster": 3.0, "typology": "Local Mixed Street" }, "geometry": { "type": "LineString", "coordinates": [ [ 377645.058911278494634, 3948900.997902252711356 ], [ 377679.547500777582172, 3948885.912498368415982 ] ] } },
{ "type": "Feature", "properties": { "from_node": 2138, "to_node": 2241, "u": 7184090143.0, "v": 7184090148.0, "key": 0.0, "index": 1472.0, "osmid": "769629270", "highway": [ "residential" ], "lanes": null, "name": null, "oneway": "False", "ref": null, "reversed": "False", "length": 11.845846724908172, "maxspeed": null, "access": null, "bridge": null, "width": null, "length_m": 14.598993332025737, "building_count_50m": 8.0, "avg_building_area": 207.8880571133505, "poi_count_50m": 3.0, "highway_clean": [ "residential" ], "highway_rank": 2.0, "sinuosity": 1.0, "poi_diversity": 0.63651416829481278, "food_drink_count": 1.0, "street_furniture_count": 1.0, "degree_u": 6.0, "degree_v": 2.0, "avg_connectivity": 4.0, "city": "Tokyo", "cluster": 3.0, "typology": "Local Mixed Street" }, "geometry": { "type": "LineString", "coordinates": [ [ 377645.058911278494634, 3948900.997902252711356 ], [ 377646.288829492754303, 3948912.751665405929089 ] ] } },
{ "type": "Feature", "properties": { "from_node": 2139, "to_node": 2138, "u": 7184090143.0, "v": 7184090147.0, "key": 0.0, "index": 1473.0, "osmid": "769629270", "highway": [ "residential" ], "lanes": null, "name": null, "oneway": "False", "ref": null, "reversed": "True", "length": 8.7940536632888993, "maxspeed": null, "access": null, "bridge": null, "width": null, "length_m": 10.837906834232211, "building_count_50m": 8.0, "avg_building_area": 436.89722327277866, "poi_count_50m": 3.0, "highway_clean": [ "residential" ], "highway_rank": 2.0, "sinuosity": 1.0, "poi_diversity": 0.63651416829481278, "food_drink_count": 1.0, "street_furniture_count": 1.0, "degree_u": 6.0, "degree_v": 8.0, "avg_connectivity": 7.0, "city": "Tokyo", "cluster": 3.0, "typology": "Local Mixed Street" }, "geometry": { "type": "LineString", "coordinates": [ [ 377643.130687917000614, 3948892.437718198169023 ], [ 377645.058911278494634, 3948900.997902252711356 ] ] } },
{ "type": "Feature", "properties": { "from_node": 2139, "to_node": 1506, "u": 7184090144.0, "v": 7184090147.0, "key": 0.0, "index": 1474.0, "osmid": "769629267", "highway": [ "residential" ], "lanes": null, "name": null, "oneway": "False", "ref": null, "reversed": "False", "length": 38.376107422864791, "maxspeed": null, "access": null, "bridge": null, "width": null, "length_m": 47.2951511996094, "building_count_50m": 10.0, "avg_building_area": 397.36868457334276, "poi_count_50m": 4.0, "highway_clean": [ "residential" ], "highway_rank": 2.0, "sinuosity": 1.0, "poi_diversity": 1.0397207708399179, "food_drink_count": 1.0, "street_furniture_count": 1.0, "degree_u": 6.0, "degree_v": 8.0, "avg_connectivity": 7.0, "city": "Tokyo", "cluster": 3.0, "typology": "Local Mixed Street" }, "geometry": { "type": "LineString", "coordinates": [ [ 377643.130687917000614, 3948892.437718198169023 ], [ 377677.807316957216244, 3948875.885318074841052 ] ] } },
{ "type": "Feature", "properties": { "from_node": 1506, "to_node": 2110, "u": 7184090144.0, "v": 7184090145.0, "key": 0.0, "index": 1476.0, "osmid": "769629269", "highway": [ "residential" ], "lanes": null, "name": null, "oneway": "False", "ref": null, "reversed": "False", "length": 10.200348450667573, "maxspeed": null, "access": null, "bridge": null, "width": null, "length_m": 12.571021152244269, "building_count_50m": 6.0, "avg_building_area": 232.60760191992267, "poi_count_50m": 4.0, "highway_clean": [ "residential" ], "highway_rank": 2.0, "sinuosity": 1.0, "poi_diversity": 1.0397207708399179, "food_drink_count": 1.0, "street_furniture_count": 1.0, "degree_u": 6.0, "degree_v": 6.0, "avg_connectivity": 6.0, "city": "Tokyo", "cluster": 3.0, "typology": "Local Mixed Street" }, "geometry": { "type": "LineString", "coordinates": [ [ 377677.807316957216244, 3948875.885318074841052 ], [ 377679.547500777582172, 3948885.912498368415982 ] ] } },
{ "type": "Feature", "properties": { "from_node": 2140, "to_node": 2139, "u": 7184090146.0, "v": 7184090147.0, "key": 0.0, "index": 1480.0, "osmid": "769629270", "highway": [ "residential" ], "lanes": null, "name": null, "oneway": "False", "ref": null, "reversed": "False", "length": 20.881201061051126, "maxspeed": null, "access": null, "bridge": null, "width": null, "length_m": 25.734225891302792, "building_count_50m": 8.0, "avg_building_area": 469.29672920505305, "poi_count_50m": 2.0, "highway_clean": [ "residential" ], "highway_rank": 2.0, "sinuosity": 1.0, "poi_diversity": 0.69314718055994529, "food_drink_count": 1.0, "street_furniture_count": 1.0, "degree_u": 2.0, "degree_v": 8.0, "avg_connectivity": 5.0, "city": "Tokyo", "cluster": 3.0, "typology": "Local Mixed Street" }, "geometry": { "type": "LineString", "coordinates": [ [ 377633.570197414723225, 3948873.909280052408576 ], [ 377643.130687917000614, 3948892.437718198169023 ] ] } },
{ "type": "Feature", "properties": { "from_node": 957, "to_node": 2243, "u": 7185523736.0, "v": 7185523737.0, "key": 0.0, "index": 1494.0, "osmid": "769776715", "highway": [ "residential" ], "lanes": null, "name": null, "oneway": "False", "ref": null, "reversed": "False", "length": 7.7434337733006755, "maxspeed": null, "access": null, "bridge": null, "width": null, "length_m": 9.5437374114390607, "building_count_50m": 40.0, "avg_building_area": 97.940837187730736, "poi_count_50m": 1.0, "highway_clean": [ "residential" ], "highway_rank": 2.0, "sinuosity": 1.0, "poi_diversity": 0.0, "food_drink_count": 1.0, "street_furniture_count": 1.0, "degree_u": 6.0, "degree_v": 2.0, "avg_connectivity": 4.0, "city": "Tokyo", "cluster": 1.0, "typology": "Dense Local Street" }, "geometry": { "type": "LineString", "coordinates": [ [ 377498.553464140277356, 3949477.672445010859519 ], [ 377499.148403534665704, 3949485.374559421092272 ] ] } },
{ "type": "Feature", "properties": { "from_node": 2142, "to_node": 1268, "u": 7185632330.0, "v": 7185632331.0, "key": 0.0, "index": 1499.0, "osmid": "769785751", "highway": [ "residential" ], "lanes": null, "name": null, "oneway": "False", "ref": null, "reversed": "False", "length": 21.550796640533822, "maxspeed": null, "access": null, "bridge": null, "width": null, "length_m": 26.561258312924419, "building_count_50m": 41.0, "avg_building_area": 102.07784051842005, "poi_count_50m": 1.0, "highway_clean": [ "residential" ], "highway_rank": 2.0, "sinuosity": 1.0, "poi_diversity": 0.0, "food_drink_count": 1.0, "street_furniture_count": 1.0, "degree_u": 6.0, "degree_v": 2.0, "avg_connectivity": 4.0, "city": "Tokyo", "cluster": 1.0, "typology": "Dense Local Street" }, "geometry": { "type": "LineString", "coordinates": [ [ 377453.993940658518113, 3949490.834051196929067 ], [ 377475.584733971278183, 3949490.414329627994448 ] ] } },
{ "type": "Feature", "properties": { "from_node": 2143, "to_node": 968, "u": 7185849230.0, "v": 7185849231.0, "key": 0.0, "index": 1505.0, "osmid": "769807925", "highway": [ "residential" ], "lanes": null, "name": null, "oneway": "False", "ref": null, "reversed": "False", "length": 18.15579029583429, "maxspeed": null, "access": null, "bridge": null, "width": null, "length_m": 22.376784338966051, "building_count_50m": 44.0, "avg_building_area": 97.736746791663748, "poi_count_50m": 1.0, "highway_clean": [ "residential" ], "highway_rank": 2.0, "sinuosity": 1.0, "poi_diversity": 0.0, "food_drink_count": 1.0, "street_furniture_count": 1.0, "degree_u": 6.0, "degree_v": 2.0, "avg_connectivity": 4.0, "city": "Tokyo", "cluster": 1.0, "typology": "Dense Local Street" }, "geometry": { "type": "LineString", "coordinates": [ [ 377455.265304354135878, 3949434.026435729581863 ], [ 377473.437765772046987, 3949433.165713924914598 ] ] } },
{ "type": "Feature", "properties": { "from_node": 2144, "to_node": 1456, "u": 7185922836.0, "v": 7185922837.0, "key": 0.0, "index": 1509.0, "osmid": "769814610", "highway": [ "residential" ], "lanes": null, "name": null, "oneway": "False", "ref": null, "reversed": "False", "length": 23.075925930537448, "maxspeed": null, "access": null, "bridge": null, "width": null, "length_m": 28.440735385174307, "building_count_50m": 50.0, "avg_building_area": 93.849668666209439, "poi_count_50m": 1.0, "highway_clean": [ "residential" ], "highway_rank": 2.0, "sinuosity": 1.0, "poi_diversity": 0.0, "food_drink_count": 1.0, "street_furniture_count": 1.0, "degree_u": 6.0, "degree_v": 2.0, "avg_connectivity": 4.0, "city": "Tokyo", "cluster": 1.0, "typology": "Dense Local Street" }, "geometry": { "type": "LineString", "coordinates": [ [ 377395.472955499310046, 3949420.351250283420086 ], [ 377417.830431479495019, 3949414.473674043081701 ] ] } },
{ "type": "Feature", "properties": { "from_node": 2145, "to_node": 2124, "u": 7186487801.0, "v": 3021673381.0, "key": 0.0, "index": 1511.0, "osmid": "645599600", "highway": [ "unclassified" ], "lanes": [ "1" ], "name": null, "oneway": "True", "ref": null, "reversed": "False", "length": 12.18709978843612, "maxspeed": [ "30" ], "access": null, "bridge": null, "width": null, "length_m": 15.020213656661891, "building_count_50m": 40.0, "avg_building_area": 126.45706362473364, "poi_count_50m": 7.0, "highway_clean": [ "unclassified" ], "highway_rank": 1.0, "sinuosity": 1.0, "poi_diversity": 1.0789922078775833, "food_drink_count": 2.0, "street_furniture_count": 1.0, "degree_u": 4.0, "degree_v": 4.0, "avg_connectivity": 4.0, "city": "Tokyo", "cluster": 3.0, "typology": "Local Mixed Street" }, "geometry": { "type": "LineString", "coordinates": [ [ 377476.213273702422157, 3949289.793261543381959 ], [ 377481.388693384535145, 3949300.804799261968583 ] ] } },
{ "type": "Feature", "properties": { "from_node": 2146, "to_node": 2145, "u": 7186487801.0, "v": 7186487802.0, "key": 0.0, "index": 1512.0, "osmid": "769819902", "highway": [ "residential" ], "lanes": null, "name": null, "oneway": "False", "ref": null, "reversed": "False", "length": 14.576517349863686, "maxspeed": null, "access": null, "bridge": null, "width": null, "length_m": 17.965090039096875, "building_count_50m": 42.0, "avg_building_area": 130.02994201510421, "poi_count_50m": 8.0, "highway_clean": [ "residential" ], "highway_rank": 2.0, "sinuosity": 1.0, "poi_diversity": 1.0397207708399179, "food_drink_count": 2.0, "street_furniture_count": 1.0, "degree_u": 4.0, "degree_v": 2.0, "avg_connectivity": 3.0, "city": "Tokyo", "cluster": 3.0, "typology": "Local Mixed Street" }, "geometry": { "type": "LineString", "coordinates": [ [ 377463.10452274500858, 3949296.208797122351825 ], [ 377476.213273702422157, 3949289.793261543381959 ] ] } },
{ "type": "Feature", "properties": { "from_node": 1101, "to_node": 2244, "u": 7186913385.0, "v": 7186913386.0, "key": 0.0, "index": 1516.0, "osmid": "769848909", "highway": [ "residential" ], "lanes": null, "name": null, "oneway": "False", "ref": null, "reversed": "False", "length": 11.011199390225896, "maxspeed": null, "access": null, "bridge": null, "width": null, "length_m": 13.570978214576121, "building_count_50m": 42.0, "avg_building_area": 107.07831714533816, "poi_count_50m": 1.0, "highway_clean": [ "residential" ], "highway_rank": 2.0, "sinuosity": 1.0, "poi_diversity": 0.0, "food_drink_count": 1.0, "street_furniture_count": 1.0, "degree_u": 6.0, "degree_v": 2.0, "avg_connectivity": 4.0, "city": "Tokyo", "cluster": 1.0, "typology": "Dense Local Street" }, "geometry": { "type": "LineString", "coordinates": [ [ 377363.034713492612354, 3949309.648183637764305 ], [ 377372.073615907342173, 3949315.94688189541921 ] ] } },
{ "type": "Feature", "properties": { "from_node": 2046, "to_node": 2245, "u": 7187052372.0, "v": 7187052373.0, "key": 0.0, "index": 1520.0, "osmid": "769864545", "highway": [ "residential" ], "lanes": null, "name": null, "oneway": "False", "ref": null, "reversed": "False", "length": 13.870776843040376, "maxspeed": null, "access": null, "bridge": null, "width": null, "length_m": 17.095360324442211, "building_count_50m": 39.0, "avg_building_area": 123.91341072425912, "poi_count_50m": 4.0, "highway_clean": [ "residential" ], "highway_rank": 2.0, "sinuosity": 1.0, "poi_diversity": 0.0, "food_drink_count": 1.0, "street_furniture_count": 1.0, "degree_u": 6.0, "degree_v": 2.0, "avg_connectivity": 4.0, "city": "Tokyo", "cluster": 1.0, "typology": "Dense Local Street" }, "geometry": { "type": "LineString", "coordinates": [ [ 377257.108055688615423, 3949332.865736913867295 ], [ 377270.939525272231549, 3949334.227888346184045 ] ] } },
{ "type": "Feature", "properties": { "from_node": 1030, "to_node": 2147, "u": 7187090399.0, "v": 7187090400.0, "key": 0.0, "index": 1522.0, "osmid": "769868600", "highway": [ "residential" ], "lanes": null, "name": null, "oneway": "False", "ref": null, "reversed": "False", "length": 21.244996468031104, "maxspeed": null, "access": null, "bridge": null, "width": null, "length_m": 26.183512719397715, "building_count_50m": 42.0, "avg_building_area": 145.20391095449469, "poi_count_50m": 1.0, "highway_clean": [ "residential" ], "highway_rank": 2.0, "sinuosity": 1.0, "poi_diversity": 0.0, "food_drink_count": 1.0, "street_furniture_count": 1.0, "degree_u": 6.0, "degree_v": 6.0, "avg_connectivity": 6.0, "city": "Tokyo", "cluster": 1.0, "typology": "Dense Local Street" }, "geometry": { "type": "LineString", "coordinates": [ [ 377270.778635881841183, 3949205.240332347340882 ], [ 377291.945490289479494, 3949207.499696953222156 ] ] } },
{ "type": "Feature", "properties": { "from_node": 2147, "to_node": 2246, "u": 7187090400.0, "v": 7187090402.0, "key": 0.0, "index": 1526.0, "osmid": "769868601", "highway": [ "residential" ], "lanes": null, "name": null, "oneway": "False", "ref": null, "reversed": "False", "length": 6.6384193498636757, "maxspeed": null, "access": null, "bridge": null, "width": null, "length_m": 8.1815546017109533, "building_count_50m": 31.0, "avg_building_area": 163.02539477385673, "poi_count_50m": 1.0, "highway_clean": [ "residential" ], "highway_rank": 2.0, "sinuosity": 1.0, "poi_diversity": 0.0, "food_drink_count": 1.0, "street_furniture_count": 1.0, "degree_u": 6.0, "degree_v": 2.0, "avg_connectivity": 4.0, "city": "Tokyo", "cluster": 1.0, "typology": "Dense Local Street" }, "geometry": { "type": "LineString", "coordinates": [ [ 377291.945490289479494, 3949207.499696953222156 ], [ 377293.06829521281179, 3949200.97202714998275 ] ] } },
{ "type": "Feature", "properties": { "from_node": 2148, "to_node": 2147, "u": 7187090400.0, "v": 7187090401.0, "key": 0.0, "index": 1527.0, "osmid": "769868601", "highway": [ "residential" ], "lanes": null, "name": null, "oneway": "False", "ref": null, "reversed": "True", "length": 6.9438646186059376, "maxspeed": null, "access": null, "bridge": null, "width": null, "length_m": 8.5580086962001314, "building_count_50m": 35.0, "avg_building_area": 158.63162698644834, "poi_count_50m": 1.0, "highway_clean": [ "residential" ], "highway_rank": 2.0, "sinuosity": 1.0, "poi_diversity": 0.0, "food_drink_count": 1.0, "street_furniture_count": 1.0, "degree_u": 6.0, "degree_v": 2.0, "avg_connectivity": 4.0, "city": "Tokyo", "cluster": 1.0, "typology": "Dense Local Street" }, "geometry": { "type": "LineString", "coordinates": [ [ 377291.307540696114302, 3949214.397868581581861 ], [ 377291.945490289479494, 3949207.499696953222156 ] ] } },
{ "type": "Feature", "properties": { "from_node": 466, "to_node": 2247, "u": 7187514402.0, "v": 7187514403.0, "key": 0.0, "index": 1532.0, "osmid": "769915155", "highway": [ "residential" ], "lanes": null, "name": null, "oneway": "False", "ref": null, "reversed": "False", "length": 26.021960354200687, "maxspeed": null, "access": null, "bridge": null, "width": null, "length_m": 32.070543446811257, "building_count_50m": 44.0, "avg_building_area": 101.49308796435575, "poi_count_50m": 1.0, "highway_clean": [ "residential" ], "highway_rank": 2.0, "sinuosity": 1.0, "poi_diversity": 0.0, "food_drink_count": 1.0, "street_furniture_count": 1.0, "degree_u": 6.0, "degree_v": 2.0, "avg_connectivity": 4.0, "city": "Tokyo", "cluster": 1.0, "typology": "Dense Local Street" }, "geometry": { "type": "LineString", "coordinates": [ [ 377146.938912794459611, 3949104.121005663648248 ], [ 377172.17500193126034, 3949110.650508567225188 ] ] } },
{ "type": "Feature", "properties": { "from_node": 897, "to_node": 2248, "u": 7187611993.0, "v": 7187611994.0, "key": 0.0, "index": 1534.0, "osmid": "769926138", "highway": [ "residential" ], "lanes": null, "name": null, "oneway": "False", "ref": null, "reversed": "False", "length": 12.997334296255938, "maxspeed": null, "access": null, "bridge": null, "width": null, "length_m": 16.018283173123184, "building_count_50m": 42.0, "avg_building_area": 109.749845098745, "poi_count_50m": 1.0, "highway_clean": [ "residential" ], "highway_rank": 2.0, "sinuosity": 1.0, "poi_diversity": 0.0, "food_drink_count": 1.0, "street_furniture_count": 1.0, "degree_u": 2.0, "degree_v": 6.0, "avg_connectivity": 4.0, "city": "Tokyo", "cluster": 1.0, "typology": "Dense Local Street" }, "geometry": { "type": "LineString", "coordinates": [ [ 377202.543603263795376, 3949010.396119669079781 ], [ 377214.988418268156238, 3949014.218037470243871 ] ] } },
{ "type": "Feature", "properties": { "from_node": 2149, "to_node": 1779, "u": 7192565819.0, "v": 7192565820.0, "key": 0.0, "index": 1538.0, "osmid": "770576975", "highway": [ "residential" ], "lanes": null, "name": null, "oneway": "False", "ref": null, "reversed": "False", "length": 16.364264265014604, "maxspeed": null, "access": null, "bridge": null, "width": null, "length_m": 20.167027549209841, "building_count_50m": 52.0, "avg_building_area": 84.30562137608355, "poi_count_50m": 1.0, "highway_clean": [ "residential" ], "highway_rank": 2.0, "sinuosity": 1.0, "poi_diversity": 0.0, "food_drink_count": 1.0, "street_furniture_count": 1.0, "degree_u": 2.0, "degree_v": 4.0, "avg_connectivity": 3.0, "city": "Tokyo", "cluster": 1.0, "typology": "Dense Local Street" }, "geometry": { "type": "LineString", "coordinates": [ [ 378608.684247700672131, 3948667.760565128177404 ], [ 378618.755354269698728, 3948654.87614657683298 ] ] } },
{ "type": "Feature", "properties": { "from_node": 2153, "to_node": 442, "u": 7203246858.0, "v": 7203246859.0, "key": 0.0, "index": 1542.0, "osmid": "771609515", "highway": [ "residential" ], "lanes": null, "name": null, "oneway": "False", "ref": null, "reversed": "False", "length": 72.409272783416796, "maxspeed": null, "access": null, "bridge": null, "width": null, "length_m": 89.232977371463363, "building_count_50m": 31.0, "avg_building_area": 106.25950833036489, "poi_count_50m": 4.0, "highway_clean": [ "residential" ], "highway_rank": 2.0, "sinuosity": 1.0, "poi_diversity": 0.56233514461880829, "food_drink_count": 1.0, "street_furniture_count": 1.0, "degree_u": 2.0, "degree_v": 6.0, "avg_connectivity": 4.0, "city": "Tokyo", "cluster": 3.0, "typology": "Local Mixed Street" }, "geometry": { "type": "LineString", "coordinates": [ [ 377414.584804771526251, 3948392.763564203865826 ], [ 377486.391041137801949, 3948382.388274918310344 ] ] } },
{ "type": "Feature", "properties": { "from_node": 2154, "to_node": 2155, "u": 7203253727.0, "v": 7203253729.0, "key": 0.0, "index": 1546.0, "osmid": "771609993", "highway": [ "residential" ], "lanes": null, "name": null, "oneway": "False", "ref": null, "reversed": "False", "length": 7.4952085311488865, "maxspeed": null, "access": null, "bridge": null, "width": null, "length_m": 9.2367242556845515, "building_count_50m": 44.0, "avg_building_area": 140.66366261600896, "poi_count_50m": 1.0, "highway_clean": [ "residential" ], "highway_rank": 2.0, "sinuosity": 1.0, "poi_diversity": 0.0, "food_drink_count": 1.0, "street_furniture_count": 1.0, "degree_u": 2.0, "degree_v": 6.0, "avg_connectivity": 4.0, "city": "Tokyo", "cluster": 1.0, "typology": "Dense Local Street" }, "geometry": { "type": "LineString", "coordinates": [ [ 377483.551608259556815, 3948446.328616636805236 ], [ 377487.558457744191401, 3948452.652427406515926 ] ] } },
{ "type": "Feature", "properties": { "from_node": 2155, "to_node": 2249, "u": 7203253728.0, "v": 7203253729.0, "key": 0.0, "index": 1547.0, "osmid": "771609993", "highway": [ "residential" ], "lanes": null, "name": null, "oneway": "False", "ref": null, "reversed": "True", "length": 7.1306248332853093, "maxspeed": null, "access": null, "bridge": null, "width": null, "length_m": 8.7874355167136589, "building_count_50m": 44.0, "avg_building_area": 140.36785058554716, "poi_count_50m": 1.0, "highway_clean": [ "residential" ], "highway_rank": 2.0, "sinuosity": 1.0, "poi_diversity": 0.0, "food_drink_count": 1.0, "street_furniture_count": 1.0, "degree_u": 2.0, "degree_v": 6.0, "avg_connectivity": 4.0, "city": "Tokyo", "cluster": 1.0, "typology": "Dense Local Street" }, "geometry": { "type": "LineString", "coordinates": [ [ 377487.558457744191401, 3948452.652427406515926 ], [ 377491.370957227249164, 3948458.668287047650665 ] ] } },
{ "type": "Feature", "properties": { "from_node": 2155, "to_node": 434, "u": 7203253729.0, "v": 7203253730.0, "key": 0.0, "index": 1550.0, "osmid": "771609994", "highway": [ "residential" ], "lanes": null, "name": null, "oneway": "False", "ref": null, "reversed": "False", "length": 31.746202577311188, "maxspeed": null, "access": null, "bridge": null, "width": null, "length_m": 39.122425812272063, "building_count_50m": 45.0, "avg_building_area": 145.07369349244681, "poi_count_50m": 2.0, "highway_clean": [ "residential" ], "highway_rank": 2.0, "sinuosity": 1.0, "poi_diversity": 0.0, "food_drink_count": 1.0, "street_furniture_count": 1.0, "degree_u": 6.0, "degree_v": 6.0, "avg_connectivity": 6.0, "city": "Tokyo", "cluster": 1.0, "typology": "Dense Local Street" }, "geometry": { "type": "LineString", "coordinates": [ [ 377487.558457744191401, 3948452.652427406515926 ], [ 377514.011678967741318, 3948435.059011197183281 ] ] } },
{ "type": "Feature", "properties": { "from_node": 2156, "to_node": 425, "u": 7206077770.0, "v": 7206077771.0, "key": 0.0, "index": 1554.0, "osmid": "771893386", "highway": [ "residential" ], "lanes": null, "name": null, "oneway": "False", "ref": null, "reversed": "False", "length": 5.4818917592673984, "maxspeed": null, "access": null, "bridge": null, "width": null, "length_m": 6.7556899050645578, "building_count_50m": 26.0, "avg_building_area": 135.62511851656211, "poi_count_50m": 1.0, "highway_clean": [ "residential" ], "highway_rank": 2.0, "sinuosity": 1.0, "poi_diversity": 0.0, "food_drink_count": 1.0, "street_furniture_count": 1.0, "degree_u": 2.0, "degree_v": 6.0, "avg_connectivity": 4.0, "city": "Tokyo", "cluster": 1.0, "typology": "Dense Local Street" }, "geometry": { "type": "LineString", "coordinates": [ [ 377336.888905202969909, 3948555.596364930737764 ], [ 377339.876214536139742, 3948551.006619232706726 ] ] } },
{ "type": "Feature", "properties": { "from_node": 2079, "to_node": 2157, "u": 7349781050.0, "v": 7349781051.0, "key": 0.0, "index": 1560.0, "osmid": "786105017", "highway": [ "residential" ], "lanes": [ "1" ], "name": null, "oneway": "False", "ref": null, "reversed": "False", "length": 43.015776740836088, "maxspeed": null, "access": null, "bridge": null, "width": null, "length_m": 53.017298915824895, "building_count_50m": 33.0, "avg_building_area": 169.63375130183306, "poi_count_50m": 4.0, "highway_clean": [ "residential" ], "highway_rank": 2.0, "sinuosity": 1.0, "poi_diversity": 1.0397207708399179, "food_drink_count": 2.0, "street_furniture_count": 1.0, "degree_u": 6.0, "degree_v": 6.0, "avg_connectivity": 6.0, "city": "Tokyo", "cluster": 3.0, "typology": "Local Mixed Street" }, "geometry": { "type": "LineString", "coordinates": [ [ 378579.058273534523323, 3949571.021479795686901 ], [ 378621.398671383794863, 3949562.976884563919157 ] ] } },
{ "type": "Feature", "properties": { "from_node": 2157, "to_node": 2102, "u": 7349781051.0, "v": 7349784040.0, "key": 0.0, "index": 1563.0, "osmid": "107699626", "highway": [ "residential" ], "lanes": null, "name": null, "oneway": "False", "ref": null, "reversed": "True", "length": 39.591338232937929, "maxspeed": null, "access": null, "bridge": null, "width": null, "length_m": 48.796737509493347, "building_count_50m": 30.0, "avg_building_area": 221.65634622769818, "poi_count_50m": 4.0, "highway_clean": [ "residential" ], "highway_rank": 2.0, "sinuosity": 1.0, "poi_diversity": 1.0397207708399179, "food_drink_count": 2.0, "street_furniture_count": 1.0, "degree_u": 6.0, "degree_v": 6.0, "avg_connectivity": 6.0, "city": "Tokyo", "cluster": 3.0, "typology": "Local Mixed Street" }, "geometry": { "type": "LineString", "coordinates": [ [ 378621.398671383794863, 3949562.976884563919157 ], [ 378627.443985133315437, 3949602.011494069360197 ] ] } },
{ "type": "Feature", "properties": { "from_node": 545, "to_node": 536, "u": 12448431343.0, "v": 357397794.0, "key": 0.0, "index": 1570.0, "osmid": "35578903", "highway": [ "secondary" ], "lanes": [ "1" ], "name": [ "荒玉水道道路" ], "oneway": "True", "ref": "428", "reversed": "False", "length": 21.08368626517067, "maxspeed": [ "30" ], "access": null, "bridge": null, "width": "1.8", "length_m": 25.985146487460124, "building_count_50m": 38.0, "avg_building_area": 105.33514025674037, "poi_count_50m": 1.0, "highway_clean": [ "secondary" ], "highway_rank": 4.0, "sinuosity": 1.0, "poi_diversity": 0.0, "food_drink_count": 1.0, "street_furniture_count": 1.0, "degree_u": 4.0, "degree_v": 4.0, "avg_connectivity": 4.0, "city": "Tokyo", "cluster": 1.0, "typology": "Dense Local Street" }, "geometry": { "type": "LineString", "coordinates": [ [ 377156.151361581869423, 3949349.54808138590306 ], [ 377167.556579487398267, 3949367.25177684193477 ] ] } },
{ "type": "Feature", "properties": { "from_node": 2, "to_node": 2107, "u": 563665826.0, "v": 1237770479.0, "key": 0.0, "index": 907.0, "osmid": "34948237", "highway": [ "primary" ], "lanes": [ "3" ], "name": [ "環七通り" ], "oneway": "True", "ref": "318", "reversed": "False", "length": 271.03389305098358, "maxspeed": [ "50" ], "access": null, "bridge": null, "width": null, "length_m": 334.02998562009287, "building_count_50m": 77.0, "avg_building_area": 234.44576270535345, "poi_count_50m": 14.0, "highway_clean": [ "primary" ], "highway_rank": 5.0, "sinuosity": 1.0000124328144242, "poi_diversity": 0.99113889661309407, "food_drink_count": 1.0, "street_furniture_count": 1.0, "degree_u": 2.0, "degree_v": 4.0, "avg_connectivity": 3.0, "city": "Tokyo", "cluster": 3.0, "typology": "Local Mixed Street" }, "geometry": { "type": "LineString", "coordinates": [ [ 378501.762988639122341, 3949180.53994618030265 ], [ 378504.564360386168119, 3949173.579045158345252 ], [ 378508.918305072875228, 3949162.991398653946817 ], [ 378525.556484074098989, 3949122.681654510088265 ], [ 378551.815994898439385, 3949057.80058092949912 ], [ 378555.994664776721038, 3949047.625833722762764 ], [ 378576.76720928522991, 3948994.523908482398838 ], [ 378610.469115241197869, 3948909.827507543377578 ], [ 378616.557529157958925, 3948894.323827076237649 ], [ 378625.575567994848825, 3948871.29175924975425 ] ] } },
{ "type": "Feature", "properties": { "from_node": 12, "to_node": 11, "u": 278281093.0, "v": 379358928.0, "key": 0.0, "index": 3.0, "osmid": "659079503", "highway": [ "secondary" ], "lanes": [ "2" ], "name": [ "井ノ頭通り" ], "oneway": "False", "ref": "413", "reversed": "False", "length": 172.21867886833562, "maxspeed": [ "30" ], "access": null, "bridge": null, "width": null, "length_m": 212.22846830207956, "building_count_50m": 29.0, "avg_building_area": 200.61813268276777, "poi_count_50m": 10.0, "highway_clean": [ "secondary" ], "highway_rank": 4.0, "sinuosity": 1.009390058752337, "poi_diversity": 1.2798542258336674, "food_drink_count": 3.0, "street_furniture_count": 1.0, "degree_u": 6.0, "degree_v": 6.0, "avg_connectivity": 6.0, "city": "Tokyo", "cluster": 3.0, "typology": "Local Mixed Street" }, "geometry": { "type": "LineString", "coordinates": [ [ 378584.934712204150856, 3948241.135931842029095 ], [ 378583.424461759976111, 3948241.910941386595368 ], [ 378580.884227271541022, 3948242.833143959753215 ], [ 378578.897120356094092, 3948243.159816504456103 ], [ 378575.585363849240821, 3948242.605974164325744 ], [ 378571.293496484460775, 3948241.21128840232268 ], [ 378480.717948189063463, 3948203.797620397526771 ], [ 378424.611032447603066, 3948182.044008066877723 ] ] } },
{ "type": "Feature", "properties": { "from_node": 12, "to_node": 2202, "u": null, "v": null, "key": null, "index": null, "osmid": null, "highway": null, "lanes": null, "name": null, "oneway": null, "ref": null, "reversed": null, "length": null, "maxspeed": null, "access": null, "bridge": null, "width": null, "length_m": null, "building_count_50m": null, "avg_building_area": null, "poi_count_50m": null, "highway_clean": null, "highway_rank": null, "sinuosity": null, "poi_diversity": null, "food_drink_count": null, "street_furniture_count": null, "degree_u": null, "degree_v": null, "avg_connectivity": null, "city": null, "cluster": null, "typology": null }, "geometry": { "type": "LineString", "coordinates": [ [ 378584.934712204150856, 3948241.135931842029095 ], [ 378587.359749382711016, 3948238.406997519079596 ], [ 378589.408854221226647, 3948235.328192611224949 ], [ 378591.749448110640515, 3948230.392726289108396 ], [ 378595.402662406791933, 3948221.478814232163131 ], [ 378603.919488889339846, 3948200.139890613034368 ], [ 378608.252500342729036, 3948200.568861520383507 ], [ 378637.841305027715862, 3948204.902022460475564 ] ] } },
{ "type": "Feature", "properties": { "from_node": 12, "to_node": 716, "u": 278281093.0, "v": 379369319.0, "key": 0.0, "index": 5.0, "osmid": "965407354", "highway": [ "residential" ], "lanes": null, "name": null, "oneway": "False", "ref": null, "reversed": "False", "length": 23.352393848108363, "maxspeed": null, "access": null, "bridge": null, "width": null, "length_m": 28.777736641908341, "building_count_50m": 16.0, "avg_building_area": 212.73063577786974, "poi_count_50m": 19.0, "highway_clean": [ "residential" ], "highway_rank": 2.0, "sinuosity": 1.0167075227026674, "poi_diversity": 1.256637906749007, "food_drink_count": 6.0, "street_furniture_count": 2.0, "degree_u": 6.0, "degree_v": 6.0, "avg_connectivity": 6.0, "city": "Tokyo", "cluster": 4.0, "typology": "Active Commercial High Street" }, "geometry": { "type": "LineString", "coordinates": [ [ 378584.934712204150856, 3948241.135931842029095 ], [ 378589.509268644091208, 3948247.984963673166931 ], [ 378592.003863197751343, 3948251.012815898284316 ], [ 378594.544885492301546, 3948253.463151891250163 ], [ 378597.470550602301955, 3948255.57541931187734 ], [ 378601.018604644050356, 3948257.523874703329057 ] ] } },
{ "type": "Feature", "properties": { "from_node": 12, "to_node": 716, "u": 278281093.0, "v": 379369319.0, "key": 0.0, "index": 5.0, "osmid": "965407354", "highway": [ "residential" ], "lanes": null, "name": null, "oneway": "False", "ref": null, "reversed": "False", "length": 23.352393848108363, "maxspeed": null, "access": null, "bridge": null, "width": null, "length_m": 28.777736641908341, "building_count_50m": 16.0, "avg_building_area": 212.73063577786974, "poi_count_50m": 19.0, "highway_clean": [ "residential" ], "highway_rank": 2.0, "sinuosity": 1.0167075227026674, "poi_diversity": 1.256637906749007, "food_drink_count": 6.0, "street_furniture_count": 2.0, "degree_u": 6.0, "degree_v": 6.0, "avg_connectivity": 6.0, "city": "Tokyo", "cluster": 4.0, "typology": "Active Commercial High Street" }, "geometry": { "type": "LineString", "coordinates": [ [ 378584.934712204150856, 3948241.135931842029095 ], [ 378589.509268644091208, 3948247.984963673166931 ], [ 378592.003863197751343, 3948251.012815898284316 ], [ 378594.544885492301546, 3948253.463151891250163 ], [ 378597.470550602301955, 3948255.57541931187734 ], [ 378601.018604644050356, 3948257.523874703329057 ] ] } },
{ "type": "Feature", "properties": { "from_node": 11, "to_node": 32, "u": null, "v": null, "key": null, "index": null, "osmid": null, "highway": null, "lanes": null, "name": null, "oneway": null, "ref": null, "reversed": null, "length": null, "maxspeed": null, "access": null, "bridge": null, "width": null, "length_m": null, "building_count_50m": null, "avg_building_area": null, "poi_count_50m": null, "highway_clean": null, "highway_rank": null, "sinuosity": null, "poi_diversity": null, "food_drink_count": null, "street_furniture_count": null, "degree_u": null, "degree_v": null, "avg_connectivity": null, "city": null, "cluster": null, "typology": null }, "geometry": { "type": "LineString", "coordinates": [ [ 378424.611032447603066, 3948182.044008066877723 ], [ 378410.961024138494395, 3948176.850119848269969 ], [ 378407.047366605314892, 3948174.651577487122267 ], [ 378403.921444976469502, 3948172.464451416861266 ], [ 378400.949792610364966, 3948169.642863652203232 ], [ 378398.416326761594974, 3948166.426997002679855 ], [ 378396.401292815920897, 3948162.727002317551523 ], [ 378394.610356780467555, 3948158.20299366582185 ], [ 378393.454960534931161, 3948153.814513750839978 ], [ 378393.178370940091554, 3948150.800753104034811 ], [ 378393.095138329372276, 3948147.36277929879725 ], [ 378392.381015052553266, 3948143.467490115202963 ], [ 378390.73003503785003, 3948138.586562803015113 ], [ 378388.47253550804453, 3948134.368472211062908 ], [ 378385.452373084903229, 3948130.648945844266564 ], [ 378381.863411581609398, 3948127.702680471353233 ], [ 378377.973085364094004, 3948125.226483011618257 ], [ 378373.457932941964827, 3948122.736646512523293 ], [ 378361.716560779837891, 3948118.104698215145618 ], [ 378350.860215535445604, 3948115.302245519589633 ], [ 378344.870903554663528, 3948114.241519156843424 ], [ 378339.257539014215581, 3948113.530657832045108 ], [ 378334.146285633847583, 3948113.789193590171635 ], [ 378329.983777157729492, 3948114.578351216390729 ], [ 378325.709525656711776, 3948115.801702591124922 ], [ 378320.075552319409326, 3948117.55398414330557 ], [ 378315.047848121554125, 3948119.286878115963191 ], [ 378305.939766632509418, 3948122.517830543685704 ], [ 378292.590185745269991, 3948128.702362708747387 ], [ 378280.514537963899784, 3948134.703066994436085 ] ] } },
{ "type": "Feature", "properties": { "from_node": 55, "to_node": 54, "u": 278281255.0, "v": 426864300.0, "key": 0.0, "index": 8.0, "osmid": "275655294", "highway": [ "secondary" ], "lanes": [ "2" ], "name": [ "井ノ頭通り" ], "oneway": "False", "ref": "413", "reversed": "False", "length": 163.96469445498482, "maxspeed": [ "40" ], "access": null, "bridge": null, "width": null, "length_m": 202.06037047049665, "building_count_50m": 37.0, "avg_building_area": 408.86431788605012, "poi_count_50m": 8.0, "highway_clean": [ "secondary" ], "highway_rank": 4.0, "sinuosity": 1.0020542222092397, "poi_diversity": 1.2130075659799042, "food_drink_count": 1.0, "street_furniture_count": 1.0, "degree_u": 5.0, "degree_v": 10.0, "avg_connectivity": 7.5, "city": "Tokyo", "cluster": 3.0, "typology": "Local Mixed Street" }, "geometry": { "type": "LineString", "coordinates": [ [ 378050.930291477299761, 3948303.126343780197203 ], [ 378035.237672080867924, 3948329.190463139675558 ], [ 378002.293458344880491, 3948379.176874505821615 ], [ 377971.187399244168773, 3948424.556400432251394 ], [ 377966.894291350443382, 3948429.008527088910341 ], [ 377958.261312374437694, 3948437.802489797119051 ] ] } },
{ "type": "Feature", "properties": { "from_node": 55, "to_node": 63, "u": 278281255.0, "v": 279077016.0, "key": 0.0, "index": 9.0, "osmid": "872255298", "highway": [ "secondary" ], "lanes": [ "3" ], "name": [ "井ノ頭通り" ], "oneway": "False", "ref": "413", "reversed": "True", "length": 44.115069076561802, "maxspeed": [ "40" ], "access": null, "bridge": null, "width": null, "length_m": 54.364263286648367, "building_count_50m": 9.0, "avg_building_area": 1058.8334432438887, "poi_count_50m": 4.0, "highway_clean": [ "secondary" ], "highway_rank": 4.0, "sinuosity": 1.0000173632020921, "poi_diversity": 0.56233514461880829, "food_drink_count": 1.0, "street_furniture_count": 1.0, "degree_u": 5.0, "degree_v": 6.0, "avg_connectivity": 5.5, "city": "Tokyo", "cluster": 3.0, "typology": "Local Mixed Street" }, "geometry": { "type": "LineString", "coordinates": [ [ 378050.930291477299761, 3948303.126343780197203 ], [ 378066.588932024897076, 3948277.21803787117824 ], [ 378069.16265053540701, 3948272.800639129243791 ], [ 378073.577429266064428, 3948265.32935093017295 ] ] } },
{ "type": "Feature", "properties": { "from_node": 58, "to_node": 517, "u": null, "v": null, "key": null, "index": null, "osmid": null, "highway": null, "lanes": null, "name": null, "oneway": null, "ref": null, "reversed": null, "length": null, "maxspeed": null, "access": null, "bridge": null, "width": null, "length_m": null, "building_count_50m": null, "avg_building_area": null, "poi_count_50m": null, "highway_clean": null, "highway_rank": null, "sinuosity": null, "poi_diversity": null, "food_drink_count": null, "street_furniture_count": null, "degree_u": null, "degree_v": null, "avg_connectivity": null, "city": null, "cluster": null, "typology": null }, "geometry": { "type": "LineString", "coordinates": [ [ 377752.918785163201392, 3948185.840135812759399 ], [ 377779.892570471216459, 3948201.411299045197666 ], [ 377810.771922513376921, 3948213.977877359371632 ], [ 377827.994792625948321, 3948218.933164361398667 ], [ 377840.618515186710283, 3948222.542743239551783 ], [ 377943.311847397126257, 3948241.678331227041781 ] ] } },
{ "type": "Feature", "properties": { "from_node": 63, "to_node": 1106, "u": 279077016.0, "v": 420147225.0, "key": 0.0, "index": 12.0, "osmid": "275655293", "highway": [ "trunk_link" ], "lanes": null, "name": null, "oneway": "True", "ref": null, "reversed": "False", "length": 208.7592270267177, "maxspeed": null, "access": "yes", "bridge": null, "width": null, "length_m": 257.25983597293305, "building_count_50m": 30.0, "avg_building_area": 411.37481965681275, "poi_count_50m": 12.0, "highway_clean": [ "trunk_link" ], "highway_rank": 1.0, "sinuosity": 1.0011631452179324, "poi_diversity": 1.2366848691405039, "food_drink_count": 1.0, "street_furniture_count": 2.0, "degree_u": 6.0, "degree_v": 4.0, "avg_connectivity": 5.0, "city": "Tokyo", "cluster": 0.0, "typology": "Arterial Movement Corridor" }, "geometry": { "type": "LineString", "coordinates": [ [ 378073.577429266064428, 3948265.32935093017295 ], [ 378101.096894406364299, 3948269.922080225776881 ], [ 378131.762007844285108, 3948273.517697465606034 ], [ 378191.146703417529352, 3948278.128828781656921 ], [ 378220.877221823204309, 3948281.571146245580167 ], [ 378245.099384624918457, 3948285.355248489417136 ], [ 378264.704828316462226, 3948289.147158466745168 ], [ 378280.662608542887028, 3948292.977954663336277 ] ] } },
{ "type": "Feature", "properties": { "from_node": 1381, "to_node": 1106, "u": 420147225.0, "v": 279077019.0, "key": 0.0, "index": 588.0, "osmid": "275655293", "highway": [ "trunk_link" ], "lanes": null, "name": null, "oneway": "True", "ref": null, "reversed": "False", "length": 31.01513035942472, "maxspeed": null, "access": "yes", "bridge": null, "width": null, "length_m": 38.220900234717945, "building_count_50m": 12.0, "avg_building_area": 362.87101576983946, "poi_count_50m": 4.0, "highway_clean": [ "trunk_link" ], "highway_rank": 1.0, "sinuosity": 1.0, "poi_diversity": 0.69314718055994529, "food_drink_count": 1.0, "street_furniture_count": 2.0, "degree_u": 4.0, "degree_v": 2.0, "avg_connectivity": 3.0, "city": "Tokyo", "cluster": 0.0, "typology": "Arterial Movement Corridor" }, "geometry": { "type": "LineString", "coordinates": [ [ 378327.193926357780583, 3948306.297186060808599 ], [ 378310.92221763858106, 3948300.029943123925477 ], [ 378280.662608542887028, 3948292.977954663336277 ] ] } },
{ "type": "Feature", "properties": { "from_node": 673, "to_node": 1381, "u": 443658601.0, "v": 279077021.0, "key": 0.0, "index": 795.0, "osmid": "275655290", "highway": [ "trunk" ], "lanes": null, "name": [ "甲州街道" ], "oneway": "True", "ref": "20", "reversed": "False", "length": 127.36115725940836, "maxspeed": null, "access": "yes", "bridge": null, "width": null, "length_m": 156.95174112738565, "building_count_50m": 27.0, "avg_building_area": 283.722581765325, "poi_count_50m": 10.0, "highway_clean": [ "trunk" ], "highway_rank": 6.0, "sinuosity": 1.000029350899291, "poi_diversity": 1.2798542258336674, "food_drink_count": 1.0, "street_furniture_count": 2.0, "degree_u": 3.0, "degree_v": 2.0, "avg_connectivity": 2.5, "city": "Tokyo", "cluster": 0.0, "typology": "Arterial Movement Corridor" }, "geometry": { "type": "LineString", "coordinates": [ [ 378458.131843509094324, 3948369.361221857834607 ], [ 378443.069726678309962, 3948359.516063310205936 ], [ 378334.204963919648435, 3948309.263161296024919 ], [ 378327.193926357780583, 3948306.297186060808599 ] ] } },
{ "type": "Feature", "properties": { "from_node": 72, "to_node": 79, "u": null, "v": null, "key": null, "index": null, "osmid": null, "highway": null, "lanes": null, "name": null, "oneway": null, "ref": null, "reversed": null, "length": null, "maxspeed": null, "access": null, "bridge": null, "width": null, "length_m": null, "building_count_50m": null, "avg_building_area": null, "poi_count_50m": null, "highway_clean": null, "highway_rank": null, "sinuosity": null, "poi_diversity": null, "food_drink_count": null, "street_furniture_count": null, "degree_u": null, "degree_v": null, "avg_connectivity": null, "city": null, "cluster": null, "typology": null }, "geometry": { "type": "LineString", "coordinates": [ [ 378544.819300924893469, 3948399.26167671289295 ], [ 378543.187315149581991, 3948404.376075263135135 ], [ 378542.335912335780449, 3948406.329140502028167 ], [ 378531.811882010777481, 3948430.469044773373753 ], [ 378526.315904805785976, 3948440.983505352400243 ], [ 378520.61736272694543, 3948449.259768266230822 ], [ 378509.111356089066248, 3948465.125972711946815 ], [ 378506.965462523512542, 3948467.740178929176182 ] ] } },
{ "type": "Feature", "properties": { "from_node": 716, "to_node": 81, "u": null, "v": null, "key": null, "index": null, "osmid": null, "highway": null, "lanes": null, "name": null, "oneway": null, "ref": null, "reversed": null, "length": null, "maxspeed": null, "access": null, "bridge": null, "width": null, "length_m": null, "building_count_50m": null, "avg_building_area": null, "poi_count_50m": null, "highway_clean": null, "highway_rank": null, "sinuosity": null, "poi_diversity": null, "food_drink_count": null, "street_furniture_count": null, "degree_u": null, "degree_v": null, "avg_connectivity": null, "city": null, "cluster": null, "typology": null }, "geometry": { "type": "LineString", "coordinates": [ [ 378601.018604644050356, 3948257.523874703329057 ], [ 378599.809372941206675, 3948262.443890647962689 ], [ 378599.027999120473396, 3948265.549758586566895 ], [ 378598.09654753585346, 3948268.93502344796434 ], [ 378597.206867539789528, 3948272.064558318350464 ], [ 378593.72943602129817, 3948275.95053290668875 ], [ 378592.293407713761553, 3948311.992044847458601 ], [ 378592.499814811861143, 3948329.096025130711496 ], [ 378592.577856816875283, 3948335.473953931592405 ], [ 378593.0581498099491, 3948378.600493614561856 ], [ 378593.101504580467008, 3948385.089835604187101 ], [ 378520.447906410787255, 3948363.983209945261478 ], [ 378495.483520876790863, 3948356.203613555058837 ], [ 378445.882770299271215, 3948339.486374442465603 ], [ 378418.180301002517808, 3948326.774352983571589 ], [ 378400.948148018214852, 3948319.111156640574336 ] ] } },
{ "type": "Feature", "properties": { "from_node": 83, "to_node": 158, "u": null, "v": null, "key": null, "index": null, "osmid": null, "highway": null, "lanes": null, "name": null, "oneway": null, "ref": null, "reversed": null, "length": null, "maxspeed": null, "access": null, "bridge": null, "width": null, "length_m": null, "building_count_50m": null, "avg_building_area": null, "poi_count_50m": null, "highway_clean": null, "highway_rank": null, "sinuosity": null, "poi_diversity": null, "food_drink_count": null, "street_furniture_count": null, "degree_u": null, "degree_v": null, "avg_connectivity": null, "city": null, "cluster": null, "typology": null }, "geometry": { "type": "LineString", "coordinates": [ [ 378333.311528348189313, 3948288.296792650129646 ], [ 378317.858562799461652, 3948281.663326651323587 ], [ 378301.106475017848425, 3948273.372487599495798 ], [ 378286.081278672732878, 3948266.9107222892344 ], [ 378270.588724728208035, 3948262.019622840452939 ], [ 378241.88758967560716, 3948255.745184747967869 ], [ 378220.241637327591889, 3948253.013005355373025 ], [ 378193.977195214829408, 3948250.821189103182405 ], [ 378159.531718238315079, 3948248.153580386657268 ] ] } },
{ "type": "Feature", "properties": { "from_node": 83, "to_node": 2159, "u": 286841188.0, "v": 360616435.0, "key": 0.0, "index": 20.0, "osmid": "32125300", "highway": [ "residential" ], "lanes": null, "name": null, "oneway": "False", "ref": null, "reversed": "False", "length": 107.46487999580287, "maxspeed": null, "access": null, "bridge": null, "width": null, "length_m": 132.43137374298345, "building_count_50m": 44.0, "avg_building_area": 206.93939113802742, "poi_count_50m": 4.0, "highway_clean": [ "residential" ], "highway_rank": 2.0, "sinuosity": 1.000000008578257, "poi_diversity": 1.0397207708399179, "food_drink_count": 1.0, "street_furniture_count": 2.0, "degree_u": 4.0, "degree_v": 2.0, "avg_connectivity": 3.0, "city": "Tokyo", "cluster": 0.0, "typology": "Arterial Movement Corridor" }, "geometry": { "type": "LineString", "coordinates": [ [ 378333.311528348189313, 3948288.296792650129646 ], [ 378334.559056194848381, 3948279.570997143164277 ], [ 378338.581460191227961, 3948251.348503633867949 ], [ 378348.461597951711155, 3948182.153698453679681 ] ] } },
{ "type": "Feature", "properties": { "from_node": 86, "to_node": 294, "u": null, "v": null, "key": null, "index": null, "osmid": null, "highway": null, "lanes": null, "name": null, "oneway": null, "ref": null, "reversed": null, "length": null, "maxspeed": null, "access": null, "bridge": null, "width": null, "length_m": null, "building_count_50m": null, "avg_building_area": null, "poi_count_50m": null, "highway_clean": null, "highway_rank": null, "sinuosity": null, "poi_diversity": null, "food_drink_count": null, "street_furniture_count": null, "degree_u": null, "degree_v": null, "avg_connectivity": null, "city": null, "cluster": null, "typology": null }, "geometry": { "type": "LineString", "coordinates": [ [ 378089.208594434137922, 3948240.708364021964371 ], [ 378094.42156064172741, 3948233.348176535684615 ], [ 378096.894147324259393, 3948229.475776221137494 ], [ 378100.742329850094393, 3948224.25324544031173 ], [ 378104.813134936208371, 3948220.081587370950729 ], [ 378112.545010732486844, 3948215.526923011988401 ], [ 378128.289507642388344, 3948207.745038202498108 ], [ 378154.614562494156417, 3948195.192011610139161 ], [ 378157.960237528430298, 3948193.593013139441609 ], [ 378160.919610483397264, 3948192.210094193462282 ], [ 378166.001939438632689, 3948189.844007977284491 ] ] } },
{ "type": "Feature", "properties": { "from_node": 86, "to_node": 97, "u": 286841191.0, "v": 345536733.0, "key": 0.0, "index": 23.0, "osmid": "916526033", "highway": [ "trunk_link" ], "lanes": [ "2" ], "name": null, "oneway": "True", "ref": "20", "reversed": "False", "length": 85.133719977500505, "maxspeed": null, "access": "yes", "bridge": null, "width": null, "length_m": 104.91211822257237, "building_count_50m": 27.0, "avg_building_area": 215.55158536381629, "poi_count_50m": 8.0, "highway_clean": [ "trunk_link" ], "highway_rank": 1.0, "sinuosity": 1.0000722491523697, "poi_diversity": 0.66156323815798213, "food_drink_count": 1.0, "street_furniture_count": 1.0, "degree_u": 6.0, "degree_v": 4.0, "avg_connectivity": 5.0, "city": "Tokyo", "cluster": 3.0, "typology": "Local Mixed Street" }, "geometry": { "type": "LineString", "coordinates": [ [ 378089.208594434137922, 3948240.708364021964371 ], [ 378069.61360261333175, 3948237.693265336100012 ], [ 378005.214510707068257, 3948225.907397093251348 ] ] } },
{ "type": "Feature", "properties": { "from_node": 97, "to_node": 147, "u": null, "v": null, "key": null, "index": null, "osmid": null, "highway": null, "lanes": null, "name": null, "oneway": null, "ref": null, "reversed": null, "length": null, "maxspeed": null, "access": null, "bridge": null, "width": null, "length_m": null, "building_count_50m": null, "avg_building_area": null, "poi_count_50m": null, "highway_clean": null, "highway_rank": null, "sinuosity": null, "poi_diversity": null, "food_drink_count": null, "street_furniture_count": null, "degree_u": null, "degree_v": null, "avg_connectivity": null, "city": null, "cluster": null, "typology": null }, "geometry": { "type": "LineString", "coordinates": [ [ 378005.214510707068257, 3948225.907397093251348 ], [ 377918.070213698665611, 3948209.819194596726447 ], [ 377886.57955290353857, 3948203.484343906864524 ], [ 377858.094706381554715, 3948195.200152459554374 ], [ 377845.529891169746406, 3948191.268014120403677 ], [ 377832.311319555388764, 3948186.535018417052925 ], [ 377818.232091729063541, 3948180.438220382668078 ], [ 377805.7364615193801, 3948174.297491924837232 ] ] } },
{ "type": "Feature", "properties": { "from_node": 115, "to_node": 104, "u": null, "v": null, "key": null, "index": null, "osmid": null, "highway": null, "lanes": null, "name": null, "oneway": null, "ref": null, "reversed": null, "length": null, "maxspeed": null, "access": null, "bridge": null, "width": null, "length_m": null, "building_count_50m": null, "avg_building_area": null, "poi_count_50m": null, "highway_clean": null, "highway_rank": null, "sinuosity": null, "poi_diversity": null, "food_drink_count": null, "street_furniture_count": null, "degree_u": null, "degree_v": null, "avg_connectivity": null, "city": null, "cluster": null, "typology": null }, "geometry": { "type": "LineString", "coordinates": [ [ 377730.300072067650035, 3948566.58480615913868 ], [ 377725.878591445158236, 3948559.057356214150786 ], [ 377725.809894115314819, 3948556.695289541501552 ], [ 377727.459282169293147, 3948552.223929597530514 ], [ 377726.470574174891226, 3948548.787309549748898 ], [ 377708.601804501551669, 3948542.243595945648849 ], [ 377689.953751666238531, 3948529.065361188724637 ] ] } },
{ "type": "Feature", "properties": { "from_node": 115, "to_node": 114, "u": null, "v": null, "key": null, "index": null, "osmid": null, "highway": null, "lanes": null, "name": null, "oneway": null, "ref": null, "reversed": null, "length": null, "maxspeed": null, "access": null, "bridge": null, "width": null, "length_m": null, "building_count_50m": null, "avg_building_area": null, "poi_count_50m": null, "highway_clean": null, "highway_rank": null, "sinuosity": null, "poi_diversity": null, "food_drink_count": null, "street_furniture_count": null, "degree_u": null, "degree_v": null, "avg_connectivity": null, "city": null, "cluster": null, "typology": null }, "geometry": { "type": "LineString", "coordinates": [ [ 377730.300072067650035, 3948566.58480615913868 ], [ 377629.681715900485869, 3948630.228527605067939 ], [ 377628.200746485963464, 3948631.147524153348058 ], [ 377626.493666960392147, 3948632.08072746032849 ], [ 377618.371197720000055, 3948637.151540971361101 ], [ 377616.645866598002613, 3948638.073903569020331 ], [ 377614.34893777925754, 3948639.558833583258092 ], [ 377564.190209278371185, 3948672.399809041060507 ], [ 377554.835192309343256, 3948678.674713441170752 ], [ 377534.806968141405378, 3948692.784773919731379 ], [ 377499.47739429626381, 3948719.797221368644387 ] ] } },
{ "type": "Feature", "properties": { "from_node": 115, "to_node": 1301, "u": null, "v": null, "key": null, "index": null, "osmid": null, "highway": null, "lanes": null, "name": null, "oneway": null, "ref": null, "reversed": null, "length": null, "maxspeed": null, "access": null, "bridge": null, "width": null, "length_m": null, "building_count_50m": null, "avg_building_area": null, "poi_count_50m": null, "highway_clean": null, "highway_rank": null, "sinuosity": null, "poi_diversity": null, "food_drink_count": null, "street_furniture_count": null, "degree_u": null, "degree_v": null, "avg_connectivity": null, "city": null, "cluster": null, "typology": null }, "geometry": { "type": "LineString", "coordinates": [ [ 377730.300072067650035, 3948566.58480615913868 ], [ 377821.673037264845334, 3948507.895208489149809 ], [ 377845.054582869517617, 3948493.351468420121819 ], [ 377853.868723644700367, 3948487.87198839103803 ], [ 377880.204216541606002, 3948472.211648339405656 ], [ 377931.633679144782946, 3948448.685111957602203 ] ] } },
{ "type": "Feature", "properties": { "from_node": 121, "to_node": 130, "u": null, "v": null, "key": null, "index": null, "osmid": null, "highway": null, "lanes": null, "name": null, "oneway": null, "ref": null, "reversed": null, "length": null, "maxspeed": null, "access": null, "bridge": null, "width": null, "length_m": null, "building_count_50m": null, "avg_building_area": null, "poi_count_50m": null, "highway_clean": null, "highway_rank": null, "sinuosity": null, "poi_diversity": null, "food_drink_count": null, "street_furniture_count": null, "degree_u": null, "degree_v": null, "avg_connectivity": null, "city": null, "cluster": null, "typology": null }, "geometry": { "type": "LineString", "coordinates": [ [ 377969.044730792113114, 3949576.614480682648718 ], [ 377969.647915563837159, 3949583.628672515042126 ], [ 377969.821341852715705, 3949585.711954948026687 ], [ 377944.927552679029759, 3949602.639281865675002 ], [ 377919.947535776649602, 3949619.212860542815179 ], [ 377903.182182180695236, 3949629.571969648823142 ], [ 377890.642199617519509, 3949636.522676090244204 ], [ 377879.826934446173254, 3949642.517807511147112 ], [ 377808.989983586536255, 3949587.056511410046369 ] ] } },
{ "type": "Feature", "properties": { "from_node": 121, "to_node": 1641, "u": null, "v": null, "key": null, "index": null, "osmid": null, "highway": null, "lanes": null, "name": null, "oneway": null, "ref": null, "reversed": null, "length": null, "maxspeed": null, "access": null, "bridge": null, "width": null, "length_m": null, "building_count_50m": null, "avg_building_area": null, "poi_count_50m": null, "highway_clean": null, "highway_rank": null, "sinuosity": null, "poi_diversity": null, "food_drink_count": null, "street_furniture_count": null, "degree_u": null, "degree_v": null, "avg_connectivity": null, "city": null, "cluster": null, "typology": null }, "geometry": { "type": "LineString", "coordinates": [ [ 377969.044730792113114, 3949576.614480682648718 ], [ 378010.924776855332311, 3949576.605300019495189 ], [ 378030.822642664425075, 3949578.817236315924674 ], [ 378049.362552371050697, 3949582.989292674232274 ] ] } },
{ "type": "Feature", "properties": { "from_node": 130, "to_node": 1364, "u": 286896857.0, "v": 433732635.0, "key": 0.0, "index": 32.0, "osmid": "51397491", "highway": [ "residential" ], "lanes": null, "name": null, "oneway": "False", "ref": null, "reversed": "True", "length": 81.084288038699654, "maxspeed": null, "access": null, "bridge": null, "width": null, "length_m": 99.936816204367631, "building_count_50m": 39.0, "avg_building_area": 254.8430924774801, "poi_count_50m": 9.0, "highway_clean": [ "residential" ], "highway_rank": 2.0, "sinuosity": 1.00000000421072, "poi_diversity": 0.84868555772641718, "food_drink_count": 1.0, "street_furniture_count": 2.0, "degree_u": 8.0, "degree_v": 5.0, "avg_connectivity": 6.5, "city": "Tokyo", "cluster": 0.0, "typology": "Arterial Movement Corridor" }, "geometry": { "type": "LineString", "coordinates": [ [ 377808.989983586536255, 3949587.056511410046369 ], [ 377845.953645860136021, 3949544.790684509091079 ], [ 377862.350470933131874, 3949526.049502978101373 ] ] } },
{ "type": "Feature", "properties": { "from_node": 130, "to_node": 135, "u": 286896857.0, "v": 433733291.0, "key": 0.0, "index": 33.0, "osmid": "778198799", "highway": [ "primary" ], "lanes": [ "4" ], "name": [ "方南通り" ], "oneway": "False", "ref": "14", "reversed": "False", "length": 45.623627865356497, "maxspeed": [ "40" ], "access": null, "bridge": null, "width": null, "length_m": 56.23157988906113, "building_count_50m": 25.0, "avg_building_area": 327.15070465829859, "poi_count_50m": 8.0, "highway_clean": [ "primary" ], "highway_rank": 5.0, "sinuosity": 1.0003800812685248, "poi_diversity": 1.0821955300387673, "food_drink_count": 1.0, "street_furniture_count": 3.0, "degree_u": 8.0, "degree_v": 6.0, "avg_connectivity": 7.0, "city": "Tokyo", "cluster": 0.0, "typology": "Arterial Movement Corridor" }, "geometry": { "type": "LineString", "coordinates": [ [ 377808.989983586536255, 3949587.056511410046369 ], [ 377806.839089110610075, 3949587.29687059065327 ], [ 377789.468639504746534, 3949590.508908492978662 ], [ 377766.327395622967742, 3949595.320225479546934 ], [ 377764.09505803976208, 3949595.561715318821371 ] ] } },
{ "type": "Feature", "properties": { "from_node": 130, "to_node": 120, "u": 286896857.0, "v": 1177182016.0, "key": 0.0, "index": 34.0, "osmid": "778198799", "highway": [ "primary" ], "lanes": [ "4" ], "name": [ "方南通り" ], "oneway": "False", "ref": "14", "reversed": "True", "length": 115.51923751906889, "maxspeed": [ "40" ], "access": null, "bridge": null, "width": null, "length_m": 142.37849058505861, "building_count_50m": 48.0, "avg_building_area": 244.4447988298169, "poi_count_50m": 8.0, "highway_clean": [ "primary" ], "highway_rank": 5.0, "sinuosity": 1.0009606278662051, "poi_diversity": 1.0397207708399179, "food_drink_count": 1.0, "street_furniture_count": 2.0, "degree_u": 8.0, "degree_v": 6.0, "avg_connectivity": 7.0, "city": "Tokyo", "cluster": 0.0, "typology": "Arterial Movement Corridor" }, "geometry": { "type": "LineString", "coordinates": [ [ 377808.989983586536255, 3949587.056511410046369 ], [ 377834.460913258139044, 3949583.156268708407879 ], [ 377890.480847409693524, 3949580.644612440373749 ], [ 377924.34484446188435, 3949578.903572235256433 ] ] } },
{ "type": "Feature", "properties": { "from_node": 139, "to_node": 1715, "u": 802169896.0, "v": 863242612.0, "key": 0.0, "index": 1017.0, "osmid": "778198799", "highway": [ "primary" ], "lanes": [ "4" ], "name": [ "方南通り" ], "oneway": "False", "ref": "14", "reversed": "True", "length": 37.452460843008105, "maxspeed": [ "40" ], "access": null, "bridge": null, "width": null, "length_m": 46.1606332600429, "building_count_50m": 30.0, "avg_building_area": 181.17034754250304, "poi_count_50m": 13.0, "highway_clean": [ "primary" ], "highway_rank": 5.0, "sinuosity": 1.0013496636468475, "poi_diversity": 1.2309316230479224, "food_drink_count": 3.0, "street_furniture_count": 1.0, "degree_u": 6.0, "degree_v": 4.0, "avg_connectivity": 5.0, "city": "Tokyo", "cluster": 3.0, "typology": "Local Mixed Street" }, "geometry": { "type": "LineString", "coordinates": [ [ 377659.220105124055408, 3949614.111745245289057 ], [ 377645.503968550125137, 3949613.856818866916001 ], [ 377621.750302744389046, 3949612.309008279815316 ], [ 377608.231526745425072, 3949609.95466016093269 ] ] } },
{ "type": "Feature", "properties": { "from_node": 139, "to_node": 2162, "u": null, "v": null, "key": null, "index": null, "osmid": null, "highway": null, "lanes": null, "name": null, "oneway": null, "ref": null, "reversed": null, "length": null, "maxspeed": null, "access": null, "bridge": null, "width": null, "length_m": null, "building_count_50m": null, "avg_building_area": null, "poi_count_50m": null, "highway_clean": null, "highway_rank": null, "sinuosity": null, "poi_diversity": null, "food_drink_count": null, "street_furniture_count": null, "degree_u": null, "degree_v": null, "avg_connectivity": null, "city": null, "cluster": null, "typology": null }, "geometry": { "type": "LineString", "coordinates": [ [ 377659.220105124055408, 3949614.111745245289057 ], [ 377672.243985989305656, 3949634.43412312772125 ], [ 377696.703848104225472, 3949657.705436655320227 ], [ 377705.417970772658009, 3949665.440045267343521 ] ] } },
{ "type": "Feature", "properties": { "from_node": 139, "to_node": 1365, "u": 286896860.0, "v": 1176517354.0, "key": 0.0, "index": 37.0, "osmid": "778198799", "highway": [ "primary" ], "lanes": [ "4" ], "name": [ "方南通り" ], "oneway": "False", "ref": "14", "reversed": "True", "length": 36.064077023814228, "maxspeed": [ "40" ], "access": null, "bridge": null, "width": null, "length_m": 44.449432696485204, "building_count_50m": 37.0, "avg_building_area": 186.45211270248507, "poi_count_50m": 5.0, "highway_clean": [ "primary" ], "highway_rank": 5.0, "sinuosity": 1.0007431262559323, "poi_diversity": 0.95027053923323468, "food_drink_count": 1.0, "street_furniture_count": 1.0, "degree_u": 6.0, "degree_v": 6.0, "avg_connectivity": 6.0, "city": "Tokyo", "cluster": 3.0, "typology": "Local Mixed Street" }, "geometry": { "type": "LineString", "coordinates": [ [ 377659.220105124055408, 3949614.111745245289057 ], [ 377672.389076637569815, 3949612.754504516720772 ], [ 377685.995261495059822, 3949610.281868790276349 ], [ 377694.905773097008932, 3949608.606078598182648 ] ] } },
{ "type": "Feature", "properties": { "from_node": 149, "to_node": 147, "u": null, "v": null, "key": null, "index": null, "osmid": null, "highway": null, "lanes": null, "name": null, "oneway": null, "ref": null, "reversed": null, "length": null, "maxspeed": null, "access": null, "bridge": null, "width": null, "length_m": null, "building_count_50m": null, "avg_building_area": null, "poi_count_50m": null, "highway_clean": null, "highway_rank": null, "sinuosity": null, "poi_diversity": null, "food_drink_count": null, "street_furniture_count": null, "degree_u": null, "degree_v": null, "avg_connectivity": null, "city": null, "cluster": null, "typology": null }, "geometry": { "type": "LineString", "coordinates": [ [ 377750.516630842874292, 3948136.227770252153277 ], [ 377753.802786405489314, 3948130.302798863966018 ], [ 377759.595062441949267, 3948114.392107990104705 ], [ 377760.913430687098298, 3948110.857203363440931 ], [ 377803.299979204544798, 3948113.602751089725643 ], [ 377809.263037507771514, 3948114.064403638243675 ], [ 377809.656405284651555, 3948148.616618608124554 ], [ 377809.332336641906295, 3948159.947984666097909 ], [ 377808.392898519698065, 3948166.683822899591178 ], [ 377805.7364615193801, 3948174.297491924837232 ] ] } },
{ "type": "Feature", "properties": { "from_node": 159, "to_node": 1701, "u": 344447151.0, "v": 1177181921.0, "key": 0.0, "index": 42.0, "osmid": [ 32125133, 32125131, 35903029 ], "highway": [ "unclassified" ], "lanes": null, "name": [ "番屋橋" ], "oneway": "False", "ref": null, "reversed": [ false, true ], "length": 141.44392703961634, "maxspeed": null, "access": null, "bridge": "yes", "width": null, "length_m": 174.32091568829233, "building_count_50m": 75.0, "avg_building_area": 132.35186066676988, "poi_count_50m": 1.0, "highway_clean": [ "unclassified" ], "highway_rank": 1.0, "sinuosity": 1.0098223110804723, "poi_diversity": 0.0, "food_drink_count": 1.0, "street_furniture_count": 1.0, "degree_u": 8.0, "degree_v": 6.0, "avg_connectivity": 7.0, "city": "Tokyo", "cluster": 1.0, "typology": "Dense Local Street" }, "geometry": { "type": "LineString", "coordinates": [ [ 377730.110757932125125, 3949109.569970236159861 ], [ 377752.440615427796729, 3949092.400008146651089 ], [ 377757.410056096152402, 3949089.76895769033581 ], [ 377766.360303528083023, 3949085.019689183682203 ], [ 377788.754640840925276, 3949076.480035781860352 ], [ 377809.247687327442691, 3949068.565651127137244 ], [ 377822.000638055207673, 3949064.540742544457316 ], [ 377824.224572865641676, 3949063.678126915823668 ], [ 377831.345280417997856, 3949060.163315299432725 ], [ 377833.682502792100422, 3949058.322877075057477 ], [ 377836.423321318812668, 3949056.210637603886425 ], [ 377844.457714386284351, 3949050.02073055319488 ], [ 377853.549513004138134, 3949043.050817644223571 ] ] } },
{ "type": "Feature", "properties": { "from_node": 159, "to_node": 172, "u": 344447151.0, "v": 419670517.0, "key": 0.0, "index": 43.0, "osmid": "1334061136", "highway": [ "residential" ], "lanes": null, "name": null, "oneway": "False", "ref": null, "reversed": "True", "length": 31.66941512656901, "maxspeed": null, "access": null, "bridge": null, "width": null, "length_m": 39.030683508380861, "building_count_50m": 49.0, "avg_building_area": 104.83506988035856, "poi_count_50m": 1.0, "highway_clean": [ "residential" ], "highway_rank": 2.0, "sinuosity": 1.0007768842015814, "poi_diversity": 0.0, "food_drink_count": 1.0, "street_furniture_count": 1.0, "degree_u": 8.0, "degree_v": 6.0, "avg_connectivity": 7.0, "city": "Tokyo", "cluster": 1.0, "typology": "Dense Local Street" }, "geometry": { "type": "LineString", "coordinates": [ [ 377730.110757932125125, 3949109.569970236159861 ], [ 377721.6687117406982, 3949093.355794246774167 ], [ 377714.579499783634674, 3949082.048731872346252 ] ] } },
{ "type": "Feature", "properties": { "from_node": 159, "to_node": 174, "u": 344447151.0, "v": 419670701.0, "key": 0.0, "index": 44.0, "osmid": "1334061137", "highway": [ "residential" ], "lanes": null, "name": null, "oneway": "False", "ref": null, "reversed": "True", "length": 69.325593473251772, "maxspeed": null, "access": null, "bridge": null, "width": null, "length_m": 85.439961416491542, "building_count_50m": 56.0, "avg_building_area": 125.69219713175453, "poi_count_50m": 1.0, "highway_clean": [ "residential" ], "highway_rank": 2.0, "sinuosity": 1.0000000006631207, "poi_diversity": 0.0, "food_drink_count": 1.0, "street_furniture_count": 1.0, "degree_u": 8.0, "degree_v": 6.0, "avg_connectivity": 7.0, "city": "Tokyo", "cluster": 1.0, "typology": "Dense Local Street" }, "geometry": { "type": "LineString", "coordinates": [ [ 377730.110757932125125, 3949109.569970236159861 ], [ 377695.968603397370316, 3949124.117937777657062 ], [ 377666.245073604513891, 3949136.785814498085529 ] ] } },
{ "type": "Feature", "properties": { "from_node": 159, "to_node": 178, "u": 344447151.0, "v": 344447206.0, "key": 0.0, "index": 45.0, "osmid": "1334061140", "highway": [ "unclassified" ], "lanes": null, "name": null, "oneway": "False", "ref": null, "reversed": "False", "length": 42.79485996344706, "maxspeed": null, "access": null, "bridge": null, "width": null, "length_m": 52.742343656142801, "building_count_50m": 44.0, "avg_building_area": 103.79911808397401, "poi_count_50m": 1.0, "highway_clean": [ "unclassified" ], "highway_rank": 1.0, "sinuosity": 1.0001825367290738, "poi_diversity": 0.0, "food_drink_count": 1.0, "street_furniture_count": 1.0, "degree_u": 8.0, "degree_v": 6.0, "avg_connectivity": 7.0, "city": "Tokyo", "cluster": 1.0, "typology": "Dense Local Street" }, "geometry": { "type": "LineString", "coordinates": [ [ 377730.110757932125125, 3949109.569970236159861 ], [ 377735.098365857382305, 3949126.685905708465725 ], [ 377741.123885254841298, 3949150.821137938182801 ] ] } },
{ "type": "Feature", "properties": { "from_node": 178, "to_node": 177, "u": 344447206.0, "v": 344447220.0, "key": 0.0, "index": 46.0, "osmid": "36723648", "highway": [ "unclassified" ], "lanes": null, "name": null, "oneway": "False", "ref": null, "reversed": "True", "length": 59.080253643252306, "maxspeed": null, "access": null, "bridge": null, "width": null, "length_m": 72.813484049611844, "building_count_50m": 47.0, "avg_building_area": 123.9789829032707, "poi_count_50m": 5.0, "highway_clean": [ "unclassified" ], "highway_rank": 1.0, "sinuosity": 1.0000319045061097, "poi_diversity": 0.50040242353818787, "food_drink_count": 1.0, "street_furniture_count": 1.0, "degree_u": 6.0, "degree_v": 6.0, "avg_connectivity": 6.0, "city": "Tokyo", "cluster": 1.0, "typology": "Dense Local Street" }, "geometry": { "type": "LineString", "coordinates": [ [ 377741.123885254841298, 3949150.821137938182801 ], [ 377715.719518470636103, 3949163.595850652549416 ], [ 377688.060362491465639, 3949176.956365545745939 ] ] } },
{ "type": "Feature", "properties": { "from_node": 178, "to_node": 1075, "u": 344447206.0, "v": 476565265.0, "key": 0.0, "index": 47.0, "osmid": "1334061140", "highway": [ "unclassified" ], "lanes": null, "name": null, "oneway": "False", "ref": null, "reversed": "False", "length": 60.07257095764826, "maxspeed": null, "access": null, "bridge": null, "width": null, "length_m": 74.036595035041316, "building_count_50m": 47.0, "avg_building_area": 107.52974464337426, "poi_count_50m": 2.0, "highway_clean": [ "unclassified" ], "highway_rank": 1.0, "sinuosity": 1.0052122151480634, "poi_diversity": 0.0, "food_drink_count": 1.0, "street_furniture_count": 1.0, "degree_u": 6.0, "degree_v": 6.0, "avg_connectivity": 6.0, "city": "Tokyo", "cluster": 1.0, "typology": "Dense Local Street" }, "geometry": { "type": "LineString", "coordinates": [ [ 377741.123885254841298, 3949150.821137938182801 ], [ 377746.559429905668367, 3949168.918280199635774 ], [ 377756.291255940392148, 3949192.703006724826992 ], [ 377764.480919811641797, 3949205.71452817087993 ] ] } },
{ "type": "Feature", "properties": { "from_node": 177, "to_node": 174, "u": 344447220.0, "v": 419670701.0, "key": 0.0, "index": 50.0, "osmid": "35903017", "highway": [ "residential" ], "lanes": null, "name": null, "oneway": "False", "ref": null, "reversed": "True", "length": 45.780616346225145, "maxspeed": null, "access": null, "bridge": null, "width": null, "length_m": 56.422291268427216, "building_count_50m": 43.0, "avg_building_area": 154.27139286825869, "poi_count_50m": 4.0, "highway_clean": [ "residential" ], "highway_rank": 2.0, "sinuosity": 1.0000634448789423, "poi_diversity": 0.56233514461880829, "food_drink_count": 1.0, "street_furniture_count": 1.0, "degree_u": 6.0, "degree_v": 6.0, "avg_connectivity": 6.0, "city": "Tokyo", "cluster": 3.0, "typology": "Local Mixed Street" }, "geometry": { "type": "LineString", "coordinates": [ [ 377688.060362491465639, 3949176.956365545745939 ], [ 377677.103315738087986, 3949156.23940797150135 ], [ 377666.245073604513891, 3949136.785814498085529 ] ] } },
{ "type": "Feature", "properties": { "from_node": 177, "to_node": 174, "u": 344447220.0, "v": 419670701.0, "key": 0.0, "index": 50.0, "osmid": "35903017", "highway": [ "residential" ], "lanes": null, "name": null, "oneway": "False", "ref": null, "reversed": "True", "length": 45.780616346225145, "maxspeed": null, "access": null, "bridge": null, "width": null, "length_m": 56.422291268427216, "building_count_50m": 43.0, "avg_building_area": 154.27139286825869, "poi_count_50m": 4.0, "highway_clean": [ "residential" ], "highway_rank": 2.0, "sinuosity": 1.0000634448789423, "poi_diversity": 0.56233514461880829, "food_drink_count": 1.0, "street_furniture_count": 1.0, "degree_u": 6.0, "degree_v": 6.0, "avg_connectivity": 6.0, "city": "Tokyo", "cluster": 3.0, "typology": "Local Mixed Street" }, "geometry": { "type": "LineString", "coordinates": [ [ 377688.060362491465639, 3949176.956365545745939 ], [ 377677.103315738087986, 3949156.23940797150135 ], [ 377666.245073604513891, 3949136.785814498085529 ] ] } },
{ "type": "Feature", "properties": { "from_node": 185, "to_node": 190, "u": null, "v": null, "key": null, "index": null, "osmid": null, "highway": null, "lanes": null, "name": null, "oneway": null, "ref": null, "reversed": null, "length": null, "maxspeed": null, "access": null, "bridge": null, "width": null, "length_m": null, "building_count_50m": null, "avg_building_area": null, "poi_count_50m": null, "highway_clean": null, "highway_rank": null, "sinuosity": null, "poi_diversity": null, "food_drink_count": null, "street_furniture_count": null, "degree_u": null, "degree_v": null, "avg_connectivity": null, "city": null, "cluster": null, "typology": null }, "geometry": { "type": "LineString", "coordinates": [ [ 377251.243638904765248, 3949455.490935013629496 ], [ 377269.104596728400793, 3949451.084018859546632 ], [ 377287.982980365632102, 3949446.285895643290132 ], [ 377296.194809938664548, 3949443.166044643614441 ], [ 377319.576773189590313, 3949431.516292732674628 ], [ 377340.942903015529737, 3949418.086106334347278 ] ] } },
{ "type": "Feature", "properties": { "from_node": 190, "to_node": 196, "u": 344447277.0, "v": 433731422.0, "key": 0.0, "index": 55.0, "osmid": "30976441", "highway": [ "unclassified" ], "lanes": null, "name": null, "oneway": "False", "ref": null, "reversed": "False", "length": 52.579828811445992, "maxspeed": null, "access": null, "bridge": null, "width": null, "length_m": 64.803765659381867, "building_count_50m": 57.0, "avg_building_area": 101.58315539534297, "poi_count_50m": 1.0, "highway_clean": [ "unclassified" ], "highway_rank": 1.0, "sinuosity": 1.0003274021457624, "poi_diversity": 0.0, "food_drink_count": 1.0, "street_furniture_count": 1.0, "degree_u": 8.0, "degree_v": 6.0, "avg_connectivity": 7.0, "city": "Tokyo", "cluster": 1.0, "typology": "Dense Local Street" }, "geometry": { "type": "LineString", "coordinates": [ [ 377340.942903015529737, 3949418.086106334347278 ], [ 377367.93622098013293, 3949403.790654354263097 ], [ 377386.896565355476923, 3949392.457261041272432 ] ] } },
{ "type": "Feature", "properties": { "from_node": 190, "to_node": 194, "u": 344447277.0, "v": 1180573531.0, "key": 0.0, "index": 57.0, "osmid": "35262603", "highway": [ "residential" ], "lanes": null, "name": null, "oneway": "False", "ref": null, "reversed": "False", "length": 55.444868902781323, "maxspeed": null, "access": null, "bridge": null, "width": null, "length_m": 68.334783488706506, "building_count_50m": 55.0, "avg_building_area": 106.58697116333012, "poi_count_50m": 2.0, "highway_clean": [ "residential" ], "highway_rank": 2.0, "sinuosity": 1.0001196910570953, "poi_diversity": 0.0, "food_drink_count": 1.0, "street_furniture_count": 1.0, "degree_u": 8.0, "degree_v": 6.0, "avg_connectivity": 7.0, "city": "Tokyo", "cluster": 1.0, "typology": "Dense Local Street" }, "geometry": { "type": "LineString", "coordinates": [ [ 377340.942903015529737, 3949418.086106334347278 ], [ 377337.295271794253495, 3949411.535527911968529 ], [ 377323.687751396442764, 3949385.075591415166855 ], [ 377315.679266018792987, 3949368.83360194414854 ] ] } },
{ "type": "Feature", "properties": { "from_node": 190, "to_node": 974, "u": 344447277.0, "v": 413323989.0, "key": 0.0, "index": 58.0, "osmid": "35262603", "highway": [ "residential" ], "lanes": null, "name": null, "oneway": "False", "ref": null, "reversed": "True", "length": 60.539892511292223, "maxspeed": null, "access": null, "bridge": null, "width": null, "length_m": 74.61475297892747, "building_count_50m": 70.0, "avg_building_area": 98.711652102554197, "poi_count_50m": 1.0, "highway_clean": [ "residential" ], "highway_rank": 2.0, "sinuosity": 1.0003436755523678, "poi_diversity": 0.0, "food_drink_count": 1.0, "street_furniture_count": 1.0, "degree_u": 8.0, "degree_v": 8.0, "avg_connectivity": 8.0, "city": "Tokyo", "cluster": 1.0, "typology": "Dense Local Street" }, "geometry": { "type": "LineString", "coordinates": [ [ 377340.942903015529737, 3949418.086106334347278 ], [ 377352.999615928390995, 3949449.581948884297162 ], [ 377363.854080072662327, 3949473.983151197899133 ] ] } },
{ "type": "Feature", "properties": { "from_node": 197, "to_node": 199, "u": 344447280.0, "v": 344447281.0, "key": 0.0, "index": 61.0, "osmid": "30976441", "highway": [ "unclassified" ], "lanes": null, "name": null, "oneway": "False", "ref": null, "reversed": "False", "length": 36.745179493496629, "maxspeed": null, "access": null, "bridge": null, "width": null, "length_m": 45.287656123566386, "building_count_50m": 58.0, "avg_building_area": 107.52313985084075, "poi_count_50m": 1.0, "highway_clean": [ "unclassified" ], "highway_rank": 1.0, "sinuosity": 1.0037620750183927, "poi_diversity": 0.0, "food_drink_count": 1.0, "street_furniture_count": 1.0, "degree_u": 6.0, "degree_v": 6.0, "avg_connectivity": 6.0, "city": "Tokyo", "cluster": 1.0, "typology": "Dense Local Street" }, "geometry": { "type": "LineString", "coordinates": [ [ 377412.657862558146007, 3949378.733647543005645 ], [ 377426.390583853877615, 3949372.287236927542835 ], [ 377447.27614424622152, 3949366.65192043967545 ] ] } },
{ "type": "Feature", "properties": { "from_node": 199, "to_node": 202, "u": 344447281.0, "v": 433731489.0, "key": 0.0, "index": 64.0, "osmid": "37236873", "highway": [ "residential" ], "lanes": null, "name": null, "oneway": "False", "ref": null, "reversed": "True", "length": 86.253218759471508, "maxspeed": null, "access": null, "bridge": null, "width": null, "length_m": 106.30473444241642, "building_count_50m": 87.0, "avg_building_area": 110.55415620821356, "poi_count_50m": 1.0, "highway_clean": [ "residential" ], "highway_rank": 2.0, "sinuosity": 1.0000667688891585, "poi_diversity": 0.0, "food_drink_count": 1.0, "street_furniture_count": 1.0, "degree_u": 6.0, "degree_v": 6.0, "avg_connectivity": 6.0, "city": "Tokyo", "cluster": 1.0, "typology": "Dense Local Street" }, "geometry": { "type": "LineString", "coordinates": [ [ 377447.27614424622152, 3949366.65192043967545 ], [ 377433.547372007160448, 3949337.286877600941807 ], [ 377419.410682829620782, 3949307.228558903560042 ], [ 377411.222634392150212, 3949288.459538830909878 ] ] } },
{ "type": "Feature", "properties": { "from_node": 203, "to_node": 904, "u": 344447282.0, "v": 413320812.0, "key": 0.0, "index": 66.0, "osmid": "30976441", "highway": [ "unclassified" ], "lanes": null, "name": null, "oneway": "False", "ref": null, "reversed": "False", "length": 33.113440431383538, "maxspeed": null, "access": null, "bridge": null, "width": null, "length_m": 40.811575219846034, "building_count_50m": 32.0, "avg_building_area": 135.81082092338764, "poi_count_50m": 4.0, "highway_clean": [ "unclassified" ], "highway_rank": 1.0, "sinuosity": 1.0043770299413251, "poi_diversity": 1.0397207708399179, "food_drink_count": 1.0, "street_furniture_count": 1.0, "degree_u": 6.0, "degree_v": 4.0, "avg_connectivity": 5.0, "city": "Tokyo", "cluster": 3.0, "typology": "Local Mixed Street" }, "geometry": { "type": "LineString", "coordinates": [ [ 377476.007267133099958, 3949364.802478882949799 ], [ 377489.705455647897907, 3949363.726129693444818 ], [ 377495.769633641815744, 3949362.388921757694334 ], [ 377503.910707747621927, 3949360.035728634335101 ], [ 377508.472472421941347, 3949358.708143039606512 ] ] } },
{ "type": "Feature", "properties": { "from_node": 203, "to_node": 970, "u": null, "v": null, "key": null, "index": null, "osmid": null, "highway": null, "lanes": null, "name": null, "oneway": null, "ref": null, "reversed": null, "length": null, "maxspeed": null, "access": null, "bridge": null, "width": null, "length_m": null, "building_count_50m": null, "avg_building_area": null, "poi_count_50m": null, "highway_clean": null, "highway_rank": null, "sinuosity": null, "poi_diversity": null, "food_drink_count": null, "street_furniture_count": null, "degree_u": null, "degree_v": null, "avg_connectivity": null, "city": null, "cluster": null, "typology": null }, "geometry": { "type": "LineString", "coordinates": [ [ 377476.007267133099958, 3949364.802478882949799 ], [ 377471.110601678723469, 3949378.604329672176391 ], [ 377470.579757098807022, 3949392.623342552222311 ], [ 377473.078777666669339, 3949427.479452002327889 ] ] } },
{ "type": "Feature", "properties": { "from_node": 210, "to_node": 440, "u": null, "v": null, "key": null, "index": null, "osmid": null, "highway": null, "lanes": null, "name": null, "oneway": null, "ref": null, "reversed": null, "length": null, "maxspeed": null, "access": null, "bridge": null, "width": null, "length_m": null, "building_count_50m": null, "avg_building_area": null, "poi_count_50m": null, "highway_clean": null, "highway_rank": null, "sinuosity": null, "poi_diversity": null, "food_drink_count": null, "street_furniture_count": null, "degree_u": null, "degree_v": null, "avg_connectivity": null, "city": null, "cluster": null, "typology": null }, "geometry": { "type": "LineString", "coordinates": [ [ 377417.532269261253532, 3948451.587497550062835 ], [ 377419.62878050096333, 3948448.696347672957927 ], [ 377422.144253453880083, 3948438.111304613761604 ], [ 377422.348193727433681, 3948436.488773986231536 ], [ 377420.022138844418805, 3948418.792690589558333 ], [ 377453.023972209135536, 3948413.944518404081464 ], [ 377458.843635757802986, 3948413.209757622797042 ] ] } },
{ "type": "Feature", "properties": { "from_node": 210, "to_node": 216, "u": 344929854.0, "v": 344930031.0, "key": 0.0, "index": 70.0, "osmid": "31022136", "highway": [ "residential" ], "lanes": null, "name": null, "oneway": "False", "ref": null, "reversed": "False", "length": 46.290345614483243, "maxspeed": null, "access": null, "bridge": null, "width": null, "length_m": 57.046039876027677, "building_count_50m": 40.0, "avg_building_area": 122.54701277028055, "poi_count_50m": 2.0, "highway_clean": [ "residential" ], "highway_rank": 2.0, "sinuosity": 1.0041610122097107, "poi_diversity": 0.0, "food_drink_count": 1.0, "street_furniture_count": 1.0, "degree_u": 6.0, "degree_v": 8.0, "avg_connectivity": 7.0, "city": "Tokyo", "cluster": 1.0, "typology": "Dense Local Street" }, "geometry": { "type": "LineString", "coordinates": [ [ 377417.532269261253532, 3948451.587497550062835 ], [ 377432.264331028680317, 3948463.021948123350739 ], [ 377450.590897307440173, 3948483.703613319899887 ] ] } },
{ "type": "Feature", "properties": { "from_node": 218, "to_node": 1658, "u": null, "v": null, "key": null, "index": null, "osmid": null, "highway": null, "lanes": null, "name": null, "oneway": null, "ref": null, "reversed": null, "length": null, "maxspeed": null, "access": null, "bridge": null, "width": null, "length_m": null, "building_count_50m": null, "avg_building_area": null, "poi_count_50m": null, "highway_clean": null, "highway_rank": null, "sinuosity": null, "poi_diversity": null, "food_drink_count": null, "street_furniture_count": null, "degree_u": null, "degree_v": null, "avg_connectivity": null, "city": null, "cluster": null, "typology": null }, "geometry": { "type": "LineString", "coordinates": [ [ 377533.487804804637562, 3948634.481986550148576 ], [ 377550.16257430089172, 3948661.465776374097914 ], [ 377566.414542440674268, 3948684.705658692400903 ], [ 377571.540854800667148, 3948688.850762643385679 ], [ 377587.460193874663673, 3948701.090052371378988 ] ] } },
{ "type": "Feature", "properties": { "from_node": 218, "to_node": 104, "u": null, "v": null, "key": null, "index": null, "osmid": null, "highway": null, "lanes": null, "name": null, "oneway": null, "ref": null, "reversed": null, "length": null, "maxspeed": null, "access": null, "bridge": null, "width": null, "length_m": null, "building_count_50m": null, "avg_building_area": null, "poi_count_50m": null, "highway_clean": null, "highway_rank": null, "sinuosity": null, "poi_diversity": null, "food_drink_count": null, "street_furniture_count": null, "degree_u": null, "degree_v": null, "avg_connectivity": null, "city": null, "cluster": null, "typology": null }, "geometry": { "type": "LineString", "coordinates": [ [ 377533.487804804637562, 3948634.481986550148576 ], [ 377535.897148620861117, 3948633.272835616953671 ], [ 377553.495495896902867, 3948616.899802750907838 ], [ 377585.756717782118358, 3948582.641117274295539 ], [ 377587.077111398335546, 3948581.236190812662244 ], [ 377592.971500075946096, 3948573.444727393332869 ], [ 377594.850668941857293, 3948570.545518051367253 ], [ 377602.73033784807194, 3948558.355707868002355 ], [ 377604.47508788027335, 3948556.212740629445761 ], [ 377617.685595228103921, 3948543.949553320650011 ], [ 377629.310301537974738, 3948536.167985531967133 ], [ 377631.570752493687905, 3948534.66137499269098 ], [ 377641.758962843974587, 3948534.975996412802488 ], [ 377657.893080712703522, 3948535.841157446615398 ], [ 377671.371134783199523, 3948535.777721054386348 ], [ 377689.953751666238531, 3948529.065361188724637 ] ] } },
{ "type": "Feature", "properties": { "from_node": 218, "to_node": 237, "u": 344930825.0, "v": 345540676.0, "key": 0.0, "index": 77.0, "osmid": "31236551", "highway": [ "unclassified" ], "lanes": null, "name": null, "oneway": "True", "ref": null, "reversed": "False", "length": 44.221301541111728, "maxspeed": null, "access": null, "bridge": null, "width": null, "length_m": 54.497342775368452, "building_count_50m": 15.0, "avg_building_area": 187.7584566079407, "poi_count_50m": 2.0, "highway_clean": [ "unclassified" ], "highway_rank": 1.0, "sinuosity": 1.0449118767524104, "poi_diversity": 0.0, "food_drink_count": 1.0, "street_furniture_count": 1.0, "degree_u": 5.0, "degree_v": 4.0, "avg_connectivity": 4.5, "city": "Tokyo", "cluster": 1.0, "typology": "Dense Local Street" }, "geometry": { "type": "LineString", "coordinates": [ [ 377533.487804804637562, 3948634.481986550148576 ], [ 377524.029853924701456, 3948634.601191096939147 ], [ 377498.198975886392873, 3948657.899421716108918 ] ] } },
{ "type": "Feature", "properties": { "from_node": 238, "to_node": 104, "u": 344931539.0, "v": 349076638.0, "key": 0.0, "index": 80.0, "osmid": "31444288", "highway": [ "residential" ], "lanes": null, "name": null, "oneway": "False", "ref": null, "reversed": "True", "length": 73.543295623511312, "maxspeed": null, "access": null, "bridge": null, "width": null, "length_m": 90.631750228478978, "building_count_50m": 25.0, "avg_building_area": 343.21025210412262, "poi_count_50m": 2.0, "highway_clean": [ "residential" ], "highway_rank": 2.0, "sinuosity": 1.0001588414486899, "poi_diversity": 0.0, "food_drink_count": 1.0, "street_furniture_count": 1.0, "degree_u": 6.0, "degree_v": 6.0, "avg_connectivity": 6.0, "city": "Tokyo", "cluster": 1.0, "typology": "Dense Local Street" }, "geometry": { "type": "LineString", "coordinates": [ [ 377750.444787449843716, 3948487.174626802559942 ], [ 377723.784190714126453, 3948504.847838768735528 ], [ 377689.953751666238531, 3948529.065361188724637 ] ] } },
{ "type": "Feature", "properties": { "from_node": 239, "to_node": 341, "u": null, "v": null, "key": null, "index": null, "osmid": null, "highway": null, "lanes": null, "name": null, "oneway": null, "ref": null, "reversed": null, "length": null, "maxspeed": null, "access": null, "bridge": null, "width": null, "length_m": null, "building_count_50m": null, "avg_building_area": null, "poi_count_50m": null, "highway_clean": null, "highway_rank": null, "sinuosity": null, "poi_diversity": null, "food_drink_count": null, "street_furniture_count": null, "degree_u": null, "degree_v": null, "avg_connectivity": null, "city": null, "cluster": null, "typology": null }, "geometry": { "type": "LineString", "coordinates": [ [ 377735.182049859839026, 3948468.713401678018272 ], [ 377760.347643889312167, 3948429.205710069742054 ], [ 377773.906304031726904, 3948415.240612758789212 ], [ 377791.790447175852023, 3948394.570806195028126 ], [ 377802.627518774301279, 3948380.831765602808446 ] ] } },
{ "type": "Feature", "properties": { "from_node": 239, "to_node": 246, "u": 344931541.0, "v": 344931543.0, "key": 0.0, "index": 83.0, "osmid": "38098032", "highway": [ "residential" ], "lanes": null, "name": null, "oneway": "False", "ref": null, "reversed": "False", "length": 53.817478088428793, "maxspeed": null, "access": null, "bridge": null, "width": null, "length_m": 66.322021370440297, "building_count_50m": 18.0, "avg_building_area": 572.3548385775224, "poi_count_50m": 3.0, "highway_clean": [ "residential" ], "highway_rank": 2.0, "sinuosity": 1.0005373159432118, "poi_diversity": 0.63651416829481278, "food_drink_count": 1.0, "street_furniture_count": 1.0, "degree_u": 6.0, "degree_v": 6.0, "avg_connectivity": 6.0, "city": "Tokyo", "cluster": 3.0, "typology": "Local Mixed Street" }, "geometry": { "type": "LineString", "coordinates": [ [ 377735.182049859839026, 3948468.713401678018272 ], [ 377716.670351294393186, 3948450.319076296407729 ], [ 377713.534628139925189, 3948446.76776790432632 ], [ 377698.343140656652395, 3948429.548143614083529 ] ] } },
{ "type": "Feature", "properties": { "from_node": 239, "to_node": 246, "u": 344931541.0, "v": 344931543.0, "key": 0.0, "index": 83.0, "osmid": "38098032", "highway": [ "residential" ], "lanes": null, "name": null, "oneway": "False", "ref": null, "reversed": "False", "length": 53.817478088428793, "maxspeed": null, "access": null, "bridge": null, "width": null, "length_m": 66.322021370440297, "building_count_50m": 18.0, "avg_building_area": 572.3548385775224, "poi_count_50m": 3.0, "highway_clean": [ "residential" ], "highway_rank": 2.0, "sinuosity": 1.0005373159432118, "poi_diversity": 0.63651416829481278, "food_drink_count": 1.0, "street_furniture_count": 1.0, "degree_u": 6.0, "degree_v": 6.0, "avg_connectivity": 6.0, "city": "Tokyo", "cluster": 3.0, "typology": "Local Mixed Street" }, "geometry": { "type": "LineString", "coordinates": [ [ 377735.182049859839026, 3948468.713401678018272 ], [ 377716.670351294393186, 3948450.319076296407729 ], [ 377713.534628139925189, 3948446.76776790432632 ], [ 377698.343140656652395, 3948429.548143614083529 ] ] } },
{ "type": "Feature", "properties": { "from_node": 246, "to_node": 258, "u": null, "v": null, "key": null, "index": null, "osmid": null, "highway": null, "lanes": null, "name": null, "oneway": null, "ref": null, "reversed": null, "length": null, "maxspeed": null, "access": null, "bridge": null, "width": null, "length_m": null, "building_count_50m": null, "avg_building_area": null, "poi_count_50m": null, "highway_clean": null, "highway_rank": null, "sinuosity": null, "poi_diversity": null, "food_drink_count": null, "street_furniture_count": null, "degree_u": null, "degree_v": null, "avg_connectivity": null, "city": null, "cluster": null, "typology": null }, "geometry": { "type": "LineString", "coordinates": [ [ 377698.343140656652395, 3948429.548143614083529 ], [ 377659.151006621250417, 3948472.665970078203827 ], [ 377651.38613569305744, 3948483.999908191151917 ], [ 377639.601330104051158, 3948501.20241359481588 ], [ 377629.049412085616495, 3948511.953472448047251 ], [ 377619.700395467865746, 3948519.337611363269389 ], [ 377613.403663282399066, 3948520.921977560501546 ], [ 377599.599452232941985, 3948511.105276157613844 ], [ 377582.923555189860053, 3948501.139540215488523 ], [ 377573.255215285113081, 3948479.417581520508975 ], [ 377560.62328658637125, 3948473.223611713387072 ], [ 377549.041599935328122, 3948465.728294396307319 ], [ 377541.293811849202029, 3948461.863375216256827 ] ] } },
{ "type": "Feature", "properties": { "from_node": 246, "to_node": 261, "u": 344931543.0, "v": 353680659.0, "key": 0.0, "index": 85.0, "osmid": [ 38098032, 31093674 ], "highway": [ "residential" ], "lanes": null, "name": null, "oneway": "False", "ref": null, "reversed": [ false, true ], "length": 91.957616104112844, "maxspeed": null, "access": null, "bridge": null, "width": null, "length_m": 113.32337349998878, "building_count_50m": 10.0, "avg_building_area": 1738.7493645590962, "poi_count_50m": 3.0, "highway_clean": [ "residential" ], "highway_rank": 2.0, "sinuosity": 1.0003880378468324, "poi_diversity": 0.0, "food_drink_count": 1.0, "street_furniture_count": 1.0, "degree_u": 6.0, "degree_v": 6.0, "avg_connectivity": 6.0, "city": "Tokyo", "cluster": 3.0, "typology": "Local Mixed Street" }, "geometry": { "type": "LineString", "coordinates": [ [ 377698.343140656652395, 3948429.548143614083529 ], [ 377681.177968906529713, 3948411.656779090408236 ], [ 377653.721416971180588, 3948384.654708191286772 ], [ 377634.679568573832512, 3948363.283564395271242 ] ] } },
{ "type": "Feature", "properties": { "from_node": 263, "to_node": 273, "u": 345533543.0, "v": 345533544.0, "key": 0.0, "index": 88.0, "osmid": "31093515", "highway": [ "secondary" ], "lanes": [ "2" ], "name": [ "瀬田貫井線" ], "oneway": "False", "ref": "427", "reversed": "False", "length": 54.178960299458886, "maxspeed": [ "30" ], "access": null, "bridge": null, "width": null, "length_m": 66.770503433331044, "building_count_50m": 37.0, "avg_building_area": 256.21395250567997, "poi_count_50m": 26.0, "highway_clean": [ "secondary" ], "highway_rank": 4.0, "sinuosity": 1.0004941925364483, "poi_diversity": 1.3453140791151019, "food_drink_count": 9.0, "street_furniture_count": 1.0, "degree_u": 5.0, "degree_v": 5.0, "avg_connectivity": 5.0, "city": "Tokyo", "cluster": 4.0, "typology": "Active Commercial High Street" }, "geometry": { "type": "LineString", "coordinates": [ [ 377248.743917964748107, 3948830.102049003820866 ], [ 377250.834129817434587, 3948835.287355951033533 ], [ 377251.537410690041725, 3948837.052681271918118 ], [ 377253.14951156830648, 3948841.046441004611552 ], [ 377254.072143523022532, 3948842.96405329881236 ], [ 377268.284309102396946, 3948872.499680822715163 ], [ 377271.040195400186349, 3948879.350991934537888 ] ] } },
{ "type": "Feature", "properties": { "from_node": 263, "to_node": 272, "u": 345533543.0, "v": 345533540.0, "key": 0.0, "index": 89.0, "osmid": "186906817", "highway": [ "residential" ], "lanes": null, "name": null, "oneway": "True", "ref": null, "reversed": "False", "length": 145.18247756207387, "maxspeed": [ "20" ], "access": null, "bridge": null, "width": null, "length_m": 178.92394653520341, "building_count_50m": 64.0, "avg_building_area": 218.99630813746421, "poi_count_50m": 20.0, "highway_clean": [ "residential" ], "highway_rank": 2.0, "sinuosity": 1.0000129188080826, "poi_diversity": 1.1648213767244648, "food_drink_count": 5.0, "street_furniture_count": 1.0, "degree_u": 5.0, "degree_v": 1.0, "avg_connectivity": 3.0, "city": "Tokyo", "cluster": 4.0, "typology": "Active Commercial High Street" }, "geometry": { "type": "LineString", "coordinates": [ [ 377248.743917964748107, 3948830.102049003820866 ], [ 377244.44405135139823, 3948832.058497459162027 ], [ 377199.233646499691531, 3948854.016673313919455 ], [ 377155.07820990687469, 3948875.006426549050957 ], [ 377117.669890782679431, 3948892.952132440637797 ] ] } },
{ "type": "Feature", "properties": { "from_node": 273, "to_node": 890, "u": 345533544.0, "v": 413320648.0, "key": 0.0, "index": 91.0, "osmid": "35262286", "highway": [ "secondary" ], "lanes": [ "1" ], "name": [ "瀬田貫井線" ], "oneway": "True", "ref": "427", "reversed": "False", "length": 33.509144873439681, "maxspeed": [ "30" ], "access": null, "bridge": null, "width": null, "length_m": 41.297072473756728, "building_count_50m": 29.0, "avg_building_area": 241.49013174468348, "poi_count_50m": 22.0, "highway_clean": [ "secondary" ], "highway_rank": 4.0, "sinuosity": 1.0000226599260527, "poi_diversity": 1.5768984681302025, "food_drink_count": 7.0, "street_furniture_count": 1.0, "degree_u": 5.0, "degree_v": 4.0, "avg_connectivity": 4.5, "city": "Tokyo", "cluster": 4.0, "typology": "Active Commercial High Street" }, "geometry": { "type": "LineString", "coordinates": [ [ 377271.040195400186349, 3948879.350991934537888 ], [ 377274.871835346682929, 3948886.098699706606567 ], [ 377287.204197036684491, 3948908.648912628181279 ] ] } },
{ "type": "Feature", "properties": { "from_node": 273, "to_node": 981, "u": 345533544.0, "v": 428422456.0, "key": 0.0, "index": 92.0, "osmid": "299739169", "highway": [ "secondary" ], "lanes": [ "2" ], "name": [ "井ノ頭通り" ], "oneway": "False", "ref": "413", "reversed": "False", "length": 44.577008434706201, "maxspeed": [ "40" ], "access": null, "bridge": null, "width": null, "length_m": 54.937076610577975, "building_count_50m": 32.0, "avg_building_area": 254.22800863907369, "poi_count_50m": 24.0, "highway_clean": [ "secondary" ], "highway_rank": 4.0, "sinuosity": 1.0000564861431465, "poi_diversity": 1.5703134755583947, "food_drink_count": 7.0, "street_furniture_count": 1.0, "degree_u": 5.0, "degree_v": 6.0, "avg_connectivity": 5.5, "city": "Tokyo", "cluster": 4.0, "typology": "Active Commercial High Street" }, "geometry": { "type": "LineString", "coordinates": [ [ 377271.040195400186349, 3948879.350991934537888 ], [ 377283.184010345779825, 3948871.850214085541666 ], [ 377308.627419443160761, 3948855.323977401480079 ] ] } },
{ "type": "Feature", "properties": { "from_node": 280, "to_node": 279, "u": 345533568.0, "v": 345533710.0, "key": 0.0, "index": 94.0, "osmid": "31092660", "highway": [ "unclassified" ], "lanes": null, "name": null, "oneway": "False", "ref": null, "reversed": "False", "length": 31.068149853519834, "maxspeed": null, "access": null, "bridge": null, "width": null, "length_m": 38.28838149920275, "building_count_50m": 36.0, "avg_building_area": 116.95600452714052, "poi_count_50m": 5.0, "highway_clean": [ "unclassified" ], "highway_rank": 1.0, "sinuosity": 1.0026858991038701, "poi_diversity": 0.50040242353818787, "food_drink_count": 1.0, "street_furniture_count": 1.0, "degree_u": 6.0, "degree_v": 5.0, "avg_connectivity": 5.5, "city": "Tokyo", "cluster": 1.0, "typology": "Dense Local Street" }, "geometry": { "type": "LineString", "coordinates": [ [ 377366.983802845235914, 3948817.775470842141658 ], [ 377362.483247069991194, 3948811.092424041591585 ], [ 377350.263199522043578, 3948794.708812304306775 ], [ 377348.294720636680722, 3948793.094064289238304 ] ] } },
{ "type": "Feature", "properties": { "from_node": 280, "to_node": 2054, "u": 345533568.0, "v": 7185510359.0, "key": 0.0, "index": 95.0, "osmid": "299739169", "highway": [ "secondary" ], "lanes": [ "2" ], "name": [ "井ノ頭通り" ], "oneway": "False", "ref": "413", "reversed": "False", "length": 10.40750451903175, "maxspeed": [ "40" ], "access": null, "bridge": null, "width": null, "length_m": 12.826220795789396, "building_count_50m": 25.0, "avg_building_area": 131.9505185929948, "poi_count_50m": 5.0, "highway_clean": [ "secondary" ], "highway_rank": 4.0, "sinuosity": 1.0000725615757049, "poi_diversity": 0.95027053923323468, "food_drink_count": 1.0, "street_furniture_count": 1.0, "degree_u": 6.0, "degree_v": 6.0, "avg_connectivity": 6.0, "city": "Tokyo", "cluster": 3.0, "typology": "Local Mixed Street" }, "geometry": { "type": "LineString", "coordinates": [ [ 377366.983802845235914, 3948817.775470842141658 ], [ 377371.46811934420839, 3948814.751517085824162 ], [ 377375.685365644283593, 3948812.052975075319409 ] ] } },
{ "type": "Feature", "properties": { "from_node": 280, "to_node": 2054, "u": 345533568.0, "v": 7185510359.0, "key": 0.0, "index": 95.0, "osmid": "299739169", "highway": [ "secondary" ], "lanes": [ "2" ], "name": [ "井ノ頭通り" ], "oneway": "False", "ref": "413", "reversed": "False", "length": 10.40750451903175, "maxspeed": [ "40" ], "access": null, "bridge": null, "width": null, "length_m": 12.826220795789396, "building_count_50m": 25.0, "avg_building_area": 131.9505185929948, "poi_count_50m": 5.0, "highway_clean": [ "secondary" ], "highway_rank": 4.0, "sinuosity": 1.0000725615757049, "poi_diversity": 0.95027053923323468, "food_drink_count": 1.0, "street_furniture_count": 1.0, "degree_u": 6.0, "degree_v": 6.0, "avg_connectivity": 6.0, "city": "Tokyo", "cluster": 3.0, "typology": "Local Mixed Street" }, "geometry": { "type": "LineString", "coordinates": [ [ 377366.983802845235914, 3948817.775470842141658 ], [ 377371.46811934420839, 3948814.751517085824162 ], [ 377375.685365644283593, 3948812.052975075319409 ] ] } },
{ "type": "Feature", "properties": { "from_node": 279, "to_node": 284, "u": 345533710.0, "v": 346871902.0, "key": 0.0, "index": 96.0, "osmid": "31092660", "highway": [ "unclassified" ], "lanes": null, "name": null, "oneway": "False", "ref": null, "reversed": "False", "length": 48.698993944469407, "maxspeed": null, "access": null, "bridge": null, "width": null, "length_m": 60.01642299250345, "building_count_50m": 43.0, "avg_building_area": 118.87341286477611, "poi_count_50m": 3.0, "highway_clean": [ "unclassified" ], "highway_rank": 1.0, "sinuosity": 1.0012306830911253, "poi_diversity": 0.0, "food_drink_count": 1.0, "street_furniture_count": 1.0, "degree_u": 5.0, "degree_v": 6.0, "avg_connectivity": 5.5, "city": "Tokyo", "cluster": 1.0, "typology": "Dense Local Street" }, "geometry": { "type": "LineString", "coordinates": [ [ 377348.294720636680722, 3948793.094064289238304 ], [ 377337.525890540156979, 3948782.170868633780628 ], [ 377335.12165078567341, 3948779.15320158097893 ], [ 377316.789463684428483, 3948756.075557438656688 ] ] } },
{ "type": "Feature", "properties": { "from_node": 286, "to_node": 288, "u": null, "v": null, "key": null, "index": null, "osmid": null, "highway": null, "lanes": null, "name": null, "oneway": null, "ref": null, "reversed": null, "length": null, "maxspeed": null, "access": null, "bridge": null, "width": null, "length_m": null, "building_count_50m": null, "avg_building_area": null, "poi_count_50m": null, "highway_clean": null, "highway_rank": null, "sinuosity": null, "poi_diversity": null, "food_drink_count": null, "street_furniture_count": null, "degree_u": null, "degree_v": null, "avg_connectivity": null, "city": null, "cluster": null, "typology": null }, "geometry": { "type": "LineString", "coordinates": [ [ 377479.329806071997155, 3948576.796327151823789 ], [ 377510.094933616928756, 3948611.351641777902842 ], [ 377540.930293147743214, 3948585.965414979960769 ], [ 377509.632630554377101, 3948550.862635764759034 ] ] } },
{ "type": "Feature", "properties": { "from_node": 294, "to_node": 158, "u": 345536583.0, "v": 1054893832.0, "key": 0.0, "index": 107.0, "osmid": [ 90853176, 33339874 ], "highway": "['residential' 'unclassified']", "lanes": null, "name": null, "oneway": "False", "ref": null, "reversed": "False", "length": 58.833272093289175, "maxspeed": [ "30" ], "access": null, "bridge": null, "width": null, "length_m": 72.501403937562955, "building_count_50m": 25.0, "avg_building_area": 184.43451392153108, "poi_count_50m": 7.0, "highway_clean": "['residential' 'unclassified']", "highway_rank": 1.0, "sinuosity": 1.000492924556853, "poi_diversity": 0.95569989111253428, "food_drink_count": 1.0, "street_furniture_count": 1.0, "degree_u": 8.0, "degree_v": 4.0, "avg_connectivity": 6.0, "city": "Tokyo", "cluster": 3.0, "typology": "Local Mixed Street" }, "geometry": { "type": "LineString", "coordinates": [ [ 378166.001939438632689, 3948189.844007977284491 ], [ 378165.345925127854571, 3948197.46342814899981 ], [ 378162.821305042132735, 3948226.60847725905478 ], [ 378160.178408212435897, 3948243.81808799598366 ], [ 378159.531718238315079, 3948248.153580386657268 ] ] } },
{ "type": "Feature", "properties": { "from_node": 294, "to_node": 308, "u": 345536583.0, "v": 345536700.0, "key": 0.0, "index": 108.0, "osmid": "33339874", "highway": [ "unclassified" ], "lanes": null, "name": null, "oneway": "False", "ref": null, "reversed": "True", "length": 65.373294588458236, "maxspeed": [ "30" ], "access": null, "bridge": null, "width": null, "length_m": 80.560244429988742, "building_count_50m": 43.0, "avg_building_area": 159.24674661072265, "poi_count_50m": 3.0, "highway_clean": [ "unclassified" ], "highway_rank": 1.0, "sinuosity": 1.0001240187537375, "poi_diversity": 0.0, "food_drink_count": 1.0, "street_furniture_count": 1.0, "degree_u": 8.0, "degree_v": 6.0, "avg_connectivity": 7.0, "city": "Tokyo", "cluster": 1.0, "typology": "Dense Local Street" }, "geometry": { "type": "LineString", "coordinates": [ [ 378166.001939438632689, 3948189.844007977284491 ], [ 378169.24323968909448, 3948164.771705205086619 ], [ 378172.942787083564326, 3948142.089413433335721 ], [ 378175.646438476978801, 3948125.344923674594611 ] ] } },
{ "type": "Feature", "properties": { "from_node": 294, "to_node": 32, "u": 345536583.0, "v": 2091683845.0, "key": 0.0, "index": 110.0, "osmid": "965407356", "highway": [ "secondary" ], "lanes": [ "2" ], "name": [ "井ノ頭通り" ], "oneway": "False", "ref": "413", "reversed": "True", "length": 126.94608570413054, "maxspeed": [ "30" ], "access": null, "bridge": null, "width": null, "length_m": 156.43718409967107, "building_count_50m": 64.0, "avg_building_area": 146.16846592319769, "poi_count_50m": 3.0, "highway_clean": [ "secondary" ], "highway_rank": 4.0, "sinuosity": 1.0000606489325852, "poi_diversity": 0.0, "food_drink_count": 1.0, "street_furniture_count": 1.0, "degree_u": 8.0, "degree_v": 6.0, "avg_connectivity": 7.0, "city": "Tokyo", "cluster": 1.0, "typology": "Dense Local Street" }, "geometry": { "type": "LineString", "coordinates": [ [ 378166.001939438632689, 3948189.844007977284491 ], [ 378173.368017264758237, 3948186.337240167893469 ], [ 378205.800366682000458, 3948170.893928569275886 ], [ 378237.439831690629944, 3948155.716758507769555 ], [ 378257.009950171341188, 3948146.329572529066354 ], [ 378264.478331500431523, 3948142.355537984520197 ], [ 378268.831987112818751, 3948140.321213265415281 ], [ 378280.514537963899784, 3948134.703066994436085 ] ] } },
{ "type": "Feature", "properties": { "from_node": 308, "to_node": 97, "u": null, "v": null, "key": null, "index": null, "osmid": null, "highway": null, "lanes": null, "name": null, "oneway": null, "ref": null, "reversed": null, "length": null, "maxspeed": null, "access": null, "bridge": null, "width": null, "length_m": null, "building_count_50m": null, "avg_building_area": null, "poi_count_50m": null, "highway_clean": null, "highway_rank": null, "sinuosity": null, "poi_diversity": null, "food_drink_count": null, "street_furniture_count": null, "degree_u": null, "degree_v": null, "avg_connectivity": null, "city": null, "cluster": null, "typology": null }, "geometry": { "type": "LineString", "coordinates": [ [ 378175.646438476978801, 3948125.344923674594611 ], [ 378121.508024509064853, 3948110.588657591957599 ], [ 378089.877253470534924, 3948100.649475142359734 ], [ 378076.138832146592904, 3948094.314626256003976 ], [ 378047.068948936648667, 3948088.267725924029946 ], [ 378024.962346303917002, 3948083.66744791297242 ], [ 378022.506612535915338, 3948101.307200348936021 ], [ 378019.359786428394727, 3948128.619247295893729 ], [ 378017.786183888965752, 3948140.611185166984797 ], [ 378014.739989910216536, 3948162.718802980612963 ], [ 378011.648951384820975, 3948186.835039834026247 ], [ 378006.150292449863628, 3948220.21446445165202 ], [ 378005.214510707068257, 3948225.907397093251348 ] ] } },
{ "type": "Feature", "properties": { "from_node": 308, "to_node": 32, "u": null, "v": null, "key": null, "index": null, "osmid": null, "highway": null, "lanes": null, "name": null, "oneway": null, "ref": null, "reversed": null, "length": null, "maxspeed": null, "access": null, "bridge": null, "width": null, "length_m": null, "building_count_50m": null, "avg_building_area": null, "poi_count_50m": null, "highway_clean": null, "highway_rank": null, "sinuosity": null, "poi_diversity": null, "food_drink_count": null, "street_furniture_count": null, "degree_u": null, "degree_v": null, "avg_connectivity": null, "city": null, "cluster": null, "typology": null }, "geometry": { "type": "LineString", "coordinates": [ [ 378175.646438476978801, 3948125.344923674594611 ], [ 378178.673083892674185, 3948111.691213979851454 ], [ 378179.261588685098104, 3948109.053891686256975 ], [ 378180.242953853157815, 3948105.357264468446374 ], [ 378183.259493272518739, 3948097.572379397694021 ], [ 378188.817676526145078, 3948092.270994750782847 ], [ 378191.715422147652134, 3948089.690788811538368 ], [ 378202.707231568638235, 3948093.12354824366048 ], [ 378281.453805902448948, 3948118.670594655442983 ], [ 378280.514537963899784, 3948134.703066994436085 ] ] } },
{ "type": "Feature", "properties": { "from_node": 147, "to_node": 149, "u": 345537463.0, "v": 307677878.0, "key": 0.0, "index": 119.0, "osmid": "275655296", "highway": [ "trunk_link" ], "lanes": [ "2" ], "name": null, "oneway": "True", "ref": "20", "reversed": "False", "length": 67.1395983637006, "maxspeed": null, "access": "yes", "bridge": null, "width": null, "length_m": 82.736815510936651, "building_count_50m": 16.0, "avg_building_area": 228.76522067207958, "poi_count_50m": 5.0, "highway_clean": [ "trunk_link" ], "highway_rank": 1.0, "sinuosity": 1.001572101441077, "poi_diversity": 1.0549201679861442, "food_drink_count": 1.0, "street_furniture_count": 1.0, "degree_u": 4.0, "degree_v": 4.0, "avg_connectivity": 4.0, "city": "Tokyo", "cluster": 3.0, "typology": "Local Mixed Street" }, "geometry": { "type": "LineString", "coordinates": [ [ 377805.7364615193801, 3948174.297491924837232 ], [ 377797.239048387738876, 3948169.910139133688062 ], [ 377774.968164737918414, 3948154.673652571160346 ], [ 377750.516630842874292, 3948136.227770252153277 ] ] } },
{ "type": "Feature", "properties": { "from_node": 330, "to_node": 328, "u": 345538881.0, "v": 345538884.0, "key": 0.0, "index": 120.0, "osmid": "31093184", "highway": [ "unclassified" ], "lanes": null, "name": null, "oneway": "False", "ref": null, "reversed": "False", "length": 75.473483947297424, "maxspeed": null, "access": null, "bridge": null, "width": null, "length_m": 93.008729818590254, "building_count_50m": 43.0, "avg_building_area": 197.0000551429948, "poi_count_50m": 3.0, "highway_clean": [ "unclassified" ], "highway_rank": 1.0, "sinuosity": 1.000197660265375, "poi_diversity": 1.0986122886681096, "food_drink_count": 1.0, "street_furniture_count": 1.0, "degree_u": 6.0, "degree_v": 6.0, "avg_connectivity": 6.0, "city": "Tokyo", "cluster": 3.0, "typology": "Local Mixed Street" }, "geometry": { "type": "LineString", "coordinates": [ [ 377961.000898375699762, 3948339.960741756949574 ], [ 377931.187237414007541, 3948341.668024333659559 ], [ 377910.945926499611232, 3948343.654427408240736 ], [ 377885.641959092696197, 3948346.131981541868299 ] ] } },
{ "type": "Feature", "properties": { "from_node": 330, "to_node": 508, "u": 345538881.0, "v": 353681004.0, "key": 0.0, "index": 121.0, "osmid": "46702721", "highway": [ "unclassified" ], "lanes": null, "name": null, "oneway": "False", "ref": null, "reversed": "False", "length": 39.521172519051838, "maxspeed": null, "access": null, "bridge": null, "width": null, "length_m": 48.703263268584024, "building_count_50m": 32.0, "avg_building_area": 175.75000285024603, "poi_count_50m": 2.0, "highway_clean": [ "unclassified" ], "highway_rank": 1.0, "sinuosity": 1.0000349846476473, "poi_diversity": 0.69314718055994529, "food_drink_count": 1.0, "street_furniture_count": 1.0, "degree_u": 6.0, "degree_v": 6.0, "avg_connectivity": 6.0, "city": "Tokyo", "cluster": 3.0, "typology": "Local Mixed Street" }, "geometry": { "type": "LineString", "coordinates": [ [ 377961.000898375699762, 3948339.960741756949574 ], [ 377960.715371410362422, 3948321.138253148645163 ], [ 377960.749417366867419, 3948300.536348884925246 ] ] } },
{ "type": "Feature", "properties": { "from_node": 330, "to_node": 508, "u": 345538881.0, "v": 353681004.0, "key": 0.0, "index": 121.0, "osmid": "46702721", "highway": [ "unclassified" ], "lanes": null, "name": null, "oneway": "False", "ref": null, "reversed": "False", "length": 39.521172519051838, "maxspeed": null, "access": null, "bridge": null, "width": null, "length_m": 48.703263268584024, "building_count_50m": 32.0, "avg_building_area": 175.75000285024603, "poi_count_50m": 2.0, "highway_clean": [ "unclassified" ], "highway_rank": 1.0, "sinuosity": 1.0000349846476473, "poi_diversity": 0.69314718055994529, "food_drink_count": 1.0, "street_furniture_count": 1.0, "degree_u": 6.0, "degree_v": 6.0, "avg_connectivity": 6.0, "city": "Tokyo", "cluster": 3.0, "typology": "Local Mixed Street" }, "geometry": { "type": "LineString", "coordinates": [ [ 377961.000898375699762, 3948339.960741756949574 ], [ 377960.715371410362422, 3948321.138253148645163 ], [ 377960.749417366867419, 3948300.536348884925246 ] ] } },
{ "type": "Feature", "properties": { "from_node": 330, "to_node": 54, "u": 345538881.0, "v": 426864300.0, "key": 0.0, "index": 122.0, "osmid": [ 46702721, 1348440611 ], "highway": [ "unclassified" ], "lanes": null, "name": null, "oneway": "False", "ref": null, "reversed": "True", "length": 99.925799122771124, "maxspeed": null, "access": null, "bridge": null, "width": null, "length_m": 123.14286686851153, "building_count_50m": 45.0, "avg_building_area": 174.44372052629041, "poi_count_50m": 7.0, "highway_clean": [ "unclassified" ], "highway_rank": 1.0, "sinuosity": 1.0184642165226214, "poi_diversity": 1.277034259466139, "food_drink_count": 1.0, "street_furniture_count": 1.0, "degree_u": 6.0, "degree_v": 10.0, "avg_connectivity": 8.0, "city": "Tokyo", "cluster": 3.0, "typology": "Local Mixed Street" }, "geometry": { "type": "LineString", "coordinates": [ [ 377961.000898375699762, 3948339.960741756949574 ], [ 377961.327026575629134, 3948369.654730543028563 ], [ 377956.122755016782321, 3948392.801557254977524 ], [ 377953.832357797364239, 3948429.72033902304247 ], [ 377954.366758502379525, 3948431.721005486790091 ], [ 377958.261312374437694, 3948437.802489797119051 ] ] } },
{ "type": "Feature", "properties": { "from_node": 328, "to_node": 341, "u": null, "v": null, "key": null, "index": null, "osmid": null, "highway": null, "lanes": null, "name": null, "oneway": null, "ref": null, "reversed": null, "length": null, "maxspeed": null, "access": null, "bridge": null, "width": null, "length_m": null, "building_count_50m": null, "avg_building_area": null, "poi_count_50m": null, "highway_clean": null, "highway_rank": null, "sinuosity": null, "poi_diversity": null, "food_drink_count": null, "street_furniture_count": null, "degree_u": null, "degree_v": null, "avg_connectivity": null, "city": null, "cluster": null, "typology": null }, "geometry": { "type": "LineString", "coordinates": [ [ 377885.641959092696197, 3948346.131981541868299 ], [ 377869.234215158969164, 3948343.162304983008653 ], [ 377832.755113471415825, 3948335.442882181610912 ], [ 377830.60675680130953, 3948345.113038613926619 ], [ 377828.228237252216786, 3948348.573751097545028 ], [ 377821.113880102522671, 3948355.228036842308939 ], [ 377814.428636437281966, 3948361.488143345341086 ], [ 377807.532688150764443, 3948374.152356673963368 ], [ 377802.627518774301279, 3948380.831765602808446 ] ] } },
{ "type": "Feature", "properties": { "from_node": 328, "to_node": 347, "u": null, "v": null, "key": null, "index": null, "osmid": null, "highway": null, "lanes": null, "name": null, "oneway": null, "ref": null, "reversed": null, "length": null, "maxspeed": null, "access": null, "bridge": null, "width": null, "length_m": null, "building_count_50m": null, "avg_building_area": null, "poi_count_50m": null, "highway_clean": null, "highway_rank": null, "sinuosity": null, "poi_diversity": null, "food_drink_count": null, "street_furniture_count": null, "degree_u": null, "degree_v": null, "avg_connectivity": null, "city": null, "cluster": null, "typology": null }, "geometry": { "type": "LineString", "coordinates": [ [ 377885.641959092696197, 3948346.131981541868299 ], [ 377884.645848824467976, 3948364.561602739151567 ], [ 377883.895615974615794, 3948378.483707895502448 ], [ 377882.754000066721346, 3948399.500217212829739 ], [ 377880.203110016474966, 3948408.865259850397706 ], [ 377879.74627438315656, 3948410.535626071505249 ], [ 377876.530745688825846, 3948444.005839937832206 ] ] } },
{ "type": "Feature", "properties": { "from_node": 2169, "to_node": 353, "u": 345539209.0, "v": 360609209.0, "key": 0.0, "index": 126.0, "osmid": "224313704", "highway": [ "residential" ], "lanes": null, "name": null, "oneway": "False", "ref": null, "reversed": "True", "length": 83.746832041030558, "maxspeed": null, "access": null, "bridge": null, "width": null, "length_m": 103.20436376653343, "building_count_50m": 52.0, "avg_building_area": 129.57931629028332, "poi_count_50m": 3.0, "highway_clean": [ "residential" ], "highway_rank": 2.0, "sinuosity": 1.0019533641952441, "poi_diversity": 0.0, "food_drink_count": 1.0, "street_furniture_count": 1.0, "degree_u": 2.0, "degree_v": 6.0, "avg_connectivity": 4.0, "city": "Tokyo", "cluster": 1.0, "typology": "Dense Local Street" }, "geometry": { "type": "LineString", "coordinates": [ [ 377376.255397468572482, 3948380.866904511116445 ], [ 377369.804626296972856, 3948377.195025372318923 ], [ 377363.308160434477031, 3948372.835955137386918 ], [ 377326.783644264040049, 3948348.07888583606109 ], [ 377319.030030197231099, 3948342.494668242987245 ], [ 377308.827896482311189, 3948337.909421478863806 ], [ 377305.757886287174188, 3948335.855028105899692 ] ] } },
{ "type": "Feature", "properties": { "from_node": 355, "to_node": 487, "u": null, "v": null, "key": null, "index": null, "osmid": null, "highway": null, "lanes": null, "name": null, "oneway": null, "ref": null, "reversed": null, "length": null, "maxspeed": null, "access": null, "bridge": null, "width": null, "length_m": null, "building_count_50m": null, "avg_building_area": null, "poi_count_50m": null, "highway_clean": null, "highway_rank": null, "sinuosity": null, "poi_diversity": null, "food_drink_count": null, "street_furniture_count": null, "degree_u": null, "degree_v": null, "avg_connectivity": null, "city": null, "cluster": null, "typology": null }, "geometry": { "type": "LineString", "coordinates": [ [ 377112.92843158938922, 3948199.566168610472232 ], [ 377154.255677044333424, 3948197.719258109573275 ], [ 377184.581984635791741, 3948197.045138208195567 ], [ 377204.115363752178382, 3948197.529729021247476 ], [ 377234.800095658109058, 3948200.522934108041227 ], [ 377253.261502666166052, 3948205.326893721241504 ], [ 377264.782092634704895, 3948207.697276927530766 ], [ 377266.723936143273022, 3948200.814399076625705 ], [ 377280.719692578422837, 3948204.770355098415166 ], [ 377282.846345589321572, 3948205.373358270619065 ], [ 377281.62455065373797, 3948213.266938703600317 ], [ 377305.689926140592434, 3948224.66113183228299 ], [ 377339.523879998945631, 3948242.676839014515281 ], [ 377388.023831990081817, 3948268.633371660485864 ], [ 377407.226833087042905, 3948277.998127390164882 ], [ 377434.208595780888572, 3948301.999558555427939 ], [ 377456.514354519138578, 3948321.716683715581894 ], [ 377460.457735207513906, 3948328.684808609075844 ] ] } },
{ "type": "Feature", "properties": { "from_node": 355, "to_node": 1317, "u": 345540071.0, "v": 443389584.0, "key": 0.0, "index": 129.0, "osmid": [ 31093392, 31093515, 187409676 ], "highway": [ "secondary" ], "lanes": [ "2" ], "name": [ "瀬田貫井線" ], "oneway": "False", "ref": "427", "reversed": "False", "length": 57.809654698598621, "maxspeed": [ "30" ], "access": null, "bridge": "yes", "width": null, "length_m": 71.239933222713518, "building_count_50m": 41.0, "avg_building_area": 176.53762078218759, "poi_count_50m": 5.0, "highway_clean": [ "secondary" ], "highway_rank": 4.0, "sinuosity": 1.0014712174652378, "poi_diversity": 0.67301166700925652, "food_drink_count": 1.0, "street_furniture_count": 1.0, "degree_u": 6.0, "degree_v": 6.0, "avg_connectivity": 6.0, "city": "Tokyo", "cluster": 3.0, "typology": "Local Mixed Street" }, "geometry": { "type": "LineString", "coordinates": [ [ 377112.92843158938922, 3948199.566168610472232 ], [ 377113.616870894678868, 3948204.837385865859687 ], [ 377114.350441418355331, 3948206.824162598699331 ], [ 377117.034193724801298, 3948216.294607302639633 ], [ 377117.750267673109192, 3948218.980546572711319 ], [ 377119.767749837832525, 3948230.678995674010366 ], [ 377124.375734464032575, 3948247.722221644595265 ], [ 377126.286012491269503, 3948255.59473202098161 ] ] } },
{ "type": "Feature", "properties": { "from_node": 237, "to_node": 378, "u": 345540676.0, "v": 345540678.0, "key": 0.0, "index": 130.0, "osmid": [ 31093464, 211614233 ], "highway": [ "unclassified" ], "lanes": null, "name": null, "oneway": "False", "ref": null, "reversed": "False", "length": 48.792894732434021, "maxspeed": null, "access": null, "bridge": null, "width": null, "length_m": 60.131242897938264, "building_count_50m": 31.0, "avg_building_area": 113.7195689009574, "poi_count_50m": 1.0, "highway_clean": [ "unclassified" ], "highway_rank": 1.0, "sinuosity": 1.0000129709348937, "poi_diversity": 0.0, "food_drink_count": 1.0, "street_furniture_count": 1.0, "degree_u": 4.0, "degree_v": 6.0, "avg_connectivity": 5.0, "city": "Tokyo", "cluster": 1.0, "typology": "Dense Local Street" }, "geometry": { "type": "LineString", "coordinates": [ [ 377498.198975886392873, 3948657.899421716108918 ], [ 377480.665085748070851, 3948638.870841803494841 ], [ 377465.322637688950635, 3948621.875565090216696 ] ] } },
{ "type": "Feature", "properties": { "from_node": 237, "to_node": 380, "u": null, "v": null, "key": null, "index": null, "osmid": null, "highway": null, "lanes": null, "name": null, "oneway": null, "ref": null, "reversed": null, "length": null, "maxspeed": null, "access": null, "bridge": null, "width": null, "length_m": null, "building_count_50m": null, "avg_building_area": null, "poi_count_50m": null, "highway_clean": null, "highway_rank": null, "sinuosity": null, "poi_diversity": null, "food_drink_count": null, "street_furniture_count": null, "degree_u": null, "degree_v": null, "avg_connectivity": null, "city": null, "cluster": null, "typology": null }, "geometry": { "type": "LineString", "coordinates": [ [ 377498.198975886392873, 3948657.899421716108918 ], [ 377477.106860927306116, 3948684.138884441927075 ], [ 377442.058786063571461, 3948713.832425640895963 ] ] } },
{ "type": "Feature", "properties": { "from_node": 378, "to_node": 382, "u": 345540678.0, "v": 1180546863.0, "key": 0.0, "index": 133.0, "osmid": "31236728", "highway": [ "residential" ], "lanes": null, "name": null, "oneway": "False", "ref": null, "reversed": "False", "length": 73.818365651022958, "maxspeed": null, "access": null, "bridge": null, "width": null, "length_m": 90.972121071533905, "building_count_50m": 56.0, "avg_building_area": 115.65626343730152, "poi_count_50m": 1.0, "highway_clean": [ "residential" ], "highway_rank": 2.0, "sinuosity": 1.0000000022557576, "poi_diversity": 0.0, "food_drink_count": 1.0, "street_furniture_count": 1.0, "degree_u": 6.0, "degree_v": 6.0, "avg_connectivity": 6.0, "city": "Tokyo", "cluster": 1.0, "typology": "Dense Local Street" }, "geometry": { "type": "LineString", "coordinates": [ [ 377465.322637688950635, 3948621.875565090216696 ], [ 377436.488207742280792, 3948647.922307950910181 ], [ 377410.541921316355001, 3948671.366617147810757 ] ] } },
{ "type": "Feature", "properties": { "from_node": 383, "to_node": 385, "u": 345540681.0, "v": 345540682.0, "key": 0.0, "index": 140.0, "osmid": "1334061147", "highway": [ "residential" ], "lanes": null, "name": null, "oneway": "False", "ref": null, "reversed": "False", "length": 43.596339235319853, "maxspeed": null, "access": null, "bridge": null, "width": null, "length_m": 53.726388568075379, "building_count_50m": 40.0, "avg_building_area": 129.03984998667738, "poi_count_50m": 4.0, "highway_clean": [ "residential" ], "highway_rank": 2.0, "sinuosity": 1.0040481593478034, "poi_diversity": 0.0, "food_drink_count": 1.0, "street_furniture_count": 1.0, "degree_u": 8.0, "degree_v": 6.0, "avg_connectivity": 7.0, "city": "Tokyo", "cluster": 1.0, "typology": "Dense Local Street" }, "geometry": { "type": "LineString", "coordinates": [ [ 377389.434868293814361, 3948535.701124029234052 ], [ 377374.207364048459567, 3948520.501630453858525 ], [ 377361.63712240383029, 3948502.381072586402297 ] ] } },
{ "type": "Feature", "properties": { "from_node": 383, "to_node": 387, "u": null, "v": null, "key": null, "index": null, "osmid": null, "highway": null, "lanes": null, "name": null, "oneway": null, "ref": null, "reversed": null, "length": null, "maxspeed": null, "access": null, "bridge": null, "width": null, "length_m": null, "building_count_50m": null, "avg_building_area": null, "poi_count_50m": null, "highway_clean": null, "highway_rank": null, "sinuosity": null, "poi_diversity": null, "food_drink_count": null, "street_furniture_count": null, "degree_u": null, "degree_v": null, "avg_connectivity": null, "city": null, "cluster": null, "typology": null }, "geometry": { "type": "LineString", "coordinates": [ [ 377389.434868293814361, 3948535.701124029234052 ], [ 377377.106206594035029, 3948548.873298114631325 ], [ 377367.040871899924241, 3948569.935363326687366 ] ] } },
{ "type": "Feature", "properties": { "from_node": 385, "to_node": 209, "u": 345540682.0, "v": 345540853.0, "key": 0.0, "index": 142.0, "osmid": "31093477", "highway": [ "residential" ], "lanes": null, "name": null, "oneway": "False", "ref": null, "reversed": "True", "length": 39.991868197118016, "maxspeed": null, "access": null, "bridge": null, "width": null, "length_m": 49.28421119064474, "building_count_50m": 36.0, "avg_building_area": 134.10920113600068, "poi_count_50m": 3.0, "highway_clean": [ "residential" ], "highway_rank": 2.0, "sinuosity": 1.0002616631509333, "poi_diversity": 0.0, "food_drink_count": 1.0, "street_furniture_count": 1.0, "degree_u": 6.0, "degree_v": 8.0, "avg_connectivity": 7.0, "city": "Tokyo", "cluster": 1.0, "typology": "Dense Local Street" }, "geometry": { "type": "LineString", "coordinates": [ [ 377361.63712240383029, 3948502.381072586402297 ], [ 377372.717353113170248, 3948491.88865205552429 ], [ 377391.459459412377328, 3948475.743592442013323 ] ] } },
{ "type": "Feature", "properties": { "from_node": 385, "to_node": 209, "u": null, "v": null, "key": null, "index": null, "osmid": null, "highway": null, "lanes": null, "name": null, "oneway": null, "ref": null, "reversed": null, "length": null, "maxspeed": null, "access": null, "bridge": null, "width": null, "length_m": null, "building_count_50m": null, "avg_building_area": null, "poi_count_50m": null, "highway_clean": null, "highway_rank": null, "sinuosity": null, "poi_diversity": null, "food_drink_count": null, "street_furniture_count": null, "degree_u": null, "degree_v": null, "avg_connectivity": null, "city": null, "cluster": null, "typology": null }, "geometry": { "type": "LineString", "coordinates": [ [ 377361.63712240383029, 3948502.381072586402297 ], [ 377359.520322757074609, 3948498.549572668969631 ], [ 377356.943571348383557, 3948483.031375755555928 ], [ 377350.307094137766398, 3948465.893997100647539 ], [ 377346.305727281142026, 3948453.41301625687629 ], [ 377346.689226080430672, 3948449.058889871928841 ], [ 377349.840310580097139, 3948434.027466747444123 ], [ 377353.516506816609763, 3948432.124058808200061 ], [ 377374.828841681301128, 3948456.613993806764483 ], [ 377379.667231593397446, 3948462.182993752416223 ], [ 377391.459459412377328, 3948475.743592442013323 ] ] } },
{ "type": "Feature", "properties": { "from_node": 399, "to_node": 284, "u": null, "v": null, "key": null, "index": null, "osmid": null, "highway": null, "lanes": null, "name": null, "oneway": null, "ref": null, "reversed": null, "length": null, "maxspeed": null, "access": null, "bridge": null, "width": null, "length_m": null, "building_count_50m": null, "avg_building_area": null, "poi_count_50m": null, "highway_clean": null, "highway_rank": null, "sinuosity": null, "poi_diversity": null, "food_drink_count": null, "street_furniture_count": null, "degree_u": null, "degree_v": null, "avg_connectivity": null, "city": null, "cluster": null, "typology": null }, "geometry": { "type": "LineString", "coordinates": [ [ 377291.950808635330759, 3948746.267402382567525 ], [ 377309.373590442817658, 3948747.391478617209941 ], [ 377316.789463684428483, 3948756.075557438656688 ] ] } },
{ "type": "Feature", "properties": { "from_node": 399, "to_node": 2040, "u": null, "v": null, "key": null, "index": null, "osmid": null, "highway": null, "lanes": null, "name": null, "oneway": null, "ref": null, "reversed": null, "length": null, "maxspeed": null, "access": null, "bridge": null, "width": null, "length_m": null, "building_count_50m": null, "avg_building_area": null, "poi_count_50m": null, "highway_clean": null, "highway_rank": null, "sinuosity": null, "poi_diversity": null, "food_drink_count": null, "street_furniture_count": null, "degree_u": null, "degree_v": null, "avg_connectivity": null, "city": null, "cluster": null, "typology": null }, "geometry": { "type": "LineString", "coordinates": [ [ 377291.950808635330759, 3948746.267402382567525 ], [ 377283.82928839745, 3948712.698201864957809 ], [ 377283.113958587229718, 3948708.092982702888548 ], [ 377284.321460046223365, 3948703.760757176205516 ], [ 377292.138117553957272, 3948692.947170119266957 ], [ 377310.249832408037037, 3948669.865785204805434 ], [ 377315.211377189436462, 3948663.373899930622429 ], [ 377327.491661996813491, 3948648.682420902419835 ] ] } },
{ "type": "Feature", "properties": { "from_node": 398, "to_node": 1031, "u": null, "v": null, "key": null, "index": null, "osmid": null, "highway": null, "lanes": null, "name": null, "oneway": null, "ref": null, "reversed": null, "length": null, "maxspeed": null, "access": null, "bridge": null, "width": null, "length_m": null, "building_count_50m": null, "avg_building_area": null, "poi_count_50m": null, "highway_clean": null, "highway_rank": null, "sinuosity": null, "poi_diversity": null, "food_drink_count": null, "street_furniture_count": null, "degree_u": null, "degree_v": null, "avg_connectivity": null, "city": null, "cluster": null, "typology": null }, "geometry": { "type": "LineString", "coordinates": [ [ 377261.090897269663401, 3948752.739656428806484 ], [ 377229.302886080986355, 3948691.351874495856464 ], [ 377229.2521421846468, 3948681.778472108766437 ], [ 377238.739275118452497, 3948662.7987873069942 ], [ 377264.058681552880444, 3948612.992235483601689 ] ] } },
{ "type": "Feature", "properties": { "from_node": 262, "to_node": 412, "u": 345541273.0, "v": 359607917.0, "key": 0.0, "index": 157.0, "osmid": "31093515", "highway": [ "secondary" ], "lanes": [ "2" ], "name": [ "瀬田貫井線" ], "oneway": "False", "ref": "427", "reversed": "True", "length": 112.36449047126575, "maxspeed": [ "30" ], "access": null, "bridge": null, "width": null, "length_m": 138.47651309471601, "building_count_50m": 91.0, "avg_building_area": 130.77799401134868, "poi_count_50m": 26.0, "highway_clean": [ "secondary" ], "highway_rank": 4.0, "sinuosity": 1.0001157814186394, "poi_diversity": 1.062298832439512, "food_drink_count": 5.0, "street_furniture_count": 1.0, "degree_u": 8.0, "degree_v": 6.0, "avg_connectivity": 7.0, "city": "Tokyo", "cluster": 4.0, "typology": "Active Commercial High Street" }, "geometry": { "type": "LineString", "coordinates": [ [ 377224.482968622760382, 3948766.424834706820548 ], [ 377210.584479902405292, 3948729.474157894030213 ], [ 377198.200642282725312, 3948695.364823462441564 ], [ 377186.644152717781253, 3948660.866878892760724 ] ] } },
{ "type": "Feature", "properties": { "from_node": 262, "to_node": 419, "u": 345541273.0, "v": 558684835.0, "key": 0.0, "index": 158.0, "osmid": "31093545", "highway": [ "unclassified" ], "lanes": null, "name": null, "oneway": "False", "ref": null, "reversed": "False", "length": 97.561756774141998, "maxspeed": [ "30" ], "access": null, "bridge": null, "width": null, "length_m": 120.2346645323012, "building_count_50m": 66.0, "avg_building_area": 147.88263887352372, "poi_count_50m": 20.0, "highway_clean": [ "unclassified" ], "highway_rank": 1.0, "sinuosity": 1.0046336249294796, "poi_diversity": 1.2580481453641945, "food_drink_count": 4.0, "street_furniture_count": 1.0, "degree_u": 8.0, "degree_v": 6.0, "avg_connectivity": 7.0, "city": "Tokyo", "cluster": 4.0, "typology": "Active Commercial High Street" }, "geometry": { "type": "LineString", "coordinates": [ [ 377224.482968622760382, 3948766.424834706820548 ], [ 377202.071780639060307, 3948773.113432698417455 ], [ 377199.416328205377795, 3948773.538404818158597 ], [ 377177.918556537595578, 3948775.577162409201264 ], [ 377163.978626318508759, 3948778.221547614317387 ], [ 377145.020184917084407, 3948781.257037153001875 ], [ 377135.577228085428942, 3948785.070750871207565 ], [ 377129.423413732671179, 3948787.15272535616532 ] ] } },
{ "type": "Feature", "properties": { "from_node": 419, "to_node": 424, "u": null, "v": null, "key": null, "index": null, "osmid": null, "highway": null, "lanes": null, "name": null, "oneway": null, "ref": null, "reversed": null, "length": null, "maxspeed": null, "access": null, "bridge": null, "width": null, "length_m": null, "building_count_50m": null, "avg_building_area": null, "poi_count_50m": null, "highway_clean": null, "highway_rank": null, "sinuosity": null, "poi_diversity": null, "food_drink_count": null, "street_furniture_count": null, "degree_u": null, "degree_v": null, "avg_connectivity": null, "city": null, "cluster": null, "typology": null }, "geometry": { "type": "LineString", "coordinates": [ [ 377129.423413732671179, 3948787.15272535616532 ], [ 377093.230729851871729, 3948805.969234826508909 ], [ 377075.301799482491333, 3948814.715139973908663 ], [ 377074.298133273725398, 3948812.177401866298169 ], [ 377059.009912679670379, 3948773.615338334813714 ], [ 377053.693944917293265, 3948762.972067275084555 ] ] } },
{ "type": "Feature", "properties": { "from_node": 387, "to_node": 428, "u": 345541348.0, "v": 1180546914.0, "key": 0.0, "index": 162.0, "osmid": "31093555", "highway": [ "residential" ], "lanes": null, "name": null, "oneway": "False", "ref": null, "reversed": "True", "length": 37.329014616050287, "maxspeed": null, "access": null, "bridge": null, "width": null, "length_m": 46.003140657433747, "building_count_50m": 42.0, "avg_building_area": 139.48447698252411, "poi_count_50m": 1.0, "highway_clean": [ "residential" ], "highway_rank": 2.0, "sinuosity": 1.000521084972634, "poi_diversity": 0.0, "food_drink_count": 1.0, "street_furniture_count": 1.0, "degree_u": 6.0, "degree_v": 6.0, "avg_connectivity": 6.0, "city": "Tokyo", "cluster": 1.0, "typology": "Dense Local Street" }, "geometry": { "type": "LineString", "coordinates": [ [ 377367.040871899924241, 3948569.935363326687366 ], [ 377361.408186461776495, 3948587.497161372564733 ], [ 377361.047954195004422, 3948588.944346939679235 ], [ 377356.835030217655003, 3948605.743267370853573 ] ] } },
{ "type": "Feature", "properties": { "from_node": 387, "to_node": 428, "u": 345541348.0, "v": 1180546914.0, "key": 0.0, "index": 162.0, "osmid": "31093555", "highway": [ "residential" ], "lanes": null, "name": null, "oneway": "False", "ref": null, "reversed": "True", "length": 37.329014616050287, "maxspeed": null, "access": null, "bridge": null, "width": null, "length_m": 46.003140657433747, "building_count_50m": 42.0, "avg_building_area": 139.48447698252411, "poi_count_50m": 1.0, "highway_clean": [ "residential" ], "highway_rank": 2.0, "sinuosity": 1.000521084972634, "poi_diversity": 0.0, "food_drink_count": 1.0, "street_furniture_count": 1.0, "degree_u": 6.0, "degree_v": 6.0, "avg_connectivity": 6.0, "city": "Tokyo", "cluster": 1.0, "typology": "Dense Local Street" }, "geometry": { "type": "LineString", "coordinates": [ [ 377367.040871899924241, 3948569.935363326687366 ], [ 377361.408186461776495, 3948587.497161372564733 ], [ 377361.047954195004422, 3948588.944346939679235 ], [ 377356.835030217655003, 3948605.743267370853573 ] ] } },
{ "type": "Feature", "properties": { "from_node": 380, "to_node": 279, "u": 345541630.0, "v": 345533710.0, "key": 0.0, "index": 168.0, "osmid": "31236551", "highway": [ "unclassified" ], "lanes": null, "name": null, "oneway": "True", "ref": null, "reversed": "False", "length": 122.7499154406151, "maxspeed": null, "access": null, "bridge": null, "width": null, "length_m": 151.2760929153134, "building_count_50m": 64.0, "avg_building_area": 107.03704948743777, "poi_count_50m": 2.0, "highway_clean": [ "unclassified" ], "highway_rank": 1.0, "sinuosity": 1.000031316820857, "poi_diversity": 0.0, "food_drink_count": 1.0, "street_furniture_count": 1.0, "degree_u": 4.0, "degree_v": 5.0, "avg_connectivity": 4.5, "city": "Tokyo", "cluster": 1.0, "typology": "Dense Local Street" }, "geometry": { "type": "LineString", "coordinates": [ [ 377442.058786063571461, 3948713.832425640895963 ], [ 377394.49232104793191, 3948753.405987765174359 ], [ 377348.294720636680722, 3948793.094064289238304 ] ] } },
{ "type": "Feature", "properties": { "from_node": 380, "to_node": 279, "u": 345541630.0, "v": 345533710.0, "key": 0.0, "index": 168.0, "osmid": "31236551", "highway": [ "unclassified" ], "lanes": null, "name": null, "oneway": "True", "ref": null, "reversed": "False", "length": 122.7499154406151, "maxspeed": null, "access": null, "bridge": null, "width": null, "length_m": 151.2760929153134, "building_count_50m": 64.0, "avg_building_area": 107.03704948743777, "poi_count_50m": 2.0, "highway_clean": [ "unclassified" ], "highway_rank": 1.0, "sinuosity": 1.000031316820857, "poi_diversity": 0.0, "food_drink_count": 1.0, "street_furniture_count": 1.0, "degree_u": 4.0, "degree_v": 5.0, "avg_connectivity": 4.5, "city": "Tokyo", "cluster": 1.0, "typology": "Dense Local Street" }, "geometry": { "type": "LineString", "coordinates": [ [ 377442.058786063571461, 3948713.832425640895963 ], [ 377394.49232104793191, 3948753.405987765174359 ], [ 377348.294720636680722, 3948793.094064289238304 ] ] } },
{ "type": "Feature", "properties": { "from_node": 380, "to_node": 480, "u": 345541630.0, "v": 1186563258.0, "key": 0.0, "index": 169.0, "osmid": "102737768", "highway": [ "residential" ], "lanes": null, "name": null, "oneway": "False", "ref": null, "reversed": "False", "length": 39.884943773568779, "maxspeed": null, "access": null, "bridge": null, "width": null, "length_m": 49.153781999178371, "building_count_50m": 25.0, "avg_building_area": 318.70649461083684, "poi_count_50m": 1.0, "highway_clean": [ "residential" ], "highway_rank": 2.0, "sinuosity": 1.0000000471215991, "poi_diversity": 0.0, "food_drink_count": 1.0, "street_furniture_count": 1.0, "degree_u": 4.0, "degree_v": 6.0, "avg_connectivity": 5.0, "city": "Tokyo", "cluster": 1.0, "typology": "Dense Local Street" }, "geometry": { "type": "LineString", "coordinates": [ [ 377442.058786063571461, 3948713.832425640895963 ], [ 377462.769514970423188, 3948738.741315930150449 ], [ 377467.54664452932775, 3948744.477611632086337 ] ] } },
{ "type": "Feature", "properties": { "from_node": 258, "to_node": 434, "u": 345542196.0, "v": 7203253730.0, "key": 0.0, "index": 170.0, "osmid": "31093674", "highway": [ "residential" ], "lanes": null, "name": null, "oneway": "False", "ref": null, "reversed": "False", "length": 38.510533434779006, "maxspeed": null, "access": null, "bridge": null, "width": null, "length_m": 47.45847848972825, "building_count_50m": 42.0, "avg_building_area": 268.35764517702455, "poi_count_50m": 2.0, "highway_clean": [ "residential" ], "highway_rank": 2.0, "sinuosity": 1.0067010710477136, "poi_diversity": 0.0, "food_drink_count": 1.0, "street_furniture_count": 1.0, "degree_u": 6.0, "degree_v": 6.0, "avg_connectivity": 6.0, "city": "Tokyo", "cluster": 1.0, "typology": "Dense Local Street" }, "geometry": { "type": "LineString", "coordinates": [ [ 377541.293811849202029, 3948461.863375216256827 ], [ 377538.303486439050175, 3948460.329223561566323 ], [ 377529.425480986072216, 3948452.619185138959438 ], [ 377524.900067602924537, 3948448.077533993404359 ], [ 377514.011678967741318, 3948435.059011197183281 ] ] } },
{ "type": "Feature", "properties": { "from_node": 258, "to_node": 261, "u": 345542196.0, "v": 353680659.0, "key": 0.0, "index": 172.0, "osmid": "38097924", "highway": [ "residential" ], "lanes": null, "name": null, "oneway": "False", "ref": null, "reversed": "True", "length": 135.82845298123655, "maxspeed": null, "access": null, "bridge": null, "width": null, "length_m": 167.38759671360049, "building_count_50m": 33.0, "avg_building_area": 586.70923855986405, "poi_count_50m": 3.0, "highway_clean": [ "residential" ], "highway_rank": 2.0, "sinuosity": 1.0000439661645721, "poi_diversity": 0.0, "food_drink_count": 1.0, "street_furniture_count": 1.0, "degree_u": 6.0, "degree_v": 6.0, "avg_connectivity": 6.0, "city": "Tokyo", "cluster": 3.0, "typology": "Local Mixed Street" }, "geometry": { "type": "LineString", "coordinates": [ [ 377541.293811849202029, 3948461.863375216256827 ], [ 377542.373057171236724, 3948460.694737629964948 ], [ 377559.857016544905491, 3948441.904828968923539 ], [ 377583.232635262538679, 3948417.742014064919204 ], [ 377592.612713782349601, 3948408.005494956858456 ], [ 377606.178678881318774, 3948393.929093063808978 ], [ 377634.679568573832512, 3948363.283564395271242 ] ] } },
{ "type": "Feature", "properties": { "from_node": 443, "to_node": 442, "u": 345542199.0, "v": 7203246859.0, "key": 0.0, "index": 174.0, "osmid": "31093674", "highway": [ "residential" ], "lanes": null, "name": null, "oneway": "False", "ref": null, "reversed": "False", "length": 26.829185164197192, "maxspeed": null, "access": null, "bridge": null, "width": null, "length_m": 33.062755714756882, "building_count_50m": 21.0, "avg_building_area": 114.72136200600741, "poi_count_50m": 3.0, "highway_clean": [ "residential" ], "highway_rank": 2.0, "sinuosity": 1.0070747907839288, "poi_diversity": 0.63651416829481278, "food_drink_count": 1.0, "street_furniture_count": 1.0, "degree_u": 6.0, "degree_v": 6.0, "avg_connectivity": 6.0, "city": "Tokyo", "cluster": 3.0, "typology": "Local Mixed Street" }, "geometry": { "type": "LineString", "coordinates": [ [ 377495.966416923969518, 3948407.195550590753555 ], [ 377490.912978787440807, 3948389.958607083186507 ], [ 377486.391041137801949, 3948382.388274918310344 ] ] } },
{ "type": "Feature", "properties": { "from_node": 443, "to_node": 434, "u": 345542199.0, "v": 7203253730.0, "key": 0.0, "index": 175.0, "osmid": "31093674", "highway": [ "residential" ], "lanes": null, "name": null, "oneway": "False", "ref": null, "reversed": "True", "length": 33.256455016587999, "maxspeed": null, "access": null, "bridge": null, "width": null, "length_m": 40.983480594396752, "building_count_50m": 38.0, "avg_building_area": 113.52129338799027, "poi_count_50m": 2.0, "highway_clean": [ "residential" ], "highway_rank": 2.0, "sinuosity": 1.000663036925747, "poi_diversity": 0.0, "food_drink_count": 1.0, "street_furniture_count": 1.0, "degree_u": 6.0, "degree_v": 6.0, "avg_connectivity": 6.0, "city": "Tokyo", "cluster": 1.0, "typology": "Dense Local Street" }, "geometry": { "type": "LineString", "coordinates": [ [ 377495.966416923969518, 3948407.195550590753555 ], [ 377512.23524165712297, 3948432.931257838383317 ], [ 377514.011678967741318, 3948435.059011197183281 ] ] } },
{ "type": "Feature", "properties": { "from_node": 284, "to_node": 2036, "u": 346871902.0, "v": 1180546837.0, "key": 0.0, "index": 178.0, "osmid": "31236728", "highway": [ "residential" ], "lanes": null, "name": null, "oneway": "False", "ref": null, "reversed": "True", "length": 79.122952801830024, "maxspeed": null, "access": null, "bridge": null, "width": null, "length_m": 97.510276278537546, "building_count_50m": 50.0, "avg_building_area": 137.17946243024096, "poi_count_50m": 2.0, "highway_clean": [ "residential" ], "highway_rank": 2.0, "sinuosity": 1.0000000075278312, "poi_diversity": 0.0, "food_drink_count": 1.0, "street_furniture_count": 1.0, "degree_u": 6.0, "degree_v": 6.0, "avg_connectivity": 6.0, "city": "Tokyo", "cluster": 1.0, "typology": "Dense Local Street" }, "geometry": { "type": "LineString", "coordinates": [ [ 377316.789463684428483, 3948756.075557438656688 ], [ 377338.390007695939858, 3948736.551618016324937 ], [ 377375.502985918661579, 3948703.023933749180287 ] ] } },
{ "type": "Feature", "properties": { "from_node": 288, "to_node": 447, "u": 349113815.0, "v": 428421767.0, "key": 0.0, "index": 186.0, "osmid": "31022136", "highway": [ "residential" ], "lanes": null, "name": null, "oneway": "False", "ref": null, "reversed": "True", "length": 44.511603761020687, "maxspeed": null, "access": null, "bridge": null, "width": null, "length_m": 54.854423489678126, "building_count_50m": 44.0, "avg_building_area": 117.66207801931273, "poi_count_50m": 1.0, "highway_clean": [ "residential" ], "highway_rank": 2.0, "sinuosity": 1.0003701147901642, "poi_diversity": 0.0, "food_drink_count": 1.0, "street_furniture_count": 1.0, "degree_u": 8.0, "degree_v": 8.0, "avg_connectivity": 8.0, "city": "Tokyo", "cluster": 1.0, "typology": "Dense Local Street" }, "geometry": { "type": "LineString", "coordinates": [ [ 377509.632630554377101, 3948550.862635764759034 ], [ 377482.395521563128568, 3948519.431569409556687 ], [ 377480.268257100309711, 3948517.463972861878574 ] ] } },
{ "type": "Feature", "properties": { "from_node": 452, "to_node": 451, "u": 352996174.0, "v": 416933523.0, "key": 0.0, "index": 189.0, "osmid": "40267721", "highway": [ "residential" ], "lanes": null, "name": null, "oneway": "False", "ref": null, "reversed": "True", "length": 79.038578228174657, "maxspeed": null, "access": null, "bridge": null, "width": null, "length_m": 97.409997405654167, "building_count_50m": 70.0, "avg_building_area": 133.11084673249127, "poi_count_50m": 5.0, "highway_clean": [ "residential" ], "highway_rank": 2.0, "sinuosity": 1.0164745144096086, "poi_diversity": 0.95027053923323468, "food_drink_count": 1.0, "street_furniture_count": 1.0, "degree_u": 4.0, "degree_v": 8.0, "avg_connectivity": 6.0, "city": "Tokyo", "cluster": 3.0, "typology": "Local Mixed Street" }, "geometry": { "type": "LineString", "coordinates": [ [ 377366.496050885296427, 3949061.927321931812912 ], [ 377350.950870525557548, 3949068.254591715987772 ], [ 377322.575359825859778, 3949067.081927922088653 ], [ 377288.637584441632498, 3949064.9322146801278 ] ] } },
{ "type": "Feature", "properties": { "from_node": 452, "to_node": 454, "u": 352996174.0, "v": 352996175.0, "key": 0.0, "index": 190.0, "osmid": "645599600", "highway": [ "unclassified" ], "lanes": [ "1" ], "name": null, "oneway": "True", "ref": null, "reversed": "False", "length": 62.399902131009739, "maxspeed": [ "30" ], "access": null, "bridge": null, "width": null, "length_m": 76.904103009868379, "building_count_50m": 60.0, "avg_building_area": 140.9029579228027, "poi_count_50m": 9.0, "highway_clean": [ "unclassified" ], "highway_rank": 1.0, "sinuosity": 1.0000053422229194, "poi_diversity": 0.9649629230074277, "food_drink_count": 1.0, "street_furniture_count": 1.0, "degree_u": 4.0, "degree_v": 4.0, "avg_connectivity": 4.0, "city": "Tokyo", "cluster": 3.0, "typology": "Local Mixed Street" }, "geometry": { "type": "LineString", "coordinates": [ [ 377366.496050885296427, 3949061.927321931812912 ], [ 377378.656069460383151, 3949087.109299030620605 ], [ 377393.79037233121926, 3949117.930379638914019 ] ] } },
{ "type": "Feature", "properties": { "from_node": 454, "to_node": 729, "u": 352996175.0, "v": 410115895.0, "key": 0.0, "index": 192.0, "osmid": "34947815", "highway": [ "tertiary" ], "lanes": null, "name": null, "oneway": "False", "ref": null, "reversed": "True", "length": 58.317327969549282, "maxspeed": null, "access": null, "bridge": null, "width": null, "length_m": 71.872752415275272, "building_count_50m": 51.0, "avg_building_area": 137.86338863315854, "poi_count_50m": 6.0, "highway_clean": [ "tertiary" ], "highway_rank": 3.0, "sinuosity": 1.0000804390273406, "poi_diversity": 0.69314718055994529, "food_drink_count": 1.0, "street_furniture_count": 1.0, "degree_u": 4.0, "degree_v": 8.0, "avg_connectivity": 6.0, "city": "Tokyo", "cluster": 3.0, "typology": "Local Mixed Street" }, "geometry": { "type": "LineString", "coordinates": [ [ 377393.79037233121926, 3949117.930379638914019 ], [ 377423.259553897194564, 3949110.468161981552839 ], [ 377450.591997608949896, 3949104.278029263950884 ] ] } },
{ "type": "Feature", "properties": { "from_node": 456, "to_node": 897, "u": 352996974.0, "v": 7187611994.0, "key": 0.0, "index": 193.0, "osmid": "31904766", "highway": [ "residential" ], "lanes": null, "name": null, "oneway": "False", "ref": null, "reversed": "False", "length": 33.734916423976081, "maxspeed": [ "20" ], "access": null, "bridge": null, "width": null, "length_m": 41.575919927243248, "building_count_50m": 50.0, "avg_building_area": 113.08493640693092, "poi_count_50m": 2.0, "highway_clean": [ "residential" ], "highway_rank": 2.0, "sinuosity": 1.0002114353251541, "poi_diversity": 0.0, "food_drink_count": 1.0, "street_furniture_count": 1.0, "degree_u": 6.0, "degree_v": 6.0, "avg_connectivity": 6.0, "city": "Tokyo", "cluster": 1.0, "typology": "Dense Local Street" }, "geometry": { "type": "LineString", "coordinates": [ [ 377181.929808344109915, 3949037.062423313967884 ], [ 377201.675383230729494, 3949011.761580385267735 ], [ 377202.543603263795376, 3949010.396119669079781 ] ] } },
{ "type": "Feature", "properties": { "from_node": 456, "to_node": 460, "u": 352996974.0, "v": 352997318.0, "key": 0.0, "index": 194.0, "osmid": "31904766", "highway": [ "residential" ], "lanes": null, "name": null, "oneway": "False", "ref": null, "reversed": "True", "length": 56.653126327265667, "maxspeed": [ "20" ], "access": null, "bridge": null, "width": null, "length_m": 69.821303144940003, "building_count_50m": 60.0, "avg_building_area": 107.45492551037879, "poi_count_50m": 1.0, "highway_clean": [ "residential" ], "highway_rank": 2.0, "sinuosity": 1.0036138060382012, "poi_diversity": 0.0, "food_drink_count": 1.0, "street_furniture_count": 1.0, "degree_u": 6.0, "degree_v": 6.0, "avg_connectivity": 6.0, "city": "Tokyo", "cluster": 1.0, "typology": "Dense Local Street" }, "geometry": { "type": "LineString", "coordinates": [ [ 377181.929808344109915, 3949037.062423313967884 ], [ 377175.907403922989033, 3949044.711738850455731 ], [ 377165.433282460144255, 3949067.554777355864644 ], [ 377155.763015343341976, 3949086.991960768122226 ] ] } },
{ "type": "Feature", "properties": { "from_node": 456, "to_node": 451, "u": 352996974.0, "v": 416933523.0, "key": 0.0, "index": 195.0, "osmid": "40267721", "highway": [ "residential" ], "lanes": null, "name": null, "oneway": "False", "ref": null, "reversed": "False", "length": 110.16382538845338, "maxspeed": null, "access": null, "bridge": null, "width": null, "length_m": 135.76962009035262, "building_count_50m": 84.0, "avg_building_area": 129.64852533831319, "poi_count_50m": 4.0, "highway_clean": [ "residential" ], "highway_rank": 2.0, "sinuosity": 1.000608943709218, "poi_diversity": 0.56233514461880829, "food_drink_count": 1.0, "street_furniture_count": 1.0, "degree_u": 6.0, "degree_v": 8.0, "avg_connectivity": 7.0, "city": "Tokyo", "cluster": 1.0, "typology": "Dense Local Street" }, "geometry": { "type": "LineString", "coordinates": [ [ 377181.929808344109915, 3949037.062423313967884 ], [ 377205.664980634988751, 3949042.39242783235386 ], [ 377231.338956976193003, 3949049.814666707534343 ], [ 377252.686964911583345, 3949055.987626798450947 ], [ 377260.494086767139379, 3949058.276117428205907 ], [ 377270.991366515110712, 3949061.3484245701693 ], [ 377288.637584441632498, 3949064.9322146801278 ] ] } },
{ "type": "Feature", "properties": { "from_node": 460, "to_node": 699, "u": 352997318.0, "v": 378063243.0, "key": 0.0, "index": 198.0, "osmid": "39752824", "highway": [ "residential" ], "lanes": null, "name": null, "oneway": "False", "ref": null, "reversed": "True", "length": 126.78155288929555, "maxspeed": null, "access": null, "bridge": null, "width": null, "length_m": 156.25080552599087, "building_count_50m": 86.0, "avg_building_area": 143.04789428445554, "poi_count_50m": 1.0, "highway_clean": [ "residential" ], "highway_rank": 2.0, "sinuosity": 1.0009086667886606, "poi_diversity": 0.0, "food_drink_count": 1.0, "street_furniture_count": 1.0, "degree_u": 6.0, "degree_v": 8.0, "avg_connectivity": 7.0, "city": "Tokyo", "cluster": 1.0, "typology": "Dense Local Street" }, "geometry": { "type": "LineString", "coordinates": [ [ 377155.763015343341976, 3949086.991960768122226 ], [ 377161.195046499138698, 3949087.715655504725873 ], [ 377187.875316898804158, 3949096.566077040042728 ], [ 377226.118239726056345, 3949107.642063321080059 ], [ 377256.294018109329045, 3949115.301722668576986 ], [ 377275.210038248158526, 3949119.73327784659341 ], [ 377278.161407993931789, 3949120.424730645027012 ] ] } },
{ "type": "Feature", "properties": { "from_node": 472, "to_node": 688, "u": 352997319.0, "v": 364644646.0, "key": 0.0, "index": 200.0, "osmid": "31904766", "highway": [ "residential" ], "lanes": null, "name": null, "oneway": "False", "ref": null, "reversed": "True", "length": 22.629161145214205, "maxspeed": [ "20" ], "access": null, "bridge": null, "width": null, "length_m": 27.889193351377418, "building_count_50m": 41.0, "avg_building_area": 112.4386763413152, "poi_count_50m": 1.0, "highway_clean": [ "residential" ], "highway_rank": 2.0, "sinuosity": 1.0362335495456947, "poi_diversity": 0.0, "food_drink_count": 1.0, "street_furniture_count": 1.0, "degree_u": 6.0, "degree_v": 6.0, "avg_connectivity": 6.0, "city": "Tokyo", "cluster": 1.0, "typology": "Dense Local Street" }, "geometry": { "type": "LineString", "coordinates": [ [ 377137.625070303911343, 3949121.179172793403268 ], [ 377135.455946431553457, 3949126.001760393381119 ], [ 377134.052513237693347, 3949137.104057036340237 ], [ 377135.961113150056917, 3949142.902019246015698 ] ] } },
{ "type": "Feature", "properties": { "from_node": 472, "to_node": 704, "u": null, "v": null, "key": null, "index": null, "osmid": null, "highway": null, "lanes": null, "name": null, "oneway": null, "ref": null, "reversed": null, "length": null, "maxspeed": null, "access": null, "bridge": null, "width": null, "length_m": null, "building_count_50m": null, "avg_building_area": null, "poi_count_50m": null, "highway_clean": null, "highway_rank": null, "sinuosity": null, "poi_diversity": null, "food_drink_count": null, "street_furniture_count": null, "degree_u": null, "degree_v": null, "avg_connectivity": null, "city": null, "cluster": null, "typology": null }, "geometry": { "type": "LineString", "coordinates": [ [ 377137.625070303911343, 3949121.179172793403268 ], [ 377133.190707959001884, 3949120.597017876803875 ], [ 377081.039310895313974, 3949113.751973281614482 ], [ 377081.329833003110252, 3949119.05088432924822 ], [ 377084.850141556293238, 3949136.009293654002249 ], [ 377067.992667424608953, 3949199.267412760760635 ], [ 377064.571337574743666, 3949205.826909246388823 ], [ 377078.120676702004857, 3949227.350461075082421 ], [ 377104.373538034386002, 3949269.466326575260609 ], [ 377121.900161854573525, 3949297.158675709739327 ] ] } },
{ "type": "Feature", "properties": { "from_node": 114, "to_node": 485, "u": null, "v": null, "key": null, "index": null, "osmid": null, "highway": null, "lanes": null, "name": null, "oneway": null, "ref": null, "reversed": null, "length": null, "maxspeed": null, "access": null, "bridge": null, "width": null, "length_m": null, "building_count_50m": null, "avg_building_area": null, "poi_count_50m": null, "highway_clean": null, "highway_rank": null, "sinuosity": null, "poi_diversity": null, "food_drink_count": null, "street_furniture_count": null, "degree_u": null, "degree_v": null, "avg_connectivity": null, "city": null, "cluster": null, "typology": null }, "geometry": { "type": "LineString", "coordinates": [ [ 377499.47739429626381, 3948719.797221368644387 ], [ 377503.484031992731616, 3948724.800857652910054 ], [ 377508.651990994112566, 3948730.653822576627135 ], [ 377512.251775096054189, 3948736.350894482806325 ], [ 377526.14148077822756, 3948758.303072673268616 ], [ 377513.554651287733577, 3948786.233597506769001 ], [ 377489.944939598266501, 3948829.44822435779497 ] ] } },
{ "type": "Feature", "properties": { "from_node": 487, "to_node": 261, "u": null, "v": null, "key": null, "index": null, "osmid": null, "highway": null, "lanes": null, "name": null, "oneway": null, "ref": null, "reversed": null, "length": null, "maxspeed": null, "access": null, "bridge": null, "width": null, "length_m": null, "building_count_50m": null, "avg_building_area": null, "poi_count_50m": null, "highway_clean": null, "highway_rank": null, "sinuosity": null, "poi_diversity": null, "food_drink_count": null, "street_furniture_count": null, "degree_u": null, "degree_v": null, "avg_connectivity": null, "city": null, "cluster": null, "typology": null }, "geometry": { "type": "LineString", "coordinates": [ [ 377460.457735207513906, 3948328.684808609075844 ], [ 377471.313760480727069, 3948311.095483285840601 ], [ 377483.002063226304017, 3948290.17761083971709 ], [ 377504.935069624800235, 3948252.621889215428382 ], [ 377507.053983650926966, 3948253.979440616909415 ], [ 377517.904719736368861, 3948260.963367077056319 ], [ 377547.601749001652934, 3948282.975189624819905 ], [ 377571.662358920439146, 3948300.638231645803899 ], [ 377582.415484706521966, 3948309.087978957220912 ], [ 377595.511138451460283, 3948321.33290102193132 ], [ 377604.179387763259001, 3948330.898584605194628 ], [ 377617.912769633287098, 3948344.099931977223605 ], [ 377634.679568573832512, 3948363.283564395271242 ] ] } },
{ "type": "Feature", "properties": { "from_node": 487, "to_node": 442, "u": 353680651.0, "v": 7203246859.0, "key": 0.0, "index": 212.0, "osmid": "31093674", "highway": [ "residential" ], "lanes": null, "name": null, "oneway": "False", "ref": null, "reversed": "True", "length": 60.383939923248448, "maxspeed": null, "access": null, "bridge": null, "width": null, "length_m": 74.413395551812073, "building_count_50m": 13.0, "avg_building_area": 221.90277238913029, "poi_count_50m": 5.0, "highway_clean": [ "residential" ], "highway_rank": 2.0, "sinuosity": 1.010895947139381, "poi_diversity": 0.67301166700925652, "food_drink_count": 1.0, "street_furniture_count": 1.0, "degree_u": 6.0, "degree_v": 6.0, "avg_connectivity": 6.0, "city": "Tokyo", "cluster": 3.0, "typology": "Local Mixed Street" }, "geometry": { "type": "LineString", "coordinates": [ [ 377460.457735207513906, 3948328.684808609075844 ], [ 377463.762986802728847, 3948344.525804417673498 ], [ 377486.391041137801949, 3948382.388274918310344 ] ] } },
{ "type": "Feature", "properties": { "from_node": 500, "to_node": 504, "u": 353680840.0, "v": 353680843.0, "key": 0.0, "index": 218.0, "osmid": "31444288", "highway": [ "residential" ], "lanes": null, "name": null, "oneway": "False", "ref": null, "reversed": "False", "length": 58.383503085964065, "maxspeed": null, "access": null, "bridge": null, "width": null, "length_m": 71.949029756284858, "building_count_50m": 50.0, "avg_building_area": 158.02946511628795, "poi_count_50m": 1.0, "highway_clean": [ "residential" ], "highway_rank": 2.0, "sinuosity": 1.0009643252359044, "poi_diversity": 0.0, "food_drink_count": 1.0, "street_furniture_count": 1.0, "degree_u": 6.0, "degree_v": 6.0, "avg_connectivity": 6.0, "city": "Tokyo", "cluster": 1.0, "typology": "Dense Local Street" }, "geometry": { "type": "LineString", "coordinates": [ [ 377762.051730910432525, 3948479.404579030815512 ], [ 377777.635972344782203, 3948458.045252058655024 ], [ 377798.642350170353893, 3948434.0265360516496 ] ] } },
{ "type": "Feature", "properties": { "from_node": 500, "to_node": 1388, "u": null, "v": null, "key": null, "index": null, "osmid": null, "highway": null, "lanes": null, "name": null, "oneway": null, "ref": null, "reversed": null, "length": null, "maxspeed": null, "access": null, "bridge": null, "width": null, "length_m": null, "building_count_50m": null, "avg_building_area": null, "poi_count_50m": null, "highway_clean": null, "highway_rank": null, "sinuosity": null, "poi_diversity": null, "food_drink_count": null, "street_furniture_count": null, "degree_u": null, "degree_v": null, "avg_connectivity": null, "city": null, "cluster": null, "typology": null }, "geometry": { "type": "LineString", "coordinates": [ [ 377762.051730910432525, 3948479.404579030815512 ], [ 377786.616910160460975, 3948485.113050805404782 ], [ 377803.960948196996469, 3948477.186536112800241 ], [ 377822.602731687366031, 3948462.907579536084086 ] ] } },
{ "type": "Feature", "properties": { "from_node": 506, "to_node": 341, "u": 353680845.0, "v": 353680848.0, "key": 0.0, "index": 224.0, "osmid": "224313702", "highway": [ "residential" ], "lanes": null, "name": null, "oneway": "False", "ref": null, "reversed": "False", "length": 29.286308634261669, "maxspeed": null, "access": null, "bridge": null, "width": null, "length_m": 36.090788006862013, "building_count_50m": 32.0, "avg_building_area": 134.36967325356792, "poi_count_50m": 1.0, "highway_clean": [ "residential" ], "highway_rank": 2.0, "sinuosity": 1.0001664290351773, "poi_diversity": 0.0, "food_drink_count": 1.0, "street_furniture_count": 1.0, "degree_u": 6.0, "degree_v": 6.0, "avg_connectivity": 6.0, "city": "Tokyo", "cluster": 1.0, "typology": "Dense Local Street" }, "geometry": { "type": "LineString", "coordinates": [ [ 377817.125551224336959, 3948406.226234537083656 ], [ 377811.23721913760528, 3948395.37962593510747 ], [ 377802.627518774301279, 3948380.831765602808446 ] ] } },
{ "type": "Feature", "properties": { "from_node": 508, "to_node": 517, "u": null, "v": null, "key": null, "index": null, "osmid": null, "highway": null, "lanes": null, "name": null, "oneway": null, "ref": null, "reversed": null, "length": null, "maxspeed": null, "access": null, "bridge": null, "width": null, "length_m": null, "building_count_50m": null, "avg_building_area": null, "poi_count_50m": null, "highway_clean": null, "highway_rank": null, "sinuosity": null, "poi_diversity": null, "food_drink_count": null, "street_furniture_count": null, "degree_u": null, "degree_v": null, "avg_connectivity": null, "city": null, "cluster": null, "typology": null }, "geometry": { "type": "LineString", "coordinates": [ [ 377960.749417366867419, 3948300.536348884925246 ], [ 377946.929300739488099, 3948295.489724121056497 ], [ 377938.675316167878918, 3948291.675785768777132 ], [ 377933.610056699602865, 3948288.683401621412486 ], [ 377932.109683666261844, 3948284.898781140334904 ], [ 377932.970282802765723, 3948280.32735787332058 ], [ 377935.139108912786469, 3948272.798080758191645 ], [ 377939.558183746761642, 3948259.713131420314312 ], [ 377942.448125880211592, 3948246.682459166273475 ], [ 377943.311847397126257, 3948241.678331227041781 ] ] } },
{ "type": "Feature", "properties": { "from_node": 354, "to_node": 2175, "u": 357163055.0, "v": 419649150.0, "key": 0.0, "index": 236.0, "osmid": "31892086", "highway": [ "unclassified" ], "lanes": null, "name": null, "oneway": "False", "ref": null, "reversed": "False", "length": 99.144365069980054, "maxspeed": null, "access": null, "bridge": null, "width": null, "length_m": 122.17635171039379, "building_count_50m": 21.0, "avg_building_area": 610.89388097040296, "poi_count_50m": 4.0, "highway_clean": [ "unclassified" ], "highway_rank": 1.0, "sinuosity": 1.017802526879438, "poi_diversity": 0.0, "food_drink_count": 1.0, "street_furniture_count": 1.0, "degree_u": 6.0, "degree_v": 2.0, "avg_connectivity": 4.0, "city": "Tokyo", "cluster": 3.0, "typology": "Local Mixed Street" }, "geometry": { "type": "LineString", "coordinates": [ [ 377095.176883645937778, 3948153.782630234025419 ], [ 377113.951226467906963, 3948147.155187677592039 ], [ 377141.450891771120951, 3948145.000120898708701 ], [ 377172.166933905566111, 3948141.070046986918896 ], [ 377192.466780203045346, 3948145.915053343400359 ] ] } },
{ "type": "Feature", "properties": { "from_node": 527, "to_node": 1009, "u": null, "v": null, "key": null, "index": null, "osmid": null, "highway": null, "lanes": null, "name": null, "oneway": null, "ref": null, "reversed": null, "length": null, "maxspeed": null, "access": null, "bridge": null, "width": null, "length_m": null, "building_count_50m": null, "avg_building_area": null, "poi_count_50m": null, "highway_clean": null, "highway_rank": null, "sinuosity": null, "poi_diversity": null, "food_drink_count": null, "street_furniture_count": null, "degree_u": null, "degree_v": null, "avg_connectivity": null, "city": null, "cluster": null, "typology": null }, "geometry": { "type": "LineString", "coordinates": [ [ 377240.311495253292378, 3949511.988314571790397 ], [ 377236.727404420496896, 3949520.524726629257202 ], [ 377229.778742897324264, 3949537.106388029176742 ], [ 377226.563788167142775, 3949551.395488463807851 ], [ 377221.292189275613055, 3949573.401141816284508 ], [ 377216.117107450671028, 3949594.529041033703834 ], [ 377222.18873776163673, 3949595.055326127912849 ], [ 377263.049399207113311, 3949598.562405274715275 ], [ 377293.155944685218856, 3949601.985178394243121 ], [ 377316.968483980861492, 3949603.198482369538397 ] ] } },
{ "type": "Feature", "properties": { "from_node": 527, "to_node": 976, "u": 357396467.0, "v": 416932687.0, "key": 0.0, "index": 239.0, "osmid": "299739177", "highway": [ "primary" ], "lanes": [ "4" ], "name": [ "方南通り" ], "oneway": "False", "ref": "14", "reversed": "True", "length": 23.885995755743956, "maxspeed": [ "40" ], "access": null, "bridge": null, "width": null, "length_m": 29.439453823042143, "building_count_50m": 17.0, "avg_building_area": 193.88267240282968, "poi_count_50m": 2.0, "highway_clean": [ "primary" ], "highway_rank": 5.0, "sinuosity": 1.0000000177771262, "poi_diversity": 0.69314718055994529, "food_drink_count": 1.0, "street_furniture_count": 1.0, "degree_u": 7.0, "degree_v": 6.0, "avg_connectivity": 6.5, "city": "Tokyo", "cluster": 3.0, "typology": "Local Mixed Street" }, "geometry": { "type": "LineString", "coordinates": [ [ 377240.311495253292378, 3949511.988314571790397 ], [ 377256.866411235067062, 3949517.228993444703519 ], [ 377263.121051106136292, 3949519.206093681976199 ] ] } },
{ "type": "Feature", "properties": { "from_node": 527, "to_node": 536, "u": null, "v": null, "key": null, "index": null, "osmid": null, "highway": null, "lanes": null, "name": null, "oneway": null, "ref": null, "reversed": null, "length": null, "maxspeed": null, "access": null, "bridge": null, "width": null, "length_m": null, "building_count_50m": null, "avg_building_area": null, "poi_count_50m": null, "highway_clean": null, "highway_rank": null, "sinuosity": null, "poi_diversity": null, "food_drink_count": null, "street_furniture_count": null, "degree_u": null, "degree_v": null, "avg_connectivity": null, "city": null, "cluster": null, "typology": null }, "geometry": { "type": "LineString", "coordinates": [ [ 377240.311495253292378, 3949511.988314571790397 ], [ 377228.497472170100082, 3949508.56815075641498 ], [ 377168.749253817659337, 3949491.532403829041868 ], [ 377170.903287434251979, 3949483.659178641624749 ], [ 377170.692876036628149, 3949479.568402550648898 ], [ 377167.383788866514806, 3949415.657258786726743 ], [ 377164.996445427183062, 3949382.419366752263159 ], [ 377164.992510362819303, 3949375.585521168541163 ], [ 377167.556579487398267, 3949367.25177684193477 ] ] } },
{ "type": "Feature", "properties": { "from_node": 184, "to_node": 527, "u": 357397140.0, "v": 357396467.0, "key": 0.0, "index": 244.0, "osmid": "102270569", "highway": [ "secondary" ], "lanes": null, "name": [ "瀬田貫井線" ], "oneway": "True", "ref": "427", "reversed": "False", "length": 23.742987642102211, "maxspeed": null, "access": null, "bridge": null, "width": null, "length_m": 29.263146156137115, "building_count_50m": 21.0, "avg_building_area": 179.09263369009108, "poi_count_50m": 2.0, "highway_clean": [ "secondary" ], "highway_rank": 4.0, "sinuosity": 1.0014159127796745, "poi_diversity": 0.69314718055994529, "food_drink_count": 1.0, "street_furniture_count": 1.0, "degree_u": 5.0, "degree_v": 7.0, "avg_connectivity": 6.0, "city": "Tokyo", "cluster": 3.0, "typology": "Local Mixed Street" }, "geometry": { "type": "LineString", "coordinates": [ [ 377245.169066996197216, 3949488.834621600341052 ], [ 377242.796142943203449, 3949503.145364860072732 ], [ 377240.311495253292378, 3949511.988314571790397 ] ] } },
{ "type": "Feature", "properties": { "from_node": 532, "to_node": 184, "u": 357397144.0, "v": 357397140.0, "key": 0.0, "index": 245.0, "osmid": "35578903", "highway": [ "secondary" ], "lanes": [ "1" ], "name": [ "荒玉水道道路" ], "oneway": "True", "ref": "428", "reversed": "False", "length": 88.318628371569034, "maxspeed": [ "30" ], "access": null, "bridge": null, "width": "1.8", "length_m": 108.85178527665526, "building_count_50m": 36.0, "avg_building_area": 160.62425921554393, "poi_count_50m": 5.0, "highway_clean": [ "secondary" ], "highway_rank": 4.0, "sinuosity": 1.0000357578299017, "poi_diversity": 0.95027053923323468, "food_drink_count": 1.0, "street_furniture_count": 1.0, "degree_u": 4.0, "degree_v": 5.0, "avg_connectivity": 4.5, "city": "Tokyo", "cluster": 3.0, "typology": "Local Mixed Street" }, "geometry": { "type": "LineString", "coordinates": [ [ 377197.84261141216848, 3949414.393201327882707 ], [ 377241.168136018910445, 3949482.921317622065544 ], [ 377245.169066996197216, 3949488.834621600341052 ] ] } },
{ "type": "Feature", "properties": { "from_node": 532, "to_node": 183, "u": 357397144.0, "v": 433730994.0, "key": 0.0, "index": 246.0, "osmid": "37236795", "highway": [ "residential" ], "lanes": null, "name": null, "oneway": "False", "ref": null, "reversed": "True", "length": 51.080187786149878, "maxspeed": null, "access": null, "bridge": null, "width": null, "length_m": 62.955526144737462, "building_count_50m": 42.0, "avg_building_area": 130.51139064474745, "poi_count_50m": 1.0, "highway_clean": [ "residential" ], "highway_rank": 2.0, "sinuosity": 1.0087714870978, "poi_diversity": 0.0, "food_drink_count": 1.0, "street_furniture_count": 1.0, "degree_u": 4.0, "degree_v": 6.0, "avg_connectivity": 5.0, "city": "Tokyo", "cluster": 1.0, "typology": "Dense Local Street" }, "geometry": { "type": "LineString", "coordinates": [ [ 377197.84261141216848, 3949414.393201327882707 ], [ 377200.843155349954031, 3949412.754207238089293 ], [ 377213.514776249183342, 3949413.377899198792875 ], [ 377248.581576525233686, 3949414.136025270447135 ] ] } },
{ "type": "Feature", "properties": { "from_node": 536, "to_node": 532, "u": 357397794.0, "v": 357397144.0, "key": 0.0, "index": 247.0, "osmid": "35578903", "highway": [ "secondary" ], "lanes": [ "1" ], "name": [ "荒玉水道道路" ], "oneway": "True", "ref": "428", "reversed": "False", "length": 56.105309908305045, "maxspeed": [ "30" ], "access": null, "bridge": null, "width": "1.8", "length_m": 69.148728512817669, "building_count_50m": 42.0, "avg_building_area": 123.141928031373, "poi_count_50m": 1.0, "highway_clean": [ "secondary" ], "highway_rank": 4.0, "sinuosity": 1.0001559999968994, "poi_diversity": 0.0, "food_drink_count": 1.0, "street_furniture_count": 1.0, "degree_u": 4.0, "degree_v": 4.0, "avg_connectivity": 4.0, "city": "Tokyo", "cluster": 1.0, "typology": "Dense Local Street" }, "geometry": { "type": "LineString", "coordinates": [ [ 377167.556579487398267, 3949367.25177684193477 ], [ 377171.015541414381005, 3949373.23910481389612 ], [ 377197.84261141216848, 3949414.393201327882707 ] ] } },
{ "type": "Feature", "properties": { "from_node": 543, "to_node": 545, "u": 357397801.0, "v": 12448431343.0, "key": 0.0, "index": 250.0, "osmid": "35578903", "highway": [ "secondary" ], "lanes": [ "1" ], "name": [ "荒玉水道道路" ], "oneway": "True", "ref": "428", "reversed": "False", "length": 32.910764681546276, "maxspeed": [ "30" ], "access": null, "bridge": null, "width": "1.8", "length_m": 40.561637445632087, "building_count_50m": 43.0, "avg_building_area": 99.703713801579923, "poi_count_50m": 1.0, "highway_clean": [ "secondary" ], "highway_rank": 4.0, "sinuosity": 1.0001068313688017, "poi_diversity": 0.0, "food_drink_count": 1.0, "street_furniture_count": 1.0, "degree_u": 4.0, "degree_v": 4.0, "avg_connectivity": 4.0, "city": "Tokyo", "cluster": 1.0, "typology": "Dense Local Street" }, "geometry": { "type": "LineString", "coordinates": [ [ 377137.950497099955101, 3949322.175623323768377 ], [ 377150.433014954789542, 3949340.541140256915241 ], [ 377156.151361581869423, 3949349.54808138590306 ] ] } },
{ "type": "Feature", "properties": { "from_node": 552, "to_node": 551, "u": null, "v": null, "key": null, "index": null, "osmid": null, "highway": null, "lanes": null, "name": null, "oneway": null, "ref": null, "reversed": null, "length": null, "maxspeed": null, "access": null, "bridge": null, "width": null, "length_m": null, "building_count_50m": null, "avg_building_area": null, "poi_count_50m": null, "highway_clean": null, "highway_rank": null, "sinuosity": null, "poi_diversity": null, "food_drink_count": null, "street_furniture_count": null, "degree_u": null, "degree_v": null, "avg_connectivity": null, "city": null, "cluster": null, "typology": null }, "geometry": { "type": "LineString", "coordinates": [ [ 377162.615416498854756, 3949344.399878099095076 ], [ 377161.357997203245759, 3949338.559628730639815 ], [ 377159.381525437056553, 3949329.157052058260888 ], [ 377155.234835503681097, 3949311.397413164842874 ], [ 377151.226463158614933, 3949297.097189909778535 ], [ 377148.513016122626141, 3949276.943629165180027 ], [ 377147.068244677095208, 3949254.930930454749614 ] ] } },
{ "type": "Feature", "properties": { "from_node": 552, "to_node": 1016, "u": 357398496.0, "v": 433730333.0, "key": 0.0, "index": 253.0, "osmid": "1344342571", "highway": [ "residential" ], "lanes": null, "name": null, "oneway": "False", "ref": null, "reversed": "False", "length": 94.196676672064001, "maxspeed": null, "access": null, "bridge": null, "width": null, "length_m": 116.09500794045586, "building_count_50m": 71.0, "avg_building_area": 115.48199392706779, "poi_count_50m": 4.0, "highway_clean": [ "residential" ], "highway_rank": 2.0, "sinuosity": 1.0000061488082066, "poi_diversity": 0.0, "food_drink_count": 1.0, "street_furniture_count": 1.0, "degree_u": 6.0, "degree_v": 6.0, "avg_connectivity": 6.0, "city": "Tokyo", "cluster": 1.0, "typology": "Dense Local Street" }, "geometry": { "type": "LineString", "coordinates": [ [ 377162.615416498854756, 3949344.399878099095076 ], [ 377215.039278872776777, 3949344.207991942763329 ], [ 377257.004155560105573, 3949344.349449502769858 ] ] } },
{ "type": "Feature", "properties": { "from_node": 554, "to_node": 558, "u": 357412201.0, "v": 410115846.0, "key": 0.0, "index": 256.0, "osmid": "31905004", "highway": [ "tertiary" ], "lanes": [ "2" ], "name": null, "oneway": "False", "ref": null, "reversed": "True", "length": 62.258028192010094, "maxspeed": [ "30" ], "access": null, "bridge": null, "width": null, "length_m": 76.728525923852743, "building_count_50m": 66.0, "avg_building_area": 132.71155650825921, "poi_count_50m": 9.0, "highway_clean": [ "tertiary" ], "highway_rank": 3.0, "sinuosity": 1.0063851542437436, "poi_diversity": 1.0608569471580214, "food_drink_count": 2.0, "street_furniture_count": 1.0, "degree_u": 8.0, "degree_v": 4.0, "avg_connectivity": 6.0, "city": "Tokyo", "cluster": 3.0, "typology": "Local Mixed Street" }, "geometry": { "type": "LineString", "coordinates": [ [ 377389.492677739704959, 3948982.232673818711191 ], [ 377385.713920288602822, 3948984.559063250664622 ], [ 377355.354784729948733, 3949027.268139825668186 ], [ 377351.43182515836088, 3949030.950000125914812 ] ] } },
{ "type": "Feature", "properties": { "from_node": 554, "to_node": 729, "u": 357412201.0, "v": 410115895.0, "key": 0.0, "index": 257.0, "osmid": "35262662", "highway": [ "residential" ], "lanes": null, "name": null, "oneway": "False", "ref": null, "reversed": "True", "length": 136.78777395153188, "maxspeed": null, "access": null, "bridge": null, "width": null, "length_m": 168.58178116624657, "building_count_50m": 97.0, "avg_building_area": 136.99679137481013, "poi_count_50m": 5.0, "highway_clean": [ "residential" ], "highway_rank": 2.0, "sinuosity": 1.0006587955406325, "poi_diversity": 0.0, "food_drink_count": 1.0, "street_furniture_count": 1.0, "degree_u": 8.0, "degree_v": 8.0, "avg_connectivity": 8.0, "city": "Tokyo", "cluster": 1.0, "typology": "Dense Local Street" }, "geometry": { "type": "LineString", "coordinates": [ [ 377389.492677739704959, 3948982.232673818711191 ], [ 377407.387658271589316, 3949018.285335924010724 ], [ 377434.329263441730291, 3949076.290289381984621 ], [ 377450.591997608949896, 3949104.278029263950884 ] ] } },
{ "type": "Feature", "properties": { "from_node": 561, "to_node": 564, "u": 357412208.0, "v": 413326772.0, "key": 0.0, "index": 260.0, "osmid": "31905004", "highway": [ "tertiary" ], "lanes": [ "2" ], "name": null, "oneway": "False", "ref": null, "reversed": "True", "length": 100.45179214277823, "maxspeed": [ "30" ], "access": null, "bridge": null, "width": null, "length_m": 123.79861422383341, "building_count_50m": 66.0, "avg_building_area": 127.7630833125306, "poi_count_50m": 4.0, "highway_clean": [ "tertiary" ], "highway_rank": 3.0, "sinuosity": 1.0000920953974337, "poi_diversity": 0.56233514461880829, "food_drink_count": 1.0, "street_furniture_count": 1.0, "degree_u": 6.0, "degree_v": 8.0, "avg_connectivity": 7.0, "city": "Tokyo", "cluster": 1.0, "typology": "Dense Local Street" }, "geometry": { "type": "LineString", "coordinates": [ [ 377530.085971081745811, 3948913.198145843110979 ], [ 377494.848260833241511, 3948931.045772820245475 ], [ 377466.687693985179067, 3948944.180892339441925 ], [ 377439.694377446663566, 3948957.277822450734675 ] ] } },
{ "type": "Feature", "properties": { "from_node": 571, "to_node": 567, "u": 357412841.0, "v": 357413210.0, "key": 0.0, "index": 261.0, "osmid": "31905267", "highway": [ "residential" ], "lanes": null, "name": null, "oneway": "False", "ref": null, "reversed": "False", "length": 66.918418825547263, "maxspeed": null, "access": null, "bridge": null, "width": null, "length_m": 82.469414086202832, "building_count_50m": 59.0, "avg_building_area": 99.496195943637062, "poi_count_50m": 2.0, "highway_clean": [ "residential" ], "highway_rank": 2.0, "sinuosity": 1.0002427712133015, "poi_diversity": 0.69314718055994529, "food_drink_count": 1.0, "street_furniture_count": 1.0, "degree_u": 7.0, "degree_v": 6.0, "avg_connectivity": 6.5, "city": "Tokyo", "cluster": 1.0, "typology": "Dense Local Street" }, "geometry": { "type": "LineString", "coordinates": [ [ 377882.763946046354249, 3948733.017293567769229 ], [ 377878.960542868124321, 3948728.953688632696867 ], [ 377863.756708162545692, 3948712.754619402810931 ], [ 377835.745266537182033, 3948685.449027184862643 ] ] } },
{ "type": "Feature", "properties": { "from_node": 571, "to_node": 570, "u": null, "v": null, "key": null, "index": null, "osmid": null, "highway": null, "lanes": null, "name": null, "oneway": null, "ref": null, "reversed": null, "length": null, "maxspeed": null, "access": null, "bridge": null, "width": null, "length_m": null, "building_count_50m": null, "avg_building_area": null, "poi_count_50m": null, "highway_clean": null, "highway_rank": null, "sinuosity": null, "poi_diversity": null, "food_drink_count": null, "street_furniture_count": null, "degree_u": null, "degree_v": null, "avg_connectivity": null, "city": null, "cluster": null, "typology": null }, "geometry": { "type": "LineString", "coordinates": [ [ 377882.763946046354249, 3948733.017293567769229 ], [ 377844.815821724536363, 3948761.883715040050447 ], [ 377822.502619790437166, 3948773.095715728122741 ], [ 377813.60978851118125, 3948776.779103126842529 ] ] } },
{ "type": "Feature", "properties": { "from_node": 571, "to_node": 1209, "u": 357412841.0, "v": 1178938238.0, "key": 0.0, "index": 263.0, "osmid": "35939080", "highway": [ "unclassified" ], "lanes": null, "name": null, "oneway": "False", "ref": null, "reversed": "True", "length": 54.914434282555092, "maxspeed": null, "access": null, "bridge": null, "width": null, "length_m": 67.675929282460942, "building_count_50m": 59.0, "avg_building_area": 119.0211764442128, "poi_count_50m": 2.0, "highway_clean": [ "unclassified" ], "highway_rank": 1.0, "sinuosity": 1.0001902390993653, "poi_diversity": 0.0, "food_drink_count": 1.0, "street_furniture_count": 1.0, "degree_u": 7.0, "degree_v": 6.0, "avg_connectivity": 6.5, "city": "Tokyo", "cluster": 1.0, "typology": "Dense Local Street" }, "geometry": { "type": "LineString", "coordinates": [ [ 377882.763946046354249, 3948733.017293567769229 ], [ 377897.119831807329319, 3948723.734153655357659 ], [ 377905.279331298486795, 3948718.718558295164257 ], [ 377928.595074274460785, 3948702.711519410368055 ] ] } },
{ "type": "Feature", "properties": { "from_node": 571, "to_node": 1209, "u": 357412841.0, "v": 1178938238.0, "key": 0.0, "index": 263.0, "osmid": "35939080", "highway": [ "unclassified" ], "lanes": null, "name": null, "oneway": "False", "ref": null, "reversed": "True", "length": 54.914434282555092, "maxspeed": null, "access": null, "bridge": null, "width": null, "length_m": 67.675929282460942, "building_count_50m": 59.0, "avg_building_area": 119.0211764442128, "poi_count_50m": 2.0, "highway_clean": [ "unclassified" ], "highway_rank": 1.0, "sinuosity": 1.0001902390993653, "poi_diversity": 0.0, "food_drink_count": 1.0, "street_furniture_count": 1.0, "degree_u": 7.0, "degree_v": 6.0, "avg_connectivity": 6.5, "city": "Tokyo", "cluster": 1.0, "typology": "Dense Local Street" }, "geometry": { "type": "LineString", "coordinates": [ [ 377882.763946046354249, 3948733.017293567769229 ], [ 377897.119831807329319, 3948723.734153655357659 ], [ 377905.279331298486795, 3948718.718558295164257 ], [ 377928.595074274460785, 3948702.711519410368055 ] ] } },
{ "type": "Feature", "properties": { "from_node": 571, "to_node": 1218, "u": 357412841.0, "v": 420159917.0, "key": 0.0, "index": 264.0, "osmid": "35939246", "highway": [ "unclassified" ], "lanes": null, "name": null, "oneway": "True", "ref": null, "reversed": "False", "length": 95.927401675668349, "maxspeed": null, "access": null, "bridge": null, "width": null, "length_m": 118.22056951606316, "building_count_50m": 74.0, "avg_building_area": 119.8614479727802, "poi_count_50m": 2.0, "highway_clean": [ "unclassified" ], "highway_rank": 1.0, "sinuosity": 1.0057397812696405, "poi_diversity": 0.0, "food_drink_count": 1.0, "street_furniture_count": 1.0, "degree_u": 7.0, "degree_v": 4.0, "avg_connectivity": 5.5, "city": "Tokyo", "cluster": 1.0, "typology": "Dense Local Street" }, "geometry": { "type": "LineString", "coordinates": [ [ 377882.763946046354249, 3948733.017293567769229 ], [ 377904.968060246086679, 3948765.916475896723568 ], [ 377916.182716530980542, 3948781.671168013941497 ], [ 377928.690619853441603, 3948797.341549933422357 ], [ 377941.734640958020464, 3948807.890278232749552 ] ] } },
{ "type": "Feature", "properties": { "from_node": 567, "to_node": 570, "u": null, "v": null, "key": null, "index": null, "osmid": null, "highway": null, "lanes": null, "name": null, "oneway": null, "ref": null, "reversed": null, "length": null, "maxspeed": null, "access": null, "bridge": null, "width": null, "length_m": null, "building_count_50m": null, "avg_building_area": null, "poi_count_50m": null, "highway_clean": null, "highway_rank": null, "sinuosity": null, "poi_diversity": null, "food_drink_count": null, "street_furniture_count": null, "degree_u": null, "degree_v": null, "avg_connectivity": null, "city": null, "cluster": null, "typology": null }, "geometry": { "type": "LineString", "coordinates": [ [ 377835.745266537182033, 3948685.449027184862643 ], [ 377793.093384714680724, 3948726.417243625503033 ], [ 377811.773558593646158, 3948772.266917024273425 ], [ 377813.60978851118125, 3948776.779103126842529 ] ] } },
{ "type": "Feature", "properties": { "from_node": 581, "to_node": 587, "u": 357413215.0, "v": 357413836.0, "key": 0.0, "index": 270.0, "osmid": "31905301", "highway": [ "residential" ], "lanes": null, "name": null, "oneway": "False", "ref": null, "reversed": "False", "length": 66.107498249144513, "maxspeed": null, "access": null, "bridge": null, "width": null, "length_m": 81.469305474450991, "building_count_50m": 62.0, "avg_building_area": 104.11039282963748, "poi_count_50m": 1.0, "highway_clean": [ "residential" ], "highway_rank": 2.0, "sinuosity": 1.0000098453892525, "poi_diversity": 0.0, "food_drink_count": 1.0, "street_furniture_count": 1.0, "degree_u": 6.0, "degree_v": 8.0, "avg_connectivity": 7.0, "city": "Tokyo", "cluster": 1.0, "typology": "Dense Local Street" }, "geometry": { "type": "LineString", "coordinates": [ [ 377800.191903609898873, 3948657.392952831462026 ], [ 377812.159392753033899, 3948637.669822995550931 ], [ 377834.101354865473695, 3948600.736051826737821 ] ] } },
{ "type": "Feature", "properties": { "from_node": 580, "to_node": 590, "u": 357413217.0, "v": 357414240.0, "key": 0.0, "index": 274.0, "osmid": "48390249", "highway": [ "residential" ], "lanes": null, "name": null, "oneway": "False", "ref": null, "reversed": "False", "length": 57.915892894376356, "maxspeed": null, "access": null, "bridge": null, "width": null, "length_m": 71.373947610811328, "building_count_50m": 52.0, "avg_building_area": 119.25135847106637, "poi_count_50m": 1.0, "highway_clean": [ "residential" ], "highway_rank": 2.0, "sinuosity": 1.000000023048834, "poi_diversity": 0.0, "food_drink_count": 1.0, "street_furniture_count": 1.0, "degree_u": 8.0, "degree_v": 6.0, "avg_connectivity": 7.0, "city": "Tokyo", "cluster": 1.0, "typology": "Dense Local Street" }, "geometry": { "type": "LineString", "coordinates": [ [ 377759.159652493544854, 3948625.895567174535245 ], [ 377761.656332860293332, 3948622.477581694722176 ], [ 377791.022155360784382, 3948582.335316327866167 ], [ 377793.323407531832345, 3948579.18628223054111 ] ] } },
{ "type": "Feature", "properties": { "from_node": 412, "to_node": 683, "u": 359607917.0, "v": 443384558.0, "key": 0.0, "index": 284.0, "osmid": "31093515", "highway": [ "secondary" ], "lanes": [ "2" ], "name": [ "瀬田貫井線" ], "oneway": "False", "ref": "427", "reversed": "True", "length": 58.348916097304837, "maxspeed": [ "30" ], "access": null, "bridge": null, "width": null, "length_m": 71.907771460105323, "building_count_50m": 83.0, "avg_building_area": 101.93620892568592, "poi_count_50m": 12.0, "highway_clean": [ "secondary" ], "highway_rank": 4.0, "sinuosity": 1.0011991797000619, "poi_diversity": 1.1269287948006759, "food_drink_count": 1.0, "street_furniture_count": 1.0, "degree_u": 6.0, "degree_v": 4.0, "avg_connectivity": 5.0, "city": "Tokyo", "cluster": 3.0, "typology": "Local Mixed Street" }, "geometry": { "type": "LineString", "coordinates": [ [ 377186.644152717781253, 3948660.866878892760724 ], [ 377179.175088545656763, 3948634.588584108743817 ], [ 377176.699721346027218, 3948621.187974356114864 ], [ 377173.685658052971121, 3948604.178170752245933 ], [ 377168.554685998067725, 3948574.162191188428551 ] ] } },
{ "type": "Feature", "properties": { "from_node": 412, "to_node": 419, "u": null, "v": null, "key": null, "index": null, "osmid": null, "highway": null, "lanes": null, "name": null, "oneway": null, "ref": null, "reversed": null, "length": null, "maxspeed": null, "access": null, "bridge": null, "width": null, "length_m": null, "building_count_50m": null, "avg_building_area": null, "poi_count_50m": null, "highway_clean": null, "highway_rank": null, "sinuosity": null, "poi_diversity": null, "food_drink_count": null, "street_furniture_count": null, "degree_u": null, "degree_v": null, "avg_connectivity": null, "city": null, "cluster": null, "typology": null }, "geometry": { "type": "LineString", "coordinates": [ [ 377186.644152717781253, 3948660.866878892760724 ], [ 377170.880980558751617, 3948669.14998837094754 ], [ 377128.438397803343832, 3948693.621865461114794 ], [ 377092.95063930330798, 3948714.347874015104026 ], [ 377129.423413732671179, 3948787.15272535616532 ] ] } },
{ "type": "Feature", "properties": { "from_node": 353, "to_node": 604, "u": 360609209.0, "v": 2331333464.0, "key": 0.0, "index": 288.0, "osmid": "224313704", "highway": [ "residential" ], "lanes": null, "name": null, "oneway": "False", "ref": null, "reversed": "True", "length": 172.23889516649933, "maxspeed": null, "access": null, "bridge": null, "width": null, "length_m": 212.25548870085302, "building_count_50m": 122.0, "avg_building_area": 109.77478498878786, "poi_count_50m": 1.0, "highway_clean": [ "residential" ], "highway_rank": 2.0, "sinuosity": 1.0228401118321111, "poi_diversity": 0.0, "food_drink_count": 1.0, "street_furniture_count": 1.0, "degree_u": 6.0, "degree_v": 6.0, "avg_connectivity": 6.0, "city": "Tokyo", "cluster": 1.0, "typology": "Dense Local Street" }, "geometry": { "type": "LineString", "coordinates": [ [ 377305.757886287174188, 3948335.855028105899692 ], [ 377286.786575287813321, 3948324.911949757020921 ], [ 377274.228527449129615, 3948322.134293980430812 ], [ 377253.128441042383201, 3948320.273350201547146 ], [ 377227.939961410069373, 3948318.657509286422282 ], [ 377200.962157732283231, 3948317.266144826076925 ], [ 377185.247024614480324, 3948313.345164181198925 ], [ 377160.798972168122418, 3948312.906339338980615 ], [ 377137.879823687428143, 3948318.947523538954556 ] ] } },
{ "type": "Feature", "properties": { "from_node": 2177, "to_node": 606, "u": 360610510.0, "v": 631480210.0, "key": 0.0, "index": 289.0, "osmid": "32124970", "highway": [ "residential" ], "lanes": null, "name": null, "oneway": "False", "ref": null, "reversed": "False", "length": 17.892523599340734, "maxspeed": null, "access": null, "bridge": null, "width": null, "length_m": 22.050602236167521, "building_count_50m": 19.0, "avg_building_area": 547.76582126226697, "poi_count_50m": 2.0, "highway_clean": [ "residential" ], "highway_rank": 2.0, "sinuosity": 1.001112025792769, "poi_diversity": 0.0, "food_drink_count": 1.0, "street_furniture_count": 1.0, "degree_u": 2.0, "degree_v": 6.0, "avg_connectivity": 4.0, "city": "Tokyo", "cluster": 3.0, "typology": "Local Mixed Street" }, "geometry": { "type": "LineString", "coordinates": [ [ 377643.475620098877698, 3948744.539395169354975 ], [ 377634.545461615198292, 3948744.850913546979427 ], [ 377625.626908063597512, 3948746.005422059912235 ] ] } },
{ "type": "Feature", "properties": { "from_node": 2177, "to_node": 606, "u": 360610510.0, "v": 631480210.0, "key": 0.0, "index": 289.0, "osmid": "32124970", "highway": [ "residential" ], "lanes": null, "name": null, "oneway": "False", "ref": null, "reversed": "False", "length": 17.892523599340734, "maxspeed": null, "access": null, "bridge": null, "width": null, "length_m": 22.050602236167521, "building_count_50m": 19.0, "avg_building_area": 547.76582126226697, "poi_count_50m": 2.0, "highway_clean": [ "residential" ], "highway_rank": 2.0, "sinuosity": 1.001112025792769, "poi_diversity": 0.0, "food_drink_count": 1.0, "street_furniture_count": 1.0, "degree_u": 2.0, "degree_v": 6.0, "avg_connectivity": 4.0, "city": "Tokyo", "cluster": 3.0, "typology": "Local Mixed Street" }, "geometry": { "type": "LineString", "coordinates": [ [ 377643.475620098877698, 3948744.539395169354975 ], [ 377634.545461615198292, 3948744.850913546979427 ], [ 377625.626908063597512, 3948746.005422059912235 ] ] } },
{ "type": "Feature", "properties": { "from_node": 2178, "to_node": 609, "u": 360611947.0, "v": 419670416.0, "key": 0.0, "index": 290.0, "osmid": "35902982", "highway": [ "residential" ], "lanes": null, "name": null, "oneway": "False", "ref": null, "reversed": "False", "length": 70.252386255821762, "maxspeed": null, "access": null, "bridge": null, "width": null, "length_m": 86.580913385693307, "building_count_50m": 46.0, "avg_building_area": 85.870878832878262, "poi_count_50m": 1.0, "highway_clean": [ "residential" ], "highway_rank": 2.0, "sinuosity": 1.0000412940042658, "poi_diversity": 0.0, "food_drink_count": 1.0, "street_furniture_count": 1.0, "degree_u": 2.0, "degree_v": 6.0, "avg_connectivity": 4.0, "city": "Tokyo", "cluster": 1.0, "typology": "Dense Local Street" }, "geometry": { "type": "LineString", "coordinates": [ [ 377773.064923778176308, 3948990.029783333651721 ], [ 377753.949521533737425, 3948991.50189645588398 ], [ 377730.422531257499941, 3948993.389740376733243 ], [ 377702.9326038089348, 3948996.064372122753412 ] ] } },
{ "type": "Feature", "properties": { "from_node": 610, "to_node": 612, "u": 360615740.0, "v": 1177181794.0, "key": 0.0, "index": 292.0, "osmid": "32125133", "highway": [ "unclassified" ], "lanes": null, "name": null, "oneway": "False", "ref": null, "reversed": "True", "length": 42.419299842412073, "maxspeed": null, "access": null, "bridge": null, "width": null, "length_m": 52.277890270134563, "building_count_50m": 71.0, "avg_building_area": 88.238409702285111, "poi_count_50m": 3.0, "highway_clean": [ "unclassified" ], "highway_rank": 1.0, "sinuosity": 1.0002158740682978, "poi_diversity": 0.0, "food_drink_count": 1.0, "street_furniture_count": 1.0, "degree_u": 6.0, "degree_v": 6.0, "avg_connectivity": 6.0, "city": "Tokyo", "cluster": 1.0, "typology": "Dense Local Street" }, "geometry": { "type": "LineString", "coordinates": [ [ 378185.473840575024951, 3948837.251761117484421 ], [ 378169.497545415302739, 3948857.761514062993228 ], [ 378158.87882549141068, 3948870.254605016671121 ] ] } },
{ "type": "Feature", "properties": { "from_node": 610, "to_node": 617, "u": 360615740.0, "v": 1178938335.0, "key": 0.0, "index": 293.0, "osmid": "102147668", "highway": [ "residential" ], "lanes": null, "name": null, "oneway": "False", "ref": null, "reversed": "True", "length": 60.41542036734154, "maxspeed": null, "access": null, "bridge": null, "width": null, "length_m": 74.456079582342852, "building_count_50m": 87.0, "avg_building_area": 86.014690744028428, "poi_count_50m": 1.0, "highway_clean": [ "residential" ], "highway_rank": 2.0, "sinuosity": 1.0108639502723979, "poi_diversity": 0.0, "food_drink_count": 1.0, "street_furniture_count": 1.0, "degree_u": 6.0, "degree_v": 8.0, "avg_connectivity": 7.0, "city": "Tokyo", "cluster": 1.0, "typology": "Dense Local Street" }, "geometry": { "type": "LineString", "coordinates": [ [ 378185.473840575024951, 3948837.251761117484421 ], [ 378183.682444272504654, 3948834.014693800825626 ], [ 378176.888213524711318, 3948821.083526382688433 ], [ 378175.421148071298376, 3948812.450364428572357 ], [ 378170.565313309198245, 3948783.76143990457058 ], [ 378169.875846665119752, 3948779.688322002999485 ] ] } },
{ "type": "Feature", "properties": { "from_node": 618, "to_node": 1674, "u": 360615746.0, "v": 656135038.0, "key": 0.0, "index": 294.0, "osmid": "32125133", "highway": [ "unclassified" ], "lanes": null, "name": null, "oneway": "False", "ref": null, "reversed": "False", "length": 26.832315300677752, "maxspeed": null, "access": null, "bridge": null, "width": null, "length_m": 33.068724320555219, "building_count_50m": 65.0, "avg_building_area": 93.761783298983318, "poi_count_50m": 3.0, "highway_clean": [ "unclassified" ], "highway_rank": 1.0, "sinuosity": 1.0001284245430841, "poi_diversity": 1.0986122886681096, "food_drink_count": 1.0, "street_furniture_count": 1.0, "degree_u": 5.0, "degree_v": 5.0, "avg_connectivity": 5.0, "city": "Tokyo", "cluster": 3.0, "typology": "Local Mixed Street" }, "geometry": { "type": "LineString", "coordinates": [ [ 378079.373081596568227, 3948961.161264326889068 ], [ 378092.220281643676572, 3948948.149371352512389 ], [ 378098.008823252632283, 3948941.868473457638174 ] ] } },
{ "type": "Feature", "properties": { "from_node": 618, "to_node": 621, "u": 360615746.0, "v": 656135402.0, "key": 0.0, "index": 295.0, "osmid": "32125133", "highway": [ "unclassified" ], "lanes": null, "name": null, "oneway": "False", "ref": null, "reversed": "True", "length": 15.614143854795262, "maxspeed": null, "access": null, "bridge": null, "width": null, "length_m": 19.243236954444892, "building_count_50m": 57.0, "avg_building_area": 75.926629062359382, "poi_count_50m": 2.0, "highway_clean": [ "unclassified" ], "highway_rank": 1.0, "sinuosity": 1.0001381758749459, "poi_diversity": 0.69314718055994529, "food_drink_count": 1.0, "street_furniture_count": 1.0, "degree_u": 5.0, "degree_v": 6.0, "avg_connectivity": 5.5, "city": "Tokyo", "cluster": 1.0, "typology": "Dense Local Street" }, "geometry": { "type": "LineString", "coordinates": [ [ 378079.373081596568227, 3948961.161264326889068 ], [ 378072.506751186563633, 3948965.415674444288015 ], [ 378065.959538488648832, 3948969.177579184994102 ] ] } },
{ "type": "Feature", "properties": { "from_node": 618, "to_node": 621, "u": 360615746.0, "v": 656135402.0, "key": 0.0, "index": 295.0, "osmid": "32125133", "highway": [ "unclassified" ], "lanes": null, "name": null, "oneway": "False", "ref": null, "reversed": "True", "length": 15.614143854795262, "maxspeed": null, "access": null, "bridge": null, "width": null, "length_m": 19.243236954444892, "building_count_50m": 57.0, "avg_building_area": 75.926629062359382, "poi_count_50m": 2.0, "highway_clean": [ "unclassified" ], "highway_rank": 1.0, "sinuosity": 1.0001381758749459, "poi_diversity": 0.69314718055994529, "food_drink_count": 1.0, "street_furniture_count": 1.0, "degree_u": 5.0, "degree_v": 6.0, "avg_connectivity": 5.5, "city": "Tokyo", "cluster": 1.0, "typology": "Dense Local Street" }, "geometry": { "type": "LineString", "coordinates": [ [ 378079.373081596568227, 3948961.161264326889068 ], [ 378072.506751186563633, 3948965.415674444288015 ], [ 378065.959538488648832, 3948969.177579184994102 ] ] } },
{ "type": "Feature", "properties": { "from_node": 622, "to_node": 626, "u": 360615748.0, "v": 1177181464.0, "key": 0.0, "index": 297.0, "osmid": "32125133", "highway": [ "unclassified" ], "lanes": null, "name": null, "oneway": "False", "ref": null, "reversed": "True", "length": 78.000149413726305, "maxspeed": null, "access": null, "bridge": null, "width": null, "length_m": 96.12967380990267, "building_count_50m": 77.0, "avg_building_area": 110.51863359367665, "poi_count_50m": 1.0, "highway_clean": [ "unclassified" ], "highway_rank": 1.0, "sinuosity": 1.001291202536402, "poi_diversity": 0.0, "food_drink_count": 1.0, "street_furniture_count": 1.0, "degree_u": 6.0, "degree_v": 6.0, "avg_connectivity": 6.0, "city": "Tokyo", "cluster": 1.0, "typology": "Dense Local Street" }, "geometry": { "type": "LineString", "coordinates": [ [ 378020.389746626606211, 3948994.708712656516582 ], [ 378017.239548851677682, 3948996.016652851831168 ], [ 377987.934280678222422, 3949008.222824699245393 ], [ 377961.391681896988302, 3949017.262672407086939 ], [ 377946.970643788343295, 3949021.110589439980686 ] ] } },
{ "type": "Feature", "properties": { "from_node": 622, "to_node": 1282, "u": 360615748.0, "v": 426860306.0, "key": 0.0, "index": 298.0, "osmid": "36723817", "highway": [ "unclassified" ], "lanes": null, "name": null, "oneway": "False", "ref": null, "reversed": "False", "length": 69.360573117485487, "maxspeed": null, "access": null, "bridge": null, "width": null, "length_m": 85.48220713344665, "building_count_50m": 76.0, "avg_building_area": 108.22230537480513, "poi_count_50m": 1.0, "highway_clean": [ "unclassified" ], "highway_rank": 1.0, "sinuosity": 1.0001173559501064, "poi_diversity": 0.0, "food_drink_count": 1.0, "street_furniture_count": 1.0, "degree_u": 6.0, "degree_v": 6.0, "avg_connectivity": 6.0, "city": "Tokyo", "cluster": 1.0, "typology": "Dense Local Street" }, "geometry": { "type": "LineString", "coordinates": [ [ 378020.389746626606211, 3948994.708712656516582 ], [ 378021.242573408817407, 3949000.787584463600069 ], [ 378026.612560167559423, 3949063.616556787397712 ] ] } },
{ "type": "Feature", "properties": { "from_node": 628, "to_node": 1761, "u": 360615773.0, "v": 1177182006.0, "key": 0.0, "index": 301.0, "osmid": "101968964", "highway": [ "residential" ], "lanes": null, "name": null, "oneway": "False", "ref": null, "reversed": "True", "length": 94.784216092263136, "maxspeed": null, "access": null, "bridge": null, "width": null, "length_m": 116.81254272860791, "building_count_50m": 104.0, "avg_building_area": 84.457049689023833, "poi_count_50m": 1.0, "highway_clean": [ "residential" ], "highway_rank": 2.0, "sinuosity": 1.0002337687330884, "poi_diversity": 0.0, "food_drink_count": 1.0, "street_furniture_count": 1.0, "degree_u": 6.0, "degree_v": 8.0, "avg_connectivity": 7.0, "city": "Tokyo", "cluster": 1.0, "typology": "Dense Local Street" }, "geometry": { "type": "LineString", "coordinates": [ [ 378216.302724705077708, 3948797.445891377981752 ], [ 378218.330809750652406, 3948799.459389965049922 ], [ 378225.818905472522601, 3948806.87849218538031 ], [ 378251.945864568930119, 3948831.537427212577313 ], [ 378263.097316322266124, 3948842.068155347835273 ], [ 378282.059554571518674, 3948861.777558803092688 ], [ 378283.969501099665649, 3948863.759407246951014 ] ] } },
{ "type": "Feature", "properties": { "from_node": 635, "to_node": 637, "u": 360615956.0, "v": 861244767.0, "key": 0.0, "index": 303.0, "osmid": "32125286", "highway": [ "unclassified" ], "lanes": null, "name": null, "oneway": "False", "ref": null, "reversed": "True", "length": 42.083773387011348, "maxspeed": null, "access": null, "bridge": null, "width": null, "length_m": 51.863239304183864, "building_count_50m": 62.0, "avg_building_area": 116.9361048887508, "poi_count_50m": 2.0, "highway_clean": [ "unclassified" ], "highway_rank": 1.0, "sinuosity": 1.0000023939791471, "poi_diversity": 0.0, "food_drink_count": 1.0, "street_furniture_count": 1.0, "degree_u": 6.0, "degree_v": 6.0, "avg_connectivity": 6.0, "city": "Tokyo", "cluster": 1.0, "typology": "Dense Local Street" }, "geometry": { "type": "LineString", "coordinates": [ [ 378301.924714858585503, 3948637.341714700683951 ], [ 378292.910996436199639, 3948658.665602834429592 ], [ 378285.490290674555581, 3948676.007160155568272 ] ] } },
{ "type": "Feature", "properties": { "from_node": 635, "to_node": 1796, "u": 360615956.0, "v": 1112549999.0, "key": 0.0, "index": 304.0, "osmid": "96026556", "highway": [ "residential" ], "lanes": null, "name": null, "oneway": "False", "ref": null, "reversed": "True", "length": 85.534605638179386, "maxspeed": null, "access": null, "bridge": null, "width": null, "length_m": 105.41122234717955, "building_count_50m": 90.0, "avg_building_area": 98.983713708928008, "poi_count_50m": 1.0, "highway_clean": [ "residential" ], "highway_rank": 2.0, "sinuosity": 1.003383461255549, "poi_diversity": 0.0, "food_drink_count": 1.0, "street_furniture_count": 1.0, "degree_u": 6.0, "degree_v": 6.0, "avg_connectivity": 6.0, "city": "Tokyo", "cluster": 1.0, "typology": "Dense Local Street" }, "geometry": { "type": "LineString", "coordinates": [ [ 378301.924714858585503, 3948637.341714700683951 ], [ 378344.950793874217197, 3948657.920007870532572 ], [ 378373.824514770531096, 3948675.585822161752731 ], [ 378376.670523425098509, 3948678.497867004014552 ] ] } },
{ "type": "Feature", "properties": { "from_node": 640, "to_node": 1386, "u": 360615958.0, "v": 1112549995.0, "key": 0.0, "index": 307.0, "osmid": "96026552", "highway": [ "residential" ], "lanes": null, "name": null, "oneway": "False", "ref": null, "reversed": "True", "length": 81.118294965566662, "maxspeed": null, "access": null, "bridge": null, "width": null, "length_m": 99.96816906411118, "building_count_50m": 84.0, "avg_building_area": 108.04253772185935, "poi_count_50m": 1.0, "highway_clean": [ "residential" ], "highway_rank": 2.0, "sinuosity": 1.0000037723322721, "poi_diversity": 0.0, "food_drink_count": 1.0, "street_furniture_count": 1.0, "degree_u": 6.0, "degree_v": 8.0, "avg_connectivity": 7.0, "city": "Tokyo", "cluster": 1.0, "typology": "Dense Local Street" }, "geometry": { "type": "LineString", "coordinates": [ [ 378320.31845725729363, 3948598.960119248367846 ], [ 378358.659547522373032, 3948614.532688840758055 ], [ 378395.659149766550399, 3948629.325006761122495 ] ] } },
{ "type": "Feature", "properties": { "from_node": 640, "to_node": 1386, "u": 360615958.0, "v": 1112549995.0, "key": 0.0, "index": 307.0, "osmid": "96026552", "highway": [ "residential" ], "lanes": null, "name": null, "oneway": "False", "ref": null, "reversed": "True", "length": 81.118294965566662, "maxspeed": null, "access": null, "bridge": null, "width": null, "length_m": 99.96816906411118, "building_count_50m": 84.0, "avg_building_area": 108.04253772185935, "poi_count_50m": 1.0, "highway_clean": [ "residential" ], "highway_rank": 2.0, "sinuosity": 1.0000037723322721, "poi_diversity": 0.0, "food_drink_count": 1.0, "street_furniture_count": 1.0, "degree_u": 6.0, "degree_v": 8.0, "avg_connectivity": 7.0, "city": "Tokyo", "cluster": 1.0, "typology": "Dense Local Street" }, "geometry": { "type": "LineString", "coordinates": [ [ 378320.31845725729363, 3948598.960119248367846 ], [ 378358.659547522373032, 3948614.532688840758055 ], [ 378395.659149766550399, 3948629.325006761122495 ] ] } },
{ "type": "Feature", "properties": { "from_node": 643, "to_node": 653, "u": 360615959.0, "v": 1112549988.0, "key": 0.0, "index": 309.0, "osmid": "32125286", "highway": [ "unclassified" ], "lanes": null, "name": null, "oneway": "False", "ref": null, "reversed": "False", "length": 73.925887241591766, "maxspeed": null, "access": null, "bridge": null, "width": null, "length_m": 91.103661160579108, "building_count_50m": 74.0, "avg_building_area": 114.94306628010708, "poi_count_50m": 1.0, "highway_clean": [ "unclassified" ], "highway_rank": 1.0, "sinuosity": 1.0000357708420315, "poi_diversity": 0.0, "food_drink_count": 1.0, "street_furniture_count": 1.0, "degree_u": 6.0, "degree_v": 5.0, "avg_connectivity": 5.5, "city": "Tokyo", "cluster": 1.0, "typology": "Dense Local Street" }, "geometry": { "type": "LineString", "coordinates": [ [ 378332.077203530352563, 3948572.495493496302515 ], [ 378345.368930523749441, 3948548.239787021186203 ], [ 378351.54503381595714, 3948537.17229299293831 ], [ 378367.235152239270974, 3948507.580913911107928 ] ] } },
{ "type": "Feature", "properties": { "from_node": 643, "to_node": 647, "u": 360615959.0, "v": 1178938307.0, "key": 0.0, "index": 310.0, "osmid": "35938140", "highway": [ "residential" ], "lanes": null, "name": null, "oneway": "False", "ref": null, "reversed": "False", "length": 73.527365255038859, "maxspeed": null, "access": null, "bridge": null, "width": null, "length_m": 90.612717084753172, "building_count_50m": 78.0, "avg_building_area": 109.74027819873525, "poi_count_50m": 1.0, "highway_clean": [ "residential" ], "highway_rank": 2.0, "sinuosity": 1.0001834741191749, "poi_diversity": 0.0, "food_drink_count": 1.0, "street_furniture_count": 1.0, "degree_u": 6.0, "degree_v": 6.0, "avg_connectivity": 6.0, "city": "Tokyo", "cluster": 1.0, "typology": "Dense Local Street" }, "geometry": { "type": "LineString", "coordinates": [ [ 378332.077203530352563, 3948572.495493496302515 ], [ 378287.909192277526017, 3948554.495577604044229 ], [ 378264.307694934075698, 3948543.758092106785625 ] ] } },
{ "type": "Feature", "properties": { "from_node": 648, "to_node": 666, "u": 360615962.0, "v": 1178937994.0, "key": 0.0, "index": 311.0, "osmid": "32125286", "highway": [ "unclassified" ], "lanes": null, "name": null, "oneway": "False", "ref": null, "reversed": "False", "length": 50.889651151768192, "maxspeed": null, "access": null, "bridge": null, "width": null, "length_m": 62.713936574690244, "building_count_50m": 50.0, "avg_building_area": 131.38462005122676, "poi_count_50m": 3.0, "highway_clean": [ "unclassified" ], "highway_rank": 1.0, "sinuosity": 1.0004287092345014, "poi_diversity": 0.63651416829481278, "food_drink_count": 1.0, "street_furniture_count": 1.0, "degree_u": 7.0, "degree_v": 6.0, "avg_connectivity": 6.5, "city": "Tokyo", "cluster": 1.0, "typology": "Dense Local Street" }, "geometry": { "type": "LineString", "coordinates": [ [ 378394.373665153281763, 3948463.87681712815538 ], [ 378400.645158476720098, 3948455.803415771108121 ], [ 378405.795694551314227, 3948449.165371898561716 ], [ 378418.465748307993636, 3948431.053231805562973 ], [ 378424.839727350103203, 3948423.189232523553073 ] ] } },
{ "type": "Feature", "properties": { "from_node": 648, "to_node": 653, "u": 360615962.0, "v": 1112549988.0, "key": 0.0, "index": 312.0, "osmid": "32125286", "highway": [ "unclassified" ], "lanes": null, "name": null, "oneway": "False", "ref": null, "reversed": "True", "length": 51.553112696897308, "maxspeed": null, "access": null, "bridge": null, "width": null, "length_m": 63.531853618183916, "building_count_50m": 45.0, "avg_building_area": 132.56802002712647, "poi_count_50m": 2.0, "highway_clean": [ "unclassified" ], "highway_rank": 1.0, "sinuosity": 1.0009955149279204, "poi_diversity": 0.69314718055994529, "food_drink_count": 1.0, "street_furniture_count": 1.0, "degree_u": 7.0, "degree_v": 5.0, "avg_connectivity": 6.0, "city": "Tokyo", "cluster": 1.0, "typology": "Dense Local Street" }, "geometry": { "type": "LineString", "coordinates": [ [ 378394.373665153281763, 3948463.87681712815538 ], [ 378367.82661787053803, 3948505.819982645101845 ], [ 378367.235152239270974, 3948507.580913911107928 ] ] } },
{ "type": "Feature", "properties": { "from_node": 648, "to_node": 1132, "u": 360615962.0, "v": 420149278.0, "key": 0.0, "index": 313.0, "osmid": "35938037", "highway": [ "secondary" ], "lanes": null, "name": [ "角筈和泉町線" ], "oneway": "True", "ref": "431", "reversed": "False", "length": 46.782875174618709, "maxspeed": null, "access": null, "bridge": null, "width": null, "length_m": 57.65311749829668, "building_count_50m": 40.0, "avg_building_area": 131.30120692333622, "poi_count_50m": 2.0, "highway_clean": [ "secondary" ], "highway_rank": 4.0, "sinuosity": 1.0201020155948046, "poi_diversity": 0.69314718055994529, "food_drink_count": 1.0, "street_furniture_count": 1.0, "degree_u": 7.0, "degree_v": 4.0, "avg_connectivity": 5.5, "city": "Tokyo", "cluster": 3.0, "typology": "Local Mixed Street" }, "geometry": { "type": "LineString", "coordinates": [ [ 378394.373665153281763, 3948463.87681712815538 ], [ 378399.716341529623605, 3948462.683253542985767 ], [ 378437.77702899381984, 3948478.903461121488363 ] ] } },
{ "type": "Feature", "properties": { "from_node": 648, "to_node": 660, "u": 360615962.0, "v": 420148927.0, "key": 0.0, "index": 314.0, "osmid": "174879460", "highway": [ "secondary" ], "lanes": null, "name": [ "角筈和泉町線" ], "oneway": "False", "ref": "431", "reversed": "True", "length": 102.83529281641016, "maxspeed": [ "30" ], "access": null, "bridge": null, "width": null, "length_m": 126.72921324712982, "building_count_50m": 70.0, "avg_building_area": 114.54069970344638, "poi_count_50m": 4.0, "highway_clean": [ "secondary" ], "highway_rank": 4.0, "sinuosity": 1.0091990071494379, "poi_diversity": 0.56233514461880829, "food_drink_count": 1.0, "street_furniture_count": 1.0, "degree_u": 7.0, "degree_v": 5.0, "avg_connectivity": 6.0, "city": "Tokyo", "cluster": 1.0, "typology": "Dense Local Street" }, "geometry": { "type": "LineString", "coordinates": [ [ 378394.373665153281763, 3948463.87681712815538 ], [ 378388.533795783412643, 3948461.149938895367086 ], [ 378370.640811159450095, 3948452.808025840204209 ], [ 378331.862749853287823, 3948436.442599373869598 ], [ 378318.396449083520565, 3948430.758218061644584 ], [ 378316.284083584439941, 3948429.866334728896618 ], [ 378298.518632468185388, 3948428.866991240531206 ] ] } },
{ "type": "Feature", "properties": { "from_node": 661, "to_node": 673, "u": 360615964.0, "v": 360616285.0, "key": 0.0, "index": 315.0, "osmid": "32125286", "highway": [ "unclassified" ], "lanes": null, "name": null, "oneway": "False", "ref": null, "reversed": "False", "length": 24.426816855223741, "maxspeed": null, "access": null, "bridge": null, "width": null, "length_m": 30.102211904100464, "building_count_50m": 25.0, "avg_building_area": 125.32062790847601, "poi_count_50m": 3.0, "highway_clean": [ "unclassified" ], "highway_rank": 1.0, "sinuosity": 1.0008927849142408, "poi_diversity": 0.63651416829481278, "food_drink_count": 1.0, "street_furniture_count": 1.0, "degree_u": 6.0, "degree_v": 4.0, "avg_connectivity": 5.0, "city": "Tokyo", "cluster": 3.0, "typology": "Local Mixed Street" }, "geometry": { "type": "LineString", "coordinates": [ [ 378448.388937712705228, 3948391.693338398821652 ], [ 378454.749446204106789, 3948378.204934395849705 ], [ 378456.197330230905209, 3948374.856966714840382 ], [ 378458.131843509094324, 3948369.361221857834607 ] ] } },
{ "type": "Feature", "properties": { "from_node": 661, "to_node": 666, "u": 360615964.0, "v": 1178937994.0, "key": 0.0, "index": 316.0, "osmid": "32125286", "highway": [ "unclassified" ], "lanes": null, "name": null, "oneway": "False", "ref": null, "reversed": "True", "length": 39.38042917079791, "maxspeed": null, "access": null, "bridge": null, "width": null, "length_m": 48.530335266886816, "building_count_50m": 40.0, "avg_building_area": 124.42917301059092, "poi_count_50m": 3.0, "highway_clean": [ "unclassified" ], "highway_rank": 1.0, "sinuosity": 1.0006232141369904, "poi_diversity": 0.63651416829481278, "food_drink_count": 1.0, "street_furniture_count": 1.0, "degree_u": 6.0, "degree_v": 6.0, "avg_connectivity": 6.0, "city": "Tokyo", "cluster": 1.0, "typology": "Dense Local Street" }, "geometry": { "type": "LineString", "coordinates": [ [ 378448.388937712705228, 3948391.693338398821652 ], [ 378436.011978458904196, 3948409.402041563764215 ], [ 378426.246230309712701, 3948421.450442305766046 ], [ 378424.839727350103203, 3948423.189232523553073 ] ] } },
{ "type": "Feature", "properties": { "from_node": 661, "to_node": 672, "u": null, "v": null, "key": null, "index": null, "osmid": null, "highway": null, "lanes": null, "name": null, "oneway": null, "ref": null, "reversed": null, "length": null, "maxspeed": null, "access": null, "bridge": null, "width": null, "length_m": null, "building_count_50m": null, "avg_building_area": null, "poi_count_50m": null, "highway_clean": null, "highway_rank": null, "sinuosity": null, "poi_diversity": null, "food_drink_count": null, "street_furniture_count": null, "degree_u": null, "degree_v": null, "avg_connectivity": null, "city": null, "cluster": null, "typology": null }, "geometry": { "type": "LineString", "coordinates": [ [ 378448.388937712705228, 3948391.693338398821652 ], [ 378444.748262735200115, 3948391.576706090476364 ], [ 378433.645221912942361, 3948391.229293242096901 ], [ 378365.575350382889155, 3948400.159037228673697 ], [ 378364.461350554134697, 3948400.118808836210519 ], [ 378312.511231593496632, 3948398.26702426886186 ], [ 378309.232736854697578, 3948398.15658406727016 ] ] } },
{ "type": "Feature", "properties": { "from_node": 673, "to_node": 72, "u": 360616285.0, "v": 279077022.0, "key": 0.0, "index": 318.0, "osmid": "28019827", "highway": [ "trunk_link" ], "lanes": null, "name": null, "oneway": "True", "ref": null, "reversed": "False", "length": 91.638249646659332, "maxspeed": null, "access": "yes", "bridge": null, "width": null, "length_m": 112.92980395564629, "building_count_50m": 33.0, "avg_building_area": 188.71986722316126, "poi_count_50m": 6.0, "highway_clean": [ "trunk_link" ], "highway_rank": 1.0, "sinuosity": 1.0008627460822548, "poi_diversity": 1.242453324894, "food_drink_count": 1.0, "street_furniture_count": 1.0, "degree_u": 4.0, "degree_v": 4.0, "avg_connectivity": 4.0, "city": "Tokyo", "cluster": 3.0, "typology": "Local Mixed Street" }, "geometry": { "type": "LineString", "coordinates": [ [ 378458.131843509094324, 3948369.361221857834607 ], [ 378495.759340283111669, 3948384.333997257053852 ], [ 378544.819300924893469, 3948399.26167671289295 ] ] } },
{ "type": "Feature", "properties": { "from_node": 675, "to_node": 1057, "u": 360664676.0, "v": 419646229.0, "key": 0.0, "index": 322.0, "osmid": "31093515", "highway": [ "secondary" ], "lanes": [ "2" ], "name": [ "瀬田貫井線" ], "oneway": "False", "ref": "427", "reversed": "False", "length": 25.386123680837162, "maxspeed": [ "30" ], "access": null, "bridge": null, "width": null, "length_m": 31.284187715147631, "building_count_50m": 46.0, "avg_building_area": 100.15519902996715, "poi_count_50m": 1.0, "highway_clean": [ "secondary" ], "highway_rank": 4.0, "sinuosity": 1.0000322152892427, "poi_diversity": 0.0, "food_drink_count": 1.0, "street_furniture_count": 1.0, "degree_u": 6.0, "degree_v": 6.0, "avg_connectivity": 6.0, "city": "Tokyo", "cluster": 1.0, "typology": "Dense Local Street" }, "geometry": { "type": "LineString", "coordinates": [ [ 377139.057755118061323, 3948324.26744830282405 ], [ 377141.924722719297279, 3948337.829045227263123 ], [ 377144.47815343120601, 3948349.009770640637726 ] ] } },
{ "type": "Feature", "properties": { "from_node": 675, "to_node": 2199, "u": null, "v": null, "key": null, "index": null, "osmid": null, "highway": null, "lanes": null, "name": null, "oneway": null, "ref": null, "reversed": null, "length": null, "maxspeed": null, "access": null, "bridge": null, "width": null, "length_m": null, "building_count_50m": null, "avg_building_area": null, "poi_count_50m": null, "highway_clean": null, "highway_rank": null, "sinuosity": null, "poi_diversity": null, "food_drink_count": null, "street_furniture_count": null, "degree_u": null, "degree_v": null, "avg_connectivity": null, "city": null, "cluster": null, "typology": null }, "geometry": { "type": "LineString", "coordinates": [ [ 377139.057755118061323, 3948324.26744830282405 ], [ 377118.065724079264328, 3948328.917495473288 ], [ 377104.673210901208222, 3948331.920479297172278 ], [ 377095.260627054725774, 3948334.036415855865926 ], [ 377073.263537423976231, 3948338.01263789087534 ], [ 377060.591286096605472, 3948339.419291368220001 ], [ 377052.809405201231129, 3948340.314574567135423 ], [ 377052.553031769115478, 3948364.980040448252112 ], [ 377051.932336440950166, 3948384.902321297675371 ], [ 377074.840503307874314, 3948384.629927637055516 ], [ 377096.068438070360571, 3948385.268338969908655 ] ] } },
{ "type": "Feature", "properties": { "from_node": 683, "to_node": 1031, "u": 360664681.0, "v": 419646021.0, "key": 0.0, "index": 326.0, "osmid": "35901874", "highway": [ "residential" ], "lanes": null, "name": null, "oneway": "False", "ref": null, "reversed": "True", "length": 103.00131242222929, "maxspeed": null, "access": null, "bridge": null, "width": null, "length_m": 126.93572483127807, "building_count_50m": 89.0, "avg_building_area": 109.05730935007396, "poi_count_50m": 5.0, "highway_clean": [ "residential" ], "highway_rank": 2.0, "sinuosity": 1.0004492932077369, "poi_diversity": 0.50040242353818787, "food_drink_count": 1.0, "street_furniture_count": 1.0, "degree_u": 6.0, "degree_v": 8.0, "avg_connectivity": 7.0, "city": "Tokyo", "cluster": 1.0, "typology": "Dense Local Street" }, "geometry": { "type": "LineString", "coordinates": [ [ 377168.554685998067725, 3948574.162191188428551 ], [ 377221.968909824208822, 3948594.225542232394218 ], [ 377264.058681552880444, 3948612.992235483601689 ] ] } },
{ "type": "Feature", "properties": { "from_node": 688, "to_node": 551, "u": null, "v": null, "key": null, "index": null, "osmid": null, "highway": null, "lanes": null, "name": null, "oneway": null, "ref": null, "reversed": null, "length": null, "maxspeed": null, "access": null, "bridge": null, "width": null, "length_m": null, "building_count_50m": null, "avg_building_area": null, "poi_count_50m": null, "highway_clean": null, "highway_rank": null, "sinuosity": null, "poi_diversity": null, "food_drink_count": null, "street_furniture_count": null, "degree_u": null, "degree_v": null, "avg_connectivity": null, "city": null, "cluster": null, "typology": null }, "geometry": { "type": "LineString", "coordinates": [ [ 377135.961113150056917, 3949142.902019246015698 ], [ 377139.662632741383277, 3949157.261947493068874 ], [ 377147.318240584281739, 3949190.504665452055633 ], [ 377147.214494994026609, 3949220.98129367781803 ], [ 377146.964671861322131, 3949236.960094937123358 ], [ 377147.068244677095208, 3949254.930930454749614 ] ] } },
{ "type": "Feature", "properties": { "from_node": 688, "to_node": 698, "u": 364644646.0, "v": 416933301.0, "key": 0.0, "index": 331.0, "osmid": "35903680", "highway": [ "residential" ], "lanes": null, "name": null, "oneway": "False", "ref": null, "reversed": "False", "length": 140.01306375566264, "maxspeed": null, "access": null, "bridge": null, "width": null, "length_m": 172.55873929268952, "building_count_50m": 89.0, "avg_building_area": 144.06876552433604, "poi_count_50m": 1.0, "highway_clean": [ "residential" ], "highway_rank": 2.0, "sinuosity": 1.0006912031057558, "poi_diversity": 0.0, "food_drink_count": 1.0, "street_furniture_count": 1.0, "degree_u": 6.0, "degree_v": 8.0, "avg_connectivity": 7.0, "city": "Tokyo", "cluster": 1.0, "typology": "Dense Local Street" }, "geometry": { "type": "LineString", "coordinates": [ [ 377135.961113150056917, 3949142.902019246015698 ], [ 377139.131685702712275, 3949143.080072433687747 ], [ 377180.457560010894667, 3949145.382273952011019 ], [ 377198.32301945600193, 3949147.809075861237943 ], [ 377275.307834345847368, 3949158.283520955592394 ] ] } },
{ "type": "Feature", "properties": { "from_node": 699, "to_node": 451, "u": 378063243.0, "v": 416933523.0, "key": 0.0, "index": 336.0, "osmid": "102270575", "highway": [ "secondary" ], "lanes": null, "name": [ "瀬田貫井線" ], "oneway": "False", "ref": "427", "reversed": "False", "length": 56.631390121035018, "maxspeed": null, "access": null, "bridge": null, "width": null, "length_m": 69.794771334136968, "building_count_50m": 51.0, "avg_building_area": 177.46075699896068, "poi_count_50m": 1.0, "highway_clean": [ "secondary" ], "highway_rank": 4.0, "sinuosity": 1.0005872025139493, "poi_diversity": 0.0, "food_drink_count": 1.0, "street_furniture_count": 1.0, "degree_u": 8.0, "degree_v": 8.0, "avg_connectivity": 8.0, "city": "Tokyo", "cluster": 1.0, "typology": "Dense Local Street" }, "geometry": { "type": "LineString", "coordinates": [ [ 377278.161407993931789, 3949120.424730645027012 ], [ 377281.326190630090423, 3949098.548076651990414 ], [ 377288.637584441632498, 3949064.9322146801278 ] ] } },
{ "type": "Feature", "properties": { "from_node": 699, "to_node": 1390, "u": 378063243.0, "v": 476564762.0, "key": 0.0, "index": 337.0, "osmid": "1345737943", "highway": [ "residential" ], "lanes": null, "name": null, "oneway": "False", "ref": null, "reversed": "True", "length": 120.01228084013265, "maxspeed": null, "access": null, "bridge": null, "width": null, "length_m": 147.90843512957701, "building_count_50m": 59.0, "avg_building_area": 187.78990821735567, "poi_count_50m": 6.0, "highway_clean": [ "residential" ], "highway_rank": 2.0, "sinuosity": 1.0032278611937573, "poi_diversity": 0.69314718055994529, "food_drink_count": 1.0, "street_furniture_count": 1.0, "degree_u": 8.0, "degree_v": 4.0, "avg_connectivity": 6.0, "city": "Tokyo", "cluster": 3.0, "typology": "Local Mixed Street" }, "geometry": { "type": "LineString", "coordinates": [ [ 377278.161407993931789, 3949120.424730645027012 ], [ 377282.247262406803202, 3949120.678949643392116 ], [ 377357.65949681866914, 3949125.418049353174865 ], [ 377391.128708514443133, 3949127.740889281965792 ], [ 377397.90908362925984, 3949125.816854778211564 ] ] } },
{ "type": "Feature", "properties": { "from_node": 11, "to_node": 81, "u": null, "v": null, "key": null, "index": null, "osmid": null, "highway": null, "lanes": null, "name": null, "oneway": null, "ref": null, "reversed": null, "length": null, "maxspeed": null, "access": null, "bridge": null, "width": null, "length_m": null, "building_count_50m": null, "avg_building_area": null, "poi_count_50m": null, "highway_clean": null, "highway_rank": null, "sinuosity": null, "poi_diversity": null, "food_drink_count": null, "street_furniture_count": null, "degree_u": null, "degree_v": null, "avg_connectivity": null, "city": null, "cluster": null, "typology": null }, "geometry": { "type": "LineString", "coordinates": [ [ 378424.611032447603066, 3948182.044008066877723 ], [ 378422.993329208169598, 3948186.215250502806157 ], [ 378421.114105921238661, 3948193.108077266719192 ], [ 378420.592128210759256, 3948196.643078228458762 ], [ 378420.105847094208002, 3948201.464484671596438 ], [ 378418.376437162456568, 3948218.650412410497665 ], [ 378416.64124854770489, 3948261.230382172390819 ], [ 378413.247009124257602, 3948281.123806782066822 ], [ 378407.411893611773849, 3948304.56738587655127 ], [ 378405.988891789165791, 3948307.74861241877079 ], [ 378405.004931370203849, 3948309.936476428993046 ], [ 378400.948148018214852, 3948319.111156640574336 ] ] } },
{ "type": "Feature", "properties": { "from_node": 81, "to_node": 83, "u": 380459439.0, "v": 286841188.0, "key": 0.0, "index": 346.0, "osmid": "28210949", "highway": [ "trunk" ], "lanes": [ "4" ], "name": [ "甲州街道" ], "oneway": "True", "ref": "20", "reversed": "False", "length": 74.23411166627838, "maxspeed": null, "access": "yes", "bridge": null, "width": null, "length_m": 91.481065983812584, "building_count_50m": 22.0, "avg_building_area": 319.39974850314076, "poi_count_50m": 6.0, "highway_clean": [ "trunk" ], "highway_rank": 6.0, "sinuosity": 1.0000013947300022, "poi_diversity": 1.329661348854758, "food_drink_count": 1.0, "street_furniture_count": 2.0, "degree_u": 4.0, "degree_v": 4.0, "avg_connectivity": 4.0, "city": "Tokyo", "cluster": 0.0, "typology": "Arterial Movement Corridor" }, "geometry": { "type": "LineString", "coordinates": [ [ 378400.948148018214852, 3948319.111156640574336 ], [ 378370.831901472993195, 3948305.322900109458715 ], [ 378333.311528348189313, 3948288.296792650129646 ] ] } },
{ "type": "Feature", "properties": { "from_node": 729, "to_node": 918, "u": null, "v": null, "key": null, "index": null, "osmid": null, "highway": null, "lanes": null, "name": null, "oneway": null, "ref": null, "reversed": null, "length": null, "maxspeed": null, "access": null, "bridge": null, "width": null, "length_m": null, "building_count_50m": null, "avg_building_area": null, "poi_count_50m": null, "highway_clean": null, "highway_rank": null, "sinuosity": null, "poi_diversity": null, "food_drink_count": null, "street_furniture_count": null, "degree_u": null, "degree_v": null, "avg_connectivity": null, "city": null, "cluster": null, "typology": null }, "geometry": { "type": "LineString", "coordinates": [ [ 377450.591997608949896, 3949104.278029263950884 ], [ 377462.978612282488029, 3949128.846818510442972 ], [ 377475.027674613287672, 3949150.602406981866807 ], [ 377481.251239551464096, 3949169.354184540454298 ], [ 377484.956550510716625, 3949178.777363399975002 ], [ 377491.481325202272274, 3949197.713592948392034 ], [ 377506.808988831122406, 3949240.635707822162658 ] ] } },
{ "type": "Feature", "properties": { "from_node": 2182, "to_node": 737, "u": 410131691.0, "v": 419671555.0, "key": 0.0, "index": 360.0, "osmid": "35903065", "highway": [ "residential" ], "lanes": null, "name": null, "oneway": "False", "ref": null, "reversed": "False", "length": 94.454621687729883, "maxspeed": null, "access": null, "bridge": null, "width": null, "length_m": 116.41108856129627, "building_count_50m": 45.0, "avg_building_area": 124.52545528840443, "poi_count_50m": 4.0, "highway_clean": [ "residential" ], "highway_rank": 2.0, "sinuosity": 1.0020482266814452, "poi_diversity": 0.69314718055994529, "food_drink_count": 1.0, "street_furniture_count": 1.0, "degree_u": 2.0, "degree_v": 6.0, "avg_connectivity": 4.0, "city": "Tokyo", "cluster": 3.0, "typology": "Local Mixed Street" }, "geometry": { "type": "LineString", "coordinates": [ [ 377861.648877759929746, 3949175.967118275351822 ], [ 377835.401518384867813, 3949187.344137339387089 ], [ 377807.990381000272464, 3949201.632759065832943 ], [ 377778.386756094754674, 3949220.378108095843345 ] ] } },
{ "type": "Feature", "properties": { "from_node": 738, "to_node": 746, "u": 410131692.0, "v": 410131851.0, "key": 0.0, "index": 362.0, "osmid": [ 34947922, 34947923, 34947924 ], "highway": [ "residential" ], "lanes": null, "name": [ "一本橋" ], "oneway": "False", "ref": null, "reversed": "False", "length": 33.948528330605043, "maxspeed": null, "access": null, "bridge": "yes", "width": null, "length_m": 41.840124809762777, "building_count_50m": 39.0, "avg_building_area": 104.15479799581011, "poi_count_50m": 2.0, "highway_clean": [ "residential" ], "highway_rank": 2.0, "sinuosity": 1.0087818929864611, "poi_diversity": 0.0, "food_drink_count": 1.0, "street_furniture_count": 1.0, "degree_u": 6.0, "degree_v": 6.0, "avg_connectivity": 6.0, "city": "Tokyo", "cluster": 1.0, "typology": "Dense Local Street" }, "geometry": { "type": "LineString", "coordinates": [ [ 377876.322556911502033, 3949218.854408907704055 ], [ 377877.387094609206542, 3949218.595715020783246 ], [ 377887.023607488721609, 3949216.366556587163359 ], [ 377889.13854630663991, 3949216.137808582279831 ], [ 377907.726561187242623, 3949206.619001456070691 ] ] } },
{ "type": "Feature", "properties": { "from_node": 738, "to_node": 744, "u": 410131692.0, "v": 419672824.0, "key": 0.0, "index": 363.0, "osmid": "34947923", "highway": [ "residential" ], "lanes": null, "name": null, "oneway": "False", "ref": null, "reversed": "True", "length": 87.497714864204525, "maxspeed": null, "access": null, "bridge": null, "width": null, "length_m": 107.83746428912571, "building_count_50m": 67.0, "avg_building_area": 106.31826225247202, "poi_count_50m": 4.0, "highway_clean": [ "residential" ], "highway_rank": 2.0, "sinuosity": 1.0022335097778909, "poi_diversity": 1.0397207708399179, "food_drink_count": 1.0, "street_furniture_count": 1.0, "degree_u": 6.0, "degree_v": 6.0, "avg_connectivity": 6.0, "city": "Tokyo", "cluster": 3.0, "typology": "Local Mixed Street" }, "geometry": { "type": "LineString", "coordinates": [ [ 377876.322556911502033, 3949218.854408907704055 ], [ 377852.398906469345093, 3949229.378502158913761 ], [ 377839.054738793172874, 3949233.178530015051365 ], [ 377793.109411414479837, 3949245.736148030497134 ] ] } },
{ "type": "Feature", "properties": { "from_node": 746, "to_node": 1515, "u": 410131851.0, "v": 563661977.0, "key": 0.0, "index": 366.0, "osmid": "44351959", "highway": [ "unclassified" ], "lanes": null, "name": null, "oneway": "False", "ref": null, "reversed": "False", "length": 158.87588191563015, "maxspeed": null, "access": null, "bridge": null, "width": null, "length_m": 195.80849154830278, "building_count_50m": 60.0, "avg_building_area": 117.37446659719529, "poi_count_50m": 12.0, "highway_clean": [ "unclassified" ], "highway_rank": 1.0, "sinuosity": 1.0605182764954397, "poi_diversity": 0.2868359830561607, "food_drink_count": 1.0, "street_furniture_count": 1.0, "degree_u": 6.0, "degree_v": 6.0, "avg_connectivity": 6.0, "city": "Tokyo", "cluster": 1.0, "typology": "Dense Local Street" }, "geometry": { "type": "LineString", "coordinates": [ [ 377907.726561187242623, 3949206.619001456070691 ], [ 377919.802847411832772, 3949224.514077316038311 ], [ 377925.269357664044946, 3949227.101543314289302 ], [ 377935.116511592234019, 3949227.687407770194113 ], [ 377945.827339335693978, 3949227.22968522598967 ], [ 377952.465187693014741, 3949227.449164708610624 ], [ 377955.514422434847802, 3949228.683098537381738 ], [ 377958.017615848802961, 3949229.702652067411691 ], [ 377966.054920505965129, 3949238.234482568688691 ], [ 377969.294939293991774, 3949242.816174469422549 ], [ 377973.937796665471978, 3949249.364424416795373 ], [ 377977.147133865568321, 3949252.371199225075543 ], [ 377981.574070360744372, 3949253.741542487870902 ], [ 377997.277089084964246, 3949255.611639858223498 ], [ 378008.248046529421117, 3949260.919273893348873 ], [ 378024.825400400673971, 3949271.097879610955715 ], [ 378038.771548985387199, 3949279.504306914284825 ] ] } },
{ "type": "Feature", "properties": { "from_node": 768, "to_node": 767, "u": 410132632.0, "v": 410132633.0, "key": 0.0, "index": 367.0, "osmid": [ 46703194, 46703195, 44352095 ], "highway": [ "unclassified" ], "lanes": null, "name": [ "弁天橋" ], "oneway": "False", "ref": null, "reversed": "False", "length": 92.692425671017631, "maxspeed": "['20' '30']", "access": null, "bridge": "yes", "width": null, "length_m": 114.24223312287342, "building_count_50m": 65.0, "avg_building_area": 132.68034213474488, "poi_count_50m": 2.0, "highway_clean": [ "unclassified" ], "highway_rank": 1.0, "sinuosity": 1.0005556214323577, "poi_diversity": 0.69314718055994529, "food_drink_count": 1.0, "street_furniture_count": 1.0, "degree_u": 6.0, "degree_v": 6.0, "avg_connectivity": 6.0, "city": "Tokyo", "cluster": 1.0, "typology": "Dense Local Street" }, "geometry": { "type": "LineString", "coordinates": [ [ 378166.877687041356694, 3949379.833788927644491 ], [ 378165.604320036480203, 3949383.345836701337248 ], [ 378163.231054808478802, 3949390.478494373615831 ], [ 378162.063403450418264, 3949392.458129410631955 ], [ 378145.997019212401938, 3949429.421539732255042 ], [ 378139.121137351961806, 3949446.156734362710267 ], [ 378131.017190871702041, 3949465.083189176395535 ] ] } },
{ "type": "Feature", "properties": { "from_node": 768, "to_node": 1553, "u": 410132632.0, "v": 1177181978.0, "key": 0.0, "index": 368.0, "osmid": "44352095", "highway": [ "unclassified" ], "lanes": null, "name": null, "oneway": "False", "ref": null, "reversed": "True", "length": 69.739656506942367, "maxspeed": [ "20" ], "access": null, "bridge": null, "width": null, "length_m": 85.952510399674978, "building_count_50m": 57.0, "avg_building_area": 126.95064109573563, "poi_count_50m": 1.0, "highway_clean": [ "unclassified" ], "highway_rank": 1.0, "sinuosity": 1.0011270671278587, "poi_diversity": 0.0, "food_drink_count": 1.0, "street_furniture_count": 1.0, "degree_u": 6.0, "degree_v": 6.0, "avg_connectivity": 6.0, "city": "Tokyo", "cluster": 1.0, "typology": "Dense Local Street" }, "geometry": { "type": "LineString", "coordinates": [ [ 378166.877687041356694, 3949379.833788927644491 ], [ 378169.450582233956084, 3949373.397314458154142 ], [ 378175.293911217711866, 3949358.584461122285575 ], [ 378178.69272442482179, 3949349.008177468087524 ], [ 378183.860696803836618, 3949334.448655233252794 ], [ 378189.292162167199422, 3949314.016831059008837 ] ] } },
{ "type": "Feature", "properties": { "from_node": 768, "to_node": 776, "u": 410132632.0, "v": 656136939.0, "key": 0.0, "index": 369.0, "osmid": "46703204", "highway": [ "residential" ], "lanes": null, "name": null, "oneway": "False", "ref": null, "reversed": "False", "length": 87.723329985624844, "maxspeed": null, "access": null, "bridge": null, "width": null, "length_m": 108.11724470344272, "building_count_50m": 49.0, "avg_building_area": 133.51037250243303, "poi_count_50m": 4.0, "highway_clean": [ "residential" ], "highway_rank": 2.0, "sinuosity": 1.0000738701292151, "poi_diversity": 0.56233514461880829, "food_drink_count": 1.0, "street_furniture_count": 1.0, "degree_u": 6.0, "degree_v": 2.0, "avg_connectivity": 4.0, "city": "Tokyo", "cluster": 3.0, "typology": "Local Mixed Street" }, "geometry": { "type": "LineString", "coordinates": [ [ 378166.877687041356694, 3949379.833788927644491 ], [ 378148.073764586355537, 3949375.576342251617461 ], [ 378146.203280375455506, 3949375.147135705687106 ], [ 378121.343069616472349, 3949369.508380954619497 ], [ 378080.961548262333963, 3949361.375676512718201 ] ] } },
{ "type": "Feature", "properties": { "from_node": 767, "to_node": 799, "u": null, "v": null, "key": null, "index": null, "osmid": null, "highway": null, "lanes": null, "name": null, "oneway": null, "ref": null, "reversed": null, "length": null, "maxspeed": null, "access": null, "bridge": null, "width": null, "length_m": null, "building_count_50m": null, "avg_building_area": null, "poi_count_50m": null, "highway_clean": null, "highway_rank": null, "sinuosity": null, "poi_diversity": null, "food_drink_count": null, "street_furniture_count": null, "degree_u": null, "degree_v": null, "avg_connectivity": null, "city": null, "cluster": null, "typology": null }, "geometry": { "type": "LineString", "coordinates": [ [ 378131.017190871702041, 3949465.083189176395535 ], [ 378140.345788087346591, 3949476.060314051341265 ], [ 378160.695076549891382, 3949486.098683775402606 ], [ 378164.313025366223883, 3949487.890679419972003 ] ] } },
{ "type": "Feature", "properties": { "from_node": 780, "to_node": 1630, "u": null, "v": null, "key": null, "index": null, "osmid": null, "highway": null, "lanes": null, "name": null, "oneway": null, "ref": null, "reversed": null, "length": null, "maxspeed": null, "access": null, "bridge": null, "width": null, "length_m": null, "building_count_50m": null, "avg_building_area": null, "poi_count_50m": null, "highway_clean": null, "highway_rank": null, "sinuosity": null, "poi_diversity": null, "food_drink_count": null, "street_furniture_count": null, "degree_u": null, "degree_v": null, "avg_connectivity": null, "city": null, "cluster": null, "typology": null }, "geometry": { "type": "LineString", "coordinates": [ [ 378107.097306891169865, 3949527.326550307683647 ], [ 378134.929998696781695, 3949535.243123495019972 ], [ 378146.242972492356785, 3949538.46056095091626 ], [ 378159.191553603974171, 3949542.143722056411207 ], [ 378176.656161612598225, 3949547.107362648937851 ], [ 378194.709452128096018, 3949548.135711988899857 ], [ 378220.034187054843642, 3949548.742729697842151 ], [ 378231.687524619454052, 3949549.06009092181921 ] ] } },
{ "type": "Feature", "properties": { "from_node": 780, "to_node": 791, "u": 410132634.0, "v": 597122525.0, "key": 0.0, "index": 374.0, "osmid": "46703195", "highway": [ "unclassified" ], "lanes": null, "name": null, "oneway": "False", "ref": null, "reversed": "False", "length": 72.237757141204384, "maxspeed": [ "30" ], "access": null, "bridge": null, "width": null, "length_m": 89.033470936187925, "building_count_50m": 66.0, "avg_building_area": 101.92373532411789, "poi_count_50m": 12.0, "highway_clean": [ "unclassified" ], "highway_rank": 1.0, "sinuosity": 1.0004635466470475, "poi_diversity": 0.95961479391204918, "food_drink_count": 1.0, "street_furniture_count": 1.0, "degree_u": 5.0, "degree_v": 6.0, "avg_connectivity": 5.5, "city": "Tokyo", "cluster": 3.0, "typology": "Local Mixed Street" }, "geometry": { "type": "LineString", "coordinates": [ [ 378107.097306891169865, 3949527.326550307683647 ], [ 378100.654261358955409, 3949537.332913433201611 ], [ 378094.59785547980573, 3949547.811018202453852 ], [ 378090.905503398447763, 3949553.131293572019786 ], [ 378074.494729833037127, 3949582.100851364433765 ], [ 378070.367814296507277, 3949589.390728042460978 ] ] } },
{ "type": "Feature", "properties": { "from_node": 780, "to_node": 777, "u": 410132634.0, "v": 656150780.0, "key": 0.0, "index": 375.0, "osmid": "46703195", "highway": [ "unclassified" ], "lanes": null, "name": null, "oneway": "False", "ref": null, "reversed": "True", "length": 29.681515689474068, "maxspeed": [ "30" ], "access": null, "bridge": null, "width": null, "length_m": 36.582463085313364, "building_count_50m": 60.0, "avg_building_area": 69.085860455810916, "poi_count_50m": 4.0, "highway_clean": [ "unclassified" ], "highway_rank": 1.0, "sinuosity": 1.0009949358017562, "poi_diversity": 0.56233514461880829, "food_drink_count": 1.0, "street_furniture_count": 1.0, "degree_u": 5.0, "degree_v": 6.0, "avg_connectivity": 5.5, "city": "Tokyo", "cluster": 1.0, "typology": "Dense Local Street" }, "geometry": { "type": "LineString", "coordinates": [ [ 378107.097306891169865, 3949527.326550307683647 ], [ 378112.818737052381039, 3949510.241056694183499 ], [ 378117.49736677610781, 3949499.615452806465328 ] ] } },
{ "type": "Feature", "properties": { "from_node": 800, "to_node": 799, "u": 410133783.0, "v": 1177181621.0, "key": 0.0, "index": 376.0, "osmid": "34948170", "highway": [ "residential" ], "lanes": null, "name": null, "oneway": "False", "ref": null, "reversed": "True", "length": 77.945398031734825, "maxspeed": null, "access": null, "bridge": null, "width": null, "length_m": 96.067432341760878, "building_count_50m": 59.0, "avg_building_area": 116.70156107000493, "poi_count_50m": 3.0, "highway_clean": [ "residential" ], "highway_rank": 2.0, "sinuosity": 1.0210462709877919, "poi_diversity": 0.63651416829481278, "food_drink_count": 1.0, "street_furniture_count": 1.0, "degree_u": 6.0, "degree_v": 6.0, "avg_connectivity": 6.0, "city": "Tokyo", "cluster": 1.0, "typology": "Dense Local Street" }, "geometry": { "type": "LineString", "coordinates": [ [ 378240.613842693914194, 3949482.462891299277544 ], [ 378226.002416848845314, 3949488.221150651574135 ], [ 378212.686216212692671, 3949488.758626393973827 ], [ 378200.382511502422858, 3949489.204588259570301 ], [ 378184.773489477112889, 3949488.874919787049294 ], [ 378176.983570625190623, 3949490.435004133265465 ], [ 378173.015950363827869, 3949490.866585689596832 ], [ 378164.313025366223883, 3949487.890679419972003 ] ] } },
{ "type": "Feature", "properties": { "from_node": 800, "to_node": 1916, "u": null, "v": null, "key": null, "index": null, "osmid": null, "highway": null, "lanes": null, "name": null, "oneway": null, "ref": null, "reversed": null, "length": null, "maxspeed": null, "access": null, "bridge": null, "width": null, "length_m": null, "building_count_50m": null, "avg_building_area": null, "poi_count_50m": null, "highway_clean": null, "highway_rank": null, "sinuosity": null, "poi_diversity": null, "food_drink_count": null, "street_furniture_count": null, "degree_u": null, "degree_v": null, "avg_connectivity": null, "city": null, "cluster": null, "typology": null }, "geometry": { "type": "LineString", "coordinates": [ [ 378240.613842693914194, 3949482.462891299277544 ], [ 378250.060014135611709, 3949480.891267656814307 ], [ 378258.406027362856548, 3949483.583703588228673 ], [ 378264.951641110295895, 3949489.640084205660969 ], [ 378269.862209853541572, 3949491.969113037921488 ], [ 378280.450495341094211, 3949492.500820204615593 ], [ 378297.975400233990513, 3949490.630007965024561 ] ] } },
{ "type": "Feature", "properties": { "from_node": 800, "to_node": 808, "u": 410133783.0, "v": 410133787.0, "key": 0.0, "index": 378.0, "osmid": "102737774", "highway": [ "residential" ], "lanes": null, "name": null, "oneway": "False", "ref": null, "reversed": "False", "length": 34.278886193700245, "maxspeed": null, "access": null, "bridge": null, "width": null, "length_m": 42.248512252679305, "building_count_50m": 54.0, "avg_building_area": 156.09267630767187, "poi_count_50m": 4.0, "highway_clean": [ "residential" ], "highway_rank": 2.0, "sinuosity": 1.0073265697633706, "poi_diversity": 0.0, "food_drink_count": 1.0, "street_furniture_count": 1.0, "degree_u": 6.0, "degree_v": 6.0, "avg_connectivity": 6.0, "city": "Tokyo", "cluster": 1.0, "typology": "Dense Local Street" }, "geometry": { "type": "LineString", "coordinates": [ [ 378240.613842693914194, 3949482.462891299277544 ], [ 378246.719816331518814, 3949472.283753074705601 ], [ 378251.350741890957579, 3949465.430820660665631 ], [ 378255.783736527606379, 3949452.05736577603966 ] ] } },
{ "type": "Feature", "properties": { "from_node": 808, "to_node": 799, "u": null, "v": null, "key": null, "index": null, "osmid": null, "highway": null, "lanes": null, "name": null, "oneway": null, "ref": null, "reversed": null, "length": null, "maxspeed": null, "access": null, "bridge": null, "width": null, "length_m": null, "building_count_50m": null, "avg_building_area": null, "poi_count_50m": null, "highway_clean": null, "highway_rank": null, "sinuosity": null, "poi_diversity": null, "food_drink_count": null, "street_furniture_count": null, "degree_u": null, "degree_v": null, "avg_connectivity": null, "city": null, "cluster": null, "typology": null }, "geometry": { "type": "LineString", "coordinates": [ [ 378255.783736527606379, 3949452.05736577603966 ], [ 378247.742951056687161, 3949449.183246713597327 ], [ 378222.710504571325146, 3949425.008602830581367 ], [ 378219.868898567161523, 3949425.047539424151182 ], [ 378164.313025366223883, 3949487.890679419972003 ] ] } },
{ "type": "Feature", "properties": { "from_node": 813, "to_node": 1874, "u": 410133788.0, "v": 1177181447.0, "key": 0.0, "index": 383.0, "osmid": "46706856", "highway": [ "residential" ], "lanes": null, "name": null, "oneway": "False", "ref": null, "reversed": "False", "length": 110.28864058884236, "maxspeed": null, "access": null, "bridge": null, "width": null, "length_m": 135.92902748495891, "building_count_50m": 88.0, "avg_building_area": 115.0860086932464, "poi_count_50m": 2.0, "highway_clean": [ "residential" ], "highway_rank": 2.0, "sinuosity": 1.0251252533545121, "poi_diversity": 0.0, "food_drink_count": 1.0, "street_furniture_count": 1.0, "degree_u": 6.0, "degree_v": 6.0, "avg_connectivity": 6.0, "city": "Tokyo", "cluster": 1.0, "typology": "Dense Local Street" }, "geometry": { "type": "LineString", "coordinates": [ [ 378260.876632821280509, 3949426.726702111307532 ], [ 378274.999803506711032, 3949425.623552978038788 ], [ 378278.697137248702347, 3949423.298656708095223 ], [ 378281.115339523705188, 3949421.423943988513201 ], [ 378284.035791742382571, 3949417.889356797095388 ], [ 378304.144395263283513, 3949401.7607522145845 ], [ 378326.693370380497072, 3949382.725457542575896 ], [ 378329.754216265748255, 3949380.187418923713267 ], [ 378352.758136851422023, 3949370.575810658279806 ] ] } },
{ "type": "Feature", "properties": { "from_node": 813, "to_node": 1857, "u": null, "v": null, "key": null, "index": null, "osmid": null, "highway": null, "lanes": null, "name": null, "oneway": null, "ref": null, "reversed": null, "length": null, "maxspeed": null, "access": null, "bridge": null, "width": null, "length_m": null, "building_count_50m": null, "avg_building_area": null, "poi_count_50m": null, "highway_clean": null, "highway_rank": null, "sinuosity": null, "poi_diversity": null, "food_drink_count": null, "street_furniture_count": null, "degree_u": null, "degree_v": null, "avg_connectivity": null, "city": null, "cluster": null, "typology": null }, "geometry": { "type": "LineString", "coordinates": [ [ 378260.876632821280509, 3949426.726702111307532 ], [ 378261.917740414617583, 3949415.507562899496406 ], [ 378263.505256045260467, 3949399.24429160123691 ], [ 378265.104988313803915, 3949375.281660900916904 ], [ 378266.124136133177672, 3949373.692362341564149 ], [ 378272.116047021409031, 3949369.716320819221437 ], [ 378296.618858468078543, 3949359.839970368891954 ], [ 378301.753075509041082, 3949358.005730397067964 ], [ 378311.768756846955512, 3949353.064917701296508 ], [ 378314.194820481934585, 3949351.101356109138578 ], [ 378319.960157530906145, 3949346.440626623108983 ], [ 378328.599595108069479, 3949338.82284993166104 ], [ 378331.874949483841192, 3949334.762007312383503 ] ] } },
{ "type": "Feature", "properties": { "from_node": 832, "to_node": 852, "u": 410136832.0, "v": 410137185.0, "key": 0.0, "index": 385.0, "osmid": "34948402", "highway": [ "residential" ], "lanes": null, "name": null, "oneway": "True", "ref": null, "reversed": "False", "length": 84.652113805872261, "maxspeed": null, "access": null, "bridge": null, "width": null, "length_m": 104.33163678596141, "building_count_50m": 57.0, "avg_building_area": 91.514284958928556, "poi_count_50m": 2.0, "highway_clean": [ "residential" ], "highway_rank": 2.0, "sinuosity": 1.0007137451048551, "poi_diversity": 0.69314718055994529, "food_drink_count": 1.0, "street_furniture_count": 1.0, "degree_u": 3.0, "degree_v": 5.0, "avg_connectivity": 4.0, "city": "Tokyo", "cluster": 3.0, "typology": "Local Mixed Street" }, "geometry": { "type": "LineString", "coordinates": [ [ 378530.970065474277362, 3949335.33362678764388 ], [ 378571.657331704860553, 3949330.761644237674773 ], [ 378593.310965530690737, 3949328.957055080216378 ], [ 378615.088003424461931, 3949324.920955756679177 ] ] } },
{ "type": "Feature", "properties": { "from_node": 832, "to_node": 837, "u": 410136832.0, "v": 410137018.0, "key": 0.0, "index": 386.0, "osmid": [ 34948289, 1080868205, 34948287 ], "highway": [ "residential" ], "lanes": [ "1" ], "name": [ "上水橋" ], "oneway": "True", "ref": null, "reversed": "False", "length": 14.925755879488712, "maxspeed": [ "20" ], "access": null, "bridge": "yes", "width": null, "length_m": 18.395619841644955, "building_count_50m": 32.0, "avg_building_area": 92.888182343147179, "poi_count_50m": 2.0, "highway_clean": [ "residential" ], "highway_rank": 2.0, "sinuosity": 1.0001537256460535, "poi_diversity": 0.69314718055994529, "food_drink_count": 1.0, "street_furniture_count": 1.0, "degree_u": 3.0, "degree_v": 3.0, "avg_connectivity": 3.0, "city": "Tokyo", "cluster": 3.0, "typology": "Local Mixed Street" }, "geometry": { "type": "LineString", "coordinates": [ [ 378530.970065474277362, 3949335.33362678764388 ], [ 378530.033601374365389, 3949333.704524813219905 ], [ 378524.941517150378786, 3949324.055843124166131 ], [ 378523.875624860869721, 3949322.228820085991174 ] ] } },
{ "type": "Feature", "properties": { "from_node": 837, "to_node": 843, "u": 410137018.0, "v": 810716882.0, "key": 0.0, "index": 387.0, "osmid": "34948289", "highway": [ "residential" ], "lanes": null, "name": null, "oneway": "True", "ref": null, "reversed": "False", "length": 91.863090657884669, "maxspeed": null, "access": null, "bridge": null, "width": null, "length_m": 113.21832482243342, "building_count_50m": 52.0, "avg_building_area": 215.50697339501235, "poi_count_50m": 4.0, "highway_clean": [ "residential" ], "highway_rank": 2.0, "sinuosity": 1.0373027167946161, "poi_diversity": 1.0397207708399179, "food_drink_count": 1.0, "street_furniture_count": 1.0, "degree_u": 3.0, "degree_v": 3.0, "avg_connectivity": 3.0, "city": "Tokyo", "cluster": 3.0, "typology": "Local Mixed Street" }, "geometry": { "type": "LineString", "coordinates": [ [ 378523.875624860869721, 3949322.228820085991174 ], [ 378519.710036702919751, 3949314.142815173603594 ], [ 378516.460396632319316, 3949305.522877818439156 ], [ 378506.677771855611354, 3949279.186494042631239 ], [ 378502.814849632559344, 3949268.744446920230985 ], [ 378494.774226960493252, 3949242.051444090437144 ], [ 378488.535020271607209, 3949241.19375718338415 ] ] } },
{ "type": "Feature", "properties": { "from_node": 837, "to_node": 843, "u": 410137018.0, "v": 810716882.0, "key": 0.0, "index": 387.0, "osmid": "34948289", "highway": [ "residential" ], "lanes": null, "name": null, "oneway": "True", "ref": null, "reversed": "False", "length": 91.863090657884669, "maxspeed": null, "access": null, "bridge": null, "width": null, "length_m": 113.21832482243342, "building_count_50m": 52.0, "avg_building_area": 215.50697339501235, "poi_count_50m": 4.0, "highway_clean": [ "residential" ], "highway_rank": 2.0, "sinuosity": 1.0373027167946161, "poi_diversity": 1.0397207708399179, "food_drink_count": 1.0, "street_furniture_count": 1.0, "degree_u": 3.0, "degree_v": 3.0, "avg_connectivity": 3.0, "city": "Tokyo", "cluster": 3.0, "typology": "Local Mixed Street" }, "geometry": { "type": "LineString", "coordinates": [ [ 378523.875624860869721, 3949322.228820085991174 ], [ 378519.710036702919751, 3949314.142815173603594 ], [ 378516.460396632319316, 3949305.522877818439156 ], [ 378506.677771855611354, 3949279.186494042631239 ], [ 378502.814849632559344, 3949268.744446920230985 ], [ 378494.774226960493252, 3949242.051444090437144 ], [ 378488.535020271607209, 3949241.19375718338415 ] ] } },
{ "type": "Feature", "properties": { "from_node": 852, "to_node": 837, "u": 410137162.0, "v": 410137018.0, "key": 0.0, "index": 388.0, "osmid": "1345737937", "highway": [ "residential" ], "lanes": null, "name": null, "oneway": "True", "ref": null, "reversed": "False", "length": 87.803545675946182, "maxspeed": null, "access": null, "bridge": null, "width": null, "length_m": 108.21554460101645, "building_count_50m": 56.0, "avg_building_area": 95.154471215557209, "poi_count_50m": 1.0, "highway_clean": [ "residential" ], "highway_rank": 2.0, "sinuosity": 1.0021361022409028, "poi_diversity": 0.0, "food_drink_count": 1.0, "street_furniture_count": 1.0, "degree_u": 3.0, "degree_v": 3.0, "avg_connectivity": 3.0, "city": "Tokyo", "cluster": 1.0, "typology": "Dense Local Street" }, "geometry": { "type": "LineString", "coordinates": [ [ 378615.088003424461931, 3949324.920955756679177 ], [ 378614.519717355840839, 3949323.076032610144466 ], [ 378611.688242516072933, 3949313.917844905983657 ], [ 378611.053879659739323, 3949311.874133874196559 ], [ 378598.448158615326975, 3949315.407769098412246 ], [ 378588.015444953984115, 3949316.337948164902627 ], [ 378572.286520615685731, 3949317.850817043799907 ], [ 378543.477395537192933, 3949320.629657556302845 ], [ 378529.508494241570588, 3949321.77463944349438 ], [ 378523.875624860869721, 3949322.228820085991174 ] ] } },
{ "type": "Feature", "properties": { "from_node": 79, "to_node": 859, "u": 410466404.0, "v": 410466407.0, "key": 0.0, "index": 394.0, "osmid": "34996907", "highway": [ "residential" ], "lanes": null, "name": null, "oneway": "False", "ref": null, "reversed": "False", "length": 37.994142386465015, "maxspeed": null, "access": null, "bridge": null, "width": null, "length_m": 46.82234868390244, "building_count_50m": 44.0, "avg_building_area": 137.63489134419333, "poi_count_50m": 1.0, "highway_clean": [ "residential" ], "highway_rank": 2.0, "sinuosity": 1.0003508468438618, "poi_diversity": 0.0, "food_drink_count": 1.0, "street_furniture_count": 1.0, "degree_u": 8.0, "degree_v": 6.0, "avg_connectivity": 7.0, "city": "Tokyo", "cluster": 1.0, "typology": "Dense Local Street" }, "geometry": { "type": "LineString", "coordinates": [ [ 378506.965462523512542, 3948467.740178929176182 ], [ 378504.364959127269685, 3948470.8709183530882 ], [ 378491.558249112742487, 3948486.277885934337974 ], [ 378485.570967310923152, 3948493.29341482790187 ], [ 378482.879867161682341, 3948497.079940367955714 ] ] } },
{ "type": "Feature", "properties": { "from_node": 79, "to_node": 873, "u": 410466404.0, "v": 410466694.0, "key": 0.0, "index": 396.0, "osmid": "34996929", "highway": [ "residential" ], "lanes": null, "name": null, "oneway": "False", "ref": null, "reversed": "False", "length": 65.095586068943106, "maxspeed": null, "access": null, "bridge": null, "width": null, "length_m": 80.221033447447127, "building_count_50m": 88.0, "avg_building_area": 102.15931241561157, "poi_count_50m": 3.0, "highway_clean": [ "residential" ], "highway_rank": 2.0, "sinuosity": 1.0002561190465502, "poi_diversity": 1.0986122886681096, "food_drink_count": 1.0, "street_furniture_count": 1.0, "degree_u": 8.0, "degree_v": 4.0, "avg_connectivity": 6.0, "city": "Tokyo", "cluster": 1.0, "typology": "Dense Local Street" }, "geometry": { "type": "LineString", "coordinates": [ [ 378506.965462523512542, 3948467.740178929176182 ], [ 378529.448060318594798, 3948481.400195260997862 ], [ 378561.671677717473358, 3948503.070128478109837 ] ] } },
{ "type": "Feature", "properties": { "from_node": 79, "to_node": 666, "u": 410466404.0, "v": 1178937994.0, "key": 0.0, "index": 397.0, "osmid": "34996929", "highway": [ "residential" ], "lanes": null, "name": null, "oneway": "False", "ref": null, "reversed": "True", "length": 93.435337906512586, "maxspeed": null, "access": null, "bridge": null, "width": null, "length_m": 115.14520418568293, "building_count_50m": 74.0, "avg_building_area": 118.74721901123344, "poi_count_50m": 2.0, "highway_clean": [ "residential" ], "highway_rank": 2.0, "sinuosity": 1.0010186408357387, "poi_diversity": 0.69314718055994529, "food_drink_count": 1.0, "street_furniture_count": 1.0, "degree_u": 8.0, "degree_v": 6.0, "avg_connectivity": 7.0, "city": "Tokyo", "cluster": 1.0, "typology": "Dense Local Street" }, "geometry": { "type": "LineString", "coordinates": [ [ 378506.965462523512542, 3948467.740178929176182 ], [ 378488.545913755311631, 3948457.951927279122174 ], [ 378467.87939528003335, 3948444.710940139368176 ], [ 378444.824738406343386, 3948432.922671527136117 ], [ 378428.457584339659661, 3948424.9480673763901 ], [ 378424.839727350103203, 3948423.189232523553073 ] ] } },
{ "type": "Feature", "properties": { "from_node": 859, "to_node": 867, "u": 410466407.0, "v": 443662191.0, "key": 0.0, "index": 398.0, "osmid": "34996907", "highway": [ "residential" ], "lanes": null, "name": null, "oneway": "False", "ref": null, "reversed": "False", "length": 56.414041086821541, "maxspeed": null, "access": null, "bridge": null, "width": null, "length_m": 69.522527928473281, "building_count_50m": 48.0, "avg_building_area": 123.83388830974279, "poi_count_50m": 1.0, "highway_clean": [ "residential" ], "highway_rank": 2.0, "sinuosity": 1.0001686544102328, "poi_diversity": 0.0, "food_drink_count": 1.0, "street_furniture_count": 1.0, "degree_u": 6.0, "degree_v": 6.0, "avg_connectivity": 6.0, "city": "Tokyo", "cluster": 1.0, "typology": "Dense Local Street" }, "geometry": { "type": "LineString", "coordinates": [ [ 378482.879867161682341, 3948497.079940367955714 ], [ 378480.816051441885065, 3948499.737407392356545 ], [ 378450.517488231998868, 3948538.769522083457559 ], [ 378448.530798314197455, 3948541.769854386337101 ] ] } },
{ "type": "Feature", "properties": { "from_node": 859, "to_node": 870, "u": 410466407.0, "v": 410466697.0, "key": 0.0, "index": 400.0, "osmid": "35938037", "highway": [ "secondary" ], "lanes": null, "name": [ "角筈和泉町線" ], "oneway": "True", "ref": "431", "reversed": "False", "length": 76.935907375610384, "maxspeed": null, "access": null, "bridge": null, "width": null, "length_m": 94.81282086318005, "building_count_50m": 81.0, "avg_building_area": 105.39902704375797, "poi_count_50m": 1.0, "highway_clean": [ "secondary" ], "highway_rank": 4.0, "sinuosity": 1.0670180854343891, "poi_diversity": 0.0, "food_drink_count": 1.0, "street_furniture_count": 1.0, "degree_u": 6.0, "degree_v": 3.0, "avg_connectivity": 4.5, "city": "Tokyo", "cluster": 1.0, "typology": "Dense Local Street" }, "geometry": { "type": "LineString", "coordinates": [ [ 378482.879867161682341, 3948497.079940367955714 ], [ 378549.058343936689198, 3948524.021324916277081 ], [ 378551.661450576968491, 3948519.093349516857415 ] ] } },
{ "type": "Feature", "properties": { "from_node": 873, "to_node": 870, "u": 410466694.0, "v": 410466697.0, "key": 0.0, "index": 402.0, "osmid": "67121200", "highway": [ "residential" ], "lanes": null, "name": null, "oneway": "True", "ref": null, "reversed": "False", "length": 18.913900659545067, "maxspeed": null, "access": null, "bridge": null, "width": null, "length_m": 23.308756440869058, "building_count_50m": 66.0, "avg_building_area": 104.47678164057405, "poi_count_50m": 2.0, "highway_clean": [ "residential" ], "highway_rank": 2.0, "sinuosity": 1.0000000462495902, "poi_diversity": 0.69314718055994529, "food_drink_count": 1.0, "street_furniture_count": 1.0, "degree_u": 4.0, "degree_v": 3.0, "avg_connectivity": 3.5, "city": "Tokyo", "cluster": 1.0, "typology": "Dense Local Street" }, "geometry": { "type": "LineString", "coordinates": [ [ 378561.671677717473358, 3948503.070128478109837 ], [ 378552.910464284766931, 3948517.090477107092738 ], [ 378551.661450576968491, 3948519.093349516857415 ] ] } },
{ "type": "Feature", "properties": { "from_node": 72, "to_node": 873, "u": null, "v": null, "key": null, "index": null, "osmid": null, "highway": null, "lanes": null, "name": null, "oneway": null, "ref": null, "reversed": null, "length": null, "maxspeed": null, "access": null, "bridge": null, "width": null, "length_m": null, "building_count_50m": null, "avg_building_area": null, "poi_count_50m": null, "highway_clean": null, "highway_rank": null, "sinuosity": null, "poi_diversity": null, "food_drink_count": null, "street_furniture_count": null, "degree_u": null, "degree_v": null, "avg_connectivity": null, "city": null, "cluster": null, "typology": null }, "geometry": { "type": "LineString", "coordinates": [ [ 378544.819300924893469, 3948399.26167671289295 ], [ 378608.899331628228538, 3948418.998966293875128 ], [ 378607.063200192293152, 3948423.750040554907173 ], [ 378598.477613255032338, 3948444.01380705460906 ], [ 378593.042916173231788, 3948453.717531895264983 ], [ 378587.407791404402815, 3948463.989787080790848 ], [ 378576.723671562620439, 3948480.388277526944876 ], [ 378576.161133053712547, 3948482.281924901064485 ], [ 378561.671677717473358, 3948503.070128478109837 ] ] } },
{ "type": "Feature", "properties": { "from_node": 881, "to_node": 880, "u": 410466886.0, "v": 561587139.0, "key": 0.0, "index": 405.0, "osmid": [ 34996945, 44220005 ], "highway": "['unclassified' 'tertiary']", "lanes": [ "1" ], "name": null, "oneway": "True", "ref": null, "reversed": "False", "length": 91.614935461881785, "maxspeed": [ "30" ], "access": null, "bridge": null, "width": null, "length_m": 112.90648599944528, "building_count_50m": 82.0, "avg_building_area": 109.4198260975988, "poi_count_50m": 6.0, "highway_clean": "['unclassified' 'tertiary']", "highway_rank": 1.0, "sinuosity": 1.0010226541915495, "poi_diversity": 0.69314718055994529, "food_drink_count": 1.0, "street_furniture_count": 1.0, "degree_u": 4.0, "degree_v": 6.0, "avg_connectivity": 5.0, "city": "Tokyo", "cluster": 1.0, "typology": "Dense Local Street" }, "geometry": { "type": "LineString", "coordinates": [ [ 378569.041922830161639, 3948770.920662135817111 ], [ 378556.215592742082663, 3948790.166318689472973 ], [ 378549.252618693746626, 3948800.623163329903036 ], [ 378546.599005943513475, 3948804.49791319295764 ], [ 378541.229647769709118, 3948812.337015911005437 ], [ 378535.22686455672374, 3948821.51604738784954 ], [ 378532.014765989268199, 3948826.252665012143552 ], [ 378520.303630822745617, 3948848.267715564463288 ] ] } },
{ "type": "Feature", "properties": { "from_node": 881, "to_node": 885, "u": 410466886.0, "v": 410467234.0, "key": 0.0, "index": 406.0, "osmid": "34996985", "highway": [ "unclassified" ], "lanes": null, "name": null, "oneway": "False", "ref": null, "reversed": "False", "length": 80.084502781278943, "maxspeed": [ "30" ], "access": null, "bridge": null, "width": null, "length_m": 98.696151929779788, "building_count_50m": 46.0, "avg_building_area": 166.97550686234985, "poi_count_50m": 3.0, "highway_clean": [ "unclassified" ], "highway_rank": 1.0, "sinuosity": 1.0000000040971846, "poi_diversity": 0.63651416829481278, "food_drink_count": 1.0, "street_furniture_count": 1.0, "degree_u": 4.0, "degree_v": 5.0, "avg_connectivity": 4.5, "city": "Tokyo", "cluster": 3.0, "typology": "Local Mixed Street" }, "geometry": { "type": "LineString", "coordinates": [ [ 378569.041922830161639, 3948770.920662135817111 ], [ 378574.05886068707332, 3948773.72545421263203 ], [ 378628.059486863960046, 3948803.939994567539543 ], [ 378632.647690037963912, 3948806.506606173701584 ], [ 378638.996381913952064, 3948810.058730488177389 ] ] } },
{ "type": "Feature", "properties": { "from_node": 885, "to_node": 888, "u": 410467234.0, "v": 810709089.0, "key": 0.0, "index": 409.0, "osmid": "1302678256", "highway": [ "primary" ], "lanes": [ "3" ], "name": [ "環七通り" ], "oneway": "True", "ref": "318", "reversed": "False", "length": 82.331832144731806, "maxspeed": [ "50" ], "access": null, "bridge": null, "width": null, "length_m": 101.46642585204512, "building_count_50m": 25.0, "avg_building_area": 265.21748510641686, "poi_count_50m": 6.0, "highway_clean": [ "primary" ], "highway_rank": 5.0, "sinuosity": 1.000133050074844, "poi_diversity": 0.86756322848146117, "food_drink_count": 1.0, "street_furniture_count": 1.0, "degree_u": 5.0, "degree_v": 4.0, "avg_connectivity": 4.5, "city": "Tokyo", "cluster": 3.0, "typology": "Local Mixed Street" }, "geometry": { "type": "LineString", "coordinates": [ [ 378638.996381913952064, 3948810.058730488177389 ], [ 378635.797392099455465, 3948818.411743776407093 ], [ 378627.940130941104144, 3948838.954004825092852 ], [ 378608.018916122615337, 3948886.175465064123273 ] ] } },
{ "type": "Feature", "properties": { "from_node": 889, "to_node": 897, "u": 413320660.0, "v": 7187611994.0, "key": 0.0, "index": 414.0, "osmid": "31904766", "highway": [ "residential" ], "lanes": null, "name": null, "oneway": "False", "ref": null, "reversed": "True", "length": 124.85300624283585, "maxspeed": [ "20" ], "access": null, "bridge": null, "width": null, "length_m": 153.87150159113878, "building_count_50m": 84.0, "avg_building_area": 138.71039811112982, "poi_count_50m": 17.0, "highway_clean": [ "residential" ], "highway_rank": 2.0, "sinuosity": 1.0041989165163787, "poi_diversity": 1.5136026783424539, "food_drink_count": 5.0, "street_furniture_count": 1.0, "degree_u": 6.0, "degree_v": 6.0, "avg_connectivity": 6.0, "city": "Tokyo", "cluster": 4.0, "typology": "Active Commercial High Street" }, "geometry": { "type": "LineString", "coordinates": [ [ 377281.014772611611988, 3948914.048376151826233 ], [ 377274.269891966716386, 3948920.52053531864658 ], [ 377254.571602112147957, 3948945.998047670349479 ], [ 377244.566929538152181, 3948956.320482039824128 ], [ 377230.795514863275457, 3948969.180005053989589 ], [ 377227.75949612777913, 3948972.849670518189669 ], [ 377219.16653859714279, 3948984.45063390629366 ], [ 377202.543603263795376, 3949010.396119669079781 ] ] } },
{ "type": "Feature", "properties": { "from_node": 889, "to_node": 451, "u": null, "v": null, "key": null, "index": null, "osmid": null, "highway": null, "lanes": null, "name": null, "oneway": null, "ref": null, "reversed": null, "length": null, "maxspeed": null, "access": null, "bridge": null, "width": null, "length_m": null, "building_count_50m": null, "avg_building_area": null, "poi_count_50m": null, "highway_clean": null, "highway_rank": null, "sinuosity": null, "poi_diversity": null, "food_drink_count": null, "street_furniture_count": null, "degree_u": null, "degree_v": null, "avg_connectivity": null, "city": null, "cluster": null, "typology": null }, "geometry": { "type": "LineString", "coordinates": [ [ 377281.014772611611988, 3948914.048376151826233 ], [ 377289.645608244522009, 3948946.490054620895535 ], [ 377296.772148609219585, 3948975.535560349468142 ], [ 377298.512078227940947, 3948994.038488457910717 ], [ 377297.829440165078267, 3949014.094734012149274 ], [ 377294.301412856846582, 3949045.728000248316675 ], [ 377288.637584441632498, 3949064.9322146801278 ] ] } },
{ "type": "Feature", "properties": { "from_node": 902, "to_node": 979, "u": 413320811.0, "v": 7183672832.0, "key": 0.0, "index": 417.0, "osmid": "35262509", "highway": [ "tertiary" ], "lanes": [ "2" ], "name": null, "oneway": "False", "ref": null, "reversed": "False", "length": 35.077744852101681, "maxspeed": [ "20" ], "access": null, "bridge": null, "width": null, "length_m": 43.231991527653051, "building_count_50m": 51.0, "avg_building_area": 144.80626456676137, "poi_count_50m": 8.0, "highway_clean": [ "tertiary" ], "highway_rank": 3.0, "sinuosity": 1.0000000378796392, "poi_diversity": 0.90025605126853692, "food_drink_count": 2.0, "street_furniture_count": 1.0, "degree_u": 4.0, "degree_v": 6.0, "avg_connectivity": 5.0, "city": "Tokyo", "cluster": 3.0, "typology": "Local Mixed Street" }, "geometry": { "type": "LineString", "coordinates": [ [ 377460.653953338682186, 3949256.992093806620687 ], [ 377466.815484286111314, 3949254.832572677638382 ], [ 377493.8034507810371, 3949245.352393270004541 ] ] } },
{ "type": "Feature", "properties": { "from_node": 905, "to_node": 953, "u": 413320813.0, "v": 413323879.0, "key": 0.0, "index": 420.0, "osmid": "645599600", "highway": [ "unclassified" ], "lanes": [ "1" ], "name": null, "oneway": "True", "ref": null, "reversed": "False", "length": 103.19366103988077, "maxspeed": [ "30" ], "access": null, "bridge": null, "width": null, "length_m": 127.18475756817779, "building_count_50m": 56.0, "avg_building_area": 113.00612588225033, "poi_count_50m": 6.0, "highway_clean": [ "unclassified" ], "highway_rank": 1.0, "sinuosity": 1.0001164545604238, "poi_diversity": 0.86756322848146117, "food_drink_count": 1.0, "street_furniture_count": 1.0, "degree_u": 4.0, "degree_v": 4.0, "avg_connectivity": 4.0, "city": "Tokyo", "cluster": 3.0, "typology": "Local Mixed Street" }, "geometry": { "type": "LineString", "coordinates": [ [ 377517.563001387636177, 3949375.989307647105306 ], [ 377540.808701907051727, 3949426.679079428315163 ], [ 377548.42534577526385, 3949444.734971093479544 ], [ 377559.176446263445541, 3949470.21392987575382 ] ] } },
{ "type": "Feature", "properties": { "from_node": 905, "to_node": 912, "u": null, "v": null, "key": null, "index": null, "osmid": null, "highway": null, "lanes": null, "name": null, "oneway": null, "ref": null, "reversed": null, "length": null, "maxspeed": null, "access": null, "bridge": null, "width": null, "length_m": null, "building_count_50m": null, "avg_building_area": null, "poi_count_50m": null, "highway_clean": null, "highway_rank": null, "sinuosity": null, "poi_diversity": null, "food_drink_count": null, "street_furniture_count": null, "degree_u": null, "degree_v": null, "avg_connectivity": null, "city": null, "cluster": null, "typology": null }, "geometry": { "type": "LineString", "coordinates": [ [ 377517.563001387636177, 3949375.989307647105306 ], [ 377530.785003076249268, 3949369.916201011277735 ], [ 377545.63757745269686, 3949362.622499378398061 ], [ 377567.654839434835594, 3949343.858801447786391 ], [ 377571.857519534009043, 3949340.117709729354829 ], [ 377586.133722429396585, 3949327.77316800924018 ] ] } },
{ "type": "Feature", "properties": { "from_node": 912, "to_node": 928, "u": null, "v": null, "key": null, "index": null, "osmid": null, "highway": null, "lanes": null, "name": null, "oneway": null, "ref": null, "reversed": null, "length": null, "maxspeed": null, "access": null, "bridge": null, "width": null, "length_m": null, "building_count_50m": null, "avg_building_area": null, "poi_count_50m": null, "highway_clean": null, "highway_rank": null, "sinuosity": null, "poi_diversity": null, "food_drink_count": null, "street_furniture_count": null, "degree_u": null, "degree_v": null, "avg_connectivity": null, "city": null, "cluster": null, "typology": null }, "geometry": { "type": "LineString", "coordinates": [ [ 377586.133722429396585, 3949327.77316800924018 ], [ 377610.812533480464481, 3949314.941482864320278 ], [ 377640.092654859588947, 3949305.618779006414115 ], [ 377654.487906313850544, 3949302.569459396414459 ], [ 377700.14278874109732, 3949297.880722258239985 ] ] } },
{ "type": "Feature", "properties": { "from_node": 912, "to_node": 917, "u": 413320887.0, "v": 7183621009.0, "key": 0.0, "index": 424.0, "osmid": "35262329", "highway": [ "unclassified" ], "lanes": null, "name": null, "oneway": "False", "ref": null, "reversed": "False", "length": 57.282364213742781, "maxspeed": null, "access": null, "bridge": null, "width": null, "length_m": 70.598758796116186, "building_count_50m": 41.0, "avg_building_area": 163.54914514061861, "poi_count_50m": 3.0, "highway_clean": [ "unclassified" ], "highway_rank": 1.0, "sinuosity": 1.0000343522023336, "poi_diversity": 1.0986122886681096, "food_drink_count": 1.0, "street_furniture_count": 1.0, "degree_u": 6.0, "degree_v": 6.0, "avg_connectivity": 6.0, "city": "Tokyo", "cluster": 3.0, "typology": "Local Mixed Street" }, "geometry": { "type": "LineString", "coordinates": [ [ 377586.133722429396585, 3949327.77316800924018 ], [ 377570.148990410962142, 3949293.624220636673272 ], [ 377561.580479616415687, 3949276.125028516631573 ] ] } },
{ "type": "Feature", "properties": { "from_node": 922, "to_node": 921, "u": 413320917.0, "v": 563661509.0, "key": 0.0, "index": 426.0, "osmid": "35262329", "highway": [ "unclassified" ], "lanes": null, "name": null, "oneway": "False", "ref": null, "reversed": "False", "length": 143.81922786220304, "maxspeed": null, "access": null, "bridge": null, "width": null, "length_m": 177.24998020850677, "building_count_50m": 101.0, "avg_building_area": 127.48851604816016, "poi_count_50m": 2.0, "highway_clean": [ "unclassified" ], "highway_rank": 1.0, "sinuosity": 1.0000684958714923, "poi_diversity": 0.69314718055994529, "food_drink_count": 1.0, "street_furniture_count": 1.0, "degree_u": 8.0, "degree_v": 8.0, "avg_connectivity": 8.0, "city": "Tokyo", "cluster": 1.0, "typology": "Dense Local Street" }, "geometry": { "type": "LineString", "coordinates": [ [ 377539.631090421462432, 3949229.533206038177013 ], [ 377527.971036476374138, 3949197.232904367148876 ], [ 377506.705189438944217, 3949142.466571833472699 ], [ 377489.567888014425989, 3949095.00977661088109 ] ] } },
{ "type": "Feature", "properties": { "from_node": 922, "to_node": 917, "u": 413320917.0, "v": 7183621009.0, "key": 0.0, "index": 427.0, "osmid": "35262329", "highway": [ "unclassified" ], "lanes": null, "name": null, "oneway": "False", "ref": null, "reversed": "True", "length": 51.593853745113591, "maxspeed": null, "access": null, "bridge": null, "width": null, "length_m": 63.587489635866561, "building_count_50m": 52.0, "avg_building_area": 127.22607871929209, "poi_count_50m": 1.0, "highway_clean": [ "unclassified" ], "highway_rank": 1.0, "sinuosity": 1.0001221589467137, "poi_diversity": 0.0, "food_drink_count": 1.0, "street_furniture_count": 1.0, "degree_u": 8.0, "degree_v": 6.0, "avg_connectivity": 7.0, "city": "Tokyo", "cluster": 1.0, "typology": "Dense Local Street" }, "geometry": { "type": "LineString", "coordinates": [ [ 377539.631090421462432, 3949229.533206038177013 ], [ 377555.475218465493526, 3949263.972484838217497 ], [ 377559.764107827388216, 3949272.400288335513324 ], [ 377561.580479616415687, 3949276.125028516631573 ] ] } },
{ "type": "Feature", "properties": { "from_node": 922, "to_node": 181, "u": 413320917.0, "v": 426858666.0, "key": 0.0, "index": 428.0, "osmid": "35262509", "highway": [ "tertiary" ], "lanes": [ "2" ], "name": null, "oneway": "False", "ref": null, "reversed": "False", "length": 109.47190137173698, "maxspeed": [ "20" ], "access": null, "bridge": null, "width": null, "length_m": 134.91938469635704, "building_count_50m": 67.0, "avg_building_area": 143.17865059771466, "poi_count_50m": 4.0, "highway_clean": [ "tertiary" ], "highway_rank": 3.0, "sinuosity": 1.0000052009978442, "poi_diversity": 0.56233514461880829, "food_drink_count": 1.0, "street_furniture_count": 1.0, "degree_u": 8.0, "degree_v": 8.0, "avg_connectivity": 8.0, "city": "Tokyo", "cluster": 1.0, "typology": "Dense Local Street" }, "geometry": { "type": "LineString", "coordinates": [ [ 377539.631090421462432, 3949229.533206038177013 ], [ 377588.533950217242818, 3949212.218597830273211 ], [ 377642.863267470325809, 3949192.58858138974756 ] ] } },
{ "type": "Feature", "properties": { "from_node": 928, "to_node": 1076, "u": null, "v": null, "key": null, "index": null, "osmid": null, "highway": null, "lanes": null, "name": null, "oneway": null, "ref": null, "reversed": null, "length": null, "maxspeed": null, "access": null, "bridge": null, "width": null, "length_m": null, "building_count_50m": null, "avg_building_area": null, "poi_count_50m": null, "highway_clean": null, "highway_rank": null, "sinuosity": null, "poi_diversity": null, "food_drink_count": null, "street_furniture_count": null, "degree_u": null, "degree_v": null, "avg_connectivity": null, "city": null, "cluster": null, "typology": null }, "geometry": { "type": "LineString", "coordinates": [ [ 377700.14278874109732, 3949297.880722258239985 ], [ 377705.19310487632174, 3949297.189967480488122 ], [ 377712.137723457999527, 3949294.70921134063974 ], [ 377723.952274701034185, 3949283.031128495000303 ], [ 377731.006916764483321, 3949278.019450541585684 ], [ 377766.049503537360579, 3949271.724210022483021 ], [ 377788.283052287646569, 3949267.324792331084609 ], [ 377792.30083919421304, 3949267.901903137564659 ] ] } },
{ "type": "Feature", "properties": { "from_node": 927, "to_node": 181, "u": 413323373.0, "v": 426858666.0, "key": 0.0, "index": 434.0, "osmid": "36723596", "highway": [ "residential" ], "lanes": null, "name": null, "oneway": "False", "ref": null, "reversed": "True", "length": 76.519716518313572, "maxspeed": null, "access": null, "bridge": null, "width": null, "length_m": 94.307419739345193, "building_count_50m": 55.0, "avg_building_area": 160.74506331958779, "poi_count_50m": 3.0, "highway_clean": [ "residential" ], "highway_rank": 2.0, "sinuosity": 1.0008687347381684, "poi_diversity": 0.63651416829481278, "food_drink_count": 1.0, "street_furniture_count": 1.0, "degree_u": 6.0, "degree_v": 8.0, "avg_connectivity": 7.0, "city": "Tokyo", "cluster": 1.0, "typology": "Dense Local Street" }, "geometry": { "type": "LineString", "coordinates": [ [ 377677.831432077800855, 3949260.446090895682573 ], [ 377665.049816133570857, 3949238.68923896132037 ], [ 377657.106989135383628, 3949223.233733556233346 ], [ 377642.863267470325809, 3949192.58858138974756 ] ] } },
{ "type": "Feature", "properties": { "from_node": 927, "to_node": 1075, "u": 413323373.0, "v": 476565265.0, "key": 0.0, "index": 435.0, "osmid": "39752979", "highway": [ "residential" ], "lanes": null, "name": null, "oneway": "False", "ref": null, "reversed": "False", "length": 102.41474279706063, "maxspeed": null, "access": null, "bridge": null, "width": null, "length_m": 126.22207543597128, "building_count_50m": 67.0, "avg_building_area": 131.9869135579242, "poi_count_50m": 1.0, "highway_clean": [ "residential" ], "highway_rank": 2.0, "sinuosity": 1.0001180967176784, "poi_diversity": 0.0, "food_drink_count": 1.0, "street_furniture_count": 1.0, "degree_u": 6.0, "degree_v": 6.0, "avg_connectivity": 6.0, "city": "Tokyo", "cluster": 1.0, "typology": "Dense Local Street" }, "geometry": { "type": "LineString", "coordinates": [ [ 377677.831432077800855, 3949260.446090895682573 ], [ 377722.327895742026158, 3949231.411077504511923 ], [ 377736.097703407809604, 3949223.023211242165416 ], [ 377764.480919811641797, 3949205.71452817087993 ] ] } },
{ "type": "Feature", "properties": { "from_node": 941, "to_node": 940, "u": 413323374.0, "v": 413323768.0, "key": 0.0, "index": 436.0, "osmid": "35262565", "highway": [ "residential" ], "lanes": null, "name": null, "oneway": "False", "ref": null, "reversed": "False", "length": 69.507042913899568, "maxspeed": null, "access": null, "bridge": null, "width": null, "length_m": 85.667292354734315, "building_count_50m": 32.0, "avg_building_area": 212.63326853308118, "poi_count_50m": 2.0, "highway_clean": [ "residential" ], "highway_rank": 2.0, "sinuosity": 1.0008917287062422, "poi_diversity": 0.69314718055994529, "food_drink_count": 1.0, "street_furniture_count": 1.0, "degree_u": 6.0, "degree_v": 6.0, "avg_connectivity": 6.0, "city": "Tokyo", "cluster": 3.0, "typology": "Local Mixed Street" }, "geometry": { "type": "LineString", "coordinates": [ [ 377672.201813589024823, 3949487.361930132377893 ], [ 377650.288430959742982, 3949503.139670591801405 ], [ 377613.73143122671172, 3949524.932357123587281 ] ] } },
{ "type": "Feature", "properties": { "from_node": 941, "to_node": 926, "u": 413323374.0, "v": 419675009.0, "key": 0.0, "index": 437.0, "osmid": "36723596", "highway": [ "residential" ], "lanes": null, "name": null, "oneway": "False", "ref": null, "reversed": "True", "length": 137.69001294627427, "maxspeed": null, "access": null, "bridge": null, "width": null, "length_m": 169.70100614431783, "building_count_50m": 25.0, "avg_building_area": 206.57987524620989, "poi_count_50m": 3.0, "highway_clean": [ "residential" ], "highway_rank": 2.0, "sinuosity": 1.0000047590130459, "poi_diversity": 0.63651416829481278, "food_drink_count": 1.0, "street_furniture_count": 1.0, "degree_u": 6.0, "degree_v": 6.0, "avg_connectivity": 6.0, "city": "Tokyo", "cluster": 3.0, "typology": "Local Mixed Street" }, "geometry": { "type": "LineString", "coordinates": [ [ 377672.201813589024823, 3949487.361930132377893 ], [ 377684.162069169455208, 3949412.634750696830451 ], [ 377692.847301878384314, 3949358.398852213751525 ], [ 377694.013638545700815, 3949351.726421996485442 ] ] } },
{ "type": "Feature", "properties": { "from_node": 941, "to_node": 947, "u": 413323374.0, "v": 413323762.0, "key": 0.0, "index": 438.0, "osmid": "1334061135", "highway": [ "residential" ], "lanes": null, "name": null, "oneway": "False", "ref": null, "reversed": "False", "length": 45.457451909311914, "maxspeed": null, "access": null, "bridge": null, "width": null, "length_m": 56.026239500860612, "building_count_50m": 25.0, "avg_building_area": 186.74363569886975, "poi_count_50m": 1.0, "highway_clean": [ "residential" ], "highway_rank": 2.0, "sinuosity": 1.047202501144809, "poi_diversity": 0.0, "food_drink_count": 1.0, "street_furniture_count": 1.0, "degree_u": 6.0, "degree_v": 6.0, "avg_connectivity": 6.0, "city": "Tokyo", "cluster": 1.0, "typology": "Dense Local Street" }, "geometry": { "type": "LineString", "coordinates": [ [ 377672.201813589024823, 3949487.361930132377893 ], [ 377670.580965822970029, 3949495.205488989595324 ], [ 377666.731251293211244, 3949523.270754766650498 ], [ 377671.910835984104779, 3949530.665700603742152 ] ] } },
{ "type": "Feature", "properties": { "from_node": 947, "to_node": 940, "u": null, "v": null, "key": null, "index": null, "osmid": null, "highway": null, "lanes": null, "name": null, "oneway": null, "ref": null, "reversed": null, "length": null, "maxspeed": null, "access": null, "bridge": null, "width": null, "length_m": null, "building_count_50m": null, "avg_building_area": null, "poi_count_50m": null, "highway_clean": null, "highway_rank": null, "sinuosity": null, "poi_diversity": null, "food_drink_count": null, "street_furniture_count": null, "degree_u": null, "degree_v": null, "avg_connectivity": null, "city": null, "cluster": null, "typology": null }, "geometry": { "type": "LineString", "coordinates": [ [ 377671.910835984104779, 3949530.665700603742152 ], [ 377625.893839687749278, 3949553.010130583308637 ], [ 377613.73143122671172, 3949524.932357123587281 ] ] } },
{ "type": "Feature", "properties": { "from_node": 947, "to_node": 135, "u": null, "v": null, "key": null, "index": null, "osmid": null, "highway": null, "lanes": null, "name": null, "oneway": null, "ref": null, "reversed": null, "length": null, "maxspeed": null, "access": null, "bridge": null, "width": null, "length_m": null, "building_count_50m": null, "avg_building_area": null, "poi_count_50m": null, "highway_clean": null, "highway_rank": null, "sinuosity": null, "poi_diversity": null, "food_drink_count": null, "street_furniture_count": null, "degree_u": null, "degree_v": null, "avg_connectivity": null, "city": null, "cluster": null, "typology": null }, "geometry": { "type": "LineString", "coordinates": [ [ 377671.910835984104779, 3949530.665700603742152 ], [ 377686.342040242801886, 3949549.326821408234537 ], [ 377749.993680671148468, 3949556.116938997525722 ], [ 377758.459548040176742, 3949576.069472949486226 ], [ 377764.09505803976208, 3949595.561715318821371 ] ] } },
{ "type": "Feature", "properties": { "from_node": 940, "to_node": 952, "u": 413323768.0, "v": 413323769.0, "key": 0.0, "index": 442.0, "osmid": "35262565", "highway": [ "residential" ], "lanes": null, "name": null, "oneway": "False", "ref": null, "reversed": "False", "length": 33.467907010079252, "maxspeed": null, "access": null, "bridge": null, "width": null, "length_m": 41.249247181897367, "building_count_50m": 36.0, "avg_building_area": 169.41521125030363, "poi_count_50m": 4.0, "highway_clean": [ "residential" ], "highway_rank": 2.0, "sinuosity": 1.0000000121622594, "poi_diversity": 1.0397207708399179, "food_drink_count": 1.0, "street_furniture_count": 1.0, "degree_u": 6.0, "degree_v": 4.0, "avg_connectivity": 5.0, "city": "Tokyo", "cluster": 3.0, "typology": "Local Mixed Street" }, "geometry": { "type": "LineString", "coordinates": [ [ 377613.73143122671172, 3949524.932357123587281 ], [ 377589.648350464820396, 3949537.600540581159294 ], [ 377584.076862251153216, 3949540.528434971813112 ] ] } },
{ "type": "Feature", "properties": { "from_node": 953, "to_node": 957, "u": 413323879.0, "v": 7185523736.0, "key": 0.0, "index": 448.0, "osmid": "35262581", "highway": [ "residential" ], "lanes": null, "name": null, "oneway": "False", "ref": null, "reversed": "False", "length": 60.979324870246117, "maxspeed": null, "access": null, "bridge": null, "width": null, "length_m": 75.156607512434718, "building_count_50m": 55.0, "avg_building_area": 108.54845810068448, "poi_count_50m": 2.0, "highway_clean": [ "residential" ], "highway_rank": 2.0, "sinuosity": 1.0003399529407115, "poi_diversity": 0.69314718055994529, "food_drink_count": 1.0, "street_furniture_count": 1.0, "degree_u": 4.0, "degree_v": 6.0, "avg_connectivity": 5.0, "city": "Tokyo", "cluster": 1.0, "typology": "Dense Local Street" }, "geometry": { "type": "LineString", "coordinates": [ [ 377559.176446263445541, 3949470.21392987575382 ], [ 377554.397115977015346, 3949470.856662750709802 ], [ 377528.206137167580891, 3949474.412614127155393 ], [ 377509.558806090208236, 3949476.932774898596108 ], [ 377498.553464140277356, 3949477.672445010859519 ] ] } },
{ "type": "Feature", "properties": { "from_node": 953, "to_node": 957, "u": 413323879.0, "v": 7185523736.0, "key": 0.0, "index": 448.0, "osmid": "35262581", "highway": [ "residential" ], "lanes": null, "name": null, "oneway": "False", "ref": null, "reversed": "False", "length": 60.979324870246117, "maxspeed": null, "access": null, "bridge": null, "width": null, "length_m": 75.156607512434718, "building_count_50m": 55.0, "avg_building_area": 108.54845810068448, "poi_count_50m": 2.0, "highway_clean": [ "residential" ], "highway_rank": 2.0, "sinuosity": 1.0003399529407115, "poi_diversity": 0.69314718055994529, "food_drink_count": 1.0, "street_furniture_count": 1.0, "degree_u": 4.0, "degree_v": 6.0, "avg_connectivity": 5.0, "city": "Tokyo", "cluster": 1.0, "typology": "Dense Local Street" }, "geometry": { "type": "LineString", "coordinates": [ [ 377559.176446263445541, 3949470.21392987575382 ], [ 377554.397115977015346, 3949470.856662750709802 ], [ 377528.206137167580891, 3949474.412614127155393 ], [ 377509.558806090208236, 3949476.932774898596108 ], [ 377498.553464140277356, 3949477.672445010859519 ] ] } },
{ "type": "Feature", "properties": { "from_node": 958, "to_node": 960, "u": 413323880.0, "v": 907683264.0, "key": 0.0, "index": 450.0, "osmid": "77081228", "highway": [ "residential" ], "lanes": null, "name": null, "oneway": "False", "ref": null, "reversed": "False", "length": 40.663825836765049, "maxspeed": null, "access": null, "bridge": null, "width": null, "length_m": 50.118073092683979, "building_count_50m": 40.0, "avg_building_area": 169.66872750029495, "poi_count_50m": 3.0, "highway_clean": [ "residential" ], "highway_rank": 2.0, "sinuosity": 1.0000000249268879, "poi_diversity": 0.63651416829481278, "food_drink_count": 1.0, "street_furniture_count": 1.0, "degree_u": 4.0, "degree_v": 2.0, "avg_connectivity": 3.0, "city": "Tokyo", "cluster": 3.0, "typology": "Local Mixed Street" }, "geometry": { "type": "LineString", "coordinates": [ [ 377569.619781533139758, 3949498.980956548359245 ], [ 377564.126240646408405, 3949500.998082763515413 ], [ 377531.380860765697435, 3949512.998093062080443 ] ] } },
{ "type": "Feature", "properties": { "from_node": 963, "to_node": 965, "u": 413323981.0, "v": 426856170.0, "key": 0.0, "index": 456.0, "osmid": "299739177", "highway": [ "primary" ], "lanes": [ "4" ], "name": [ "方南通り" ], "oneway": "False", "ref": "14", "reversed": "False", "length": 70.820497778215028, "maxspeed": [ "40" ], "access": null, "bridge": null, "width": null, "length_m": 87.286675692350229, "building_count_50m": 43.0, "avg_building_area": 161.50981516777389, "poi_count_50m": 4.0, "highway_clean": [ "primary" ], "highway_rank": 5.0, "sinuosity": 1.0000340009028781, "poi_diversity": 1.3862943611198906, "food_drink_count": 1.0, "street_furniture_count": 1.0, "degree_u": 8.0, "degree_v": 5.0, "avg_connectivity": 6.5, "city": "Tokyo", "cluster": 3.0, "typology": "Local Mixed Street" }, "geometry": { "type": "LineString", "coordinates": [ [ 377479.720254702842794, 3949574.38312233472243 ], [ 377424.338347815384623, 3949560.158841429278255 ], [ 377411.081452803453431, 3949556.458803756628186 ] ] } },
{ "type": "Feature", "properties": { "from_node": 963, "to_node": 967, "u": 413323981.0, "v": 802172267.0, "key": 0.0, "index": 457.0, "osmid": "769198663", "highway": [ "residential" ], "lanes": null, "name": null, "oneway": "False", "ref": null, "reversed": "True", "length": 39.880942887155101, "maxspeed": null, "access": null, "bridge": null, "width": null, "length_m": 49.153655560142397, "building_count_50m": 46.0, "avg_building_area": 122.87246731976833, "poi_count_50m": 5.0, "highway_clean": [ "residential" ], "highway_rank": 2.0, "sinuosity": 1.0019208124960903, "poi_diversity": 1.3321790402101223, "food_drink_count": 1.0, "street_furniture_count": 1.0, "degree_u": 8.0, "degree_v": 4.0, "avg_connectivity": 6.0, "city": "Tokyo", "cluster": 3.0, "typology": "Local Mixed Street" }, "geometry": { "type": "LineString", "coordinates": [ [ 377479.720254702842794, 3949574.38312233472243 ], [ 377477.950258542201482, 3949584.52523520309478 ], [ 377477.044233663531486, 3949614.003341192845255 ] ] } },
{ "type": "Feature", "properties": { "from_node": 971, "to_node": 974, "u": 413323986.0, "v": 413323989.0, "key": 0.0, "index": 465.0, "osmid": "35262603", "highway": [ "residential" ], "lanes": null, "name": null, "oneway": "False", "ref": null, "reversed": "False", "length": 74.976653415590363, "maxspeed": null, "access": null, "bridge": null, "width": null, "length_m": 92.408576209363929, "building_count_50m": 59.0, "avg_building_area": 128.19659127529783, "poi_count_50m": 4.0, "highway_clean": [ "residential" ], "highway_rank": 2.0, "sinuosity": 1.0044660305239466, "poi_diversity": 0.56233514461880829, "food_drink_count": 1.0, "street_furniture_count": 1.0, "degree_u": 6.0, "degree_v": 8.0, "avg_connectivity": 7.0, "city": "Tokyo", "cluster": 1.0, "typology": "Dense Local Street" }, "geometry": { "type": "LineString", "coordinates": [ [ 377375.079863196704537, 3949547.603254786226898 ], [ 377371.849054582125973, 3949510.250008847098798 ], [ 377369.80390813696431, 3949492.572228132747114 ], [ 377363.854080072662327, 3949473.983151197899133 ] ] } },
{ "type": "Feature", "properties": { "from_node": 971, "to_node": 974, "u": 413323986.0, "v": 413323989.0, "key": 0.0, "index": 465.0, "osmid": "35262603", "highway": [ "residential" ], "lanes": null, "name": null, "oneway": "False", "ref": null, "reversed": "False", "length": 74.976653415590363, "maxspeed": null, "access": null, "bridge": null, "width": null, "length_m": 92.408576209363929, "building_count_50m": 59.0, "avg_building_area": 128.19659127529783, "poi_count_50m": 4.0, "highway_clean": [ "residential" ], "highway_rank": 2.0, "sinuosity": 1.0044660305239466, "poi_diversity": 0.56233514461880829, "food_drink_count": 1.0, "street_furniture_count": 1.0, "degree_u": 6.0, "degree_v": 8.0, "avg_connectivity": 7.0, "city": "Tokyo", "cluster": 1.0, "typology": "Dense Local Street" }, "geometry": { "type": "LineString", "coordinates": [ [ 377375.079863196704537, 3949547.603254786226898 ], [ 377371.849054582125973, 3949510.250008847098798 ], [ 377369.80390813696431, 3949492.572228132747114 ], [ 377363.854080072662327, 3949473.983151197899133 ] ] } },
{ "type": "Feature", "properties": { "from_node": 971, "to_node": 976, "u": 413323986.0, "v": 416932687.0, "key": 0.0, "index": 466.0, "osmid": "299739177", "highway": [ "primary" ], "lanes": [ "4" ], "name": [ "方南通り" ], "oneway": "False", "ref": "14", "reversed": "False", "length": 115.30361116823792, "maxspeed": [ "40" ], "access": null, "bridge": null, "width": null, "length_m": 142.11182643672907, "building_count_50m": 41.0, "avg_building_area": 203.18552555601212, "poi_count_50m": 6.0, "highway_clean": [ "primary" ], "highway_rank": 5.0, "sinuosity": 1.000007948243564, "poi_diversity": 0.86756322848146117, "food_drink_count": 1.0, "street_furniture_count": 1.0, "degree_u": 6.0, "degree_v": 6.0, "avg_connectivity": 6.0, "city": "Tokyo", "cluster": 3.0, "typology": "Local Mixed Street" }, "geometry": { "type": "LineString", "coordinates": [ [ 377375.079863196704537, 3949547.603254786226898 ], [ 377296.535012932145037, 3949527.464567388407886 ], [ 377263.121051106136292, 3949519.206093681976199 ] ] } },
{ "type": "Feature", "properties": { "from_node": 974, "to_node": 978, "u": null, "v": null, "key": null, "index": null, "osmid": null, "highway": null, "lanes": null, "name": null, "oneway": null, "ref": null, "reversed": null, "length": null, "maxspeed": null, "access": null, "bridge": null, "width": null, "length_m": null, "building_count_50m": null, "avg_building_area": null, "poi_count_50m": null, "highway_clean": null, "highway_rank": null, "sinuosity": null, "poi_diversity": null, "food_drink_count": null, "street_furniture_count": null, "degree_u": null, "degree_v": null, "avg_connectivity": null, "city": null, "cluster": null, "typology": null }, "geometry": { "type": "LineString", "coordinates": [ [ 377363.854080072662327, 3949473.983151197899133 ], [ 377342.331039459269959, 3949479.971388560254127 ], [ 377344.616888152784668, 3949486.884676190558821 ], [ 377329.261365905054845, 3949490.502468429971486 ] ] } },
{ "type": "Feature", "properties": { "from_node": 555, "to_node": 981, "u": 413326755.0, "v": 428422456.0, "key": 0.0, "index": 477.0, "osmid": "35262662", "highway": [ "residential" ], "lanes": null, "name": null, "oneway": "False", "ref": null, "reversed": "False", "length": 77.23473436140894, "maxspeed": null, "access": null, "bridge": null, "width": null, "length_m": 95.184954739218583, "building_count_50m": 46.0, "avg_building_area": 230.82343382587516, "poi_count_50m": 22.0, "highway_clean": [ "residential" ], "highway_rank": 2.0, "sinuosity": 1.0000219287872103, "poi_diversity": 1.6142997765415896, "food_drink_count": 7.0, "street_furniture_count": 2.0, "degree_u": 8.0, "degree_v": 6.0, "avg_connectivity": 7.0, "city": "Tokyo", "cluster": 4.0, "typology": "Active Commercial High Street" }, "geometry": { "type": "LineString", "coordinates": [ [ 377350.203831481398083, 3948920.30452296603471 ], [ 377312.472259310306981, 3948861.061966279055923 ], [ 377308.627419443160761, 3948855.323977401480079 ] ] } },
{ "type": "Feature", "properties": { "from_node": 982, "to_node": 1279, "u": 413326769.0, "v": 433738996.0, "key": 0.0, "index": 478.0, "osmid": "35262855", "highway": [ "unclassified" ], "lanes": null, "name": null, "oneway": "False", "ref": null, "reversed": "True", "length": 118.67959012200433, "maxspeed": null, "access": null, "bridge": null, "width": null, "length_m": 146.26405380735935, "building_count_50m": 68.0, "avg_building_area": 155.09450694071745, "poi_count_50m": 1.0, "highway_clean": [ "unclassified" ], "highway_rank": 1.0, "sinuosity": 1.0000574403606264, "poi_diversity": 0.0, "food_drink_count": 1.0, "street_furniture_count": 1.0, "degree_u": 6.0, "degree_v": 8.0, "avg_connectivity": 7.0, "city": "Tokyo", "cluster": 1.0, "typology": "Dense Local Street" }, "geometry": { "type": "LineString", "coordinates": [ [ 377460.878389185643755, 3949014.585661353077739 ], [ 377523.600898334058002, 3949004.890392060391605 ], [ 377558.82214590132935, 3949000.322572540026158 ], [ 377578.542725992505439, 3948997.443863385356963 ] ] } },
{ "type": "Feature", "properties": { "from_node": 982, "to_node": 564, "u": 413326769.0, "v": 413326772.0, "key": 0.0, "index": 479.0, "osmid": "164918905", "highway": [ "unclassified" ], "lanes": null, "name": null, "oneway": "False", "ref": null, "reversed": "False", "length": 61.214432357977202, "maxspeed": null, "access": null, "bridge": null, "width": null, "length_m": 75.442205167878782, "building_count_50m": 50.0, "avg_building_area": 141.50674710801323, "poi_count_50m": 3.0, "highway_clean": [ "unclassified" ], "highway_rank": 1.0, "sinuosity": 1.0000039941207353, "poi_diversity": 0.0, "food_drink_count": 1.0, "street_furniture_count": 1.0, "degree_u": 6.0, "degree_v": 8.0, "avg_connectivity": 7.0, "city": "Tokyo", "cluster": 1.0, "typology": "Dense Local Street" }, "geometry": { "type": "LineString", "coordinates": [ [ 377460.878389185643755, 3949014.585661353077739 ], [ 377459.093874126323499, 3949009.895324626937509 ], [ 377439.694377446663566, 3948957.277822450734675 ] ] } },
{ "type": "Feature", "properties": { "from_node": 982, "to_node": 921, "u": 413326769.0, "v": 563661509.0, "key": 0.0, "index": 480.0, "osmid": "164918905", "highway": [ "unclassified" ], "lanes": null, "name": null, "oneway": "False", "ref": null, "reversed": "True", "length": 85.553559494721469, "maxspeed": null, "access": null, "bridge": null, "width": null, "length_m": 105.43918161861548, "building_count_50m": 66.0, "avg_building_area": 138.74266157959073, "poi_count_50m": 1.0, "highway_clean": [ "unclassified" ], "highway_rank": 1.0, "sinuosity": 1.0000028547683706, "poi_diversity": 0.0, "food_drink_count": 1.0, "street_furniture_count": 1.0, "degree_u": 6.0, "degree_v": 8.0, "avg_connectivity": 7.0, "city": "Tokyo", "cluster": 1.0, "typology": "Dense Local Street" }, "geometry": { "type": "LineString", "coordinates": [ [ 377460.878389185643755, 3949014.585661353077739 ], [ 377471.418784020817839, 3949044.42736397869885 ], [ 377489.567888014425989, 3949095.00977661088109 ] ] } },
{ "type": "Feature", "properties": { "from_node": 987, "to_node": 485, "u": 413326773.0, "v": 413326895.0, "key": 0.0, "index": 487.0, "osmid": "35262837", "highway": [ "unclassified" ], "lanes": null, "name": null, "oneway": "False", "ref": null, "reversed": "True", "length": 111.45664551005521, "maxspeed": null, "access": null, "bridge": null, "width": null, "length_m": 137.36003345404447, "building_count_50m": 41.0, "avg_building_area": 267.8468610673105, "poi_count_50m": 10.0, "highway_clean": [ "unclassified" ], "highway_rank": 1.0, "sinuosity": 1.0021472997865324, "poi_diversity": 0.67301166700925652, "food_drink_count": 1.0, "street_furniture_count": 1.0, "degree_u": 8.0, "degree_v": 6.0, "avg_connectivity": 7.0, "city": "Tokyo", "cluster": 3.0, "typology": "Local Mixed Street" }, "geometry": { "type": "LineString", "coordinates": [ [ 377397.398645928362384, 3948891.275070087984204 ], [ 377443.524174091289751, 3948861.484045882243663 ], [ 377452.947010441217571, 3948855.551989783998579 ], [ 377479.765953104826622, 3948838.974012639373541 ], [ 377485.323063944349997, 3948834.315611684694886 ], [ 377489.944939598266501, 3948829.44822435779497 ] ] } },
{ "type": "Feature", "properties": { "from_node": 987, "to_node": 485, "u": 413326773.0, "v": 413326895.0, "key": 0.0, "index": 487.0, "osmid": "35262837", "highway": [ "unclassified" ], "lanes": null, "name": null, "oneway": "False", "ref": null, "reversed": "True", "length": 111.45664551005521, "maxspeed": null, "access": null, "bridge": null, "width": null, "length_m": 137.36003345404447, "building_count_50m": 41.0, "avg_building_area": 267.8468610673105, "poi_count_50m": 10.0, "highway_clean": [ "unclassified" ], "highway_rank": 1.0, "sinuosity": 1.0021472997865324, "poi_diversity": 0.67301166700925652, "food_drink_count": 1.0, "street_furniture_count": 1.0, "degree_u": 8.0, "degree_v": 6.0, "avg_connectivity": 7.0, "city": "Tokyo", "cluster": 3.0, "typology": "Local Mixed Street" }, "geometry": { "type": "LineString", "coordinates": [ [ 377397.398645928362384, 3948891.275070087984204 ], [ 377443.524174091289751, 3948861.484045882243663 ], [ 377452.947010441217571, 3948855.551989783998579 ], [ 377479.765953104826622, 3948838.974012639373541 ], [ 377485.323063944349997, 3948834.315611684694886 ], [ 377489.944939598266501, 3948829.44822435779497 ] ] } },
{ "type": "Feature", "properties": { "from_node": 987, "to_node": 276, "u": 413326773.0, "v": 413326774.0, "key": 0.0, "index": 488.0, "osmid": "164918905", "highway": [ "unclassified" ], "lanes": null, "name": null, "oneway": "False", "ref": null, "reversed": "False", "length": 78.324300986603305, "maxspeed": null, "access": null, "bridge": null, "width": null, "length_m": 96.527436246302443, "building_count_50m": 46.0, "avg_building_area": 154.56862081865609, "poi_count_50m": 9.0, "highway_clean": [ "unclassified" ], "highway_rank": 1.0, "sinuosity": 1.0000075681486442, "poi_diversity": 1.1490596969706204, "food_drink_count": 1.0, "street_furniture_count": 1.0, "degree_u": 8.0, "degree_v": 6.0, "avg_connectivity": 7.0, "city": "Tokyo", "cluster": 3.0, "typology": "Local Mixed Street" }, "geometry": { "type": "LineString", "coordinates": [ [ 377397.398645928362384, 3948891.275070087984204 ], [ 377358.905525811540429, 3948831.93189067626372 ], [ 377354.907482887792867, 3948825.585827860049903 ] ] } },
{ "type": "Feature", "properties": { "from_node": 276, "to_node": 981, "u": 413326774.0, "v": 428422456.0, "key": 0.0, "index": 491.0, "osmid": "299739169", "highway": [ "secondary" ], "lanes": [ "2" ], "name": [ "井ノ頭通り" ], "oneway": "False", "ref": "413", "reversed": "True", "length": 54.982553658433503, "maxspeed": [ "40" ], "access": null, "bridge": null, "width": null, "length_m": 67.760753101666097, "building_count_50m": 41.0, "avg_building_area": 177.51827013779459, "poi_count_50m": 17.0, "highway_clean": [ "secondary" ], "highway_rank": 4.0, "sinuosity": 1.0002820947214306, "poi_diversity": 1.696684254567782, "food_drink_count": 5.0, "street_furniture_count": 1.0, "degree_u": 6.0, "degree_v": 6.0, "avg_connectivity": 6.0, "city": "Tokyo", "cluster": 4.0, "typology": "Active Commercial High Street" }, "geometry": { "type": "LineString", "coordinates": [ [ 377354.907482887792867, 3948825.585827860049903 ], [ 377348.695002302702051, 3948829.321461495943367 ], [ 377322.247167603985872, 3948845.88362666266039 ], [ 377308.627419443160761, 3948855.323977401480079 ] ] } },
{ "type": "Feature", "properties": { "from_node": 1006, "to_node": 1002, "u": null, "v": null, "key": null, "index": null, "osmid": null, "highway": null, "lanes": null, "name": null, "oneway": null, "ref": null, "reversed": null, "length": null, "maxspeed": null, "access": null, "bridge": null, "width": null, "length_m": null, "building_count_50m": null, "avg_building_area": null, "poi_count_50m": null, "highway_clean": null, "highway_rank": null, "sinuosity": null, "poi_diversity": null, "food_drink_count": null, "street_furniture_count": null, "degree_u": null, "degree_v": null, "avg_connectivity": null, "city": null, "cluster": null, "typology": null }, "geometry": { "type": "LineString", "coordinates": [ [ 377385.788067984685767, 3949608.649934044573456 ], [ 377385.301739823422395, 3949612.106873745564371 ], [ 377382.326555405859835, 3949633.293062150012702 ], [ 377378.274730295408517, 3949651.887021420057863 ], [ 377377.459135180921294, 3949669.52662148931995 ], [ 377381.912587751692627, 3949668.233739643357694 ], [ 377408.696369038778357, 3949660.453438599128276 ], [ 377441.810408263409045, 3949656.202555940952152 ] ] } },
{ "type": "Feature", "properties": { "from_node": 1002, "to_node": 1784, "u": null, "v": null, "key": null, "index": null, "osmid": null, "highway": null, "lanes": null, "name": null, "oneway": null, "ref": null, "reversed": null, "length": null, "maxspeed": null, "access": null, "bridge": null, "width": null, "length_m": null, "building_count_50m": null, "avg_building_area": null, "poi_count_50m": null, "highway_clean": null, "highway_rank": null, "sinuosity": null, "poi_diversity": null, "food_drink_count": null, "street_furniture_count": null, "degree_u": null, "degree_v": null, "avg_connectivity": null, "city": null, "cluster": null, "typology": null }, "geometry": { "type": "LineString", "coordinates": [ [ 377441.810408263409045, 3949656.202555940952152 ], [ 377445.522426954063121, 3949671.372310384642333 ], [ 377479.806599124509376, 3949666.650578040629625 ], [ 377509.675909252197016, 3949661.424037284217775 ] ] } },
{ "type": "Feature", "properties": { "from_node": 1001, "to_node": 967, "u": 416929480.0, "v": 802172267.0, "key": 0.0, "index": 503.0, "osmid": "36723135", "highway": [ "unclassified" ], "lanes": null, "name": null, "oneway": "True", "ref": null, "reversed": "False", "length": 40.010684757725208, "maxspeed": [ "20" ], "access": null, "bridge": null, "width": null, "length_m": 49.313670034926986, "building_count_50m": 53.0, "avg_building_area": 97.761216175432736, "poi_count_50m": 6.0, "highway_clean": [ "unclassified" ], "highway_rank": 1.0, "sinuosity": 1.0004075506037191, "poi_diversity": 1.0114042647073516, "food_drink_count": 2.0, "street_furniture_count": 1.0, "degree_u": 4.0, "degree_v": 4.0, "avg_connectivity": 4.0, "city": "Tokyo", "cluster": 3.0, "typology": "Local Mixed Street" }, "geometry": { "type": "LineString", "coordinates": [ [ 377436.998305734538008, 3949612.458777889143676 ], [ 377454.384698249574285, 3949613.69451189506799 ], [ 377477.044233663531486, 3949614.003341192845255 ] ] } },
{ "type": "Feature", "properties": { "from_node": 1009, "to_node": 1008, "u": 416932480.0, "v": 416929499.0, "key": 0.0, "index": 509.0, "osmid": "36723135", "highway": [ "unclassified" ], "lanes": null, "name": null, "oneway": "True", "ref": null, "reversed": "False", "length": 60.480610632068661, "maxspeed": [ "20" ], "access": null, "bridge": null, "width": null, "length_m": 74.543029209864713, "building_count_50m": 57.0, "avg_building_area": 107.75095799043623, "poi_count_50m": 3.0, "highway_clean": [ "unclassified" ], "highway_rank": 1.0, "sinuosity": 1.0000279134086256, "poi_diversity": 0.63651416829481278, "food_drink_count": 1.0, "street_furniture_count": 1.0, "degree_u": 4.0, "degree_v": 4.0, "avg_connectivity": 4.0, "city": "Tokyo", "cluster": 1.0, "typology": "Dense Local Street" }, "geometry": { "type": "LineString", "coordinates": [ [ 377316.968483980861492, 3949603.198482369538397 ], [ 377345.643356303044129, 3949605.198977419175208 ], [ 377377.387056974461302, 3949607.889423041138798 ] ] } },
{ "type": "Feature", "properties": { "from_node": 976, "to_node": 1009, "u": 416932687.0, "v": 416932480.0, "key": 0.0, "index": 512.0, "osmid": "1373749979", "highway": [ "secondary" ], "lanes": [ "1" ], "name": [ "荒玉水道道路" ], "oneway": "True", "ref": "428", "reversed": "False", "length": 99.89303722537494, "maxspeed": [ "30" ], "access": null, "bridge": null, "width": "1.8", "length_m": 123.11865771933824, "building_count_50m": 48.0, "avg_building_area": 148.11531324307003, "poi_count_50m": 3.0, "highway_clean": [ "secondary" ], "highway_rank": 4.0, "sinuosity": 1.0000619010413803, "poi_diversity": 0.63651416829481278, "food_drink_count": 1.0, "street_furniture_count": 1.0, "degree_u": 6.0, "degree_v": 4.0, "avg_connectivity": 5.0, "city": "Tokyo", "cluster": 3.0, "typology": "Local Mixed Street" }, "geometry": { "type": "LineString", "coordinates": [ [ 377263.121051106136292, 3949519.206093681976199 ], [ 377293.874064522155095, 3949566.15276764659211 ], [ 377316.968483980861492, 3949603.198482369538397 ] ] } },
{ "type": "Feature", "properties": { "from_node": 1012, "to_node": 2044, "u": 416933081.0, "v": 1180573567.0, "key": 0.0, "index": 514.0, "osmid": "35578964", "highway": [ "unclassified" ], "lanes": null, "name": null, "oneway": "False", "ref": null, "reversed": "False", "length": 62.619437712514141, "maxspeed": null, "access": null, "bridge": null, "width": null, "length_m": 77.177224148863317, "building_count_50m": 61.0, "avg_building_area": 117.68787859335139, "poi_count_50m": 2.0, "highway_clean": [ "unclassified" ], "highway_rank": 1.0, "sinuosity": 1.0008267730815232, "poi_diversity": 0.0, "food_drink_count": 1.0, "street_furniture_count": 1.0, "degree_u": 6.0, "degree_v": 6.0, "avg_connectivity": 6.0, "city": "Tokyo", "cluster": 1.0, "typology": "Dense Local Street" }, "geometry": { "type": "LineString", "coordinates": [ [ 377250.81947578326799, 3949395.944255457725376 ], [ 377269.370838023838587, 3949389.087132269050926 ], [ 377283.662668346660212, 3949383.80873817903921 ], [ 377308.773131586727686, 3949372.1240044394508 ] ] } },
{ "type": "Feature", "properties": { "from_node": 1012, "to_node": 1016, "u": 416933081.0, "v": 433730333.0, "key": 0.0, "index": 515.0, "osmid": "102270575", "highway": [ "secondary" ], "lanes": null, "name": [ "瀬田貫井線" ], "oneway": "False", "ref": "427", "reversed": "False", "length": 52.233967512023888, "maxspeed": null, "access": null, "bridge": null, "width": null, "length_m": 64.377229019214468, "building_count_50m": 57.0, "avg_building_area": 124.32719775358184, "poi_count_50m": 3.0, "highway_clean": [ "secondary" ], "highway_rank": 4.0, "sinuosity": 1.0028675830075331, "poi_diversity": 0.0, "food_drink_count": 1.0, "street_furniture_count": 1.0, "degree_u": 6.0, "degree_v": 6.0, "avg_connectivity": 6.0, "city": "Tokyo", "cluster": 1.0, "typology": "Dense Local Street" }, "geometry": { "type": "LineString", "coordinates": [ [ 377250.81947578326799, 3949395.944255457725376 ], [ 377252.934472935972735, 3949380.649715634062886 ], [ 377257.36535531131085, 3949354.118264853954315 ], [ 377257.004155560105573, 3949344.349449502769858 ] ] } },
{ "type": "Feature", "properties": { "from_node": 1019, "to_node": 1027, "u": 416933152.0, "v": 1180573556.0, "key": 0.0, "index": 521.0, "osmid": "35578971", "highway": [ "residential" ], "lanes": null, "name": null, "oneway": "False", "ref": null, "reversed": "False", "length": 99.225432685838086, "maxspeed": null, "access": null, "bridge": null, "width": null, "length_m": 122.2916517343815, "building_count_50m": 88.0, "avg_building_area": 114.66835597022236, "poi_count_50m": 4.0, "highway_clean": [ "residential" ], "highway_rank": 2.0, "sinuosity": 1.0007477684397139, "poi_diversity": 0.0, "food_drink_count": 1.0, "street_furniture_count": 1.0, "degree_u": 8.0, "degree_v": 8.0, "avg_connectivity": 8.0, "city": "Tokyo", "cluster": 1.0, "typology": "Dense Local Street" }, "geometry": { "type": "LineString", "coordinates": [ [ 377308.551254946796689, 3949305.563154380302876 ], [ 377312.09613854350755, 3949288.928712951950729 ], [ 377320.656150536902715, 3949262.495625348761678 ], [ 377321.524089731392451, 3949259.798901315778494 ], [ 377337.341139486408792, 3949210.889108067844063 ] ] } },
{ "type": "Feature", "properties": { "from_node": 1019, "to_node": 2044, "u": null, "v": null, "key": null, "index": null, "osmid": null, "highway": null, "lanes": null, "name": null, "oneway": null, "ref": null, "reversed": null, "length": null, "maxspeed": null, "access": null, "bridge": null, "width": null, "length_m": null, "building_count_50m": null, "avg_building_area": null, "poi_count_50m": null, "highway_clean": null, "highway_rank": null, "sinuosity": null, "poi_diversity": null, "food_drink_count": null, "street_furniture_count": null, "degree_u": null, "degree_v": null, "avg_connectivity": null, "city": null, "cluster": null, "typology": null }, "geometry": { "type": "LineString", "coordinates": [ [ 377308.551254946796689, 3949305.563154380302876 ], [ 377306.465266286511905, 3949315.099495788570493 ], [ 377303.090086821001023, 3949330.256098102312535 ], [ 377300.348943390883505, 3949348.721051114145666 ], [ 377308.773131586727686, 3949372.1240044394508 ] ] } },
{ "type": "Feature", "properties": { "from_node": 698, "to_node": 1030, "u": 416933301.0, "v": 7187090399.0, "key": 0.0, "index": 529.0, "osmid": "102270575", "highway": [ "secondary" ], "lanes": null, "name": [ "瀬田貫井線" ], "oneway": "False", "ref": "427", "reversed": "True", "length": 47.285340986866949, "maxspeed": null, "access": null, "bridge": null, "width": null, "length_m": 58.27691577629237, "building_count_50m": 48.0, "avg_building_area": 177.74194263958978, "poi_count_50m": 1.0, "highway_clean": [ "secondary" ], "highway_rank": 4.0, "sinuosity": 1.0000016623804082, "poi_diversity": 0.0, "food_drink_count": 1.0, "street_furniture_count": 1.0, "degree_u": 8.0, "degree_v": 6.0, "avg_connectivity": 7.0, "city": "Tokyo", "cluster": 1.0, "typology": "Dense Local Street" }, "geometry": { "type": "LineString", "coordinates": [ [ 377275.307834345847368, 3949158.283520955592394 ], [ 377271.907661475008354, 3949193.919971914496273 ], [ 377270.778635881841183, 3949205.240332347340882 ] ] } },
{ "type": "Feature", "properties": { "from_node": 1031, "to_node": 1328, "u": null, "v": null, "key": null, "index": null, "osmid": null, "highway": null, "lanes": null, "name": null, "oneway": null, "ref": null, "reversed": null, "length": null, "maxspeed": null, "access": null, "bridge": null, "width": null, "length_m": null, "building_count_50m": null, "avg_building_area": null, "poi_count_50m": null, "highway_clean": null, "highway_rank": null, "sinuosity": null, "poi_diversity": null, "food_drink_count": null, "street_furniture_count": null, "degree_u": null, "degree_v": null, "avg_connectivity": null, "city": null, "cluster": null, "typology": null }, "geometry": { "type": "LineString", "coordinates": [ [ 377264.058681552880444, 3948612.992235483601689 ], [ 377266.859024816076271, 3948611.256195422727615 ], [ 377285.747894465341233, 3948585.446014874149114 ], [ 377291.667956922494341, 3948571.663241124246269 ], [ 377293.290569650474936, 3948567.891081517096609 ], [ 377309.115334511443507, 3948535.189520266838372 ] ] } },
{ "type": "Feature", "properties": { "from_node": 1031, "to_node": 2040, "u": 419646021.0, "v": 1180546871.0, "key": 0.0, "index": 537.0, "osmid": "35901874", "highway": [ "residential" ], "lanes": null, "name": null, "oneway": "False", "ref": null, "reversed": "True", "length": 72.743978728178007, "maxspeed": null, "access": null, "bridge": null, "width": null, "length_m": 89.647888183940054, "building_count_50m": 73.0, "avg_building_area": 114.80047532454046, "poi_count_50m": 1.0, "highway_clean": [ "residential" ], "highway_rank": 2.0, "sinuosity": 1.0003678007828221, "poi_diversity": 0.0, "food_drink_count": 1.0, "street_furniture_count": 1.0, "degree_u": 8.0, "degree_v": 8.0, "avg_connectivity": 8.0, "city": "Tokyo", "cluster": 1.0, "typology": "Dense Local Street" }, "geometry": { "type": "LineString", "coordinates": [ [ 377264.058681552880444, 3948612.992235483601689 ], [ 377277.443793871323578, 3948620.628699004650116 ], [ 377299.30667884479044, 3948631.897927390877157 ], [ 377327.491661996813491, 3948648.682420902419835 ] ] } },
{ "type": "Feature", "properties": { "from_node": 1038, "to_node": 1041, "u": null, "v": null, "key": null, "index": null, "osmid": null, "highway": null, "lanes": null, "name": null, "oneway": null, "ref": null, "reversed": null, "length": null, "maxspeed": null, "access": null, "bridge": null, "width": null, "length_m": null, "building_count_50m": null, "avg_building_area": null, "poi_count_50m": null, "highway_clean": null, "highway_rank": null, "sinuosity": null, "poi_diversity": null, "food_drink_count": null, "street_furniture_count": null, "degree_u": null, "degree_v": null, "avg_connectivity": null, "city": null, "cluster": null, "typology": null }, "geometry": { "type": "LineString", "coordinates": [ [ 377215.170867134875152, 3948502.483494512736797 ], [ 377218.269600563857239, 3948492.855502787977457 ], [ 377226.339390306966379, 3948464.310198299121112 ], [ 377226.127926784916781, 3948452.93070083996281 ], [ 377225.17497895861743, 3948400.968593182507902 ] ] } },
{ "type": "Feature", "properties": { "from_node": 1038, "to_node": 1043, "u": 419646069.0, "v": 423870337.0, "key": 0.0, "index": 539.0, "osmid": "36237010", "highway": [ "unclassified" ], "lanes": null, "name": null, "oneway": "False", "ref": null, "reversed": "False", "length": 55.467740131847826, "maxspeed": null, "access": null, "bridge": null, "width": null, "length_m": 68.356007106146478, "building_count_50m": 47.0, "avg_building_area": 138.65525077975647, "poi_count_50m": 9.0, "highway_clean": [ "unclassified" ], "highway_rank": 1.0, "sinuosity": 1.0068423586483053, "poi_diversity": 0.93688830753901597, "food_drink_count": 1.0, "street_furniture_count": 1.0, "degree_u": 6.0, "degree_v": 6.0, "avg_connectivity": 6.0, "city": "Tokyo", "cluster": 3.0, "typology": "Local Mixed Street" }, "geometry": { "type": "LineString", "coordinates": [ [ 377215.170867134875152, 3948502.483494512736797 ], [ 377175.385880183312111, 3948488.089477010071278 ], [ 377162.173891770944465, 3948487.107151735108346 ] ] } },
{ "type": "Feature", "properties": { "from_node": 1038, "to_node": 1328, "u": 419646069.0, "v": 428421872.0, "key": 0.0, "index": 540.0, "osmid": "36237010", "highway": [ "unclassified" ], "lanes": null, "name": null, "oneway": "False", "ref": null, "reversed": "True", "length": 99.436559254416409, "maxspeed": null, "access": null, "bridge": null, "width": null, "length_m": 122.54160240169145, "building_count_50m": 54.0, "avg_building_area": 147.28238436524452, "poi_count_50m": 5.0, "highway_clean": [ "unclassified" ], "highway_rank": 1.0, "sinuosity": 1.0011384134028458, "poi_diversity": 0.50040242353818787, "food_drink_count": 1.0, "street_furniture_count": 1.0, "degree_u": 6.0, "degree_v": 6.0, "avg_connectivity": 6.0, "city": "Tokyo", "cluster": 1.0, "typology": "Dense Local Street" }, "geometry": { "type": "LineString", "coordinates": [ [ 377215.170867134875152, 3948502.483494512736797 ], [ 377232.991968358750455, 3948508.161562875844538 ], [ 377261.077635203138925, 3948517.059419893659651 ], [ 377275.779128025227692, 3948522.336883285082877 ], [ 377298.205489236279391, 3948529.815294103696942 ], [ 377309.115334511443507, 3948535.189520266838372 ] ] } },
{ "type": "Feature", "properties": { "from_node": 1041, "to_node": 2193, "u": null, "v": null, "key": null, "index": null, "osmid": null, "highway": null, "lanes": null, "name": null, "oneway": null, "ref": null, "reversed": null, "length": null, "maxspeed": null, "access": null, "bridge": null, "width": null, "length_m": null, "building_count_50m": null, "avg_building_area": null, "poi_count_50m": null, "highway_clean": null, "highway_rank": null, "sinuosity": null, "poi_diversity": null, "food_drink_count": null, "street_furniture_count": null, "degree_u": null, "degree_v": null, "avg_connectivity": null, "city": null, "cluster": null, "typology": null }, "geometry": { "type": "LineString", "coordinates": [ [ 377225.17497895861743, 3948400.968593182507902 ], [ 377228.120336004707497, 3948399.896179708652198 ], [ 377239.942955504753627, 3948399.244790128432214 ], [ 377273.996126884769183, 3948397.765097350347787 ], [ 377277.682675805641338, 3948416.285515630152076 ], [ 377279.773205528268591, 3948429.358638356439769 ], [ 377291.502432625100482, 3948431.781634837854654 ], [ 377305.5147724468261, 3948433.030458549037576 ] ] } },
{ "type": "Feature", "properties": { "from_node": 1041, "to_node": 1056, "u": 419646092.0, "v": 1180513927.0, "key": 0.0, "index": 543.0, "osmid": "35901896", "highway": [ "residential" ], "lanes": null, "name": null, "oneway": "False", "ref": null, "reversed": "True", "length": 70.482467284621208, "maxspeed": null, "access": null, "bridge": null, "width": null, "length_m": 86.858637078759102, "building_count_50m": 37.0, "avg_building_area": 147.52758401629225, "poi_count_50m": 5.0, "highway_clean": [ "residential" ], "highway_rank": 2.0, "sinuosity": 1.000230075660526, "poi_diversity": 0.50040242353818787, "food_drink_count": 1.0, "street_furniture_count": 1.0, "degree_u": 6.0, "degree_v": 6.0, "avg_connectivity": 6.0, "city": "Tokyo", "cluster": 3.0, "typology": "Local Mixed Street" }, "geometry": { "type": "LineString", "coordinates": [ [ 377225.17497895861743, 3948400.968593182507902 ], [ 377210.621621329104528, 3948402.500859249383211 ], [ 377194.622125425667036, 3948404.85189111251384 ], [ 377155.313187301682774, 3948411.186013799160719 ] ] } },
{ "type": "Feature", "properties": { "from_node": 1057, "to_node": 1056, "u": 419646229.0, "v": 1180513927.0, "key": 0.0, "index": 544.0, "osmid": "31093515", "highway": [ "secondary" ], "lanes": [ "2" ], "name": [ "瀬田貫井線" ], "oneway": "False", "ref": "427", "reversed": "False", "length": 63.326383950658766, "maxspeed": [ "30" ], "access": null, "bridge": null, "width": null, "length_m": 78.039649810545072, "building_count_50m": 52.0, "avg_building_area": 119.36193308956385, "poi_count_50m": 1.0, "highway_clean": [ "secondary" ], "highway_rank": 4.0, "sinuosity": 1.0010879687011691, "poi_diversity": 0.0, "food_drink_count": 1.0, "street_furniture_count": 1.0, "degree_u": 6.0, "degree_v": 6.0, "avg_connectivity": 6.0, "city": "Tokyo", "cluster": 1.0, "typology": "Dense Local Street" }, "geometry": { "type": "LineString", "coordinates": [ [ 377144.47815343120601, 3948349.009770640637726 ], [ 377150.838695210986771, 3948376.93417044961825 ], [ 377155.313187301682774, 3948411.186013799160719 ] ] } },
{ "type": "Feature", "properties": { "from_node": 1057, "to_node": 2194, "u": 419646229.0, "v": 1180513977.0, "key": 0.0, "index": 546.0, "osmid": "35901919", "highway": [ "residential" ], "lanes": null, "name": null, "oneway": "False", "ref": null, "reversed": "True", "length": 130.37204481141893, "maxspeed": null, "access": null, "bridge": null, "width": null, "length_m": 160.66220384920371, "building_count_50m": 90.0, "avg_building_area": 114.65128922158404, "poi_count_50m": 3.0, "highway_clean": [ "residential" ], "highway_rank": 2.0, "sinuosity": 1.000000001039552, "poi_diversity": 0.0, "food_drink_count": 1.0, "street_furniture_count": 1.0, "degree_u": 6.0, "degree_v": 2.0, "avg_connectivity": 4.0, "city": "Tokyo", "cluster": 1.0, "typology": "Dense Local Street" }, "geometry": { "type": "LineString", "coordinates": [ [ 377144.47815343120601, 3948349.009770640637726 ], [ 377226.085532362456433, 3948351.532369157299399 ], [ 377275.053481972077861, 3948353.041800429578871 ] ] } },
{ "type": "Feature", "properties": { "from_node": 609, "to_node": 1062, "u": 419670416.0, "v": 561587159.0, "key": 0.0, "index": 550.0, "osmid": "1334061136", "highway": [ "residential" ], "lanes": null, "name": null, "oneway": "False", "ref": null, "reversed": "True", "length": 22.21742777435869, "maxspeed": null, "access": null, "bridge": null, "width": null, "length_m": 27.381325834294884, "building_count_50m": 29.0, "avg_building_area": 120.81865856168712, "poi_count_50m": 1.0, "highway_clean": [ "residential" ], "highway_rank": 2.0, "sinuosity": 1.0000170082582187, "poi_diversity": 0.0, "food_drink_count": 1.0, "street_furniture_count": 1.0, "degree_u": 6.0, "degree_v": 6.0, "avg_connectivity": 6.0, "city": "Tokyo", "cluster": 1.0, "typology": "Dense Local Street" }, "geometry": { "type": "LineString", "coordinates": [ [ 377702.9326038089348, 3948996.064372122753412 ], [ 377698.834673430770636, 3948983.750990022905171 ], [ 377696.0347995669581, 3948974.992004092782736 ] ] } },
{ "type": "Feature", "properties": { "from_node": 172, "to_node": 1065, "u": 419670517.0, "v": 419670688.0, "key": 0.0, "index": 551.0, "osmid": "34947815", "highway": [ "tertiary" ], "lanes": null, "name": null, "oneway": "False", "ref": null, "reversed": "False", "length": 58.759593864383149, "maxspeed": null, "access": null, "bridge": null, "width": null, "length_m": 72.417597513428419, "building_count_50m": 54.0, "avg_building_area": 109.34258313081375, "poi_count_50m": 1.0, "highway_clean": [ "tertiary" ], "highway_rank": 3.0, "sinuosity": 1.0031093117927032, "poi_diversity": 0.0, "food_drink_count": 1.0, "street_furniture_count": 1.0, "degree_u": 6.0, "degree_v": 6.0, "avg_connectivity": 6.0, "city": "Tokyo", "cluster": 1.0, "typology": "Dense Local Street" }, "geometry": { "type": "LineString", "coordinates": [ [ 377714.579499783634674, 3949082.048731872346252 ], [ 377698.890504578768741, 3949082.541940107941628 ], [ 377674.962093414273113, 3949078.921765159349889 ], [ 377656.170352295681369, 3949076.273782250471413 ] ] } },
{ "type": "Feature", "properties": { "from_node": 172, "to_node": 1060, "u": 419670517.0, "v": 561587157.0, "key": 0.0, "index": 553.0, "osmid": "1334061136", "highway": [ "residential" ], "lanes": null, "name": null, "oneway": "False", "ref": null, "reversed": "True", "length": 55.424423854144209, "maxspeed": null, "access": null, "bridge": null, "width": null, "length_m": 68.307015416084482, "building_count_50m": 56.0, "avg_building_area": 88.604638280027231, "poi_count_50m": 1.0, "highway_clean": [ "residential" ], "highway_rank": 2.0, "sinuosity": 1.0069887118044454, "poi_diversity": 0.0, "food_drink_count": 1.0, "street_furniture_count": 1.0, "degree_u": 6.0, "degree_v": 6.0, "avg_connectivity": 6.0, "city": "Tokyo", "cluster": 1.0, "typology": "Dense Local Street" }, "geometry": { "type": "LineString", "coordinates": [ [ 377714.579499783634674, 3949082.048731872346252 ], [ 377706.41440607374534, 3949053.072703971527517 ], [ 377705.410917847126257, 3949046.585449731908739 ], [ 377704.655809440067969, 3949041.703402480110526 ], [ 377704.802344079478644, 3949028.011439429130405 ] ] } },
{ "type": "Feature", "properties": { "from_node": 1065, "to_node": 1070, "u": 419670688.0, "v": 426858475.0, "key": 0.0, "index": 554.0, "osmid": "34947815", "highway": [ "tertiary" ], "lanes": null, "name": null, "oneway": "False", "ref": null, "reversed": "False", "length": 56.651449027753202, "maxspeed": null, "access": null, "bridge": null, "width": null, "length_m": 69.819388565268923, "building_count_50m": 33.0, "avg_building_area": 203.49445598482225, "poi_count_50m": 3.0, "highway_clean": [ "tertiary" ], "highway_rank": 3.0, "sinuosity": 1.0053588130559867, "poi_diversity": 0.0, "food_drink_count": 1.0, "street_furniture_count": 1.0, "degree_u": 6.0, "degree_v": 8.0, "avg_connectivity": 7.0, "city": "Tokyo", "cluster": 1.0, "typology": "Dense Local Street" }, "geometry": { "type": "LineString", "coordinates": [ [ 377656.170352295681369, 3949076.273782250471413 ], [ 377635.409693250549026, 3949073.286842901259661 ], [ 377599.70779605145799, 3949075.797510921489447 ] ] } },
{ "type": "Feature", "properties": { "from_node": 1065, "to_node": 174, "u": null, "v": null, "key": null, "index": null, "osmid": null, "highway": null, "lanes": null, "name": null, "oneway": null, "ref": null, "reversed": null, "length": null, "maxspeed": null, "access": null, "bridge": null, "width": null, "length_m": null, "building_count_50m": null, "avg_building_area": null, "poi_count_50m": null, "highway_clean": null, "highway_rank": null, "sinuosity": null, "poi_diversity": null, "food_drink_count": null, "street_furniture_count": null, "degree_u": null, "degree_v": null, "avg_connectivity": null, "city": null, "cluster": null, "typology": null }, "geometry": { "type": "LineString", "coordinates": [ [ 377656.170352295681369, 3949076.273782250471413 ], [ 377654.559613396588247, 3949097.352296124678105 ], [ 377655.537098764907569, 3949115.100277797784656 ], [ 377666.245073604513891, 3949136.785814498085529 ] ] } },
{ "type": "Feature", "properties": { "from_node": 737, "to_node": 744, "u": null, "v": null, "key": null, "index": null, "osmid": null, "highway": null, "lanes": null, "name": null, "oneway": null, "ref": null, "reversed": null, "length": null, "maxspeed": null, "access": null, "bridge": null, "width": null, "length_m": null, "building_count_50m": null, "avg_building_area": null, "poi_count_50m": null, "highway_clean": null, "highway_rank": null, "sinuosity": null, "poi_diversity": null, "food_drink_count": null, "street_furniture_count": null, "degree_u": null, "degree_v": null, "avg_connectivity": null, "city": null, "cluster": null, "typology": null }, "geometry": { "type": "LineString", "coordinates": [ [ 377778.386756094754674, 3949220.378108095843345 ], [ 377787.304984965594485, 3949231.083180506713688 ], [ 377793.109411414479837, 3949245.736148030497134 ] ] } },
{ "type": "Feature", "properties": { "from_node": 737, "to_node": 1075, "u": 419671555.0, "v": 476565265.0, "key": 0.0, "index": 562.0, "osmid": "1334061140", "highway": [ "unclassified" ], "lanes": null, "name": null, "oneway": "False", "ref": null, "reversed": "True", "length": 20.216003130992583, "maxspeed": null, "access": null, "bridge": null, "width": null, "length_m": 24.915362016431057, "building_count_50m": 36.0, "avg_building_area": 117.91830677508882, "poi_count_50m": 1.0, "highway_clean": [ "unclassified" ], "highway_rank": 1.0, "sinuosity": 1.000000055524199, "poi_diversity": 0.0, "food_drink_count": 1.0, "street_furniture_count": 1.0, "degree_u": 6.0, "degree_v": 6.0, "avg_connectivity": 6.0, "city": "Tokyo", "cluster": 1.0, "typology": "Dense Local Street" }, "geometry": { "type": "LineString", "coordinates": [ [ 377778.386756094754674, 3949220.378108095843345 ], [ 377775.098532157018781, 3949216.906540476717055 ], [ 377764.480919811641797, 3949205.71452817087993 ] ] } },
{ "type": "Feature", "properties": { "from_node": 1076, "to_node": 1347, "u": null, "v": null, "key": null, "index": null, "osmid": null, "highway": null, "lanes": null, "name": null, "oneway": null, "ref": null, "reversed": null, "length": null, "maxspeed": null, "access": null, "bridge": null, "width": null, "length_m": null, "building_count_50m": null, "avg_building_area": null, "poi_count_50m": null, "highway_clean": null, "highway_rank": null, "sinuosity": null, "poi_diversity": null, "food_drink_count": null, "street_furniture_count": null, "degree_u": null, "degree_v": null, "avg_connectivity": null, "city": null, "cluster": null, "typology": null }, "geometry": { "type": "LineString", "coordinates": [ [ 377792.30083919421304, 3949267.901903137564659 ], [ 377791.015497157466598, 3949273.167019573505968 ], [ 377790.080401890852954, 3949283.497260158881545 ], [ 377791.514891378814355, 3949296.978885462041944 ], [ 377794.078936045872979, 3949304.398771360516548 ], [ 377796.02932362689171, 3949307.345135453157127 ], [ 377807.836055874940939, 3949323.40217458922416 ], [ 377827.564322381978855, 3949349.44583646627143 ] ] } },
{ "type": "Feature", "properties": { "from_node": 1076, "to_node": 1395, "u": 419672826.0, "v": 563661845.0, "key": 0.0, "index": 569.0, "osmid": "1334061139", "highway": [ "residential" ], "lanes": null, "name": null, "oneway": "False", "ref": null, "reversed": "True", "length": 98.081720938920938, "maxspeed": null, "access": null, "bridge": null, "width": null, "length_m": 120.88211643490087, "building_count_50m": 74.0, "avg_building_area": 90.787853371063676, "poi_count_50m": 4.0, "highway_clean": [ "residential" ], "highway_rank": 2.0, "sinuosity": 1.0050642897584154, "poi_diversity": 1.0397207708399179, "food_drink_count": 1.0, "street_furniture_count": 1.0, "degree_u": 8.0, "degree_v": 6.0, "avg_connectivity": 7.0, "city": "Tokyo", "cluster": 1.0, "typology": "Dense Local Street" }, "geometry": { "type": "LineString", "coordinates": [ [ 377792.30083919421304, 3949267.901903137564659 ], [ 377795.197356469579972, 3949268.560996364802122 ], [ 377847.54406528850086, 3949252.19892822438851 ], [ 377875.931380496011116, 3949241.768800841644406 ], [ 377885.271225676813629, 3949237.71321319276467 ] ] } },
{ "type": "Feature", "properties": { "from_node": 926, "to_node": 1347, "u": null, "v": null, "key": null, "index": null, "osmid": null, "highway": null, "lanes": null, "name": null, "oneway": null, "ref": null, "reversed": null, "length": null, "maxspeed": null, "access": null, "bridge": null, "width": null, "length_m": null, "building_count_50m": null, "avg_building_area": null, "poi_count_50m": null, "highway_clean": null, "highway_rank": null, "sinuosity": null, "poi_diversity": null, "food_drink_count": null, "street_furniture_count": null, "degree_u": null, "degree_v": null, "avg_connectivity": null, "city": null, "cluster": null, "typology": null }, "geometry": { "type": "LineString", "coordinates": [ [ 377694.013638545700815, 3949351.726421996485442 ], [ 377762.285274154390208, 3949360.660804902669042 ], [ 377801.884501403896138, 3949365.851836703252047 ], [ 377827.564322381978855, 3949349.44583646627143 ] ] } },
{ "type": "Feature", "properties": { "from_node": 1088, "to_node": 1093, "u": null, "v": null, "key": null, "index": null, "osmid": null, "highway": null, "lanes": null, "name": null, "oneway": null, "ref": null, "reversed": null, "length": null, "maxspeed": null, "access": null, "bridge": null, "width": null, "length_m": null, "building_count_50m": null, "avg_building_area": null, "poi_count_50m": null, "highway_clean": null, "highway_rank": null, "sinuosity": null, "poi_diversity": null, "food_drink_count": null, "street_furniture_count": null, "degree_u": null, "degree_v": null, "avg_connectivity": null, "city": null, "cluster": null, "typology": null }, "geometry": { "type": "LineString", "coordinates": [ [ 377448.543018254335038, 3949231.398862820118666 ], [ 377444.300542103941552, 3949232.910671587102115 ], [ 377435.554523005208466, 3949236.037741234991699 ], [ 377408.217802358733024, 3949232.043724791612476 ], [ 377386.661682113714051, 3949227.14908986678347 ], [ 377383.904580790782347, 3949225.445370520465076 ] ] } },
{ "type": "Feature", "properties": { "from_node": 1093, "to_node": 1027, "u": 419683147.0, "v": 1180573556.0, "key": 0.0, "index": 575.0, "osmid": "35903434", "highway": [ "residential" ], "lanes": null, "name": null, "oneway": "False", "ref": null, "reversed": "False", "length": 48.766396199487794, "maxspeed": null, "access": null, "bridge": null, "width": null, "length_m": 60.102498118032734, "building_count_50m": 69.0, "avg_building_area": 121.75655386282634, "poi_count_50m": 1.0, "highway_clean": [ "residential" ], "highway_rank": 2.0, "sinuosity": 1.0012172751086055, "poi_diversity": 0.0, "food_drink_count": 1.0, "street_furniture_count": 1.0, "degree_u": 8.0, "degree_v": 8.0, "avg_connectivity": 8.0, "city": "Tokyo", "cluster": 1.0, "typology": "Dense Local Street" }, "geometry": { "type": "LineString", "coordinates": [ [ 377383.904580790782347, 3949225.445370520465076 ], [ 377378.10197997133946, 3949222.785209741443396 ], [ 377337.341139486408792, 3949210.889108067844063 ] ] } },
{ "type": "Feature", "properties": { "from_node": 1093, "to_node": 1096, "u": 419683147.0, "v": 419683668.0, "key": 0.0, "index": 577.0, "osmid": "35903436", "highway": [ "residential" ], "lanes": null, "name": null, "oneway": "False", "ref": null, "reversed": "False", "length": 57.664123169818907, "maxspeed": null, "access": null, "bridge": null, "width": null, "length_m": 71.06884882672199, "building_count_50m": 77.0, "avg_building_area": 106.73030366866907, "poi_count_50m": 1.0, "highway_clean": [ "residential" ], "highway_rank": 2.0, "sinuosity": 1.0085000559464476, "poi_diversity": 0.0, "food_drink_count": 1.0, "street_furniture_count": 1.0, "degree_u": 8.0, "degree_v": 6.0, "avg_connectivity": 7.0, "city": "Tokyo", "cluster": 1.0, "typology": "Dense Local Street" }, "geometry": { "type": "LineString", "coordinates": [ [ 377383.904580790782347, 3949225.445370520465076 ], [ 377380.275199851312209, 3949245.808518305886537 ], [ 377364.296034127590246, 3949279.044671467039734 ] ] } },
{ "type": "Feature", "properties": { "from_node": 1093, "to_node": 1104, "u": 419683147.0, "v": 419685638.0, "key": 0.0, "index": 578.0, "osmid": "35903436", "highway": [ "residential" ], "lanes": null, "name": null, "oneway": "False", "ref": null, "reversed": "True", "length": 53.698722591413564, "maxspeed": null, "access": null, "bridge": null, "width": null, "length_m": 66.181241166847656, "building_count_50m": 65.0, "avg_building_area": 154.60948418388938, "poi_count_50m": 5.0, "highway_clean": [ "residential" ], "highway_rank": 2.0, "sinuosity": 1.0001854744204861, "poi_diversity": 0.50040242353818787, "food_drink_count": 1.0, "street_furniture_count": 1.0, "degree_u": 8.0, "degree_v": 6.0, "avg_connectivity": 7.0, "city": "Tokyo", "cluster": 1.0, "typology": "Dense Local Street" }, "geometry": { "type": "LineString", "coordinates": [ [ 377383.904580790782347, 3949225.445370520465076 ], [ 377388.370604043826461, 3949194.864223274867982 ], [ 377390.766087881405838, 3949172.321495298761874 ] ] } },
{ "type": "Feature", "properties": { "from_node": 1096, "to_node": 1100, "u": 419683668.0, "v": 1180573528.0, "key": 0.0, "index": 581.0, "osmid": "35903496", "highway": [ "residential" ], "lanes": null, "name": null, "oneway": "False", "ref": null, "reversed": "False", "length": 29.075882206697706, "maxspeed": null, "access": null, "bridge": null, "width": null, "length_m": 35.835005897550474, "building_count_50m": 61.0, "avg_building_area": 93.477272319220901, "poi_count_50m": 1.0, "highway_clean": [ "residential" ], "highway_rank": 2.0, "sinuosity": 1.0005207012092323, "poi_diversity": 0.0, "food_drink_count": 1.0, "street_furniture_count": 1.0, "degree_u": 6.0, "degree_v": 2.0, "avg_connectivity": 4.0, "city": "Tokyo", "cluster": 1.0, "typology": "Dense Local Street" }, "geometry": { "type": "LineString", "coordinates": [ [ 377364.296034127590246, 3949279.044671467039734 ], [ 377359.209758873970713, 3949277.129030873999 ], [ 377347.816577238438185, 3949272.083170599769801 ], [ 377337.719965145632159, 3949267.196934122592211 ] ] } },
{ "type": "Feature", "properties": { "from_node": 1102, "to_node": 202, "u": 419683800.0, "v": 433731489.0, "key": 0.0, "index": 584.0, "osmid": "35578968", "highway": [ "unclassified" ], "lanes": null, "name": null, "oneway": "False", "ref": null, "reversed": "False", "length": 33.155901328028222, "maxspeed": null, "access": null, "bridge": null, "width": null, "length_m": 40.863548650639558, "building_count_50m": 53.0, "avg_building_area": 116.26626275099763, "poi_count_50m": 1.0, "highway_clean": [ "unclassified" ], "highway_rank": 1.0, "sinuosity": 1.0000096580699873, "poi_diversity": 0.0, "food_drink_count": 1.0, "street_furniture_count": 1.0, "degree_u": 6.0, "degree_v": 6.0, "avg_connectivity": 6.0, "city": "Tokyo", "cluster": 1.0, "typology": "Dense Local Street" }, "geometry": { "type": "LineString", "coordinates": [ [ 377378.320259751286358, 3949283.876748876646161 ], [ 377396.250711022817995, 3949286.447260453831404 ], [ 377411.222634392150212, 3949288.459538830909878 ] ] } },
{ "type": "Feature", "properties": { "from_node": 1104, "to_node": 1739, "u": 419685638.0, "v": 819378105.0, "key": 0.0, "index": 587.0, "osmid": "35903680", "highway": [ "residential" ], "lanes": null, "name": null, "oneway": "False", "ref": null, "reversed": "False", "length": 30.807110797577607, "maxspeed": null, "access": null, "bridge": null, "width": null, "length_m": 37.968260269556907, "building_count_50m": 49.0, "avg_building_area": 182.29904666059869, "poi_count_50m": 8.0, "highway_clean": [ "residential" ], "highway_rank": 2.0, "sinuosity": 1.0000432495956502, "poi_diversity": 0.73562193975879464, "food_drink_count": 1.0, "street_furniture_count": 1.0, "degree_u": 6.0, "degree_v": 4.0, "avg_connectivity": 5.0, "city": "Tokyo", "cluster": 3.0, "typology": "Local Mixed Street" }, "geometry": { "type": "LineString", "coordinates": [ [ 377390.766087881405838, 3949172.321495298761874 ], [ 377416.504440631193575, 3949174.606849128846079 ], [ 377421.523482141026761, 3949174.92591860005632 ] ] } },
{ "type": "Feature", "properties": { "from_node": 1106, "to_node": 1115, "u": null, "v": null, "key": null, "index": null, "osmid": null, "highway": null, "lanes": null, "name": null, "oneway": null, "ref": null, "reversed": null, "length": null, "maxspeed": null, "access": null, "bridge": null, "width": null, "length_m": null, "building_count_50m": null, "avg_building_area": null, "poi_count_50m": null, "highway_clean": null, "highway_rank": null, "sinuosity": null, "poi_diversity": null, "food_drink_count": null, "street_furniture_count": null, "degree_u": null, "degree_v": null, "avg_connectivity": null, "city": null, "cluster": null, "typology": null }, "geometry": { "type": "LineString", "coordinates": [ [ 378280.662608542887028, 3948292.977954663336277 ], [ 378276.030455052154139, 3948297.146122287027538 ], [ 378272.481308903777972, 3948300.411950989160687 ], [ 378258.772019538504537, 3948304.105340282432735 ], [ 378240.601259427785408, 3948301.292249205522239 ], [ 378216.267445156932808, 3948299.928165099583566 ], [ 378211.99208200693829, 3948301.062839512247592 ], [ 378209.286901727318764, 3948303.81790711870417 ], [ 378207.072681796853431, 3948306.0670235180296 ], [ 378204.53010971925687, 3948319.370185579173267 ] ] } },
{ "type": "Feature", "properties": { "from_node": 1115, "to_node": 1117, "u": null, "v": null, "key": null, "index": null, "osmid": null, "highway": null, "lanes": null, "name": null, "oneway": null, "ref": null, "reversed": null, "length": null, "maxspeed": null, "access": null, "bridge": null, "width": null, "length_m": null, "building_count_50m": null, "avg_building_area": null, "poi_count_50m": null, "highway_clean": null, "highway_rank": null, "sinuosity": null, "poi_diversity": null, "food_drink_count": null, "street_furniture_count": null, "degree_u": null, "degree_v": null, "avg_connectivity": null, "city": null, "cluster": null, "typology": null }, "geometry": { "type": "LineString", "coordinates": [ [ 378204.53010971925687, 3948319.370185579173267 ], [ 378166.345345694804564, 3948327.869899447541684 ], [ 378161.327894203539472, 3948338.267101859208196 ] ] } },
{ "type": "Feature", "properties": { "from_node": 1118, "to_node": 1124, "u": null, "v": null, "key": null, "index": null, "osmid": null, "highway": null, "lanes": null, "name": null, "oneway": null, "ref": null, "reversed": null, "length": null, "maxspeed": null, "access": null, "bridge": null, "width": null, "length_m": null, "building_count_50m": null, "avg_building_area": null, "poi_count_50m": null, "highway_clean": null, "highway_rank": null, "sinuosity": null, "poi_diversity": null, "food_drink_count": null, "street_furniture_count": null, "degree_u": null, "degree_v": null, "avg_connectivity": null, "city": null, "cluster": null, "typology": null }, "geometry": { "type": "LineString", "coordinates": [ [ 378212.162091871141456, 3948357.750454651657492 ], [ 378215.376012106717099, 3948359.093169710598886 ], [ 378252.742351255845279, 3948374.789617598056793 ], [ 378247.58847328601405, 3948388.450250347610563 ], [ 378299.746162863273639, 3948411.410545789636672 ], [ 378302.45093134988565, 3948412.593852053862065 ] ] } },
{ "type": "Feature", "properties": { "from_node": 1118, "to_node": 1117, "u": 420148457.0, "v": 614598016.0, "key": 0.0, "index": 595.0, "osmid": "35937943", "highway": [ "residential" ], "lanes": null, "name": null, "oneway": "False", "ref": null, "reversed": "True", "length": 54.362520319223123, "maxspeed": null, "access": null, "bridge": null, "width": null, "length_m": 66.992985984954174, "building_count_50m": 51.0, "avg_building_area": 232.19512159389905, "poi_count_50m": 1.0, "highway_clean": [ "residential" ], "highway_rank": 2.0, "sinuosity": 1.0000037686179974, "poi_diversity": 0.0, "food_drink_count": 1.0, "street_furniture_count": 1.0, "degree_u": 6.0, "degree_v": 6.0, "avg_connectivity": 6.0, "city": "Tokyo", "cluster": 1.0, "typology": "Dense Local Street" }, "geometry": { "type": "LineString", "coordinates": [ [ 378212.162091871141456, 3948357.750454651657492 ], [ 378199.675574561639223, 3948352.895962559618056 ], [ 378161.327894203539472, 3948338.267101859208196 ] ] } },
{ "type": "Feature", "properties": { "from_node": 1124, "to_node": 660, "u": 420148830.0, "v": 420148927.0, "key": 0.0, "index": 597.0, "osmid": "35937988", "highway": [ "unclassified" ], "lanes": null, "name": null, "oneway": "True", "ref": null, "reversed": "False", "length": 16.958505347645524, "maxspeed": null, "access": null, "bridge": null, "width": null, "length_m": 20.898781526468088, "building_count_50m": 41.0, "avg_building_area": 128.54734491345846, "poi_count_50m": 2.0, "highway_clean": [ "unclassified" ], "highway_rank": 1.0, "sinuosity": 1.0108110594695514, "poi_diversity": 0.0, "food_drink_count": 1.0, "street_furniture_count": 1.0, "degree_u": 4.0, "degree_v": 5.0, "avg_connectivity": 4.5, "city": "Tokyo", "cluster": 1.0, "typology": "Dense Local Street" }, "geometry": { "type": "LineString", "coordinates": [ [ 378302.45093134988565, 3948412.593852053862065 ], [ 378298.359765699016862, 3948425.197078508790582 ], [ 378298.518632468185388, 3948428.866991240531206 ] ] } },
{ "type": "Feature", "properties": { "from_node": 660, "to_node": 1130, "u": 420148927.0, "v": 614597780.0, "key": 0.0, "index": 601.0, "osmid": "174879460", "highway": [ "secondary" ], "lanes": null, "name": [ "角筈和泉町線" ], "oneway": "False", "ref": "431", "reversed": "True", "length": 129.47308241755803, "maxspeed": [ "30" ], "access": null, "bridge": null, "width": null, "length_m": 159.556077094052, "building_count_50m": 98.0, "avg_building_area": 119.30720749192471, "poi_count_50m": 2.0, "highway_clean": [ "secondary" ], "highway_rank": 4.0, "sinuosity": 1.0002777926413804, "poi_diversity": 0.0, "food_drink_count": 1.0, "street_furniture_count": 1.0, "degree_u": 5.0, "degree_v": 6.0, "avg_connectivity": 5.5, "city": "Tokyo", "cluster": 1.0, "typology": "Dense Local Street" }, "geometry": { "type": "LineString", "coordinates": [ [ 378298.518632468185388, 3948428.866991240531206 ], [ 378288.874520515615586, 3948429.287457700353116 ], [ 378252.425628448603675, 3948429.664491746108979 ], [ 378244.761193233309314, 3948429.880393320228904 ], [ 378217.46741122554522, 3948431.807377265766263 ], [ 378214.809388750814833, 3948432.054572443012148 ], [ 378168.937242823652923, 3948434.435912485234439 ] ] } },
{ "type": "Feature", "properties": { "from_node": 1132, "to_node": 859, "u": 420149278.0, "v": 410466407.0, "key": 0.0, "index": 603.0, "osmid": "35938037", "highway": [ "secondary" ], "lanes": null, "name": [ "角筈和泉町線" ], "oneway": "True", "ref": "431", "reversed": "False", "length": 48.561108531457592, "maxspeed": null, "access": null, "bridge": null, "width": null, "length_m": 59.844658994576271, "building_count_50m": 43.0, "avg_building_area": 133.01437227983425, "poi_count_50m": 1.0, "highway_clean": [ "secondary" ], "highway_rank": 4.0, "sinuosity": 1.0000048235245738, "poi_diversity": 0.0, "food_drink_count": 1.0, "street_furniture_count": 1.0, "degree_u": 4.0, "degree_v": 6.0, "avg_connectivity": 5.0, "city": "Tokyo", "cluster": 1.0, "typology": "Dense Local Street" }, "geometry": { "type": "LineString", "coordinates": [ [ 378437.77702899381984, 3948478.903461121488363 ], [ 378471.448127787210979, 3948492.543479640968144 ], [ 378482.879867161682341, 3948497.079940367955714 ] ] } },
{ "type": "Feature", "properties": { "from_node": 1134, "to_node": 1137, "u": null, "v": null, "key": null, "index": null, "osmid": null, "highway": null, "lanes": null, "name": null, "oneway": null, "ref": null, "reversed": null, "length": null, "maxspeed": null, "access": null, "bridge": null, "width": null, "length_m": null, "building_count_50m": null, "avg_building_area": null, "poi_count_50m": null, "highway_clean": null, "highway_rank": null, "sinuosity": null, "poi_diversity": null, "food_drink_count": null, "street_furniture_count": null, "degree_u": null, "degree_v": null, "avg_connectivity": null, "city": null, "cluster": null, "typology": null }, "geometry": { "type": "LineString", "coordinates": [ [ 378243.475297384138685, 3948534.280730879865587 ], [ 378216.305420157557819, 3948521.440019453875721 ], [ 378201.66251934831962, 3948509.159954285714775 ], [ 378176.258056660997681, 3948489.738662658259273 ] ] } },
{ "type": "Feature", "properties": { "from_node": 1134, "to_node": 1176, "u": null, "v": null, "key": null, "index": null, "osmid": null, "highway": null, "lanes": null, "name": null, "oneway": null, "ref": null, "reversed": null, "length": null, "maxspeed": null, "access": null, "bridge": null, "width": null, "length_m": null, "building_count_50m": null, "avg_building_area": null, "poi_count_50m": null, "highway_clean": null, "highway_rank": null, "sinuosity": null, "poi_diversity": null, "food_drink_count": null, "street_furniture_count": null, "degree_u": null, "degree_v": null, "avg_connectivity": null, "city": null, "cluster": null, "typology": null }, "geometry": { "type": "LineString", "coordinates": [ [ 378243.475297384138685, 3948534.280730879865587 ], [ 378219.62037381780101, 3948571.794314586557448 ], [ 378194.177962714689784, 3948607.066562260966748 ], [ 378213.164088657533284, 3948622.526536364573985 ] ] } },
{ "type": "Feature", "properties": { "from_node": 1140, "to_node": 1142, "u": 420156321.0, "v": 561167683.0, "key": 0.0, "index": 609.0, "osmid": "35938657", "highway": [ "unclassified" ], "lanes": null, "name": null, "oneway": "False", "ref": null, "reversed": "False", "length": 34.48581804145828, "maxspeed": null, "access": null, "bridge": null, "width": null, "length_m": 42.498687929201452, "building_count_50m": 37.0, "avg_building_area": 258.65707069630622, "poi_count_50m": 4.0, "highway_clean": [ "unclassified" ], "highway_rank": 1.0, "sinuosity": 1.0015687120138717, "poi_diversity": 1.0397207708399179, "food_drink_count": 1.0, "street_furniture_count": 1.0, "degree_u": 6.0, "degree_v": 6.0, "avg_connectivity": 6.0, "city": "Tokyo", "cluster": 3.0, "typology": "Local Mixed Street" }, "geometry": { "type": "LineString", "coordinates": [ [ 378117.919814154680353, 3948438.541022992692888 ], [ 378118.201663833868224, 3948441.931901304982603 ], [ 378119.493409153132234, 3948457.578820366878062 ], [ 378119.024150769168045, 3948472.872688507195562 ] ] } },
{ "type": "Feature", "properties": { "from_node": 1140, "to_node": 1146, "u": 420156321.0, "v": 614597711.0, "key": 0.0, "index": 610.0, "osmid": "174879460", "highway": [ "secondary" ], "lanes": null, "name": [ "角筈和泉町線" ], "oneway": "False", "ref": "431", "reversed": "True", "length": 71.008686559101619, "maxspeed": [ "30" ], "access": null, "bridge": null, "width": null, "length_m": 87.507584556559806, "building_count_50m": 66.0, "avg_building_area": 111.8920731206093, "poi_count_50m": 7.0, "highway_clean": [ "secondary" ], "highway_rank": 4.0, "sinuosity": 1.0001762999547066, "poi_diversity": 1.0042424730540764, "food_drink_count": 1.0, "street_furniture_count": 1.0, "degree_u": 6.0, "degree_v": 6.0, "avg_connectivity": 6.0, "city": "Tokyo", "cluster": 3.0, "typology": "Local Mixed Street" }, "geometry": { "type": "LineString", "coordinates": [ [ 378117.919814154680353, 3948438.541022992692888 ], [ 378113.78637782484293, 3948438.797381868585944 ], [ 378083.070707766688429, 3948440.716225237119943 ], [ 378050.60285721917171, 3948441.605286164674908 ], [ 378046.846661786315963, 3948441.645716930739582 ] ] } },
{ "type": "Feature", "properties": { "from_node": 1140, "to_node": 1146, "u": 420156321.0, "v": 614597711.0, "key": 0.0, "index": 610.0, "osmid": "174879460", "highway": [ "secondary" ], "lanes": null, "name": [ "角筈和泉町線" ], "oneway": "False", "ref": "431", "reversed": "True", "length": 71.008686559101619, "maxspeed": [ "30" ], "access": null, "bridge": null, "width": null, "length_m": 87.507584556559806, "building_count_50m": 66.0, "avg_building_area": 111.8920731206093, "poi_count_50m": 7.0, "highway_clean": [ "secondary" ], "highway_rank": 4.0, "sinuosity": 1.0001762999547066, "poi_diversity": 1.0042424730540764, "food_drink_count": 1.0, "street_furniture_count": 1.0, "degree_u": 6.0, "degree_v": 6.0, "avg_connectivity": 6.0, "city": "Tokyo", "cluster": 3.0, "typology": "Local Mixed Street" }, "geometry": { "type": "LineString", "coordinates": [ [ 378117.919814154680353, 3948438.541022992692888 ], [ 378113.78637782484293, 3948438.797381868585944 ], [ 378083.070707766688429, 3948440.716225237119943 ], [ 378050.60285721917171, 3948441.605286164674908 ], [ 378046.846661786315963, 3948441.645716930739582 ] ] } },
{ "type": "Feature", "properties": { "from_node": 1147, "to_node": 1130, "u": null, "v": null, "key": null, "index": null, "osmid": null, "highway": null, "lanes": null, "name": null, "oneway": null, "ref": null, "reversed": null, "length": null, "maxspeed": null, "access": null, "bridge": null, "width": null, "length_m": null, "building_count_50m": null, "avg_building_area": null, "poi_count_50m": null, "highway_clean": null, "highway_rank": null, "sinuosity": null, "poi_diversity": null, "food_drink_count": null, "street_furniture_count": null, "degree_u": null, "degree_v": null, "avg_connectivity": null, "city": null, "cluster": null, "typology": null }, "geometry": { "type": "LineString", "coordinates": [ [ 378122.705813966516871, 3948438.342283651698381 ], [ 378122.573874579742551, 3948434.660908021498471 ], [ 378121.307792002044152, 3948398.434400100260973 ], [ 378123.72816452907864, 3948394.718035657890141 ], [ 378125.040154466812965, 3948392.692049231845886 ], [ 378127.27949205134064, 3948392.938699857797474 ], [ 378138.657192802347708, 3948394.169480233453214 ], [ 378167.904015616513789, 3948397.351982308551669 ], [ 378168.829586784937419, 3948430.543419583234936 ], [ 378168.937242823652923, 3948434.435912485234439 ] ] } },
{ "type": "Feature", "properties": { "from_node": 1156, "to_node": 1161, "u": null, "v": null, "key": null, "index": null, "osmid": null, "highway": null, "lanes": null, "name": null, "oneway": null, "ref": null, "reversed": null, "length": null, "maxspeed": null, "access": null, "bridge": null, "width": null, "length_m": null, "building_count_50m": null, "avg_building_area": null, "poi_count_50m": null, "highway_clean": null, "highway_rank": null, "sinuosity": null, "poi_diversity": null, "food_drink_count": null, "street_furniture_count": null, "degree_u": null, "degree_v": null, "avg_connectivity": null, "city": null, "cluster": null, "typology": null }, "geometry": { "type": "LineString", "coordinates": [ [ 378034.388543311972171, 3948568.187627031002194 ], [ 378015.904051089019049, 3948595.25528830382973 ], [ 378012.869877325254492, 3948600.411227714736015 ], [ 378011.207420804013964, 3948603.939724309835583 ], [ 378009.198762944026385, 3948641.609018641524017 ], [ 377998.813291053054854, 3948658.569951688405126 ] ] } },
{ "type": "Feature", "properties": { "from_node": 1156, "to_node": 1655, "u": null, "v": null, "key": null, "index": null, "osmid": null, "highway": null, "lanes": null, "name": null, "oneway": null, "ref": null, "reversed": null, "length": null, "maxspeed": null, "access": null, "bridge": null, "width": null, "length_m": null, "building_count_50m": null, "avg_building_area": null, "poi_count_50m": null, "highway_clean": null, "highway_rank": null, "sinuosity": null, "poi_diversity": null, "food_drink_count": null, "street_furniture_count": null, "degree_u": null, "degree_v": null, "avg_connectivity": null, "city": null, "cluster": null, "typology": null }, "geometry": { "type": "LineString", "coordinates": [ [ 378034.388543311972171, 3948568.187627031002194 ], [ 377994.940019049448892, 3948536.623071972746402 ], [ 377991.827038174669724, 3948534.058719025924802 ], [ 377990.499296661757398, 3948530.316096458118409 ], [ 377991.198810474597849, 3948525.880015334580094 ], [ 378001.872323675197549, 3948502.192204541061074 ] ] } },
{ "type": "Feature", "properties": { "from_node": 1173, "to_node": 1172, "u": null, "v": null, "key": null, "index": null, "osmid": null, "highway": null, "lanes": null, "name": null, "oneway": null, "ref": null, "reversed": null, "length": null, "maxspeed": null, "access": null, "bridge": null, "width": null, "length_m": null, "building_count_50m": null, "avg_building_area": null, "poi_count_50m": null, "highway_clean": null, "highway_rank": null, "sinuosity": null, "poi_diversity": null, "food_drink_count": null, "street_furniture_count": null, "degree_u": null, "degree_v": null, "avg_connectivity": null, "city": null, "cluster": null, "typology": null }, "geometry": { "type": "LineString", "coordinates": [ [ 378190.327927036036272, 3948700.008784242905676 ], [ 378141.771285822032951, 3948667.581064945086837 ], [ 378119.218607005546801, 3948656.086297010071576 ], [ 378108.825015369104221, 3948648.041479637380689 ], [ 378103.271517784101889, 3948643.092075955588371 ], [ 378095.053821944631636, 3948633.974608255084604 ], [ 378082.77325350639876, 3948608.47165582049638 ] ] } },
{ "type": "Feature", "properties": { "from_node": 1173, "to_node": 1177, "u": null, "v": null, "key": null, "index": null, "osmid": null, "highway": null, "lanes": null, "name": null, "oneway": null, "ref": null, "reversed": null, "length": null, "maxspeed": null, "access": null, "bridge": null, "width": null, "length_m": null, "building_count_50m": null, "avg_building_area": null, "poi_count_50m": null, "highway_clean": null, "highway_rank": null, "sinuosity": null, "poi_diversity": null, "food_drink_count": null, "street_furniture_count": null, "degree_u": null, "degree_v": null, "avg_connectivity": null, "city": null, "cluster": null, "typology": null }, "geometry": { "type": "LineString", "coordinates": [ [ 378190.327927036036272, 3948700.008784242905676 ], [ 378213.804187822795939, 3948669.911027313675731 ], [ 378232.98438341927249, 3948652.630200171843171 ], [ 378241.703415200638119, 3948644.168142791371793 ] ] } },
{ "type": "Feature", "properties": { "from_node": 1177, "to_node": 642, "u": 420157047.0, "v": 1112549983.0, "key": 0.0, "index": 622.0, "osmid": "35939028", "highway": [ "residential" ], "lanes": null, "name": null, "oneway": "False", "ref": null, "reversed": "False", "length": 101.23975855303081, "maxspeed": null, "access": null, "bridge": null, "width": null, "length_m": 124.76535214324025, "building_count_50m": 90.0, "avg_building_area": 109.49443505480647, "poi_count_50m": 1.0, "highway_clean": [ "residential" ], "highway_rank": 2.0, "sinuosity": 1.0012652738680095, "poi_diversity": 0.0, "food_drink_count": 1.0, "street_furniture_count": 1.0, "degree_u": 6.0, "degree_v": 6.0, "avg_connectivity": 6.0, "city": "Tokyo", "cluster": 1.0, "typology": "Dense Local Street" }, "geometry": { "type": "LineString", "coordinates": [ [ 378241.703415200638119, 3948644.168142791371793 ], [ 378252.889845461118966, 3948634.762601018883288 ], [ 378295.134235927194823, 3948605.506365180946887 ], [ 378325.344861586461775, 3948587.231610729824752 ] ] } },
{ "type": "Feature", "properties": { "from_node": 1180, "to_node": 1166, "u": null, "v": null, "key": null, "index": null, "osmid": null, "highway": null, "lanes": null, "name": null, "oneway": null, "ref": null, "reversed": null, "length": null, "maxspeed": null, "access": null, "bridge": null, "width": null, "length_m": null, "building_count_50m": null, "avg_building_area": null, "poi_count_50m": null, "highway_clean": null, "highway_rank": null, "sinuosity": null, "poi_diversity": null, "food_drink_count": null, "street_furniture_count": null, "degree_u": null, "degree_v": null, "avg_connectivity": null, "city": null, "cluster": null, "typology": null }, "geometry": { "type": "LineString", "coordinates": [ [ 378086.673558173933998, 3948730.495824513956904 ], [ 378105.888121973082889, 3948724.330357651226223 ], [ 378119.970731052104384, 3948721.508004116360098 ], [ 378131.063504423596896, 3948721.134044704958797 ], [ 378150.788875408878084, 3948717.890472321305424 ], [ 378156.606866960471962, 3948715.72506759269163 ] ] } },
{ "type": "Feature", "properties": { "from_node": 1180, "to_node": 1193, "u": null, "v": null, "key": null, "index": null, "osmid": null, "highway": null, "lanes": null, "name": null, "oneway": null, "ref": null, "reversed": null, "length": null, "maxspeed": null, "access": null, "bridge": null, "width": null, "length_m": null, "building_count_50m": null, "avg_building_area": null, "poi_count_50m": null, "highway_clean": null, "highway_rank": null, "sinuosity": null, "poi_diversity": null, "food_drink_count": null, "street_furniture_count": null, "degree_u": null, "degree_v": null, "avg_connectivity": null, "city": null, "cluster": null, "typology": null }, "geometry": { "type": "LineString", "coordinates": [ [ 378086.673558173933998, 3948730.495824513956904 ], [ 378073.28932229737984, 3948743.315383778885007 ], [ 378052.017037856159732, 3948765.761771070305258 ], [ 378042.340262950805482, 3948774.991555543616414 ], [ 378031.813159851066303, 3948784.92084280308336 ], [ 378022.081341471988708, 3948791.45557907409966 ], [ 378003.604303096944932, 3948803.8570028366521 ], [ 378001.640089367050678, 3948805.18195101711899 ], [ 377978.418269119341858, 3948820.765947463922203 ], [ 377974.926526301482227, 3948826.871171787381172 ] ] } },
{ "type": "Feature", "properties": { "from_node": 1180, "to_node": 1196, "u": 420158200.0, "v": 656134304.0, "key": 0.0, "index": 626.0, "osmid": "35939044", "highway": [ "residential" ], "lanes": null, "name": null, "oneway": "False", "ref": null, "reversed": "False", "length": 71.358206105930932, "maxspeed": null, "access": null, "bridge": null, "width": null, "length_m": 87.940975811263399, "building_count_50m": 76.0, "avg_building_area": 98.158992056309359, "poi_count_50m": 2.0, "highway_clean": [ "residential" ], "highway_rank": 2.0, "sinuosity": 1.0014265994130218, "poi_diversity": 0.0, "food_drink_count": 1.0, "street_furniture_count": 1.0, "degree_u": 6.0, "degree_v": 6.0, "avg_connectivity": 6.0, "city": "Tokyo", "cluster": 1.0, "typology": "Dense Local Street" }, "geometry": { "type": "LineString", "coordinates": [ [ 378086.673558173933998, 3948730.495824513956904 ], [ 378085.427413655386772, 3948728.737884877249599 ], [ 378060.471703318355139, 3948710.33142007747665 ], [ 378030.224838046182413, 3948686.972063386347145 ] ] } },
{ "type": "Feature", "properties": { "from_node": 1161, "to_node": 1199, "u": null, "v": null, "key": null, "index": null, "osmid": null, "highway": null, "lanes": null, "name": null, "oneway": null, "ref": null, "reversed": null, "length": null, "maxspeed": null, "access": null, "bridge": null, "width": null, "length_m": null, "building_count_50m": null, "avg_building_area": null, "poi_count_50m": null, "highway_clean": null, "highway_rank": null, "sinuosity": null, "poi_diversity": null, "food_drink_count": null, "street_furniture_count": null, "degree_u": null, "degree_v": null, "avg_connectivity": null, "city": null, "cluster": null, "typology": null }, "geometry": { "type": "LineString", "coordinates": [ [ 377998.813291053054854, 3948658.569951688405126 ], [ 377988.940007506229449, 3948668.656720442231745 ], [ 377986.508421010687016, 3948670.886694399639964 ], [ 377966.706129208498169, 3948681.719940483570099 ] ] } },
{ "type": "Feature", "properties": { "from_node": 1199, "to_node": 1201, "u": 420158286.0, "v": 420158287.0, "key": 0.0, "index": 630.0, "osmid": "35939080", "highway": [ "unclassified" ], "lanes": null, "name": null, "oneway": "False", "ref": null, "reversed": "False", "length": 33.85847480053603, "maxspeed": null, "access": null, "bridge": null, "width": null, "length_m": 41.726671012445152, "building_count_50m": 65.0, "avg_building_area": 103.05561769418841, "poi_count_50m": 2.0, "highway_clean": [ "unclassified" ], "highway_rank": 1.0, "sinuosity": 1.0000942137866853, "poi_diversity": 0.69314718055994529, "food_drink_count": 1.0, "street_furniture_count": 1.0, "degree_u": 6.0, "degree_v": 6.0, "avg_connectivity": 6.0, "city": "Tokyo", "cluster": 1.0, "typology": "Dense Local Street" }, "geometry": { "type": "LineString", "coordinates": [ [ 377966.706129208498169, 3948681.719940483570099 ], [ 377951.937027164793108, 3948689.266886122059077 ], [ 377936.743732195638586, 3948697.562976127490401 ] ] } },
{ "type": "Feature", "properties": { "from_node": 1199, "to_node": 1201, "u": 420158286.0, "v": 420158287.0, "key": 0.0, "index": 630.0, "osmid": "35939080", "highway": [ "unclassified" ], "lanes": null, "name": null, "oneway": "False", "ref": null, "reversed": "False", "length": 33.85847480053603, "maxspeed": null, "access": null, "bridge": null, "width": null, "length_m": 41.726671012445152, "building_count_50m": 65.0, "avg_building_area": 103.05561769418841, "poi_count_50m": 2.0, "highway_clean": [ "unclassified" ], "highway_rank": 1.0, "sinuosity": 1.0000942137866853, "poi_diversity": 0.69314718055994529, "food_drink_count": 1.0, "street_furniture_count": 1.0, "degree_u": 6.0, "degree_v": 6.0, "avg_connectivity": 6.0, "city": "Tokyo", "cluster": 1.0, "typology": "Dense Local Street" }, "geometry": { "type": "LineString", "coordinates": [ [ 377966.706129208498169, 3948681.719940483570099 ], [ 377951.937027164793108, 3948689.266886122059077 ], [ 377936.743732195638586, 3948697.562976127490401 ] ] } },
{ "type": "Feature", "properties": { "from_node": 1199, "to_node": 1208, "u": 420158286.0, "v": 420158382.0, "key": 0.0, "index": 632.0, "osmid": "35939113", "highway": [ "residential" ], "lanes": null, "name": null, "oneway": "False", "ref": null, "reversed": "False", "length": 116.23311649185938, "maxspeed": null, "access": null, "bridge": null, "width": null, "length_m": 143.24314959705777, "building_count_50m": 114.0, "avg_building_area": 80.489261611003229, "poi_count_50m": 2.0, "highway_clean": [ "residential" ], "highway_rank": 2.0, "sinuosity": 1.0017055175940714, "poi_diversity": 0.69314718055994529, "food_drink_count": 1.0, "street_furniture_count": 1.0, "degree_u": 6.0, "degree_v": 4.0, "avg_connectivity": 5.0, "city": "Tokyo", "cluster": 1.0, "typology": "Dense Local Street" }, "geometry": { "type": "LineString", "coordinates": [ [ 377966.706129208498169, 3948681.719940483570099 ], [ 377962.768054027575999, 3948677.735807011835277 ], [ 377953.20284965087194, 3948668.060079020448029 ], [ 377940.449219087662641, 3948655.599183314479887 ], [ 377917.318164619849995, 3948633.651269072201103 ], [ 377915.256055717007257, 3948631.804711752105504 ], [ 377903.213011878367979, 3948620.998198838438839 ], [ 377880.360790031903889, 3948604.205228865612298 ] ] } },
{ "type": "Feature", "properties": { "from_node": 1201, "to_node": 1215, "u": 420158287.0, "v": 420158706.0, "key": 0.0, "index": 635.0, "osmid": "35939201", "highway": [ "residential" ], "lanes": null, "name": null, "oneway": "False", "ref": null, "reversed": "True", "length": 99.054432253705158, "maxspeed": null, "access": null, "bridge": null, "width": null, "length_m": 122.07281582768447, "building_count_50m": 97.0, "avg_building_area": 106.10014728251458, "poi_count_50m": 1.0, "highway_clean": [ "residential" ], "highway_rank": 2.0, "sinuosity": 1.0016110840600003, "poi_diversity": 0.0, "food_drink_count": 1.0, "street_furniture_count": 1.0, "degree_u": 6.0, "degree_v": 4.0, "avg_connectivity": 5.0, "city": "Tokyo", "cluster": 1.0, "typology": "Dense Local Street" }, "geometry": { "type": "LineString", "coordinates": [ [ 377936.743732195638586, 3948697.562976127490401 ], [ 377934.119207307696342, 3948694.969749457668513 ], [ 377906.031967507966328, 3948668.064365926198661 ], [ 377894.543628627143335, 3948657.438844252377748 ], [ 377891.710461299109738, 3948654.815213274676353 ], [ 377878.701359271828551, 3948643.533869357313961 ], [ 377862.576712701935321, 3948632.140032197814435 ] ] } },
{ "type": "Feature", "properties": { "from_node": 1208, "to_node": 1304, "u": 420158382.0, "v": 5521979518.0, "key": 0.0, "index": 637.0, "osmid": "36724192", "highway": [ "residential" ], "lanes": null, "name": null, "oneway": "True", "ref": null, "reversed": "False", "length": 75.090004617146434, "maxspeed": null, "access": null, "bridge": null, "width": null, "length_m": 92.538576742269186, "building_count_50m": 54.0, "avg_building_area": 119.48431929752721, "poi_count_50m": 4.0, "highway_clean": [ "residential" ], "highway_rank": 2.0, "sinuosity": 1.0000000011180425, "poi_diversity": 0.0, "food_drink_count": 1.0, "street_furniture_count": 1.0, "degree_u": 4.0, "degree_v": 3.0, "avg_connectivity": 3.5, "city": "Tokyo", "cluster": 1.0, "typology": "Dense Local Street" }, "geometry": { "type": "LineString", "coordinates": [ [ 377880.360790031903889, 3948604.205228865612298 ], [ 377897.951161041564774, 3948581.931038059294224 ], [ 377904.037093943567015, 3948574.225912407971919 ], [ 377926.868222024175338, 3948545.312196580693126 ], [ 377932.527086949150544, 3948538.145466257818043 ] ] } },
{ "type": "Feature", "properties": { "from_node": 1218, "to_node": 1673, "u": 420159917.0, "v": 1178937980.0, "key": 0.0, "index": 641.0, "osmid": "35939389", "highway": [ "residential" ], "lanes": null, "name": null, "oneway": "False", "ref": null, "reversed": "True", "length": 67.229673637876772, "maxspeed": null, "access": null, "bridge": null, "width": null, "length_m": 82.85369190967829, "building_count_50m": 78.0, "avg_building_area": 111.95403867419277, "poi_count_50m": 1.0, "highway_clean": [ "residential" ], "highway_rank": 2.0, "sinuosity": 1.0000000130899425, "poi_diversity": 0.0, "food_drink_count": 1.0, "street_furniture_count": 1.0, "degree_u": 4.0, "degree_v": 6.0, "avg_connectivity": 5.0, "city": "Tokyo", "cluster": 1.0, "typology": "Dense Local Street" }, "geometry": { "type": "LineString", "coordinates": [ [ 377941.734640958020464, 3948807.890278232749552 ], [ 377957.872211491048802, 3948787.289134612306952 ], [ 377983.154852238250896, 3948754.991512038744986 ] ] } },
{ "type": "Feature", "properties": { "from_node": 1926, "to_node": 1926, "u": null, "v": null, "key": null, "index": null, "osmid": null, "highway": null, "lanes": null, "name": null, "oneway": null, "ref": null, "reversed": null, "length": null, "maxspeed": null, "access": null, "bridge": null, "width": null, "length_m": null, "building_count_50m": null, "avg_building_area": null, "poi_count_50m": null, "highway_clean": null, "highway_rank": null, "sinuosity": null, "poi_diversity": null, "food_drink_count": null, "street_furniture_count": null, "degree_u": null, "degree_v": null, "avg_connectivity": null, "city": null, "cluster": null, "typology": null }, "geometry": { "type": "LineString", "coordinates": [ [ 377832.199810750375036, 3948903.682458515278995 ], [ 377834.549301560269669, 3948923.807878158986568 ], [ 377860.325014305417426, 3948926.138402029871941 ], [ 377894.994786766648758, 3948928.18041078466922 ], [ 377903.907429684128147, 3948911.450343927834183 ], [ 377923.092623790143989, 3948895.932665818370879 ], [ 377918.127556792169344, 3948889.666210969444364 ], [ 377900.810892016626894, 3948875.149104161653668 ], [ 377897.407686343300156, 3948871.878760414663702 ], [ 377886.853261204087175, 3948863.326089364010841 ], [ 377838.541473571560346, 3948876.404028916265815 ], [ 377834.367940502124839, 3948886.90079418104142 ], [ 377832.306631988612935, 3948897.62369288271293 ], [ 377832.199810750375036, 3948903.682458515278995 ] ] } },
{ "type": "Feature", "properties": { "from_node": 1237, "to_node": 1236, "u": 420160653.0, "v": 420162816.0, "key": 0.0, "index": 645.0, "osmid": [ 35939080, 31905002, 35939576 ], "highway": "['residential' 'unclassified']", "lanes": null, "name": [ "宮前橋" ], "oneway": "False", "ref": null, "reversed": [ false, true ], "length": 143.44226731252368, "maxspeed": null, "access": null, "bridge": "yes", "width": null, "length_m": 176.77852338408579, "building_count_50m": 17.0, "avg_building_area": 114.67674081236346, "poi_count_50m": 4.0, "highway_clean": "['residential' 'unclassified']", "highway_rank": 1.0, "sinuosity": 1.0003262988628279, "poi_diversity": 1.0397207708399179, "food_drink_count": 1.0, "street_furniture_count": 1.0, "degree_u": 6.0, "degree_v": 8.0, "avg_connectivity": 7.0, "city": "Tokyo", "cluster": 3.0, "typology": "Local Mixed Street" }, "geometry": { "type": "LineString", "coordinates": [ [ 377794.408980558160692, 3948785.24147331668064 ], [ 377787.976856026740279, 3948788.158858473878354 ], [ 377712.12334654876031, 3948822.583741629961878 ], [ 377706.995636449195445, 3948824.906357397325337 ], [ 377705.205761257209815, 3948825.740840499289334 ], [ 377697.699558089370839, 3948829.538398989010602 ], [ 377695.521894355188124, 3948830.478065131232142 ], [ 377691.737501365016215, 3948832.405013251584023 ], [ 377682.451557054882869, 3948837.114589738659561 ], [ 377664.623501305875834, 3948846.645569751039147 ] ] } },
{ "type": "Feature", "properties": { "from_node": 1237, "to_node": 570, "u": 420160653.0, "v": 614596750.0, "key": 0.0, "index": 646.0, "osmid": "35939080", "highway": [ "unclassified" ], "lanes": null, "name": null, "oneway": "False", "ref": null, "reversed": "True", "length": 20.957946819549093, "maxspeed": null, "access": null, "bridge": null, "width": null, "length_m": 25.828516995150785, "building_count_50m": 21.0, "avg_building_area": 94.228452857601241, "poi_count_50m": 3.0, "highway_clean": [ "unclassified" ], "highway_rank": 1.0, "sinuosity": 1.0001714063600557, "poi_diversity": 0.63651416829481278, "food_drink_count": 1.0, "street_furniture_count": 1.0, "degree_u": 6.0, "degree_v": 6.0, "avg_connectivity": 6.0, "city": "Tokyo", "cluster": 3.0, "typology": "Local Mixed Street" }, "geometry": { "type": "LineString", "coordinates": [ [ 377794.408980558160692, 3948785.24147331668064 ], [ 377796.480195461248513, 3948784.458611003588885 ], [ 377813.60978851118125, 3948776.779103126842529 ] ] } },
{ "type": "Feature", "properties": { "from_node": 1237, "to_node": 584, "u": null, "v": null, "key": null, "index": null, "osmid": null, "highway": null, "lanes": null, "name": null, "oneway": null, "ref": null, "reversed": null, "length": null, "maxspeed": null, "access": null, "bridge": null, "width": null, "length_m": null, "building_count_50m": null, "avg_building_area": null, "poi_count_50m": null, "highway_clean": null, "highway_rank": null, "sinuosity": null, "poi_diversity": null, "food_drink_count": null, "street_furniture_count": null, "degree_u": null, "degree_v": null, "avg_connectivity": null, "city": null, "cluster": null, "typology": null }, "geometry": { "type": "LineString", "coordinates": [ [ 377794.408980558160692, 3948785.24147331668064 ], [ 377759.574309708841611, 3948693.574060252867639 ], [ 377737.096393895568326, 3948667.14675531629473 ], [ 377734.416212009615265, 3948655.246524507645518 ] ] } },
{ "type": "Feature", "properties": { "from_node": 1241, "to_node": 584, "u": null, "v": null, "key": null, "index": null, "osmid": null, "highway": null, "lanes": null, "name": null, "oneway": null, "ref": null, "reversed": null, "length": null, "maxspeed": null, "access": null, "bridge": null, "width": null, "length_m": null, "building_count_50m": null, "avg_building_area": null, "poi_count_50m": null, "highway_clean": null, "highway_rank": null, "sinuosity": null, "poi_diversity": null, "food_drink_count": null, "street_furniture_count": null, "degree_u": null, "degree_v": null, "avg_connectivity": null, "city": null, "cluster": null, "typology": null }, "geometry": { "type": "LineString", "coordinates": [ [ 377711.363001934427302, 3948612.674396374728531 ], [ 377729.136772906465922, 3948630.091489922255278 ], [ 377734.416212009615265, 3948655.246524507645518 ] ] } },
{ "type": "Feature", "properties": { "from_node": 1236, "to_node": 1247, "u": 420162816.0, "v": 7185295153.0, "key": 0.0, "index": 652.0, "osmid": "31022179", "highway": [ "residential" ], "lanes": null, "name": null, "oneway": "False", "ref": null, "reversed": "True", "length": 103.62870028463537, "maxspeed": null, "access": null, "bridge": null, "width": null, "length_m": 127.71194731949495, "building_count_50m": 22.0, "avg_building_area": 113.27918104140241, "poi_count_50m": 3.0, "highway_clean": [ "residential" ], "highway_rank": 2.0, "sinuosity": 1.0012092769728895, "poi_diversity": 1.0986122886681096, "food_drink_count": 1.0, "street_furniture_count": 1.0, "degree_u": 8.0, "degree_v": 6.0, "avg_connectivity": 7.0, "city": "Tokyo", "cluster": 3.0, "typology": "Local Mixed Street" }, "geometry": { "type": "LineString", "coordinates": [ [ 377664.623501305875834, 3948846.645569751039147 ], [ 377653.155457448330708, 3948813.166519254911691 ], [ 377647.156178204459138, 3948798.860226931516081 ], [ 377636.785922641400248, 3948774.119218817912042 ], [ 377628.168836719240062, 3948755.744207690004259 ], [ 377626.802253807487432, 3948750.504483455792069 ] ] } },
{ "type": "Feature", "properties": { "from_node": 1236, "to_node": 1247, "u": 420162816.0, "v": 7185295153.0, "key": 0.0, "index": 652.0, "osmid": "31022179", "highway": [ "residential" ], "lanes": null, "name": null, "oneway": "False", "ref": null, "reversed": "True", "length": 103.62870028463537, "maxspeed": null, "access": null, "bridge": null, "width": null, "length_m": 127.71194731949495, "building_count_50m": 22.0, "avg_building_area": 113.27918104140241, "poi_count_50m": 3.0, "highway_clean": [ "residential" ], "highway_rank": 2.0, "sinuosity": 1.0012092769728895, "poi_diversity": 1.0986122886681096, "food_drink_count": 1.0, "street_furniture_count": 1.0, "degree_u": 8.0, "degree_v": 6.0, "avg_connectivity": 7.0, "city": "Tokyo", "cluster": 3.0, "typology": "Local Mixed Street" }, "geometry": { "type": "LineString", "coordinates": [ [ 377664.623501305875834, 3948846.645569751039147 ], [ 377653.155457448330708, 3948813.166519254911691 ], [ 377647.156178204459138, 3948798.860226931516081 ], [ 377636.785922641400248, 3948774.119218817912042 ], [ 377628.168836719240062, 3948755.744207690004259 ], [ 377626.802253807487432, 3948750.504483455792069 ] ] } },
{ "type": "Feature", "properties": { "from_node": 1236, "to_node": 1252, "u": null, "v": null, "key": null, "index": null, "osmid": null, "highway": null, "lanes": null, "name": null, "oneway": null, "ref": null, "reversed": null, "length": null, "maxspeed": null, "access": null, "bridge": null, "width": null, "length_m": null, "building_count_50m": null, "avg_building_area": null, "poi_count_50m": null, "highway_clean": null, "highway_rank": null, "sinuosity": null, "poi_diversity": null, "food_drink_count": null, "street_furniture_count": null, "degree_u": null, "degree_v": null, "avg_connectivity": null, "city": null, "cluster": null, "typology": null }, "geometry": { "type": "LineString", "coordinates": [ [ 377664.623501305875834, 3948846.645569751039147 ], [ 377663.258082604326773, 3948847.407656414434314 ], [ 377622.717468713526614, 3948872.638657354284078 ], [ 377601.71316677093273, 3948882.890229672659189 ], [ 377582.99186706711771, 3948890.64755261875689 ], [ 377553.204943890159484, 3948903.361026287544519 ] ] } },
{ "type": "Feature", "properties": { "from_node": 1236, "to_node": 1507, "u": 420162816.0, "v": 561587169.0, "key": 0.0, "index": 654.0, "osmid": "35902992", "highway": [ "unclassified" ], "lanes": null, "name": null, "oneway": "False", "ref": null, "reversed": "False", "length": 34.006203349581298, "maxspeed": null, "access": null, "bridge": null, "width": null, "length_m": 41.909512104478409, "building_count_50m": 4.0, "avg_building_area": 190.99406465194136, "poi_count_50m": 3.0, "highway_clean": [ "unclassified" ], "highway_rank": 1.0, "sinuosity": 1.0007135116720556, "poi_diversity": 0.63651416829481278, "food_drink_count": 1.0, "street_furniture_count": 1.0, "degree_u": 8.0, "degree_v": 6.0, "avg_connectivity": 7.0, "city": "Tokyo", "cluster": 3.0, "typology": "Local Mixed Street" }, "geometry": { "type": "LineString", "coordinates": [ [ 377664.623501305875834, 3948846.645569751039147 ], [ 377665.75317478843499, 3948847.828170485328883 ], [ 377672.623391436645761, 3948855.04454276477918 ], [ 377679.771606296068057, 3948861.413953689392656 ], [ 377688.580713887349702, 3948870.733697257004678 ] ] } },
{ "type": "Feature", "properties": { "from_node": 684, "to_node": 1043, "u": 422897803.0, "v": 423870337.0, "key": 0.0, "index": 657.0, "osmid": "31093515", "highway": [ "secondary" ], "lanes": [ "2" ], "name": [ "瀬田貫井線" ], "oneway": "False", "ref": "427", "reversed": "True", "length": 61.154372020588369, "maxspeed": [ "30" ], "access": null, "bridge": null, "width": null, "length_m": 75.364164771589799, "building_count_50m": 62.0, "avg_building_area": 120.36262611462834, "poi_count_50m": 9.0, "highway_clean": [ "secondary" ], "highway_rank": 4.0, "sinuosity": 1.0000211347524079, "poi_diversity": 0.84868555772641718, "food_drink_count": 1.0, "street_furniture_count": 1.0, "degree_u": 6.0, "degree_v": 6.0, "avg_connectivity": 6.0, "city": "Tokyo", "cluster": 3.0, "typology": "Local Mixed Street" }, "geometry": { "type": "LineString", "coordinates": [ [ 377165.78538754733745, 3948548.007569609209895 ], [ 377164.954576555697713, 3948535.704732366837561 ], [ 377164.16870245692553, 3948524.033631230704486 ], [ 377162.173891770944465, 3948487.107151735108346 ] ] } },
{ "type": "Feature", "properties": { "from_node": 684, "to_node": 1260, "u": 422897803.0, "v": 448126720.0, "key": 0.0, "index": 658.0, "osmid": "35694078", "highway": [ "residential" ], "lanes": null, "name": null, "oneway": "False", "ref": null, "reversed": "False", "length": 121.14069508814754, "maxspeed": null, "access": null, "bridge": null, "width": null, "length_m": 149.28995080702163, "building_count_50m": 100.0, "avg_building_area": 109.15576047604566, "poi_count_50m": 3.0, "highway_clean": [ "residential" ], "highway_rank": 2.0, "sinuosity": 1.0037682315703009, "poi_diversity": 0.0, "food_drink_count": 1.0, "street_furniture_count": 1.0, "degree_u": 6.0, "degree_v": 2.0, "avg_connectivity": 4.0, "city": "Tokyo", "cluster": 1.0, "typology": "Dense Local Street" }, "geometry": { "type": "LineString", "coordinates": [ [ 377165.78538754733745, 3948548.007569609209895 ], [ 377125.854438993730582, 3948574.13101341901347 ], [ 377078.786174623644911, 3948607.797395762987435 ], [ 377068.529872473096475, 3948619.576806859113276 ] ] } },
{ "type": "Feature", "properties": { "from_node": 1043, "to_node": 1056, "u": 423870337.0, "v": 1180513927.0, "key": 0.0, "index": 660.0, "osmid": "31093515", "highway": [ "secondary" ], "lanes": [ "2" ], "name": [ "瀬田貫井線" ], "oneway": "False", "ref": "427", "reversed": "True", "length": 76.446953253657611, "maxspeed": [ "30" ], "access": null, "bridge": null, "width": null, "length_m": 94.209391892698321, "building_count_50m": 49.0, "avg_building_area": 130.88119230457562, "poi_count_50m": 6.0, "highway_clean": [ "secondary" ], "highway_rank": 4.0, "sinuosity": 1.0004671523147495, "poi_diversity": 1.0114042647073516, "food_drink_count": 1.0, "street_furniture_count": 1.0, "degree_u": 6.0, "degree_v": 6.0, "avg_connectivity": 6.0, "city": "Tokyo", "cluster": 3.0, "typology": "Local Mixed Street" }, "geometry": { "type": "LineString", "coordinates": [ [ 377162.173891770944465, 3948487.107151735108346 ], [ 377160.06721199786989, 3948452.567425056360662 ], [ 377159.886520984233357, 3948451.283020303584635 ], [ 377155.799691659049131, 3948418.223967019934207 ], [ 377155.313187301682774, 3948411.186013799160719 ] ] } },
{ "type": "Feature", "properties": { "from_node": 1270, "to_node": 2200, "u": 426857530.0, "v": 426857642.0, "key": 0.0, "index": 673.0, "osmid": "36723414", "highway": [ "residential" ], "lanes": null, "name": null, "oneway": "False", "ref": null, "reversed": "True", "length": 11.619671404780101, "maxspeed": null, "access": null, "bridge": null, "width": null, "length_m": 14.321269644142317, "building_count_50m": 35.0, "avg_building_area": 153.01368093344649, "poi_count_50m": 1.0, "highway_clean": [ "residential" ], "highway_rank": 2.0, "sinuosity": 1.0296492649936351, "poi_diversity": 0.0, "food_drink_count": 1.0, "street_furniture_count": 1.0, "degree_u": 6.0, "degree_v": 2.0, "avg_connectivity": 4.0, "city": "Tokyo", "cluster": 1.0, "typology": "Dense Local Street" }, "geometry": { "type": "LineString", "coordinates": [ [ 377501.41344735288294, 3949532.814473639708012 ], [ 377503.548061923123896, 3949536.645755521021783 ], [ 377503.620288832695223, 3949543.855846419930458 ] ] } },
{ "type": "Feature", "properties": { "from_node": 1070, "to_node": 921, "u": null, "v": null, "key": null, "index": null, "osmid": null, "highway": null, "lanes": null, "name": null, "oneway": null, "ref": null, "reversed": null, "length": null, "maxspeed": null, "access": null, "bridge": null, "width": null, "length_m": null, "building_count_50m": null, "avg_building_area": null, "poi_count_50m": null, "highway_clean": null, "highway_rank": null, "sinuosity": null, "poi_diversity": null, "food_drink_count": null, "street_furniture_count": null, "degree_u": null, "degree_v": null, "avg_connectivity": null, "city": null, "cluster": null, "typology": null }, "geometry": { "type": "LineString", "coordinates": [ [ 377599.70779605145799, 3949075.797510921489447 ], [ 377572.104279821971431, 3949079.406016663182527 ], [ 377544.455532253603451, 3949083.015232133213431 ], [ 377520.467244489351287, 3949088.193813693709671 ], [ 377507.696868537692353, 3949090.943595049902797 ], [ 377489.567888014425989, 3949095.00977661088109 ] ] } },
{ "type": "Feature", "properties": { "from_node": 1070, "to_node": 181, "u": null, "v": null, "key": null, "index": null, "osmid": null, "highway": null, "lanes": null, "name": null, "oneway": null, "ref": null, "reversed": null, "length": null, "maxspeed": null, "access": null, "bridge": null, "width": null, "length_m": null, "building_count_50m": null, "avg_building_area": null, "poi_count_50m": null, "highway_clean": null, "highway_rank": null, "sinuosity": null, "poi_diversity": null, "food_drink_count": null, "street_furniture_count": null, "degree_u": null, "degree_v": null, "avg_connectivity": null, "city": null, "cluster": null, "typology": null }, "geometry": { "type": "LineString", "coordinates": [ [ 377599.70779605145799, 3949075.797510921489447 ], [ 377608.848219156148843, 3949109.186517574358732 ], [ 377617.216585189220496, 3949139.757201541215181 ], [ 377642.863267470325809, 3949192.58858138974756 ] ] } },
{ "type": "Feature", "properties": { "from_node": 1070, "to_node": 1279, "u": 426858475.0, "v": 433738996.0, "key": 0.0, "index": 679.0, "osmid": "36723596", "highway": [ "residential" ], "lanes": null, "name": null, "oneway": "False", "ref": null, "reversed": "True", "length": 81.334587764226086, "maxspeed": null, "access": null, "bridge": null, "width": null, "length_m": 100.23938603156614, "building_count_50m": 46.0, "avg_building_area": 178.44122374244549, "poi_count_50m": 4.0, "highway_clean": [ "residential" ], "highway_rank": 2.0, "sinuosity": 1.0000014675278459, "poi_diversity": 0.0, "food_drink_count": 1.0, "street_furniture_count": 1.0, "degree_u": 8.0, "degree_v": 8.0, "avg_connectivity": 8.0, "city": "Tokyo", "cluster": 1.0, "typology": "Dense Local Street" }, "geometry": { "type": "LineString", "coordinates": [ [ 377599.70779605145799, 3949075.797510921489447 ], [ 377589.009961842384655, 3949036.461406898219138 ], [ 377578.542725992505439, 3948997.443863385356963 ] ] } },
{ "type": "Feature", "properties": { "from_node": 1070, "to_node": 1279, "u": 426858475.0, "v": 433738996.0, "key": 0.0, "index": 679.0, "osmid": "36723596", "highway": [ "residential" ], "lanes": null, "name": null, "oneway": "False", "ref": null, "reversed": "True", "length": 81.334587764226086, "maxspeed": null, "access": null, "bridge": null, "width": null, "length_m": 100.23938603156614, "building_count_50m": 46.0, "avg_building_area": 178.44122374244549, "poi_count_50m": 4.0, "highway_clean": [ "residential" ], "highway_rank": 2.0, "sinuosity": 1.0000014675278459, "poi_diversity": 0.0, "food_drink_count": 1.0, "street_furniture_count": 1.0, "degree_u": 8.0, "degree_v": 8.0, "avg_connectivity": 8.0, "city": "Tokyo", "cluster": 1.0, "typology": "Dense Local Street" }, "geometry": { "type": "LineString", "coordinates": [ [ 377599.70779605145799, 3949075.797510921489447 ], [ 377589.009961842384655, 3949036.461406898219138 ], [ 377578.542725992505439, 3948997.443863385356963 ] ] } },
{ "type": "Feature", "properties": { "from_node": 1282, "to_node": 1281, "u": 426860306.0, "v": 1177181849.0, "key": 0.0, "index": 685.0, "osmid": "51395216", "highway": [ "residential" ], "lanes": null, "name": null, "oneway": "False", "ref": null, "reversed": "False", "length": 64.378376629312086, "maxspeed": null, "access": null, "bridge": null, "width": null, "length_m": 79.342442480283808, "building_count_50m": 71.0, "avg_building_area": 105.19285233536517, "poi_count_50m": 1.0, "highway_clean": [ "residential" ], "highway_rank": 2.0, "sinuosity": 1.000002585153023, "poi_diversity": 0.0, "food_drink_count": 1.0, "street_furniture_count": 1.0, "degree_u": 6.0, "degree_v": 6.0, "avg_connectivity": 6.0, "city": "Tokyo", "cluster": 1.0, "typology": "Dense Local Street" }, "geometry": { "type": "LineString", "coordinates": [ [ 378026.612560167559423, 3949063.616556787397712 ], [ 378000.209126793022733, 3949079.488255608361214 ], [ 377971.465043870150112, 3949096.945323979016393 ] ] } },
{ "type": "Feature", "properties": { "from_node": 1282, "to_node": 1687, "u": null, "v": null, "key": null, "index": null, "osmid": null, "highway": null, "lanes": null, "name": null, "oneway": null, "ref": null, "reversed": null, "length": null, "maxspeed": null, "access": null, "bridge": null, "width": null, "length_m": null, "building_count_50m": null, "avg_building_area": null, "poi_count_50m": null, "highway_clean": null, "highway_rank": null, "sinuosity": null, "poi_diversity": null, "food_drink_count": null, "street_furniture_count": null, "degree_u": null, "degree_v": null, "avg_connectivity": null, "city": null, "cluster": null, "typology": null }, "geometry": { "type": "LineString", "coordinates": [ [ 378026.612560167559423, 3949063.616556787397712 ], [ 378046.508725087507628, 3949052.427112117875367 ], [ 378067.510386196139734, 3949049.89801181294024 ], [ 378081.748985028069001, 3949049.247847777791321 ] ] } },
{ "type": "Feature", "properties": { "from_node": 1285, "to_node": 1579, "u": 426860307.0, "v": 597012253.0, "key": 0.0, "index": 688.0, "osmid": "32125133", "highway": [ "unclassified" ], "lanes": null, "name": null, "oneway": "False", "ref": null, "reversed": "False", "length": 34.154081670426578, "maxspeed": null, "access": null, "bridge": null, "width": null, "length_m": 42.092381913062923, "building_count_50m": 68.0, "avg_building_area": 81.546086433584946, "poi_count_50m": 2.0, "highway_clean": [ "unclassified" ], "highway_rank": 1.0, "sinuosity": 1.0000047130402927, "poi_diversity": 0.69314718055994529, "food_drink_count": 1.0, "street_furniture_count": 1.0, "degree_u": 5.0, "degree_v": 6.0, "avg_connectivity": 5.5, "city": "Tokyo", "cluster": 1.0, "typology": "Dense Local Street" }, "geometry": { "type": "LineString", "coordinates": [ [ 378023.007356594491284, 3948993.507927614729851 ], [ 378047.368198919575661, 3948979.162016492336988 ], [ 378052.440756820316892, 3948976.119246791116893 ] ] } },
{ "type": "Feature", "properties": { "from_node": 1285, "to_node": 1291, "u": null, "v": null, "key": null, "index": null, "osmid": null, "highway": null, "lanes": null, "name": null, "oneway": null, "ref": null, "reversed": null, "length": null, "maxspeed": null, "access": null, "bridge": null, "width": null, "length_m": null, "building_count_50m": null, "avg_building_area": null, "poi_count_50m": null, "highway_clean": null, "highway_rank": null, "sinuosity": null, "poi_diversity": null, "food_drink_count": null, "street_furniture_count": null, "degree_u": null, "degree_v": null, "avg_connectivity": null, "city": null, "cluster": null, "typology": null }, "geometry": { "type": "LineString", "coordinates": [ [ 378023.007356594491284, 3948993.507927614729851 ], [ 378018.716012329794466, 3948988.175160684157163 ], [ 378008.543082657270133, 3948979.040233596228063 ], [ 377997.274825021042489, 3948969.243620621971786 ], [ 377989.954992494138423, 3948958.261240883264691 ], [ 377980.398270153149497, 3948945.223911047447473 ] ] } },
{ "type": "Feature", "properties": { "from_node": 1292, "to_node": 1146, "u": 426863186.0, "v": 614597711.0, "key": 0.0, "index": 690.0, "osmid": "174879460", "highway": [ "secondary" ], "lanes": null, "name": [ "角筈和泉町線" ], "oneway": "False", "ref": "431", "reversed": "False", "length": 47.086927574074792, "maxspeed": [ "30" ], "access": null, "bridge": null, "width": null, "length_m": 58.027602250788306, "building_count_50m": 43.0, "avg_building_area": 111.792975876513, "poi_count_50m": 6.0, "highway_clean": [ "secondary" ], "highway_rank": 4.0, "sinuosity": 1.0000251841346426, "poi_diversity": 1.0114042647073516, "food_drink_count": 1.0, "street_furniture_count": 1.0, "degree_u": 6.0, "degree_v": 6.0, "avg_connectivity": 6.0, "city": "Tokyo", "cluster": 3.0, "typology": "Local Mixed Street" }, "geometry": { "type": "LineString", "coordinates": [ [ 377999.683965870877728, 3948442.991712775081396 ], [ 378008.101123012893368, 3948442.876209979411215 ], [ 378037.309194933855906, 3948441.920773081481457 ], [ 378046.846661786315963, 3948441.645716930739582 ] ] } },
{ "type": "Feature", "properties": { "from_node": 1292, "to_node": 54, "u": null, "v": null, "key": null, "index": null, "osmid": null, "highway": null, "lanes": null, "name": null, "oneway": null, "ref": null, "reversed": null, "length": null, "maxspeed": null, "access": null, "bridge": null, "width": null, "length_m": null, "building_count_50m": null, "avg_building_area": null, "poi_count_50m": null, "highway_clean": null, "highway_rank": null, "sinuosity": null, "poi_diversity": null, "food_drink_count": null, "street_furniture_count": null, "degree_u": null, "degree_v": null, "avg_connectivity": null, "city": null, "cluster": null, "typology": null }, "geometry": { "type": "LineString", "coordinates": [ [ 377999.683965870877728, 3948442.991712775081396 ], [ 377992.102061393205076, 3948443.284357705619186 ], [ 377976.083071777771693, 3948443.559680546633899 ], [ 377969.522274740971625, 3948441.741575657855719 ], [ 377958.261312374437694, 3948437.802489797119051 ] ] } },
{ "type": "Feature", "properties": { "from_node": 1292, "to_node": 1653, "u": 426863186.0, "v": 1178938414.0, "key": 0.0, "index": 692.0, "osmid": "1334061141", "highway": [ "residential" ], "lanes": null, "name": null, "oneway": "False", "ref": null, "reversed": "False", "length": 32.773145766277253, "maxspeed": null, "access": null, "bridge": null, "width": null, "length_m": 40.38808073480569, "building_count_50m": 30.0, "avg_building_area": 136.90655877431661, "poi_count_50m": 4.0, "highway_clean": [ "residential" ], "highway_rank": 2.0, "sinuosity": 1.0000000005479526, "poi_diversity": 1.0397207708399179, "food_drink_count": 1.0, "street_furniture_count": 1.0, "degree_u": 6.0, "degree_v": 6.0, "avg_connectivity": 6.0, "city": "Tokyo", "cluster": 3.0, "typology": "Local Mixed Street" }, "geometry": { "type": "LineString", "coordinates": [ [ 377999.683965870877728, 3948442.991712775081396 ], [ 378000.068849026341923, 3948447.29087795689702 ], [ 378002.602149305748753, 3948475.556743434630334 ] ] } },
{ "type": "Feature", "properties": { "from_node": 54, "to_node": 1301, "u": 426864300.0, "v": 2331333450.0, "key": 0.0, "index": 693.0, "osmid": "275655294", "highway": [ "secondary" ], "lanes": [ "2" ], "name": [ "井ノ頭通り" ], "oneway": "False", "ref": "413", "reversed": "False", "length": 28.72408353317012, "maxspeed": [ "40" ], "access": null, "bridge": null, "width": null, "length_m": 35.398140036252578, "building_count_50m": 25.0, "avg_building_area": 188.85812423420768, "poi_count_50m": 5.0, "highway_clean": [ "secondary" ], "highway_rank": 4.0, "sinuosity": 1.0000000522728878, "poi_diversity": 1.3321790402101223, "food_drink_count": 1.0, "street_furniture_count": 1.0, "degree_u": 10.0, "degree_v": 6.0, "avg_connectivity": 8.0, "city": "Tokyo", "cluster": 3.0, "typology": "Local Mixed Street" }, "geometry": { "type": "LineString", "coordinates": [ [ 377958.261312374437694, 3948437.802489797119051 ], [ 377948.899278013384901, 3948441.625292471144348 ], [ 377943.39009093050845, 3948443.875338800251484 ], [ 377931.633679144782946, 3948448.685111957602203 ] ] } },
{ "type": "Feature", "properties": { "from_node": 54, "to_node": 1304, "u": null, "v": null, "key": null, "index": null, "osmid": null, "highway": null, "lanes": null, "name": null, "oneway": null, "ref": null, "reversed": null, "length": null, "maxspeed": null, "access": null, "bridge": null, "width": null, "length_m": null, "building_count_50m": null, "avg_building_area": null, "poi_count_50m": null, "highway_clean": null, "highway_rank": null, "sinuosity": null, "poi_diversity": null, "food_drink_count": null, "street_furniture_count": null, "degree_u": null, "degree_v": null, "avg_connectivity": null, "city": null, "cluster": null, "typology": null }, "geometry": { "type": "LineString", "coordinates": [ [ 377958.261312374437694, 3948437.802489797119051 ], [ 377958.42230324074626, 3948447.551850614603609 ], [ 377958.535179269092623, 3948453.796187837608159 ], [ 377959.384306958701927, 3948501.144551811739802 ], [ 377932.527086949150544, 3948538.145466257818043 ] ] } },
{ "type": "Feature", "properties": { "from_node": 1306, "to_node": 2114, "u": 426864860.0, "v": 2203282754.0, "key": 0.0, "index": 700.0, "osmid": "662642238", "highway": [ "residential" ], "lanes": null, "name": null, "oneway": "False", "ref": null, "reversed": "False", "length": 52.808903754895816, "maxspeed": null, "access": null, "bridge": null, "width": null, "length_m": 65.077876959528552, "building_count_50m": 25.0, "avg_building_area": 220.38845287438545, "poi_count_50m": 6.0, "highway_clean": [ "residential" ], "highway_rank": 2.0, "sinuosity": 1.0002898643908669, "poi_diversity": 0.63651416829481278, "food_drink_count": 1.0, "street_furniture_count": 1.0, "degree_u": 6.0, "degree_v": 4.0, "avg_connectivity": 5.0, "city": "Tokyo", "cluster": 3.0, "typology": "Local Mixed Street" }, "geometry": { "type": "LineString", "coordinates": [ [ 377997.390274530276656, 3948304.870428097900003 ], [ 377998.339805376832373, 3948289.625428732484579 ], [ 377999.521163080411498, 3948274.122088382951915 ], [ 378001.507437232357915, 3948257.243150229565799 ], [ 378002.074793636216782, 3948252.40950482385233 ] ] } },
{ "type": "Feature", "properties": { "from_node": 1315, "to_node": 1317, "u": 428421438.0, "v": 443389584.0, "key": 0.0, "index": 707.0, "osmid": "31093515", "highway": [ "secondary" ], "lanes": [ "2" ], "name": [ "瀬田貫井線" ], "oneway": "False", "ref": "427", "reversed": "True", "length": 40.318861922358835, "maxspeed": [ "30" ], "access": null, "bridge": null, "width": null, "length_m": 49.685966011771477, "building_count_50m": 48.0, "avg_building_area": 110.14557586481514, "poi_count_50m": 3.0, "highway_clean": [ "secondary" ], "highway_rank": 4.0, "sinuosity": 1.0001289089013927, "poi_diversity": 0.63651416829481278, "food_drink_count": 1.0, "street_furniture_count": 1.0, "degree_u": 6.0, "degree_v": 6.0, "avg_connectivity": 6.0, "city": "Tokyo", "cluster": 3.0, "typology": "Local Mixed Street" }, "geometry": { "type": "LineString", "coordinates": [ [ 377134.416522365645505, 3948294.988019037991762 ], [ 377129.775055279140361, 3948270.933858220465481 ], [ 377126.286012491269503, 3948255.59473202098161 ] ] } },
{ "type": "Feature", "properties": { "from_node": 1319, "to_node": 1323, "u": 428421464.0, "v": 443388893.0, "key": 0.0, "index": 710.0, "osmid": "36851809", "highway": [ "residential" ], "lanes": null, "name": null, "oneway": "False", "ref": null, "reversed": "False", "length": 52.207549986179487, "maxspeed": null, "access": null, "bridge": null, "width": null, "length_m": 64.336785649467217, "building_count_50m": 58.0, "avg_building_area": 107.92444054331177, "poi_count_50m": 1.0, "highway_clean": [ "residential" ], "highway_rank": 2.0, "sinuosity": 1.0014553771273196, "poi_diversity": 0.0, "food_drink_count": 1.0, "street_furniture_count": 1.0, "degree_u": 6.0, "degree_v": 6.0, "avg_connectivity": 6.0, "city": "Tokyo", "cluster": 1.0, "typology": "Dense Local Street" }, "geometry": { "type": "LineString", "coordinates": [ [ 377197.308664618059993, 3948284.112346142530441 ], [ 377224.207576141459867, 3948285.027752221561968 ], [ 377249.350850298535079, 3948288.607843240257353 ] ] } },
{ "type": "Feature", "properties": { "from_node": 1324, "to_node": 1323, "u": 428421467.0, "v": 443388893.0, "key": 0.0, "index": 712.0, "osmid": "36851809", "highway": [ "residential" ], "lanes": null, "name": null, "oneway": "False", "ref": null, "reversed": "True", "length": 70.825696327332764, "maxspeed": null, "access": null, "bridge": null, "width": null, "length_m": 87.280598578447268, "building_count_50m": 59.0, "avg_building_area": 116.33122260307584, "poi_count_50m": 1.0, "highway_clean": [ "residential" ], "highway_rank": 2.0, "sinuosity": 1.0011632560672989, "poi_diversity": 0.0, "food_drink_count": 1.0, "street_furniture_count": 1.0, "degree_u": 6.0, "degree_v": 6.0, "avg_connectivity": 6.0, "city": "Tokyo", "cluster": 1.0, "typology": "Dense Local Street" }, "geometry": { "type": "LineString", "coordinates": [ [ 377314.637364894617349, 3948316.096170167438686 ], [ 377293.199424683582038, 3948305.497746147681028 ], [ 377269.546093503944576, 3948295.739813090767711 ], [ 377249.350850298535079, 3948288.607843240257353 ] ] } },
{ "type": "Feature", "properties": { "from_node": 1324, "to_node": 1327, "u": null, "v": null, "key": null, "index": null, "osmid": null, "highway": null, "lanes": null, "name": null, "oneway": null, "ref": null, "reversed": null, "length": null, "maxspeed": null, "access": null, "bridge": null, "width": null, "length_m": null, "building_count_50m": null, "avg_building_area": null, "poi_count_50m": null, "highway_clean": null, "highway_rank": null, "sinuosity": null, "poi_diversity": null, "food_drink_count": null, "street_furniture_count": null, "degree_u": null, "degree_v": null, "avg_connectivity": null, "city": null, "cluster": null, "typology": null }, "geometry": { "type": "LineString", "coordinates": [ [ 377314.637364894617349, 3948316.096170167438686 ], [ 377320.867323079612106, 3948299.824105846229941 ], [ 377326.884654081601184, 3948284.542343986220658 ], [ 377294.017131000640802, 3948266.358035475946963 ], [ 377258.101332460879348, 3948247.051058457233012 ] ] } },
{ "type": "Feature", "properties": { "from_node": 1328, "to_node": 425, "u": 428421872.0, "v": 7206077771.0, "key": 0.0, "index": 725.0, "osmid": "36237010", "highway": [ "unclassified" ], "lanes": null, "name": null, "oneway": "False", "ref": null, "reversed": "True", "length": 34.668616806531823, "maxspeed": null, "access": null, "bridge": null, "width": null, "length_m": 42.724326846576645, "building_count_50m": 36.0, "avg_building_area": 145.95833799802236, "poi_count_50m": 1.0, "highway_clean": [ "unclassified" ], "highway_rank": 1.0, "sinuosity": 1.0033606827370058, "poi_diversity": 0.0, "food_drink_count": 1.0, "street_furniture_count": 1.0, "degree_u": 6.0, "degree_v": 6.0, "avg_connectivity": 6.0, "city": "Tokyo", "cluster": 1.0, "typology": "Dense Local Street" }, "geometry": { "type": "LineString", "coordinates": [ [ 377309.115334511443507, 3948535.189520266838372 ], [ 377332.116177220072132, 3948545.599988115951419 ], [ 377339.876214536139742, 3948551.006619232706726 ] ] } },
{ "type": "Feature", "properties": { "from_node": 1334, "to_node": 551, "u": 433730332.0, "v": 433730357.0, "key": 0.0, "index": 729.0, "osmid": "37236704", "highway": [ "residential" ], "lanes": null, "name": null, "oneway": "False", "ref": null, "reversed": "False", "length": 118.15869920901834, "maxspeed": null, "access": null, "bridge": null, "width": null, "length_m": 145.62614998345381, "building_count_50m": 95.0, "avg_building_area": 106.39536374609928, "poi_count_50m": 1.0, "highway_clean": [ "residential" ], "highway_rank": 2.0, "sinuosity": 1.0000013274736954, "poi_diversity": 0.0, "food_drink_count": 1.0, "street_furniture_count": 1.0, "degree_u": 6.0, "degree_v": 6.0, "avg_connectivity": 6.0, "city": "Tokyo", "cluster": 1.0, "typology": "Dense Local Street" }, "geometry": { "type": "LineString", "coordinates": [ [ 377265.413408328546211, 3949258.510080344974995 ], [ 377229.056623761716764, 3949257.459050289355218 ], [ 377222.6539021533099, 3949257.225768806878477 ], [ 377201.246914971387014, 3949256.578519210219383 ], [ 377150.074652276642155, 3949255.022503162268549 ], [ 377147.068244677095208, 3949254.930930454749614 ] ] } },
{ "type": "Feature", "properties": { "from_node": 1334, "to_node": 1030, "u": 433730332.0, "v": 7187090399.0, "key": 0.0, "index": 730.0, "osmid": "102270575", "highway": [ "secondary" ], "lanes": null, "name": [ "瀬田貫井線" ], "oneway": "False", "ref": "427", "reversed": "False", "length": 53.707484582589245, "maxspeed": null, "access": null, "bridge": null, "width": null, "length_m": 66.192273870962751, "building_count_50m": 61.0, "avg_building_area": 129.92313312015401, "poi_count_50m": 1.0, "highway_clean": [ "secondary" ], "highway_rank": 4.0, "sinuosity": 1.000801658901801, "poi_diversity": 0.0, "food_drink_count": 1.0, "street_furniture_count": 1.0, "degree_u": 6.0, "degree_v": 6.0, "avg_connectivity": 6.0, "city": "Tokyo", "cluster": 1.0, "typology": "Dense Local Street" }, "geometry": { "type": "LineString", "coordinates": [ [ 377265.413408328546211, 3949258.510080344974995 ], [ 377268.182098992052488, 3949226.310382658150047 ], [ 377268.847545196535066, 3949224.026926749385893 ], [ 377270.778635881841183, 3949205.240332347340882 ] ] } },
{ "type": "Feature", "properties": { "from_node": 1334, "to_node": 1020, "u": 433730332.0, "v": 1180573589.0, "key": 0.0, "index": 731.0, "osmid": "102270575", "highway": [ "secondary" ], "lanes": null, "name": [ "瀬田貫井線" ], "oneway": "False", "ref": "427", "reversed": "True", "length": 43.658721487103008, "maxspeed": null, "access": null, "bridge": null, "width": null, "length_m": 53.807878612195658, "building_count_50m": 61.0, "avg_building_area": 108.17706162606355, "poi_count_50m": 3.0, "highway_clean": [ "secondary" ], "highway_rank": 4.0, "sinuosity": 1.000000196446948, "poi_diversity": 0.0, "food_drink_count": 1.0, "street_furniture_count": 1.0, "degree_u": 6.0, "degree_v": 6.0, "avg_connectivity": 6.0, "city": "Tokyo", "cluster": 1.0, "typology": "Dense Local Street" }, "geometry": { "type": "LineString", "coordinates": [ [ 377265.413408328546211, 3949258.510080344974995 ], [ 377264.369528725394048, 3949270.09552328614518 ], [ 377261.459458845027257, 3949301.886700354982167 ] ] } },
{ "type": "Feature", "properties": { "from_node": 1338, "to_node": 978, "u": 433731226.0, "v": 1180573520.0, "key": 0.0, "index": 741.0, "osmid": "37236844", "highway": [ "residential" ], "lanes": null, "name": null, "oneway": "False", "ref": null, "reversed": "False", "length": 35.457588901378585, "maxspeed": null, "access": null, "bridge": null, "width": null, "length_m": 43.701324168943358, "building_count_50m": 42.0, "avg_building_area": 120.32319397213257, "poi_count_50m": 2.0, "highway_clean": [ "residential" ], "highway_rank": 2.0, "sinuosity": 1.0000317120077442, "poi_diversity": 0.69314718055994529, "food_drink_count": 1.0, "street_furniture_count": 1.0, "degree_u": 2.0, "degree_v": 6.0, "avg_connectivity": 4.0, "city": "Tokyo", "cluster": 3.0, "typology": "Local Mixed Street" }, "geometry": { "type": "LineString", "coordinates": [ [ 377294.554238419863395, 3949498.070656372234225 ], [ 377317.97392856242368, 3949493.098952983040363 ], [ 377329.261365905054845, 3949490.502468429971486 ] ] } },
{ "type": "Feature", "properties": { "from_node": 196, "to_node": 1018, "u": null, "v": null, "key": null, "index": null, "osmid": null, "highway": null, "lanes": null, "name": null, "oneway": null, "ref": null, "reversed": null, "length": null, "maxspeed": null, "access": null, "bridge": null, "width": null, "length_m": null, "building_count_50m": null, "avg_building_area": null, "poi_count_50m": null, "highway_clean": null, "highway_rank": null, "sinuosity": null, "poi_diversity": null, "food_drink_count": null, "street_furniture_count": null, "degree_u": null, "degree_v": null, "avg_connectivity": null, "city": null, "cluster": null, "typology": null }, "geometry": { "type": "LineString", "coordinates": [ [ 377386.896565355476923, 3949392.457261041272432 ], [ 377375.517017317004502, 3949368.706727914512157 ], [ 377356.049429356877226, 3949347.22004599776119 ], [ 377346.674552375043277, 3949338.219069100916386 ] ] } },
{ "type": "Feature", "properties": { "from_node": 1018, "to_node": 194, "u": null, "v": null, "key": null, "index": null, "osmid": null, "highway": null, "lanes": null, "name": null, "oneway": null, "ref": null, "reversed": null, "length": null, "maxspeed": null, "access": null, "bridge": null, "width": null, "length_m": null, "building_count_50m": null, "avg_building_area": null, "poi_count_50m": null, "highway_clean": null, "highway_rank": null, "sinuosity": null, "poi_diversity": null, "food_drink_count": null, "street_furniture_count": null, "degree_u": null, "degree_v": null, "avg_connectivity": null, "city": null, "cluster": null, "typology": null }, "geometry": { "type": "LineString", "coordinates": [ [ 377346.674552375043277, 3949338.219069100916386 ], [ 377340.660251460969448, 3949349.728873828426003 ], [ 377332.007513162796386, 3949357.636271980591118 ], [ 377315.679266018792987, 3949368.83360194414854 ] ] } },
{ "type": "Feature", "properties": { "from_node": 202, "to_node": 1453, "u": 433731489.0, "v": 485608691.0, "key": 0.0, "index": 749.0, "osmid": "37236862", "highway": [ "unclassified" ], "lanes": null, "name": null, "oneway": "False", "ref": null, "reversed": "False", "length": 58.163868542325687, "maxspeed": null, "access": null, "bridge": null, "width": null, "length_m": 71.68496434396144, "building_count_50m": 68.0, "avg_building_area": 121.88901260457182, "poi_count_50m": 10.0, "highway_clean": [ "unclassified" ], "highway_rank": 1.0, "sinuosity": 1.0002843440450582, "poi_diversity": 0.95027053923323468, "food_drink_count": 2.0, "street_furniture_count": 1.0, "degree_u": 6.0, "degree_v": 4.0, "avg_connectivity": 5.0, "city": "Tokyo", "cluster": 3.0, "typology": "Local Mixed Street" }, "geometry": { "type": "LineString", "coordinates": [ [ 377411.222634392150212, 3949288.459538830909878 ], [ 377424.488092410785612, 3949282.907094960100949 ], [ 377441.474390866234899, 3949274.773935865610838 ], [ 377459.276612455956638, 3949266.074862311128527 ], [ 377463.961017410387285, 3949263.79148291843012 ] ] } },
{ "type": "Feature", "properties": { "from_node": 1348, "to_node": 1353, "u": null, "v": null, "key": null, "index": null, "osmid": null, "highway": null, "lanes": null, "name": null, "oneway": null, "ref": null, "reversed": null, "length": null, "maxspeed": null, "access": null, "bridge": null, "width": null, "length_m": null, "building_count_50m": null, "avg_building_area": null, "poi_count_50m": null, "highway_clean": null, "highway_rank": null, "sinuosity": null, "poi_diversity": null, "food_drink_count": null, "street_furniture_count": null, "degree_u": null, "degree_v": null, "avg_connectivity": null, "city": null, "cluster": null, "typology": null }, "geometry": { "type": "LineString", "coordinates": [ [ 377831.775350187090226, 3949353.548186306841671 ], [ 377862.038269082084298, 3949337.356641651131213 ], [ 377887.945602323627099, 3949315.755726365372539 ], [ 377887.573328292928636, 3949312.37718462292105 ], [ 377881.494357918214519, 3949301.444409420713782 ], [ 377868.493822681601159, 3949279.523884832859039 ], [ 377863.015796272724401, 3949270.16929899668321 ] ] } },
{ "type": "Feature", "properties": { "from_node": 1354, "to_node": 1357, "u": 433731928.0, "v": 476567580.0, "key": 0.0, "index": 758.0, "osmid": "35903161", "highway": [ "unclassified" ], "lanes": null, "name": null, "oneway": "False", "ref": null, "reversed": "False", "length": 61.857193770840354, "maxspeed": null, "access": null, "bridge": null, "width": null, "length_m": 76.237900246502619, "building_count_50m": 41.0, "avg_building_area": 113.64318824993528, "poi_count_50m": 3.0, "highway_clean": [ "unclassified" ], "highway_rank": 1.0, "sinuosity": 1.0001756998856099, "poi_diversity": 0.0, "food_drink_count": 1.0, "street_furniture_count": 1.0, "degree_u": 6.0, "degree_v": 6.0, "avg_connectivity": 6.0, "city": "Tokyo", "cluster": 1.0, "typology": "Dense Local Street" }, "geometry": { "type": "LineString", "coordinates": [ [ 377843.810363263532054, 3949365.807997375261039 ], [ 377855.652661267202348, 3949383.806048767175525 ], [ 377879.084012849256396, 3949416.53295670170337 ] ] } },
{ "type": "Feature", "properties": { "from_node": 1354, "to_node": 1401, "u": 433731928.0, "v": 476566616.0, "key": 0.0, "index": 759.0, "osmid": "39753118", "highway": [ "residential" ], "lanes": null, "name": null, "oneway": "False", "ref": null, "reversed": "False", "length": 46.225663262060131, "maxspeed": null, "access": null, "bridge": null, "width": null, "length_m": 56.972099251273391, "building_count_50m": 41.0, "avg_building_area": 111.6165518136671, "poi_count_50m": 2.0, "highway_clean": [ "residential" ], "highway_rank": 2.0, "sinuosity": 1.0211809920764523, "poi_diversity": 0.0, "food_drink_count": 1.0, "street_furniture_count": 1.0, "degree_u": 6.0, "degree_v": 6.0, "avg_connectivity": 6.0, "city": "Tokyo", "cluster": 1.0, "typology": "Dense Local Street" }, "geometry": { "type": "LineString", "coordinates": [ [ 377843.810363263532054, 3949365.807997375261039 ], [ 377876.263609714456834, 3949354.878212998621166 ], [ 377884.736028023588005, 3949346.330392078030854 ] ] } },
{ "type": "Feature", "properties": { "from_node": 1358, "to_node": 1708, "u": null, "v": null, "key": null, "index": null, "osmid": null, "highway": null, "lanes": null, "name": null, "oneway": null, "ref": null, "reversed": null, "length": null, "maxspeed": null, "access": null, "bridge": null, "width": null, "length_m": null, "building_count_50m": null, "avg_building_area": null, "poi_count_50m": null, "highway_clean": null, "highway_rank": null, "sinuosity": null, "poi_diversity": null, "food_drink_count": null, "street_furniture_count": null, "degree_u": null, "degree_v": null, "avg_connectivity": null, "city": null, "cluster": null, "typology": null }, "geometry": { "type": "LineString", "coordinates": [ [ 377883.957601788104512, 3949434.604612451978028 ], [ 377885.017993104527704, 3949439.316068575717509 ], [ 377889.857356662920211, 3949460.827324542682618 ], [ 377902.165252259990666, 3949482.424570801667869 ] ] } },
{ "type": "Feature", "properties": { "from_node": 1358, "to_node": 1364, "u": null, "v": null, "key": null, "index": null, "osmid": null, "highway": null, "lanes": null, "name": null, "oneway": null, "ref": null, "reversed": null, "length": null, "maxspeed": null, "access": null, "bridge": null, "width": null, "length_m": null, "building_count_50m": null, "avg_building_area": null, "poi_count_50m": null, "highway_clean": null, "highway_rank": null, "sinuosity": null, "poi_diversity": null, "food_drink_count": null, "street_furniture_count": null, "degree_u": null, "degree_v": null, "avg_connectivity": null, "city": null, "cluster": null, "typology": null }, "geometry": { "type": "LineString", "coordinates": [ [ 377883.957601788104512, 3949434.604612451978028 ], [ 377864.422753120830748, 3949453.566370214801282 ], [ 377843.726789377396926, 3949471.678805322386324 ], [ 377842.50377697852673, 3949478.185582857578993 ], [ 377862.350470933131874, 3949526.049502978101373 ] ] } },
{ "type": "Feature", "properties": { "from_node": 1279, "to_node": 1062, "u": 433738996.0, "v": 561587159.0, "key": 0.0, "index": 771.0, "osmid": "35262855", "highway": [ "unclassified" ], "lanes": null, "name": null, "oneway": "False", "ref": null, "reversed": "True", "length": 119.65082925463602, "maxspeed": null, "access": null, "bridge": null, "width": null, "length_m": 147.46076373146224, "building_count_50m": 51.0, "avg_building_area": 180.41120770711535, "poi_count_50m": 2.0, "highway_clean": [ "unclassified" ], "highway_rank": 1.0, "sinuosity": 1.0021840423846875, "poi_diversity": 0.69314718055994529, "food_drink_count": 1.0, "street_furniture_count": 1.0, "degree_u": 8.0, "degree_v": 6.0, "avg_connectivity": 7.0, "city": "Tokyo", "cluster": 1.0, "typology": "Dense Local Street" }, "geometry": { "type": "LineString", "coordinates": [ [ 377578.542725992505439, 3948997.443863385356963 ], [ 377670.756527787423693, 3948983.15000122692436 ], [ 377696.0347995669581, 3948974.992004092782736 ] ] } },
{ "type": "Feature", "properties": { "from_node": 1366, "to_node": 1499, "u": null, "v": null, "key": null, "index": null, "osmid": null, "highway": null, "lanes": null, "name": null, "oneway": null, "ref": null, "reversed": null, "length": null, "maxspeed": null, "access": null, "bridge": null, "width": null, "length_m": null, "building_count_50m": null, "avg_building_area": null, "poi_count_50m": null, "highway_clean": null, "highway_rank": null, "sinuosity": null, "poi_diversity": null, "food_drink_count": null, "street_furniture_count": null, "degree_u": null, "degree_v": null, "avg_connectivity": null, "city": null, "cluster": null, "typology": null }, "geometry": { "type": "LineString", "coordinates": [ [ 377567.594219129648991, 3948958.322020078077912 ], [ 377581.376248683547601, 3948956.057629443239421 ], [ 377597.324103268154431, 3948960.541848191060126 ], [ 377606.635069382435177, 3948960.291603843215853 ], [ 377622.136374931025784, 3948957.326871770434082 ], [ 377648.579808930982836, 3948952.270103149116039 ], [ 377661.406183474930003, 3948948.310521984938532 ], [ 377681.745998919534031, 3948947.664505156222731 ], [ 377691.158591228711884, 3948950.852078888565302 ] ] } },
{ "type": "Feature", "properties": { "from_node": 1327, "to_node": 1318, "u": null, "v": null, "key": null, "index": null, "osmid": null, "highway": null, "lanes": null, "name": null, "oneway": null, "ref": null, "reversed": null, "length": null, "maxspeed": null, "access": null, "bridge": null, "width": null, "length_m": null, "building_count_50m": null, "avg_building_area": null, "poi_count_50m": null, "highway_clean": null, "highway_rank": null, "sinuosity": null, "poi_diversity": null, "food_drink_count": null, "street_furniture_count": null, "degree_u": null, "degree_v": null, "avg_connectivity": null, "city": null, "cluster": null, "typology": null }, "geometry": { "type": "LineString", "coordinates": [ [ 377258.101332460879348, 3948247.051058457233012 ], [ 377243.996237657032907, 3948243.695724024437368 ], [ 377220.276881240191869, 3948240.972403154708445 ], [ 377191.448254933289718, 3948242.579801825340837 ] ] } },
{ "type": "Feature", "properties": { "from_node": 1318, "to_node": 1317, "u": 443389510.0, "v": 443389584.0, "key": 0.0, "index": 790.0, "osmid": "36851811", "highway": [ "residential" ], "lanes": null, "name": null, "oneway": "False", "ref": null, "reversed": "True", "length": 66.323683296421876, "maxspeed": null, "access": null, "bridge": null, "width": null, "length_m": 81.732135744774808, "building_count_50m": 58.0, "avg_building_area": 108.11481030061621, "poi_count_50m": 3.0, "highway_clean": [ "residential" ], "highway_rank": 2.0, "sinuosity": 1.0000036167327562, "poi_diversity": 0.63651416829481278, "food_drink_count": 1.0, "street_furniture_count": 1.0, "degree_u": 6.0, "degree_v": 6.0, "avg_connectivity": 6.0, "city": "Tokyo", "cluster": 1.0, "typology": "Dense Local Street" }, "geometry": { "type": "LineString", "coordinates": [ [ 377191.448254933289718, 3948242.579801825340837 ], [ 377146.789157364401035, 3948251.583823861554265 ], [ 377126.286012491269503, 3948255.59473202098161 ] ] } },
{ "type": "Feature", "properties": { "from_node": 1381, "to_node": 672, "u": 443658601.0, "v": 420148926.0, "key": 0.0, "index": 794.0, "osmid": "35937988", "highway": [ "unclassified" ], "lanes": null, "name": null, "oneway": "True", "ref": null, "reversed": "False", "length": 93.817387664665517, "maxspeed": null, "access": null, "bridge": null, "width": null, "length_m": 115.6147864058356, "building_count_50m": 45.0, "avg_building_area": 161.94721923991312, "poi_count_50m": 7.0, "highway_clean": [ "unclassified" ], "highway_rank": 1.0, "sinuosity": 1.0001201517168075, "poi_diversity": 0.95569989111253428, "food_drink_count": 1.0, "street_furniture_count": 2.0, "degree_u": 3.0, "degree_v": 4.0, "avg_connectivity": 3.5, "city": "Tokyo", "cluster": 0.0, "typology": "Arterial Movement Corridor" }, "geometry": { "type": "LineString", "coordinates": [ [ 378327.193926357780583, 3948306.297186060808599 ], [ 378325.24090166616952, 3948315.065920264925808 ], [ 378315.398073546180967, 3948363.148542002309114 ], [ 378309.969688314711675, 3948393.797680729068816 ], [ 378309.232736854697578, 3948398.15658406727016 ] ] } },
{ "type": "Feature", "properties": { "from_node": 867, "to_node": 1386, "u": null, "v": null, "key": null, "index": null, "osmid": null, "highway": null, "lanes": null, "name": null, "oneway": null, "ref": null, "reversed": null, "length": null, "maxspeed": null, "access": null, "bridge": null, "width": null, "length_m": null, "building_count_50m": null, "avg_building_area": null, "poi_count_50m": null, "highway_clean": null, "highway_rank": null, "sinuosity": null, "poi_diversity": null, "food_drink_count": null, "street_furniture_count": null, "degree_u": null, "degree_v": null, "avg_connectivity": null, "city": null, "cluster": null, "typology": null }, "geometry": { "type": "LineString", "coordinates": [ [ 378448.530798314197455, 3948541.769854386337101 ], [ 378424.047480561770499, 3948576.418124190997332 ], [ 378412.139704753644764, 3948594.652969540096819 ], [ 378397.426214305392932, 3948626.815797375515103 ], [ 378395.659149766550399, 3948629.325006761122495 ] ] } },
{ "type": "Feature", "properties": { "from_node": 867, "to_node": 653, "u": 443662191.0, "v": 1112549988.0, "key": 0.0, "index": 798.0, "osmid": "72561166", "highway": [ "residential" ], "lanes": null, "name": null, "oneway": "True", "ref": null, "reversed": "False", "length": 88.143251171076088, "maxspeed": null, "access": null, "bridge": null, "width": null, "length_m": 108.62445090875725, "building_count_50m": 69.0, "avg_building_area": 135.41388074386623, "poi_count_50m": 2.0, "highway_clean": [ "residential" ], "highway_rank": 2.0, "sinuosity": 1.0007713622766992, "poi_diversity": 0.0, "food_drink_count": 1.0, "street_furniture_count": 1.0, "degree_u": 6.0, "degree_v": 5.0, "avg_connectivity": 5.5, "city": "Tokyo", "cluster": 1.0, "typology": "Dense Local Street" }, "geometry": { "type": "LineString", "coordinates": [ [ 378448.530798314197455, 3948541.769854386337101 ], [ 378412.787603633943945, 3948524.874467734247446 ], [ 378367.235152239270974, 3948507.580913911107928 ] ] } },
{ "type": "Feature", "properties": { "from_node": 507, "to_node": 347, "u": 448133786.0, "v": 2331333487.0, "key": 0.0, "index": 804.0, "osmid": "38098059", "highway": [ "residential" ], "lanes": null, "name": null, "oneway": "False", "ref": null, "reversed": "False", "length": 34.12450729799275, "maxspeed": null, "access": null, "bridge": null, "width": null, "length_m": 42.053354269680803, "building_count_50m": 32.0, "avg_building_area": 146.19547480175484, "poi_count_50m": 1.0, "highway_clean": [ "residential" ], "highway_rank": 2.0, "sinuosity": 1.0001420524338918, "poi_diversity": 0.0, "food_drink_count": 1.0, "street_furniture_count": 1.0, "degree_u": 6.0, "degree_v": 6.0, "avg_connectivity": 6.0, "city": "Tokyo", "cluster": 1.0, "typology": "Dense Local Street" }, "geometry": { "type": "LineString", "coordinates": [ [ 377842.341644788102712, 3948444.142730501014739 ], [ 377859.598545218002982, 3948444.360480837058276 ], [ 377876.530745688825846, 3948444.005839937832206 ] ] } },
{ "type": "Feature", "properties": { "from_node": 507, "to_node": 347, "u": 448133786.0, "v": 2331333487.0, "key": 0.0, "index": 804.0, "osmid": "38098059", "highway": [ "residential" ], "lanes": null, "name": null, "oneway": "False", "ref": null, "reversed": "False", "length": 34.12450729799275, "maxspeed": null, "access": null, "bridge": null, "width": null, "length_m": 42.053354269680803, "building_count_50m": 32.0, "avg_building_area": 146.19547480175484, "poi_count_50m": 1.0, "highway_clean": [ "residential" ], "highway_rank": 2.0, "sinuosity": 1.0001420524338918, "poi_diversity": 0.0, "food_drink_count": 1.0, "street_furniture_count": 1.0, "degree_u": 6.0, "degree_v": 6.0, "avg_connectivity": 6.0, "city": "Tokyo", "cluster": 1.0, "typology": "Dense Local Street" }, "geometry": { "type": "LineString", "coordinates": [ [ 377842.341644788102712, 3948444.142730501014739 ], [ 377859.598545218002982, 3948444.360480837058276 ], [ 377876.530745688825846, 3948444.005839937832206 ] ] } },
{ "type": "Feature", "properties": { "from_node": 1390, "to_node": 1739, "u": 476564762.0, "v": 819378105.0, "key": 0.0, "index": 806.0, "osmid": "645599600", "highway": [ "unclassified" ], "lanes": [ "1" ], "name": null, "oneway": "True", "ref": null, "reversed": "False", "length": 54.581223328925148, "maxspeed": [ "30" ], "access": null, "bridge": null, "width": null, "length_m": 67.268516397045374, "building_count_50m": 56.0, "avg_building_area": 188.85641844584464, "poi_count_50m": 10.0, "highway_clean": [ "unclassified" ], "highway_rank": 1.0, "sinuosity": 1.0000317648056576, "poi_diversity": 0.8979457248567797, "food_drink_count": 1.0, "street_furniture_count": 1.0, "degree_u": 4.0, "degree_v": 4.0, "avg_connectivity": 4.0, "city": "Tokyo", "cluster": 3.0, "typology": "Local Mixed Street" }, "geometry": { "type": "LineString", "coordinates": [ [ 377397.90908362925984, 3949125.816854778211564 ], [ 377405.433699867571704, 3949141.100412775762379 ], [ 377413.400315933802631, 3949157.58712389646098 ], [ 377421.523482141026761, 3949174.92591860005632 ] ] } },
{ "type": "Feature", "properties": { "from_node": 2206, "to_node": 1395, "u": 476565685.0, "v": 563661845.0, "key": 0.0, "index": 811.0, "osmid": "39753051", "highway": [ "residential" ], "lanes": null, "name": null, "oneway": "False", "ref": null, "reversed": "True", "length": 48.924812948204568, "maxspeed": null, "access": null, "bridge": null, "width": null, "length_m": 60.298068926346403, "building_count_50m": 41.0, "avg_building_area": 90.805778309375441, "poi_count_50m": 2.0, "highway_clean": [ "residential" ], "highway_rank": 2.0, "sinuosity": 1.0030842236499822, "poi_diversity": 0.0, "food_drink_count": 1.0, "street_furniture_count": 1.0, "degree_u": 2.0, "degree_v": 6.0, "avg_connectivity": 4.0, "city": "Tokyo", "cluster": 1.0, "typology": "Dense Local Street" }, "geometry": { "type": "LineString", "coordinates": [ [ 377911.873357548378408, 3949278.528515321668237 ], [ 377901.706015905598179, 3949265.832479123957455 ], [ 377893.310289754823316, 3949252.956798874773085 ], [ 377885.271225676813629, 3949237.71321319276467 ] ] } },
{ "type": "Feature", "properties": { "from_node": 1396, "to_node": 1401, "u": null, "v": null, "key": null, "index": null, "osmid": null, "highway": null, "lanes": null, "name": null, "oneway": null, "ref": null, "reversed": null, "length": null, "maxspeed": null, "access": null, "bridge": null, "width": null, "length_m": null, "building_count_50m": null, "avg_building_area": null, "poi_count_50m": null, "highway_clean": null, "highway_rank": null, "sinuosity": null, "poi_diversity": null, "food_drink_count": null, "street_furniture_count": null, "degree_u": null, "degree_v": null, "avg_connectivity": null, "city": null, "cluster": null, "typology": null }, "geometry": { "type": "LineString", "coordinates": [ [ 377970.412264110171236, 3949369.682357964571565 ], [ 377950.430273288860917, 3949356.766028153710067 ], [ 377921.373842171975411, 3949339.547892296221107 ], [ 377903.351385039975867, 3949331.5748400692828 ], [ 377898.598679993068799, 3949330.209012109786272 ], [ 377884.736028023588005, 3949346.330392078030854 ] ] } },
{ "type": "Feature", "properties": { "from_node": 1396, "to_node": 1401, "u": null, "v": null, "key": null, "index": null, "osmid": null, "highway": null, "lanes": null, "name": null, "oneway": null, "ref": null, "reversed": null, "length": null, "maxspeed": null, "access": null, "bridge": null, "width": null, "length_m": null, "building_count_50m": null, "avg_building_area": null, "poi_count_50m": null, "highway_clean": null, "highway_rank": null, "sinuosity": null, "poi_diversity": null, "food_drink_count": null, "street_furniture_count": null, "degree_u": null, "degree_v": null, "avg_connectivity": null, "city": null, "cluster": null, "typology": null }, "geometry": { "type": "LineString", "coordinates": [ [ 377970.412264110171236, 3949369.682357964571565 ], [ 377958.626995849539526, 3949379.55139010027051 ], [ 377954.342364467622247, 3949383.925774217117578 ], [ 377952.318902462662663, 3949385.539996354840696 ], [ 377948.779447393899318, 3949384.856401294935495 ], [ 377910.382757995277643, 3949361.764746189117432 ], [ 377884.736028023588005, 3949346.330392078030854 ] ] } },
{ "type": "Feature", "properties": { "from_node": 1357, "to_node": 1413, "u": null, "v": null, "key": null, "index": null, "osmid": null, "highway": null, "lanes": null, "name": null, "oneway": null, "ref": null, "reversed": null, "length": null, "maxspeed": null, "access": null, "bridge": null, "width": null, "length_m": null, "building_count_50m": null, "avg_building_area": null, "poi_count_50m": null, "highway_clean": null, "highway_rank": null, "sinuosity": null, "poi_diversity": null, "food_drink_count": null, "street_furniture_count": null, "degree_u": null, "degree_v": null, "avg_connectivity": null, "city": null, "cluster": null, "typology": null }, "geometry": { "type": "LineString", "coordinates": [ [ 377879.084012849256396, 3949416.53295670170337 ], [ 377901.199450534419157, 3949415.419242095667869 ], [ 377926.553015311539639, 3949414.139071547891945 ], [ 377937.011568019981496, 3949412.464459228795022 ], [ 377961.521653445961419, 3949405.127580772154033 ], [ 377974.051197910739575, 3949405.299453333485872 ], [ 377983.910005757410545, 3949405.430351821705699 ], [ 378002.219507913046982, 3949421.143197427503765 ] ] } },
{ "type": "Feature", "properties": { "from_node": 1413, "to_node": 2208, "u": 476567674.0, "v": 476567915.0, "key": 0.0, "index": 823.0, "osmid": "39753310", "highway": [ "residential" ], "lanes": null, "name": null, "oneway": "False", "ref": null, "reversed": "False", "length": 61.937593391452694, "maxspeed": null, "access": null, "bridge": null, "width": null, "length_m": 76.337099278111367, "building_count_50m": 66.0, "avg_building_area": 82.668208143026888, "poi_count_50m": 3.0, "highway_clean": [ "residential" ], "highway_rank": 2.0, "sinuosity": 1.0002183094562065, "poi_diversity": 0.0, "food_drink_count": 1.0, "street_furniture_count": 1.0, "degree_u": 6.0, "degree_v": 2.0, "avg_connectivity": 4.0, "city": "Tokyo", "cluster": 1.0, "typology": "Dense Local Street" }, "geometry": { "type": "LineString", "coordinates": [ [ 378002.219507913046982, 3949421.143197427503765 ], [ 378032.291805153246969, 3949396.334850978571922 ], [ 378050.630173307086807, 3949382.493116735946387 ] ] } },
{ "type": "Feature", "properties": { "from_node": 1413, "to_node": 777, "u": null, "v": null, "key": null, "index": null, "osmid": null, "highway": null, "lanes": null, "name": null, "oneway": null, "ref": null, "reversed": null, "length": null, "maxspeed": null, "access": null, "bridge": null, "width": null, "length_m": null, "building_count_50m": null, "avg_building_area": null, "poi_count_50m": null, "highway_clean": null, "highway_rank": null, "sinuosity": null, "poi_diversity": null, "food_drink_count": null, "street_furniture_count": null, "degree_u": null, "degree_v": null, "avg_connectivity": null, "city": null, "cluster": null, "typology": null }, "geometry": { "type": "LineString", "coordinates": [ [ 378002.219507913046982, 3949421.143197427503765 ], [ 377990.217693635437172, 3949431.059538165107369 ], [ 377994.749995908350684, 3949440.771090568043292 ], [ 377999.631552201113664, 3949448.891415462363511 ], [ 378023.21943384030601, 3949460.759900053497404 ], [ 378028.455874843581114, 3949463.08432617271319 ], [ 378043.992310703208204, 3949468.67325102398172 ], [ 378074.936304541653953, 3949481.017812686506659 ], [ 378117.49736677610781, 3949499.615452806465328 ] ] } },
{ "type": "Feature", "properties": { "from_node": 1426, "to_node": 1425, "u": 476570349.0, "v": 476570366.0, "key": 0.0, "index": 826.0, "osmid": "778198799", "highway": [ "primary" ], "lanes": [ "4" ], "name": [ "方南通り" ], "oneway": "False", "ref": "14", "reversed": "False", "length": 35.292345009707574, "maxspeed": [ "40" ], "access": null, "bridge": null, "width": null, "length_m": 43.498407583998109, "building_count_50m": 30.0, "avg_building_area": 225.80733234746296, "poi_count_50m": 6.0, "highway_clean": [ "primary" ], "highway_rank": 5.0, "sinuosity": 1.0000461510026897, "poi_diversity": 1.242453324894, "food_drink_count": 3.0, "street_furniture_count": 1.0, "degree_u": 5.0, "degree_v": 6.0, "avg_connectivity": 5.5, "city": "Tokyo", "cluster": 3.0, "typology": "Local Mixed Street" }, "geometry": { "type": "LineString", "coordinates": [ [ 378285.193809219519608, 3949635.281431580893695 ], [ 378283.025969063979574, 3949634.945022699423134 ], [ 378262.516527988598682, 3949632.341525338124484 ], [ 378259.406475576863158, 3949631.940371611621231 ], [ 378250.146736855618656, 3949630.591730896383524 ] ] } },
{ "type": "Feature", "properties": { "from_node": 1426, "to_node": 1439, "u": 476570349.0, "v": 476570989.0, "key": 0.0, "index": 827.0, "osmid": "778198799", "highway": [ "primary" ], "lanes": [ "4" ], "name": [ "方南通り" ], "oneway": "False", "ref": "14", "reversed": "True", "length": 59.030287932098467, "maxspeed": [ "40" ], "access": null, "bridge": null, "width": null, "length_m": 72.755880913675895, "building_count_50m": 26.0, "avg_building_area": 255.71374725422163, "poi_count_50m": 9.0, "highway_clean": [ "primary" ], "highway_rank": 5.0, "sinuosity": 1.0000076893657142, "poi_diversity": 1.1490596969706204, "food_drink_count": 2.0, "street_furniture_count": 1.0, "degree_u": 5.0, "degree_v": 6.0, "avg_connectivity": 5.5, "city": "Tokyo", "cluster": 3.0, "typology": "Local Mixed Street" }, "geometry": { "type": "LineString", "coordinates": [ [ 378285.193809219519608, 3949635.281431580893695 ], [ 378306.200412598554976, 3949638.499433351680636 ], [ 378343.701402821403462, 3949643.932334900833666 ] ] } },
{ "type": "Feature", "properties": { "from_node": 1425, "to_node": 2209, "u": 476570366.0, "v": 476570669.0, "key": 0.0, "index": 828.0, "osmid": "39753363", "highway": [ "unclassified" ], "lanes": null, "name": null, "oneway": "False", "ref": null, "reversed": "False", "length": 28.670125851134131, "maxspeed": null, "access": null, "bridge": null, "width": null, "length_m": 35.33645770839594, "building_count_50m": 16.0, "avg_building_area": 292.75470492807534, "poi_count_50m": 4.0, "highway_clean": [ "unclassified" ], "highway_rank": 1.0, "sinuosity": 1.0028059035628458, "poi_diversity": 1.0397207708399179, "food_drink_count": 2.0, "street_furniture_count": 1.0, "degree_u": 6.0, "degree_v": 2.0, "avg_connectivity": 4.0, "city": "Tokyo", "cluster": 3.0, "typology": "Local Mixed Street" }, "geometry": { "type": "LineString", "coordinates": [ [ 378250.146736855618656, 3949630.591730896383524 ], [ 378249.193170933693182, 3949638.947440142277628 ], [ 378249.401869714492932, 3949642.949494493659586 ], [ 378250.229741903080139, 3949659.113122175447643 ] ] } },
{ "type": "Feature", "properties": { "from_node": 1425, "to_node": 791, "u": null, "v": null, "key": null, "index": null, "osmid": null, "highway": null, "lanes": null, "name": null, "oneway": null, "ref": null, "reversed": null, "length": null, "maxspeed": null, "access": null, "bridge": null, "width": null, "length_m": null, "building_count_50m": null, "avg_building_area": null, "poi_count_50m": null, "highway_clean": null, "highway_rank": null, "sinuosity": null, "poi_diversity": null, "food_drink_count": null, "street_furniture_count": null, "degree_u": null, "degree_v": null, "avg_connectivity": null, "city": null, "cluster": null, "typology": null }, "geometry": { "type": "LineString", "coordinates": [ [ 378250.146736855618656, 3949630.591730896383524 ], [ 378244.632641324482393, 3949629.790854226332158 ], [ 378228.479780201450922, 3949627.405096302740276 ], [ 378204.834998851874843, 3949623.879519704263657 ], [ 378168.435270847112406, 3949618.243502511177212 ], [ 378131.172666657483205, 3949610.411769522819668 ], [ 378118.251697287487332, 3949606.095918549224734 ], [ 378104.591769882536028, 3949601.357557525392622 ], [ 378094.387841493589804, 3949597.825425418559462 ], [ 378076.943499093758874, 3949591.696805233601481 ], [ 378070.367814296507277, 3949589.390728042460978 ] ] } },
{ "type": "Feature", "properties": { "from_node": 1439, "to_node": 1939, "u": 476570989.0, "v": 1177181964.0, "key": 0.0, "index": 832.0, "osmid": "39753369", "highway": [ "residential" ], "lanes": null, "name": null, "oneway": "False", "ref": null, "reversed": "False", "length": 82.988449683422331, "maxspeed": null, "access": null, "bridge": null, "width": null, "length_m": 102.28432497443418, "building_count_50m": 37.0, "avg_building_area": 226.53205990501826, "poi_count_50m": 8.0, "highway_clean": [ "residential" ], "highway_rank": 2.0, "sinuosity": 1.0000572348653611, "poi_diversity": 0.73562193975879464, "food_drink_count": 1.0, "street_furniture_count": 1.0, "degree_u": 6.0, "degree_v": 6.0, "avg_connectivity": 6.0, "city": "Tokyo", "cluster": 3.0, "typology": "Local Mixed Street" }, "geometry": { "type": "LineString", "coordinates": [ [ 378343.701402821403462, 3949643.932334900833666 ], [ 378345.178620725171641, 3949636.135261667892337 ], [ 378347.942965269088745, 3949619.878082399256527 ], [ 378356.865268374793231, 3949562.189510211814195 ] ] } },
{ "type": "Feature", "properties": { "from_node": 1439, "to_node": 1452, "u": 476570989.0, "v": 1177181361.0, "key": 0.0, "index": 834.0, "osmid": [ 886616280, 778198799 ], "highway": [ "primary" ], "lanes": [ "4" ], "name": [ "方南通り" ], "oneway": "False", "ref": "14", "reversed": "True", "length": 54.630423557990923, "maxspeed": [ "40" ], "access": null, "bridge": null, "width": null, "length_m": 67.333039534198662, "building_count_50m": 22.0, "avg_building_area": 296.40784835502723, "poi_count_50m": 16.0, "highway_clean": [ "primary" ], "highway_rank": 5.0, "sinuosity": 1.0000173361673654, "poi_diversity": 1.3535913521346064, "food_drink_count": 3.0, "street_furniture_count": 1.0, "degree_u": 6.0, "degree_v": 6.0, "avg_connectivity": 6.0, "city": "Tokyo", "cluster": 3.0, "typology": "Local Mixed Street" }, "geometry": { "type": "LineString", "coordinates": [ [ 378343.701402821403462, 3949643.932334900833666 ], [ 378348.145970172190573, 3949644.625879730563611 ], [ 378384.172749621968251, 3949650.145694229751825 ], [ 378397.829932278487831, 3949652.055559854954481 ] ] } },
{ "type": "Feature", "properties": { "from_node": 1732, "to_node": 1446, "u": null, "v": null, "key": null, "index": null, "osmid": null, "highway": null, "lanes": null, "name": null, "oneway": null, "ref": null, "reversed": null, "length": null, "maxspeed": null, "access": null, "bridge": null, "width": null, "length_m": null, "building_count_50m": null, "avg_building_area": null, "poi_count_50m": null, "highway_clean": null, "highway_rank": null, "sinuosity": null, "poi_diversity": null, "food_drink_count": null, "street_furniture_count": null, "degree_u": null, "degree_v": null, "avg_connectivity": null, "city": null, "cluster": null, "typology": null }, "geometry": { "type": "LineString", "coordinates": [ [ 378472.354583595879376, 3949543.979676731396466 ], [ 378469.214540487970226, 3949591.027602124027908 ], [ 378465.842116646468639, 3949651.524557687807828 ], [ 378465.186031029152218, 3949663.115596105810255 ], [ 378461.374945995165035, 3949662.413329728879035 ], [ 378447.95211891568033, 3949659.767962561454624 ], [ 378443.713885734556243, 3949658.938418930862099 ] ] } },
{ "type": "Feature", "properties": { "from_node": 1446, "to_node": 1452, "u": 476574837.0, "v": 1177181361.0, "key": 0.0, "index": 838.0, "osmid": [ 886616280, 886616294 ], "highway": [ "primary" ], "lanes": "['4' '1']", "name": "['方南通り' '方南通り(方南町交差点)']", "oneway": "False", "ref": "14", "reversed": "False", "length": 46.312288695348045, "maxspeed": [ "40" ], "access": null, "bridge": null, "width": null, "length_m": 57.080831103754491, "building_count_50m": 16.0, "avg_building_area": 353.17914037836437, "poi_count_50m": 14.0, "highway_clean": [ "primary" ], "highway_rank": 5.0, "sinuosity": 1.0000894588326834, "poi_diversity": 1.5367224694372195, "food_drink_count": 3.0, "street_furniture_count": 1.0, "degree_u": 5.0, "degree_v": 6.0, "avg_connectivity": 5.5, "city": "Tokyo", "cluster": 3.0, "typology": "Local Mixed Street" }, "geometry": { "type": "LineString", "coordinates": [ [ 378443.713885734556243, 3949658.938418930862099 ], [ 378430.912631486135069, 3949656.739426320418715 ], [ 378420.656296959263273, 3949655.315491903573275 ], [ 378397.829932278487831, 3949652.055559854954481 ] ] } },
{ "type": "Feature", "properties": { "from_node": 1446, "to_node": 1452, "u": 476574837.0, "v": 1177181361.0, "key": 0.0, "index": 838.0, "osmid": [ 886616280, 886616294 ], "highway": [ "primary" ], "lanes": "['4' '1']", "name": "['方南通り' '方南通り(方南町交差点)']", "oneway": "False", "ref": "14", "reversed": "False", "length": 46.312288695348045, "maxspeed": [ "40" ], "access": null, "bridge": null, "width": null, "length_m": 57.080831103754491, "building_count_50m": 16.0, "avg_building_area": 353.17914037836437, "poi_count_50m": 14.0, "highway_clean": [ "primary" ], "highway_rank": 5.0, "sinuosity": 1.0000894588326834, "poi_diversity": 1.5367224694372195, "food_drink_count": 3.0, "street_furniture_count": 1.0, "degree_u": 5.0, "degree_v": 6.0, "avg_connectivity": 5.5, "city": "Tokyo", "cluster": 3.0, "typology": "Local Mixed Street" }, "geometry": { "type": "LineString", "coordinates": [ [ 378443.713885734556243, 3949658.938418930862099 ], [ 378430.912631486135069, 3949656.739426320418715 ], [ 378420.656296959263273, 3949655.315491903573275 ], [ 378397.829932278487831, 3949652.055559854954481 ] ] } },
{ "type": "Feature", "properties": { "from_node": 1457, "to_node": 55, "u": null, "v": null, "key": null, "index": null, "osmid": null, "highway": null, "lanes": null, "name": null, "oneway": null, "ref": null, "reversed": null, "length": null, "maxspeed": null, "access": null, "bridge": null, "width": null, "length_m": null, "building_count_50m": null, "avg_building_area": null, "poi_count_50m": null, "highway_clean": null, "highway_rank": null, "sinuosity": null, "poi_diversity": null, "food_drink_count": null, "street_furniture_count": null, "degree_u": null, "degree_v": null, "avg_connectivity": null, "city": null, "cluster": null, "typology": null }, "geometry": { "type": "LineString", "coordinates": [ [ 378045.957459732890129, 3948260.671520648524165 ], [ 378051.678318820544519, 3948266.583772808779031 ], [ 378055.040846501360647, 3948272.816816593986005 ], [ 378057.457141057355329, 3948283.322908467147499 ], [ 378056.958058880758472, 3948289.176254539284855 ], [ 378054.003232669318095, 3948296.827218206133693 ], [ 378050.930291477299761, 3948303.126343780197203 ] ] } },
{ "type": "Feature", "properties": { "from_node": 1457, "to_node": 63, "u": 561167681.0, "v": 279077016.0, "key": 0.0, "index": 855.0, "osmid": "872255296", "highway": [ "trunk_link" ], "lanes": [ "3" ], "name": null, "oneway": "True", "ref": null, "reversed": "False", "length": 27.957357883328587, "maxspeed": null, "access": "yes", "bridge": null, "width": null, "length_m": 34.452570276442579, "building_count_50m": 8.0, "avg_building_area": 893.74229619694063, "poi_count_50m": 5.0, "highway_clean": [ "trunk_link" ], "highway_rank": 1.0, "sinuosity": 1.0000168827337097, "poi_diversity": 0.50040242353818787, "food_drink_count": 1.0, "street_furniture_count": 1.0, "degree_u": 3.0, "degree_v": 6.0, "avg_connectivity": 4.5, "city": "Tokyo", "cluster": 3.0, "typology": "Local Mixed Street" }, "geometry": { "type": "LineString", "coordinates": [ [ 378045.957459732890129, 3948260.671520648524165 ], [ 378055.685116608277895, 3948262.36859249509871 ], [ 378061.084238964016549, 3948263.30408914713189 ], [ 378073.577429266064428, 3948265.32935093017295 ] ] } },
{ "type": "Feature", "properties": { "from_node": 1142, "to_node": 1467, "u": 561167683.0, "v": 614597732.0, "key": 0.0, "index": 857.0, "osmid": "35938657", "highway": [ "unclassified" ], "lanes": null, "name": null, "oneway": "False", "ref": null, "reversed": "False", "length": 80.33648856937829, "maxspeed": null, "access": null, "bridge": null, "width": null, "length_m": 99.003413468390761, "building_count_50m": 42.0, "avg_building_area": 245.68799914033818, "poi_count_50m": 3.0, "highway_clean": [ "unclassified" ], "highway_rank": 1.0, "sinuosity": 1.0039975264611998, "poi_diversity": 1.0986122886681096, "food_drink_count": 1.0, "street_furniture_count": 1.0, "degree_u": 6.0, "degree_v": 6.0, "avg_connectivity": 6.0, "city": "Tokyo", "cluster": 3.0, "typology": "Local Mixed Street" }, "geometry": { "type": "LineString", "coordinates": [ [ 378119.024150769168045, 3948472.872688507195562 ], [ 378117.029179198667407, 3948477.903401122894138 ], [ 378072.985860524582677, 3948526.488590746652335 ], [ 378067.046309146273416, 3948533.659076527226716 ] ] } },
{ "type": "Feature", "properties": { "from_node": 880, "to_node": 1470, "u": null, "v": null, "key": null, "index": null, "osmid": null, "highway": null, "lanes": null, "name": null, "oneway": null, "ref": null, "reversed": null, "length": null, "maxspeed": null, "access": null, "bridge": null, "width": null, "length_m": null, "building_count_50m": null, "avg_building_area": null, "poi_count_50m": null, "highway_clean": null, "highway_rank": null, "sinuosity": null, "poi_diversity": null, "food_drink_count": null, "street_furniture_count": null, "degree_u": null, "degree_v": null, "avg_connectivity": null, "city": null, "cluster": null, "typology": null }, "geometry": { "type": "LineString", "coordinates": [ [ 378520.303630822745617, 3948848.267715564463288 ], [ 378509.895156563608907, 3948874.192227225285023 ], [ 378506.164491921546869, 3948893.968201435636729 ], [ 378505.010008670331445, 3948900.895491542760283 ] ] } },
{ "type": "Feature", "properties": { "from_node": 880, "to_node": 888, "u": 561587139.0, "v": 810709089.0, "key": 0.0, "index": 860.0, "osmid": "67121925", "highway": [ "residential" ], "lanes": null, "name": null, "oneway": "False", "ref": null, "reversed": "False", "length": 95.446141247143402, "maxspeed": null, "access": null, "bridge": null, "width": null, "length_m": 117.62884968549653, "building_count_50m": 58.0, "avg_building_area": 175.90867336886342, "poi_count_50m": 10.0, "highway_clean": [ "residential" ], "highway_rank": 2.0, "sinuosity": 1.0001424599752033, "poi_diversity": 1.1682824501765625, "food_drink_count": 1.0, "street_furniture_count": 1.0, "degree_u": 6.0, "degree_v": 4.0, "avg_connectivity": 5.0, "city": "Tokyo", "cluster": 3.0, "typology": "Local Mixed Street" }, "geometry": { "type": "LineString", "coordinates": [ [ 378520.303630822745617, 3948848.267715564463288 ], [ 378525.079778913001064, 3948850.676388908643275 ], [ 378559.340693659672979, 3948865.196139127016068 ], [ 378588.993283532385249, 3948877.67111518420279 ], [ 378599.540123974264134, 3948882.408389229793102 ], [ 378602.500236586201936, 3948883.743607697077096 ], [ 378608.018916122615337, 3948886.175465064123273 ] ] } },
{ "type": "Feature", "properties": { "from_node": 880, "to_node": 1480, "u": 561587139.0, "v": 1112549986.0, "key": 0.0, "index": 861.0, "osmid": "72561181", "highway": [ "residential" ], "lanes": null, "name": null, "oneway": "False", "ref": null, "reversed": "False", "length": 97.126845400154536, "maxspeed": null, "access": null, "bridge": null, "width": null, "length_m": 119.69948874869868, "building_count_50m": 89.0, "avg_building_area": 111.9437678025287, "poi_count_50m": 4.0, "highway_clean": [ "residential" ], "highway_rank": 2.0, "sinuosity": 1.0000356651323605, "poi_diversity": 0.69314718055994529, "food_drink_count": 1.0, "street_furniture_count": 1.0, "degree_u": 6.0, "degree_v": 6.0, "avg_connectivity": 6.0, "city": "Tokyo", "cluster": 1.0, "typology": "Dense Local Street" }, "geometry": { "type": "LineString", "coordinates": [ [ 378520.303630822745617, 3948848.267715564463288 ], [ 378515.902241437521297, 3948844.800000979099423 ], [ 378482.072762298746966, 3948818.148862776812166 ], [ 378467.472676085715648, 3948806.289372394792736 ], [ 378451.6638511341298, 3948794.080332980491221 ], [ 378443.988107668003067, 3948788.15019903331995 ] ] } },
{ "type": "Feature", "properties": { "from_node": 880, "to_node": 1480, "u": 561587139.0, "v": 1112549986.0, "key": 0.0, "index": 861.0, "osmid": "72561181", "highway": [ "residential" ], "lanes": null, "name": null, "oneway": "False", "ref": null, "reversed": "False", "length": 97.126845400154536, "maxspeed": null, "access": null, "bridge": null, "width": null, "length_m": 119.69948874869868, "building_count_50m": 89.0, "avg_building_area": 111.9437678025287, "poi_count_50m": 4.0, "highway_clean": [ "residential" ], "highway_rank": 2.0, "sinuosity": 1.0000356651323605, "poi_diversity": 0.69314718055994529, "food_drink_count": 1.0, "street_furniture_count": 1.0, "degree_u": 6.0, "degree_v": 6.0, "avg_connectivity": 6.0, "city": "Tokyo", "cluster": 1.0, "typology": "Dense Local Street" }, "geometry": { "type": "LineString", "coordinates": [ [ 378520.303630822745617, 3948848.267715564463288 ], [ 378515.902241437521297, 3948844.800000979099423 ], [ 378482.072762298746966, 3948818.148862776812166 ], [ 378467.472676085715648, 3948806.289372394792736 ], [ 378451.6638511341298, 3948794.080332980491221 ], [ 378443.988107668003067, 3948788.15019903331995 ] ] } },
{ "type": "Feature", "properties": { "from_node": 1481, "to_node": 1848, "u": null, "v": null, "key": null, "index": null, "osmid": null, "highway": null, "lanes": null, "name": null, "oneway": null, "ref": null, "reversed": null, "length": null, "maxspeed": null, "access": null, "bridge": null, "width": null, "length_m": null, "building_count_50m": null, "avg_building_area": null, "poi_count_50m": null, "highway_clean": null, "highway_rank": null, "sinuosity": null, "poi_diversity": null, "food_drink_count": null, "street_furniture_count": null, "degree_u": null, "degree_v": null, "avg_connectivity": null, "city": null, "cluster": null, "typology": null }, "geometry": { "type": "LineString", "coordinates": [ [ 378482.488308931177016, 3949133.920525547582656 ], [ 378487.612119627476204, 3949133.961415472906083 ], [ 378497.760075966420118, 3949126.090224463492632 ], [ 378506.098575140582398, 3949123.579955172259361 ], [ 378513.439489462063648, 3949123.579461163841188 ] ] } },
{ "type": "Feature", "properties": { "from_node": 1481, "to_node": 1496, "u": 561587147.0, "v": 563663963.0, "key": 0.0, "index": 863.0, "osmid": "1348440600", "highway": [ "unclassified" ], "lanes": null, "name": null, "oneway": "True", "ref": null, "reversed": "False", "length": 37.353079169137992, "maxspeed": null, "access": null, "bridge": null, "width": null, "length_m": 46.035813331096499, "building_count_50m": 21.0, "avg_building_area": 281.85964783959247, "poi_count_50m": 4.0, "highway_clean": [ "unclassified" ], "highway_rank": 1.0, "sinuosity": 1.0136470190033684, "poi_diversity": 1.3862943611198906, "food_drink_count": 1.0, "street_furniture_count": 1.0, "degree_u": 4.0, "degree_v": 5.0, "avg_connectivity": 4.5, "city": "Tokyo", "cluster": 3.0, "typology": "Local Mixed Street" }, "geometry": { "type": "LineString", "coordinates": [ [ 378482.488308931177016, 3949133.920525547582656 ], [ 378480.7660181663814, 3949157.574128600768745 ], [ 378481.056403664173558, 3949166.234512690454721 ], [ 378483.090407077921554, 3949170.677555338013917 ] ] } },
{ "type": "Feature", "properties": { "from_node": 1, "to_node": 1494, "u": null, "v": null, "key": null, "index": null, "osmid": null, "highway": null, "lanes": null, "name": null, "oneway": null, "ref": null, "reversed": null, "length": null, "maxspeed": null, "access": null, "bridge": null, "width": null, "length_m": null, "building_count_50m": null, "avg_building_area": null, "poi_count_50m": null, "highway_clean": null, "highway_rank": null, "sinuosity": null, "poi_diversity": null, "food_drink_count": null, "street_furniture_count": null, "degree_u": null, "degree_v": null, "avg_connectivity": null, "city": null, "cluster": null, "typology": null }, "geometry": { "type": "LineString", "coordinates": [ [ 378492.192713729455136, 3949177.031966937705874 ], [ 378484.934454223082867, 3949194.992412658873945 ], [ 378478.661876653321087, 3949228.770419679582119 ], [ 378477.218307849834673, 3949249.635642000939697 ], [ 378475.086644385592081, 3949280.417149511631578 ], [ 378473.114714613882825, 3949308.977690207306296 ], [ 378472.29870824032696, 3949318.80697285104543 ], [ 378472.13115909305634, 3949321.116800593677908 ], [ 378470.148938967147842, 3949362.823789139743894 ] ] } },
{ "type": "Feature", "properties": { "from_node": 1, "to_node": 1496, "u": 561587149.0, "v": 563663963.0, "key": 0.0, "index": 866.0, "osmid": "1344918803", "highway": [ "unclassified" ], "lanes": null, "name": null, "oneway": "False", "ref": null, "reversed": "True", "length": 11.41061851405621, "maxspeed": null, "access": null, "bridge": null, "width": null, "length_m": 14.063054849033872, "building_count_50m": 19.0, "avg_building_area": 251.51774858252185, "poi_count_50m": 4.0, "highway_clean": [ "unclassified" ], "highway_rank": 1.0, "sinuosity": 1.0284373459247871, "poi_diversity": 1.3862943611198906, "food_drink_count": 1.0, "street_furniture_count": 1.0, "degree_u": 6.0, "degree_v": 5.0, "avg_connectivity": 5.5, "city": "Tokyo", "cluster": 3.0, "typology": "Local Mixed Street" }, "geometry": { "type": "LineString", "coordinates": [ [ 378492.192713729455136, 3949177.031966937705874 ], [ 378484.461796727380715, 3949172.999624042306095 ], [ 378483.090407077921554, 3949170.677555338013917 ] ] } },
{ "type": "Feature", "properties": { "from_node": 1062, "to_node": 1499, "u": 561587159.0, "v": 561587161.0, "key": 0.0, "index": 871.0, "osmid": "35902992", "highway": [ "unclassified" ], "lanes": null, "name": null, "oneway": "False", "ref": null, "reversed": "True", "length": 24.995307061164691, "maxspeed": null, "access": null, "bridge": null, "width": null, "length_m": 30.804776714687804, "building_count_50m": 22.0, "avg_building_area": 147.09843358014462, "poi_count_50m": 2.0, "highway_clean": [ "unclassified" ], "highway_rank": 1.0, "sinuosity": 1.0126595929693858, "poi_diversity": 0.0, "food_drink_count": 1.0, "street_furniture_count": 1.0, "degree_u": 6.0, "degree_v": 6.0, "avg_connectivity": 6.0, "city": "Tokyo", "cluster": 1.0, "typology": "Dense Local Street" }, "geometry": { "type": "LineString", "coordinates": [ [ 377696.0347995669581, 3948974.992004092782736 ], [ 377691.556834594055545, 3948961.37476675119251 ], [ 377690.752143997175153, 3948956.837315716780722 ], [ 377691.158591228711884, 3948950.852078888565302 ] ] } },
{ "type": "Feature", "properties": { "from_node": 1499, "to_node": 1505, "u": null, "v": null, "key": null, "index": null, "osmid": null, "highway": null, "lanes": null, "name": null, "oneway": null, "ref": null, "reversed": null, "length": null, "maxspeed": null, "access": null, "bridge": null, "width": null, "length_m": null, "building_count_50m": null, "avg_building_area": null, "poi_count_50m": null, "highway_clean": null, "highway_rank": null, "sinuosity": null, "poi_diversity": null, "food_drink_count": null, "street_furniture_count": null, "degree_u": null, "degree_v": null, "avg_connectivity": null, "city": null, "cluster": null, "typology": null }, "geometry": { "type": "LineString", "coordinates": [ [ 377691.158591228711884, 3948950.852078888565302 ], [ 377693.530993542051874, 3948941.700200929306448 ], [ 377696.695166676363442, 3948928.909705315716565 ], [ 377698.936119716847315, 3948915.466276254039258 ], [ 377699.392775736167096, 3948904.576820116024464 ], [ 377698.303671151108574, 3948893.841759289149195 ], [ 377697.47001614322653, 3948884.567586447112262 ], [ 377695.176699829637073, 3948879.07434885809198 ] ] } },
{ "type": "Feature", "properties": { "from_node": 1507, "to_node": 1505, "u": 561587169.0, "v": 1754657602.0, "key": 0.0, "index": 877.0, "osmid": "35902992", "highway": [ "unclassified" ], "lanes": null, "name": null, "oneway": "False", "ref": null, "reversed": "False", "length": 10.939475832199665, "maxspeed": null, "access": null, "bridge": null, "width": null, "length_m": 13.481920406401118, "building_count_50m": 3.0, "avg_building_area": 83.320584018857687, "poi_count_50m": 4.0, "highway_clean": [ "unclassified" ], "highway_rank": 1.0, "sinuosity": 1.0279918982859702, "poi_diversity": 1.0397207708399179, "food_drink_count": 1.0, "street_furniture_count": 1.0, "degree_u": 6.0, "degree_v": 6.0, "avg_connectivity": 6.0, "city": "Tokyo", "cluster": 3.0, "typology": "Local Mixed Street" }, "geometry": { "type": "LineString", "coordinates": [ [ 377688.580713887349702, 3948870.733697257004678 ], [ 377693.084577569912653, 3948874.388202453032136 ], [ 377695.176699829637073, 3948879.07434885809198 ] ] } },
{ "type": "Feature", "properties": { "from_node": 1507, "to_node": 1505, "u": 561587169.0, "v": 1754657602.0, "key": 0.0, "index": 877.0, "osmid": "35902992", "highway": [ "unclassified" ], "lanes": null, "name": null, "oneway": "False", "ref": null, "reversed": "False", "length": 10.939475832199665, "maxspeed": null, "access": null, "bridge": null, "width": null, "length_m": 13.481920406401118, "building_count_50m": 3.0, "avg_building_area": 83.320584018857687, "poi_count_50m": 4.0, "highway_clean": [ "unclassified" ], "highway_rank": 1.0, "sinuosity": 1.0279918982859702, "poi_diversity": 1.0397207708399179, "food_drink_count": 1.0, "street_furniture_count": 1.0, "degree_u": 6.0, "degree_v": 6.0, "avg_connectivity": 6.0, "city": "Tokyo", "cluster": 3.0, "typology": "Local Mixed Street" }, "geometry": { "type": "LineString", "coordinates": [ [ 377688.580713887349702, 3948870.733697257004678 ], [ 377693.084577569912653, 3948874.388202453032136 ], [ 377695.176699829637073, 3948879.07434885809198 ] ] } },
{ "type": "Feature", "properties": { "from_node": 1515, "to_node": 1514, "u": 563661977.0, "v": 1116796602.0, "key": 0.0, "index": 886.0, "osmid": "44351950", "highway": [ "residential" ], "lanes": null, "name": null, "oneway": "False", "ref": null, "reversed": "True", "length": 65.192888708376174, "maxspeed": null, "access": null, "bridge": null, "width": null, "length_m": 80.348342911200632, "building_count_50m": 29.0, "avg_building_area": 135.67248032610007, "poi_count_50m": 7.0, "highway_clean": [ "residential" ], "highway_rank": 2.0, "sinuosity": 1.0005604620553341, "poi_diversity": 0.410116318288409, "food_drink_count": 1.0, "street_furniture_count": 1.0, "degree_u": 6.0, "degree_v": 2.0, "avg_connectivity": 4.0, "city": "Tokyo", "cluster": 3.0, "typology": "Local Mixed Street" }, "geometry": { "type": "LineString", "coordinates": [ [ 378038.771548985387199, 3949279.504306914284825 ], [ 378032.806198798003606, 3949289.371028765104711 ], [ 378021.486124580958858, 3949308.086556743364781 ], [ 378010.944974742189515, 3949325.515606174711138 ], [ 378008.092815591662657, 3949329.404354689642787 ], [ 378007.33758892811602, 3949330.435364273376763 ], [ 378004.236758401035331, 3949334.671439903788269 ] ] } },
{ "type": "Feature", "properties": { "from_node": 1515, "to_node": 1514, "u": 563661977.0, "v": 1116796602.0, "key": 0.0, "index": 886.0, "osmid": "44351950", "highway": [ "residential" ], "lanes": null, "name": null, "oneway": "False", "ref": null, "reversed": "True", "length": 65.192888708376174, "maxspeed": null, "access": null, "bridge": null, "width": null, "length_m": 80.348342911200632, "building_count_50m": 29.0, "avg_building_area": 135.67248032610007, "poi_count_50m": 7.0, "highway_clean": [ "residential" ], "highway_rank": 2.0, "sinuosity": 1.0005604620553341, "poi_diversity": 0.410116318288409, "food_drink_count": 1.0, "street_furniture_count": 1.0, "degree_u": 6.0, "degree_v": 2.0, "avg_connectivity": 4.0, "city": "Tokyo", "cluster": 3.0, "typology": "Local Mixed Street" }, "geometry": { "type": "LineString", "coordinates": [ [ 378038.771548985387199, 3949279.504306914284825 ], [ 378032.806198798003606, 3949289.371028765104711 ], [ 378021.486124580958858, 3949308.086556743364781 ], [ 378010.944974742189515, 3949325.515606174711138 ], [ 378008.092815591662657, 3949329.404354689642787 ], [ 378007.33758892811602, 3949330.435364273376763 ], [ 378004.236758401035331, 3949334.671439903788269 ] ] } },
{ "type": "Feature", "properties": { "from_node": 1515, "to_node": 1519, "u": null, "v": null, "key": null, "index": null, "osmid": null, "highway": null, "lanes": null, "name": null, "oneway": null, "ref": null, "reversed": null, "length": null, "maxspeed": null, "access": null, "bridge": null, "width": null, "length_m": null, "building_count_50m": null, "avg_building_area": null, "poi_count_50m": null, "highway_clean": null, "highway_rank": null, "sinuosity": null, "poi_diversity": null, "food_drink_count": null, "street_furniture_count": null, "degree_u": null, "degree_v": null, "avg_connectivity": null, "city": null, "cluster": null, "typology": null }, "geometry": { "type": "LineString", "coordinates": [ [ 378038.771548985387199, 3949279.504306914284825 ], [ 378070.614603806636296, 3949298.614940820261836 ], [ 378073.681215401389636, 3949300.4588423082605 ], [ 378077.468305375892669, 3949300.717520950827748 ], [ 378090.632467593939509, 3949301.613058320246637 ] ] } },
{ "type": "Feature", "properties": { "from_node": 1519, "to_node": 1525, "u": null, "v": null, "key": null, "index": null, "osmid": null, "highway": null, "lanes": null, "name": null, "oneway": null, "ref": null, "reversed": null, "length": null, "maxspeed": null, "access": null, "bridge": null, "width": null, "length_m": null, "building_count_50m": null, "avg_building_area": null, "poi_count_50m": null, "highway_clean": null, "highway_rank": null, "sinuosity": null, "poi_diversity": null, "food_drink_count": null, "street_furniture_count": null, "degree_u": null, "degree_v": null, "avg_connectivity": null, "city": null, "cluster": null, "typology": null }, "geometry": { "type": "LineString", "coordinates": [ [ 378090.632467593939509, 3949301.613058320246637 ], [ 378091.472035436192527, 3949298.151325453538448 ], [ 378095.750920197926462, 3949294.010064024943858 ], [ 378094.33681459131185, 3949279.341076606418937 ], [ 378096.649613314366434, 3949276.380553292110562 ], [ 378113.447430948843248, 3949270.303667555097491 ], [ 378116.57259087159764, 3949259.255618491675705 ] ] } },
{ "type": "Feature", "properties": { "from_node": 1525, "to_node": 1529, "u": 563662272.0, "v": 563662371.0, "key": 0.0, "index": 894.0, "osmid": "44351994", "highway": [ "residential" ], "lanes": null, "name": null, "oneway": "False", "ref": null, "reversed": "False", "length": 73.7690590944392, "maxspeed": null, "access": null, "bridge": null, "width": null, "length_m": 90.917767760294225, "building_count_50m": 83.0, "avg_building_area": 88.487898566300373, "poi_count_50m": 2.0, "highway_clean": [ "residential" ], "highway_rank": 2.0, "sinuosity": 1.0000034549782943, "poi_diversity": 0.0, "food_drink_count": 1.0, "street_furniture_count": 1.0, "degree_u": 6.0, "degree_v": 6.0, "avg_connectivity": 6.0, "city": "Tokyo", "cluster": 1.0, "typology": "Dense Local Street" }, "geometry": { "type": "LineString", "coordinates": [ [ 378116.57259087159764, 3949259.255618491675705 ], [ 378154.378993464633822, 3949261.08916227100417 ], [ 378190.394564511720091, 3949263.02506696479395 ] ] } },
{ "type": "Feature", "properties": { "from_node": 1525, "to_node": 1529, "u": 563662272.0, "v": 563662371.0, "key": 0.0, "index": 894.0, "osmid": "44351994", "highway": [ "residential" ], "lanes": null, "name": null, "oneway": "False", "ref": null, "reversed": "False", "length": 73.7690590944392, "maxspeed": null, "access": null, "bridge": null, "width": null, "length_m": 90.917767760294225, "building_count_50m": 83.0, "avg_building_area": 88.487898566300373, "poi_count_50m": 2.0, "highway_clean": [ "residential" ], "highway_rank": 2.0, "sinuosity": 1.0000034549782943, "poi_diversity": 0.0, "food_drink_count": 1.0, "street_furniture_count": 1.0, "degree_u": 6.0, "degree_v": 6.0, "avg_connectivity": 6.0, "city": "Tokyo", "cluster": 1.0, "typology": "Dense Local Street" }, "geometry": { "type": "LineString", "coordinates": [ [ 378116.57259087159764, 3949259.255618491675705 ], [ 378154.378993464633822, 3949261.08916227100417 ], [ 378190.394564511720091, 3949263.02506696479395 ] ] } },
{ "type": "Feature", "properties": { "from_node": 1529, "to_node": 1553, "u": 563662371.0, "v": 1177181978.0, "key": 0.0, "index": 897.0, "osmid": "44352095", "highway": [ "unclassified" ], "lanes": null, "name": null, "oneway": "False", "ref": null, "reversed": "False", "length": 51.142550032921321, "maxspeed": [ "20" ], "access": null, "bridge": null, "width": null, "length_m": 63.031590846642686, "building_count_50m": 66.0, "avg_building_area": 85.845683001884325, "poi_count_50m": 1.0, "highway_clean": [ "unclassified" ], "highway_rank": 1.0, "sinuosity": 1.0003286718251376, "poi_diversity": 0.0, "food_drink_count": 1.0, "street_furniture_count": 1.0, "degree_u": 6.0, "degree_v": 6.0, "avg_connectivity": 6.0, "city": "Tokyo", "cluster": 1.0, "typology": "Dense Local Street" }, "geometry": { "type": "LineString", "coordinates": [ [ 378190.394564511720091, 3949263.02506696479395 ], [ 378189.423416978796013, 3949283.307005024980754 ], [ 378189.064785635622684, 3949302.049585423897952 ], [ 378189.292162167199422, 3949314.016831059008837 ] ] } },
{ "type": "Feature", "properties": { "from_node": 1529, "to_node": 1533, "u": 563662371.0, "v": 1116796575.0, "key": 0.0, "index": 898.0, "osmid": "44352095", "highway": [ "unclassified" ], "lanes": null, "name": null, "oneway": "False", "ref": null, "reversed": "True", "length": 70.003726791472431, "maxspeed": [ "20" ], "access": null, "bridge": null, "width": null, "length_m": 86.276812089060016, "building_count_50m": 77.0, "avg_building_area": 93.501145643724726, "poi_count_50m": 2.0, "highway_clean": [ "unclassified" ], "highway_rank": 1.0, "sinuosity": 1.0007791206467347, "poi_diversity": 0.0, "food_drink_count": 1.0, "street_furniture_count": 1.0, "degree_u": 6.0, "degree_v": 6.0, "avg_connectivity": 6.0, "city": "Tokyo", "cluster": 1.0, "typology": "Dense Local Street" }, "geometry": { "type": "LineString", "coordinates": [ [ 378190.394564511720091, 3949263.02506696479395 ], [ 378191.060204119246919, 3949226.394850332289934 ], [ 378191.245846256788354, 3949216.163694379385561 ], [ 378191.265932742098812, 3949214.987461573909968 ], [ 378193.521442283992656, 3949193.31227648537606 ] ] } },
{ "type": "Feature", "properties": { "from_node": 1534, "to_node": 1937, "u": 563663654.0, "v": 1177181938.0, "key": 0.0, "index": 900.0, "osmid": "44352095", "highway": [ "unclassified" ], "lanes": null, "name": null, "oneway": "False", "ref": null, "reversed": "True", "length": 38.004005912531575, "maxspeed": [ "20" ], "access": null, "bridge": null, "width": null, "length_m": 46.838038403928273, "building_count_50m": 68.0, "avg_building_area": 87.44596898811119, "poi_count_50m": 1.0, "highway_clean": [ "unclassified" ], "highway_rank": 1.0, "sinuosity": 1.0001251372030489, "poi_diversity": 0.0, "food_drink_count": 1.0, "street_furniture_count": 1.0, "degree_u": 6.0, "degree_v": 6.0, "avg_connectivity": 6.0, "city": "Tokyo", "cluster": 1.0, "typology": "Dense Local Street" }, "geometry": { "type": "LineString", "coordinates": [ [ 378197.036266322829761, 3949173.03985958872363 ], [ 378197.527197562973015, 3949169.893547523301095 ], [ 378199.553105920436792, 3949160.524689570534974 ], [ 378204.837238641281147, 3949135.934678800404072 ] ] } },
{ "type": "Feature", "properties": { "from_node": 1534, "to_node": 1541, "u": null, "v": null, "key": null, "index": null, "osmid": null, "highway": null, "lanes": null, "name": null, "oneway": null, "ref": null, "reversed": null, "length": null, "maxspeed": null, "access": null, "bridge": null, "width": null, "length_m": null, "building_count_50m": null, "avg_building_area": null, "poi_count_50m": null, "highway_clean": null, "highway_rank": null, "sinuosity": null, "poi_diversity": null, "food_drink_count": null, "street_furniture_count": null, "degree_u": null, "degree_v": null, "avg_connectivity": null, "city": null, "cluster": null, "typology": null }, "geometry": { "type": "LineString", "coordinates": [ [ 378197.036266322829761, 3949173.03985958872363 ], [ 378265.174740984570235, 3949182.778722852468491 ], [ 378273.621388646308333, 3949195.443251524120569 ], [ 378286.421052896534093, 3949214.660160891711712 ], [ 378306.791001505916938, 3949252.622025905176997 ], [ 378327.421436314529274, 3949289.127061557024717 ] ] } },
{ "type": "Feature", "properties": { "from_node": 1541, "to_node": 1835, "u": 563663757.0, "v": 1177181276.0, "key": 0.0, "index": 903.0, "osmid": "96368270", "highway": [ "residential" ], "lanes": null, "name": null, "oneway": "False", "ref": null, "reversed": "False", "length": 48.134058299154965, "maxspeed": null, "access": null, "bridge": null, "width": null, "length_m": 59.32365189599561, "building_count_50m": 44.0, "avg_building_area": 100.77345271666148, "poi_count_50m": 1.0, "highway_clean": [ "residential" ], "highway_rank": 2.0, "sinuosity": 1.0011425176208675, "poi_diversity": 0.0, "food_drink_count": 1.0, "street_furniture_count": 1.0, "degree_u": 6.0, "degree_v": 6.0, "avg_connectivity": 6.0, "city": "Tokyo", "cluster": 1.0, "typology": "Dense Local Street" }, "geometry": { "type": "LineString", "coordinates": [ [ 378327.421436314529274, 3949289.127061557024717 ], [ 378347.946037699352019, 3949275.588859338779002 ], [ 378359.798386171460152, 3949269.258413605857641 ], [ 378368.785247914260253, 3949264.531442357692868 ] ] } },
{ "type": "Feature", "properties": { "from_node": 1541, "to_node": 1835, "u": 563663757.0, "v": 1177181276.0, "key": 0.0, "index": 903.0, "osmid": "96368270", "highway": [ "residential" ], "lanes": null, "name": null, "oneway": "False", "ref": null, "reversed": "False", "length": 48.134058299154965, "maxspeed": null, "access": null, "bridge": null, "width": null, "length_m": 59.32365189599561, "building_count_50m": 44.0, "avg_building_area": 100.77345271666148, "poi_count_50m": 1.0, "highway_clean": [ "residential" ], "highway_rank": 2.0, "sinuosity": 1.0011425176208675, "poi_diversity": 0.0, "food_drink_count": 1.0, "street_furniture_count": 1.0, "degree_u": 6.0, "degree_v": 6.0, "avg_connectivity": 6.0, "city": "Tokyo", "cluster": 1.0, "typology": "Dense Local Street" }, "geometry": { "type": "LineString", "coordinates": [ [ 378327.421436314529274, 3949289.127061557024717 ], [ 378347.946037699352019, 3949275.588859338779002 ], [ 378359.798386171460152, 3949269.258413605857641 ], [ 378368.785247914260253, 3949264.531442357692868 ] ] } },
{ "type": "Feature", "properties": { "from_node": 1541, "to_node": 1553, "u": null, "v": null, "key": null, "index": null, "osmid": null, "highway": null, "lanes": null, "name": null, "oneway": null, "ref": null, "reversed": null, "length": null, "maxspeed": null, "access": null, "bridge": null, "width": null, "length_m": null, "building_count_50m": null, "avg_building_area": null, "poi_count_50m": null, "highway_clean": null, "highway_rank": null, "sinuosity": null, "poi_diversity": null, "food_drink_count": null, "street_furniture_count": null, "degree_u": null, "degree_v": null, "avg_connectivity": null, "city": null, "cluster": null, "typology": null }, "geometry": { "type": "LineString", "coordinates": [ [ 378327.421436314529274, 3949289.127061557024717 ], [ 378305.631189994746819, 3949300.131038435734808 ], [ 378278.880007557512727, 3949307.774985026102513 ], [ 378250.666701079986524, 3949313.741670360788703 ], [ 378244.037527337553911, 3949313.488570557907224 ], [ 378232.754029113741126, 3949311.779371559154242 ], [ 378223.638585041335318, 3949311.737853433005512 ], [ 378213.232625556644052, 3949315.940819062292576 ], [ 378204.037303571472876, 3949319.317349268123507 ], [ 378196.827808642876334, 3949318.328943363390863 ], [ 378189.292162167199422, 3949314.016831059008837 ] ] } },
{ "type": "Feature", "properties": { "from_node": 1496, "to_node": 1557, "u": 563663963.0, "v": 1177181651.0, "key": 0.0, "index": 905.0, "osmid": "96368270", "highway": [ "residential" ], "lanes": null, "name": null, "oneway": "False", "ref": null, "reversed": "True", "length": 48.923562965953138, "maxspeed": null, "access": null, "bridge": null, "width": null, "length_m": 60.29610018248929, "building_count_50m": 38.0, "avg_building_area": 182.83297366367475, "poi_count_50m": 6.0, "highway_clean": [ "residential" ], "highway_rank": 2.0, "sinuosity": 1.0197708165483004, "poi_diversity": 1.329661348854758, "food_drink_count": 2.0, "street_furniture_count": 1.0, "degree_u": 5.0, "degree_v": 6.0, "avg_connectivity": 5.5, "city": "Tokyo", "cluster": 3.0, "typology": "Local Mixed Street" }, "geometry": { "type": "LineString", "coordinates": [ [ 378483.090407077921554, 3949170.677555338013917 ], [ 378480.283899555157404, 3949175.275528187863529 ], [ 378477.398781842319295, 3949177.433913600165397 ], [ 378472.282677950104699, 3949179.278892292641103 ], [ 378451.72466753446497, 3949206.950907117221504 ] ] } },
{ "type": "Feature", "properties": { "from_node": 1564, "to_node": 1674, "u": null, "v": null, "key": null, "index": null, "osmid": null, "highway": null, "lanes": null, "name": null, "oneway": null, "ref": null, "reversed": null, "length": null, "maxspeed": null, "access": null, "bridge": null, "width": null, "length_m": null, "building_count_50m": null, "avg_building_area": null, "poi_count_50m": null, "highway_clean": null, "highway_rank": null, "sinuosity": null, "poi_diversity": null, "food_drink_count": null, "street_furniture_count": null, "degree_u": null, "degree_v": null, "avg_connectivity": null, "city": null, "cluster": null, "typology": null }, "geometry": { "type": "LineString", "coordinates": [ [ 377978.045724083029199, 3948829.235739748924971 ], [ 378022.191617623437196, 3948861.501207160763443 ], [ 378042.885835894034244, 3948877.436602855101228 ], [ 378094.991529326071031, 3948938.348698701243848 ], [ 378098.008823252632283, 3948941.868473457638174 ] ] } },
{ "type": "Feature", "properties": { "from_node": 1564, "to_node": 1574, "u": null, "v": null, "key": null, "index": null, "osmid": null, "highway": null, "lanes": null, "name": null, "oneway": null, "ref": null, "reversed": null, "length": null, "maxspeed": null, "access": null, "bridge": null, "width": null, "length_m": null, "building_count_50m": null, "avg_building_area": null, "poi_count_50m": null, "highway_clean": null, "highway_rank": null, "sinuosity": null, "poi_diversity": null, "food_drink_count": null, "street_furniture_count": null, "degree_u": null, "degree_v": null, "avg_connectivity": null, "city": null, "cluster": null, "typology": null }, "geometry": { "type": "LineString", "coordinates": [ [ 377978.045724083029199, 3948829.235739748924971 ], [ 377972.904648390016519, 3948847.733352511655539 ], [ 377973.493439328740351, 3948868.204689796082675 ] ] } },
{ "type": "Feature", "properties": { "from_node": 1574, "to_node": 1573, "u": 597011994.0, "v": 1177182013.0, "key": 0.0, "index": 911.0, "osmid": "46702756", "highway": [ "residential" ], "lanes": null, "name": null, "oneway": "False", "ref": null, "reversed": "False", "length": 54.329234455835504, "maxspeed": null, "access": null, "bridge": null, "width": null, "length_m": 66.956070163012384, "building_count_50m": 81.0, "avg_building_area": 86.076681168888641, "poi_count_50m": 1.0, "highway_clean": [ "residential" ], "highway_rank": 2.0, "sinuosity": 1.0017681674151591, "poi_diversity": 0.0, "food_drink_count": 1.0, "street_furniture_count": 1.0, "degree_u": 6.0, "degree_v": 4.0, "avg_connectivity": 5.0, "city": "Tokyo", "cluster": 1.0, "typology": "Dense Local Street" }, "geometry": { "type": "LineString", "coordinates": [ [ 377973.493439328740351, 3948868.204689796082675 ], [ 377969.909058614168316, 3948877.450775320641696 ], [ 377967.634754928585608, 3948885.857925476040691 ], [ 377964.007746458635665, 3948896.613375868182629 ], [ 377959.800379566731863, 3948906.633501888252795 ], [ 377954.101063371112105, 3948918.74868270335719 ] ] } },
{ "type": "Feature", "properties": { "from_node": 1574, "to_node": 1579, "u": null, "v": null, "key": null, "index": null, "osmid": null, "highway": null, "lanes": null, "name": null, "oneway": null, "ref": null, "reversed": null, "length": null, "maxspeed": null, "access": null, "bridge": null, "width": null, "length_m": null, "building_count_50m": null, "avg_building_area": null, "poi_count_50m": null, "highway_clean": null, "highway_rank": null, "sinuosity": null, "poi_diversity": null, "food_drink_count": null, "street_furniture_count": null, "degree_u": null, "degree_v": null, "avg_connectivity": null, "city": null, "cluster": null, "typology": null }, "geometry": { "type": "LineString", "coordinates": [ [ 377973.493439328740351, 3948868.204689796082675 ], [ 378001.073137305676937, 3948895.782863433007151 ], [ 378019.419681781961117, 3948914.124528909102082 ], [ 378026.55094307474792, 3948921.259921784047037 ], [ 378050.881068648595829, 3948973.278407733421773 ], [ 378052.440756820316892, 3948976.119246791116893 ] ] } },
{ "type": "Feature", "properties": { "from_node": 1584, "to_node": 1583, "u": 597014995.0, "v": 1177181830.0, "key": 0.0, "index": 916.0, "osmid": "46702823", "highway": [ "residential" ], "lanes": null, "name": null, "oneway": "False", "ref": null, "reversed": "True", "length": 50.556122581157631, "maxspeed": null, "access": null, "bridge": null, "width": null, "length_m": 62.30675618817429, "building_count_50m": 41.0, "avg_building_area": 235.96435346076188, "poi_count_50m": 2.0, "highway_clean": [ "residential" ], "highway_rank": 2.0, "sinuosity": 1.0195878123660091, "poi_diversity": 0.69314718055994529, "food_drink_count": 1.0, "street_furniture_count": 1.0, "degree_u": 6.0, "degree_v": 6.0, "avg_connectivity": 6.0, "city": "Tokyo", "cluster": 3.0, "typology": "Local Mixed Street" }, "geometry": { "type": "LineString", "coordinates": [ [ 378383.367498204810545, 3948985.375084197614342 ], [ 378379.566645218059421, 3948986.103818085510284 ], [ 378357.140278785314877, 3948990.371227476745844 ], [ 378339.824491437757388, 3948995.689230861607939 ], [ 378334.37400743336184, 3948993.611611493397504 ] ] } },
{ "type": "Feature", "properties": { "from_node": 1584, "to_node": 1591, "u": null, "v": null, "key": null, "index": null, "osmid": null, "highway": null, "lanes": null, "name": null, "oneway": null, "ref": null, "reversed": null, "length": null, "maxspeed": null, "access": null, "bridge": null, "width": null, "length_m": null, "building_count_50m": null, "avg_building_area": null, "poi_count_50m": null, "highway_clean": null, "highway_rank": null, "sinuosity": null, "poi_diversity": null, "food_drink_count": null, "street_furniture_count": null, "degree_u": null, "degree_v": null, "avg_connectivity": null, "city": null, "cluster": null, "typology": null }, "geometry": { "type": "LineString", "coordinates": [ [ 378383.367498204810545, 3948985.375084197614342 ], [ 378391.233994632668328, 3949008.564700238406658 ], [ 378397.628978865745012, 3949023.442915719002485 ], [ 378402.2386470187339, 3949028.904628281015903 ], [ 378423.338732085539959, 3949046.798942387104034 ] ] } },
{ "type": "Feature", "properties": { "from_node": 1584, "to_node": 1590, "u": 597014995.0, "v": 861245050.0, "key": 0.0, "index": 918.0, "osmid": [ 46702830, 72561175 ], "highway": [ "residential" ], "lanes": null, "name": null, "oneway": "False", "ref": null, "reversed": [ false, true ], "length": 43.96570423245953, "maxspeed": null, "access": null, "bridge": null, "width": null, "length_m": 54.184381740753089, "building_count_50m": 43.0, "avg_building_area": 235.71487507873107, "poi_count_50m": 1.0, "highway_clean": [ "residential" ], "highway_rank": 2.0, "sinuosity": 1.0023812637494476, "poi_diversity": 0.0, "food_drink_count": 1.0, "street_furniture_count": 1.0, "degree_u": 6.0, "degree_v": 6.0, "avg_connectivity": 6.0, "city": "Tokyo", "cluster": 1.0, "typology": "Dense Local Street" }, "geometry": { "type": "LineString", "coordinates": [ [ 378383.367498204810545, 3948985.375084197614342 ], [ 378380.376610433566384, 3948973.190500591881573 ], [ 378378.30463317228714, 3948954.070735570974648 ], [ 378377.496950316941366, 3948942.011596418917179 ] ] } },
{ "type": "Feature", "properties": { "from_node": 1591, "to_node": 1962, "u": 597016376.0, "v": 1177181718.0, "key": 0.0, "index": 919.0, "osmid": "46702830", "highway": [ "residential" ], "lanes": null, "name": null, "oneway": "False", "ref": null, "reversed": "False", "length": 80.094337777149491, "maxspeed": null, "access": null, "bridge": null, "width": null, "length_m": 98.711395028284414, "building_count_50m": 56.0, "avg_building_area": 173.28387420832001, "poi_count_50m": 1.0, "highway_clean": [ "residential" ], "highway_rank": 2.0, "sinuosity": 1.0131482479811031, "poi_diversity": 0.0, "food_drink_count": 1.0, "street_furniture_count": 1.0, "degree_u": 8.0, "degree_v": 4.0, "avg_connectivity": 6.0, "city": "Tokyo", "cluster": 1.0, "typology": "Dense Local Street" }, "geometry": { "type": "LineString", "coordinates": [ [ 378423.338732085539959, 3949046.798942387104034 ], [ 378445.60457267658785, 3949065.220963574014604 ], [ 378472.311100048653316, 3949088.674431235063821 ], [ 378480.190122144413181, 3949095.58916115667671 ], [ 378485.371136277157348, 3949095.84005312807858 ] ] } },
{ "type": "Feature", "properties": { "from_node": 1591, "to_node": 1596, "u": 597016376.0, "v": 597017830.0, "key": 0.0, "index": 921.0, "osmid": "46702832", "highway": [ "residential" ], "lanes": null, "name": null, "oneway": "False", "ref": null, "reversed": "False", "length": 56.579868043266046, "maxspeed": null, "access": null, "bridge": null, "width": null, "length_m": 69.731206096574567, "building_count_50m": 64.0, "avg_building_area": 102.41017125605273, "poi_count_50m": 1.0, "highway_clean": [ "residential" ], "highway_rank": 2.0, "sinuosity": 1.0021907318381649, "poi_diversity": 0.0, "food_drink_count": 1.0, "street_furniture_count": 1.0, "degree_u": 8.0, "degree_v": 6.0, "avg_connectivity": 7.0, "city": "Tokyo", "cluster": 1.0, "typology": "Dense Local Street" }, "geometry": { "type": "LineString", "coordinates": [ [ 378423.338732085539959, 3949046.798942387104034 ], [ 378420.150432936497964, 3949049.294309435412288 ], [ 378388.398509920749348, 3949091.097928689792752 ] ] } },
{ "type": "Feature", "properties": { "from_node": 1591, "to_node": 1853, "u": null, "v": null, "key": null, "index": null, "osmid": null, "highway": null, "lanes": null, "name": null, "oneway": null, "ref": null, "reversed": null, "length": null, "maxspeed": null, "access": null, "bridge": null, "width": null, "length_m": null, "building_count_50m": null, "avg_building_area": null, "poi_count_50m": null, "highway_clean": null, "highway_rank": null, "sinuosity": null, "poi_diversity": null, "food_drink_count": null, "street_furniture_count": null, "degree_u": null, "degree_v": null, "avg_connectivity": null, "city": null, "cluster": null, "typology": null }, "geometry": { "type": "LineString", "coordinates": [ [ 378423.338732085539959, 3949046.798942387104034 ], [ 378444.818144669232424, 3949022.276047671213746 ], [ 378463.378020114148967, 3949000.699736739508808 ], [ 378490.214916308876127, 3949014.477580420672894 ] ] } },
{ "type": "Feature", "properties": { "from_node": 1596, "to_node": 1557, "u": null, "v": null, "key": null, "index": null, "osmid": null, "highway": null, "lanes": null, "name": null, "oneway": null, "ref": null, "reversed": null, "length": null, "maxspeed": null, "access": null, "bridge": null, "width": null, "length_m": null, "building_count_50m": null, "avg_building_area": null, "poi_count_50m": null, "highway_clean": null, "highway_rank": null, "sinuosity": null, "poi_diversity": null, "food_drink_count": null, "street_furniture_count": null, "degree_u": null, "degree_v": null, "avg_connectivity": null, "city": null, "cluster": null, "typology": null }, "geometry": { "type": "LineString", "coordinates": [ [ 378388.398509920749348, 3949091.097928689792752 ], [ 378393.478573138942011, 3949099.848096398636699 ], [ 378397.149487512302585, 3949106.165787525009364 ], [ 378408.216348304704297, 3949134.37046351050958 ], [ 378414.462489609257318, 3949150.94809618871659 ], [ 378426.850728980032727, 3949175.839821074623615 ], [ 378428.903965989535209, 3949179.040069562848657 ], [ 378437.607013561239, 3949192.59984566224739 ], [ 378451.72466753446497, 3949206.950907117221504 ] ] } },
{ "type": "Feature", "properties": { "from_node": 1596, "to_node": 1610, "u": null, "v": null, "key": null, "index": null, "osmid": null, "highway": null, "lanes": null, "name": null, "oneway": null, "ref": null, "reversed": null, "length": null, "maxspeed": null, "access": null, "bridge": null, "width": null, "length_m": null, "building_count_50m": null, "avg_building_area": null, "poi_count_50m": null, "highway_clean": null, "highway_rank": null, "sinuosity": null, "poi_diversity": null, "food_drink_count": null, "street_furniture_count": null, "degree_u": null, "degree_v": null, "avg_connectivity": null, "city": null, "cluster": null, "typology": null }, "geometry": { "type": "LineString", "coordinates": [ [ 378388.398509920749348, 3949091.097928689792752 ], [ 378386.504305536858737, 3949088.938341800589114 ], [ 378378.239731535257306, 3949080.975044224411249 ], [ 378368.398175444104709, 3949074.852737511042506 ], [ 378357.218635597906541, 3949066.208242440130562 ], [ 378351.679536138079129, 3949052.361169127281755 ] ] } },
{ "type": "Feature", "properties": { "from_node": 0, "to_node": 1494, "u": 597121574.0, "v": 253116433.0, "key": 0.0, "index": 926.0, "osmid": "622785930", "highway": [ "primary" ], "lanes": [ "3" ], "name": [ "環七通り" ], "oneway": "True", "ref": "318", "reversed": "False", "length": 106.02529359568571, "maxspeed": [ "40" ], "access": null, "bridge": null, "width": null, "length_m": 130.67478378014806, "building_count_50m": 28.0, "avg_building_area": 386.25782073345232, "poi_count_50m": 7.0, "highway_clean": [ "primary" ], "highway_rank": 5.0, "sinuosity": 1.0, "poi_diversity": 0.79631164017381306, "food_drink_count": 1.0, "street_furniture_count": 1.0, "degree_u": 4.0, "degree_v": 2.0, "avg_connectivity": 3.0, "city": "Tokyo", "cluster": 3.0, "typology": "Local Mixed Street" }, "geometry": { "type": "LineString", "coordinates": [ [ 378458.209056122926995, 3949480.560524209868163 ], [ 378461.271707465930376, 3949468.22656588209793 ], [ 378470.148938967147842, 3949362.823789139743894 ] ] } },
{ "type": "Feature", "properties": { "from_node": 1494, "to_node": 1613, "u": 597121574.0, "v": 597121783.0, "key": 0.0, "index": 927.0, "osmid": "46706855", "highway": [ "residential" ], "lanes": null, "name": null, "oneway": "False", "ref": null, "reversed": "False", "length": 44.919626348436111, "maxspeed": null, "access": null, "bridge": null, "width": null, "length_m": 55.362539778274538, "building_count_50m": 24.0, "avg_building_area": 307.1471101681887, "poi_count_50m": 3.0, "highway_clean": [ "residential" ], "highway_rank": 2.0, "sinuosity": 1.0000000444643551, "poi_diversity": 0.63651416829481278, "food_drink_count": 1.0, "street_furniture_count": 1.0, "degree_u": 4.0, "degree_v": 6.0, "avg_connectivity": 5.0, "city": "Tokyo", "cluster": 3.0, "typology": "Local Mixed Street" }, "geometry": { "type": "LineString", "coordinates": [ [ 378470.148938967147842, 3949362.823789139743894 ], [ 378464.141922866459936, 3949363.715788095258176 ], [ 378425.624312786385417, 3949369.401266572996974 ] ] } },
{ "type": "Feature", "properties": { "from_node": 1613, "to_node": 1615, "u": 597121783.0, "v": 1177181831.0, "key": 0.0, "index": 928.0, "osmid": "46706855", "highway": [ "residential" ], "lanes": null, "name": null, "oneway": "False", "ref": null, "reversed": "False", "length": 68.802756466280954, "maxspeed": null, "access": null, "bridge": null, "width": null, "length_m": 84.798161825125248, "building_count_50m": 50.0, "avg_building_area": 149.618265651786, "poi_count_50m": 4.0, "highway_clean": [ "residential" ], "highway_rank": 2.0, "sinuosity": 1.0001541504891476, "poi_diversity": 0.56233514461880829, "food_drink_count": 1.0, "street_furniture_count": 1.0, "degree_u": 6.0, "degree_v": 6.0, "avg_connectivity": 6.0, "city": "Tokyo", "cluster": 1.0, "typology": "Dense Local Street" }, "geometry": { "type": "LineString", "coordinates": [ [ 378425.624312786385417, 3949369.401266572996974 ], [ 378413.877304511377588, 3949373.50030793203041 ], [ 378361.467325895035174, 3949394.508257101755589 ] ] } },
{ "type": "Feature", "properties": { "from_node": 1613, "to_node": 1621, "u": null, "v": null, "key": null, "index": null, "osmid": null, "highway": null, "lanes": null, "name": null, "oneway": null, "ref": null, "reversed": null, "length": null, "maxspeed": null, "access": null, "bridge": null, "width": null, "length_m": null, "building_count_50m": null, "avg_building_area": null, "poi_count_50m": null, "highway_clean": null, "highway_rank": null, "sinuosity": null, "poi_diversity": null, "food_drink_count": null, "street_furniture_count": null, "degree_u": null, "degree_v": null, "avg_connectivity": null, "city": null, "cluster": null, "typology": null }, "geometry": { "type": "LineString", "coordinates": [ [ 378425.624312786385417, 3949369.401266572996974 ], [ 378425.395362398179714, 3949363.912903164047748 ], [ 378424.584574197302572, 3949353.606639428064227 ], [ 378419.508391232637223, 3949349.759921402204782 ], [ 378416.367708008503541, 3949348.449426046572626 ], [ 378401.348149133089464, 3949352.8484125318937 ], [ 378386.468201769632287, 3949358.188498825766146 ] ] } },
{ "type": "Feature", "properties": { "from_node": 1631, "to_node": 1939, "u": null, "v": null, "key": null, "index": null, "osmid": null, "highway": null, "lanes": null, "name": null, "oneway": null, "ref": null, "reversed": null, "length": null, "maxspeed": null, "access": null, "bridge": null, "width": null, "length_m": null, "building_count_50m": null, "avg_building_area": null, "poi_count_50m": null, "highway_clean": null, "highway_rank": null, "sinuosity": null, "poi_diversity": null, "food_drink_count": null, "street_furniture_count": null, "degree_u": null, "degree_v": null, "avg_connectivity": null, "city": null, "cluster": null, "typology": null }, "geometry": { "type": "LineString", "coordinates": [ [ 378305.816383718862198, 3949519.89938536612317 ], [ 378305.533663079841062, 3949542.878803671337664 ], [ 378305.385672764386982, 3949555.206196344457567 ], [ 378320.774561352503952, 3949559.299930759239942 ], [ 378343.69248363643419, 3949561.29371307278052 ], [ 378356.865268374793231, 3949562.189510211814195 ] ] } },
{ "type": "Feature", "properties": { "from_node": 1631, "to_node": 1630, "u": null, "v": null, "key": null, "index": null, "osmid": null, "highway": null, "lanes": null, "name": null, "oneway": null, "ref": null, "reversed": null, "length": null, "maxspeed": null, "access": null, "bridge": null, "width": null, "length_m": null, "building_count_50m": null, "avg_building_area": null, "poi_count_50m": null, "highway_clean": null, "highway_rank": null, "sinuosity": null, "poi_diversity": null, "food_drink_count": null, "street_furniture_count": null, "degree_u": null, "degree_v": null, "avg_connectivity": null, "city": null, "cluster": null, "typology": null }, "geometry": { "type": "LineString", "coordinates": [ [ 378305.816383718862198, 3949519.89938536612317 ], [ 378281.314987331279553, 3949516.629392316564918 ], [ 378251.888286188419443, 3949514.580707681830972 ], [ 378241.760490177082829, 3949513.965068985708058 ], [ 378240.113483531051315, 3949518.613807498011738 ], [ 378231.687524619454052, 3949549.06009092181921 ] ] } },
{ "type": "Feature", "properties": { "from_node": 1631, "to_node": 1830, "u": 597121894.0, "v": 1177181622.0, "key": 0.0, "index": 933.0, "osmid": "46706876", "highway": [ "residential" ], "lanes": null, "name": null, "oneway": "False", "ref": null, "reversed": "True", "length": 125.35920724514554, "maxspeed": [ "20" ], "access": null, "bridge": null, "width": null, "length_m": 154.50555001421256, "building_count_50m": 86.0, "avg_building_area": 122.6613768076398, "poi_count_50m": 6.0, "highway_clean": [ "residential" ], "highway_rank": 2.0, "sinuosity": 1.0001680998717188, "poi_diversity": 1.0114042647073516, "food_drink_count": 1.0, "street_furniture_count": 1.0, "degree_u": 6.0, "degree_v": 6.0, "avg_connectivity": 6.0, "city": "Tokyo", "cluster": 3.0, "typology": "Local Mixed Street" }, "geometry": { "type": "LineString", "coordinates": [ [ 378305.816383718862198, 3949519.89938536612317 ], [ 378350.401666431513149, 3949527.731465673074126 ], [ 378428.080245318240486, 3949538.350431478116661 ], [ 378429.993651580414735, 3949538.612699351739138 ] ] } },
{ "type": "Feature", "properties": { "from_node": 1630, "to_node": 1426, "u": null, "v": null, "key": null, "index": null, "osmid": null, "highway": null, "lanes": null, "name": null, "oneway": null, "ref": null, "reversed": null, "length": null, "maxspeed": null, "access": null, "bridge": null, "width": null, "length_m": null, "building_count_50m": null, "avg_building_area": null, "poi_count_50m": null, "highway_clean": null, "highway_rank": null, "sinuosity": null, "poi_diversity": null, "food_drink_count": null, "street_furniture_count": null, "degree_u": null, "degree_v": null, "avg_connectivity": null, "city": null, "cluster": null, "typology": null }, "geometry": { "type": "LineString", "coordinates": [ [ 378231.687524619454052, 3949549.06009092181921 ], [ 378246.626243805862032, 3949548.700102245435119 ], [ 378256.78227936726762, 3949550.058652135077864 ], [ 378260.59744381159544, 3949557.661208906210959 ], [ 378263.814012114075013, 3949567.157936824019998 ], [ 378265.011773450591136, 3949570.680497036315501 ], [ 378272.132307783933356, 3949592.282711329404265 ], [ 378282.912704068468884, 3949627.336130138020962 ], [ 378285.193809219519608, 3949635.281431580893695 ] ] } },
{ "type": "Feature", "properties": { "from_node": 588, "to_node": 1651, "u": null, "v": null, "key": null, "index": null, "osmid": null, "highway": null, "lanes": null, "name": null, "oneway": null, "ref": null, "reversed": null, "length": null, "maxspeed": null, "access": null, "bridge": null, "width": null, "length_m": null, "building_count_50m": null, "avg_building_area": null, "poi_count_50m": null, "highway_clean": null, "highway_rank": null, "sinuosity": null, "poi_diversity": null, "food_drink_count": null, "street_furniture_count": null, "degree_u": null, "degree_v": null, "avg_connectivity": null, "city": null, "cluster": null, "typology": null }, "geometry": { "type": "LineString", "coordinates": [ [ 377800.313224469253328, 3948582.584792203269899 ], [ 377802.185693429666571, 3948579.852130571845919 ], [ 377826.04831045854371, 3948544.999796587042511 ], [ 377835.336572003376205, 3948530.549871955532581 ], [ 377840.017710951913614, 3948527.334866291843355 ], [ 377843.603341037756763, 3948526.741993172094226 ], [ 377870.287650012178347, 3948546.366657590027899 ] ] } },
{ "type": "Feature", "properties": { "from_node": 1304, "to_node": 1651, "u": null, "v": null, "key": null, "index": null, "osmid": null, "highway": null, "lanes": null, "name": null, "oneway": null, "ref": null, "reversed": null, "length": null, "maxspeed": null, "access": null, "bridge": null, "width": null, "length_m": null, "building_count_50m": null, "avg_building_area": null, "poi_count_50m": null, "highway_clean": null, "highway_rank": null, "sinuosity": null, "poi_diversity": null, "food_drink_count": null, "street_furniture_count": null, "degree_u": null, "degree_v": null, "avg_connectivity": null, "city": null, "cluster": null, "typology": null }, "geometry": { "type": "LineString", "coordinates": [ [ 377932.527086949150544, 3948538.145466257818043 ], [ 377910.431684228009544, 3948520.443414034787565 ], [ 377902.935281236597802, 3948514.433604906313121 ], [ 377877.483702829689719, 3948539.078927495982498 ], [ 377870.287650012178347, 3948546.366657590027899 ] ] } },
{ "type": "Feature", "properties": { "from_node": 1464, "to_node": 1653, "u": 614597192.0, "v": 1178938414.0, "key": 0.0, "index": 953.0, "osmid": "48390338", "highway": [ "residential" ], "lanes": null, "name": null, "oneway": "False", "ref": null, "reversed": "False", "length": 46.567209813188455, "maxspeed": null, "access": null, "bridge": null, "width": null, "length_m": 57.387340529059458, "building_count_50m": 52.0, "avg_building_area": 119.85673568760697, "poi_count_50m": 3.0, "highway_clean": [ "residential" ], "highway_rank": 2.0, "sinuosity": 1.0000195249445571, "poi_diversity": 0.63651416829481278, "food_drink_count": 1.0, "street_furniture_count": 1.0, "degree_u": 8.0, "degree_v": 6.0, "avg_connectivity": 7.0, "city": "Tokyo", "cluster": 1.0, "typology": "Dense Local Street" }, "geometry": { "type": "LineString", "coordinates": [ [ 378049.254565453680698, 3948474.639325183350593 ], [ 378037.102250370662659, 3948475.005721832625568 ], [ 378002.602149305748753, 3948475.556743434630334 ] ] } },
{ "type": "Feature", "properties": { "from_node": 1658, "to_node": 606, "u": null, "v": null, "key": null, "index": null, "osmid": null, "highway": null, "lanes": null, "name": null, "oneway": null, "ref": null, "reversed": null, "length": null, "maxspeed": null, "access": null, "bridge": null, "width": null, "length_m": null, "building_count_50m": null, "avg_building_area": null, "poi_count_50m": null, "highway_clean": null, "highway_rank": null, "sinuosity": null, "poi_diversity": null, "food_drink_count": null, "street_furniture_count": null, "degree_u": null, "degree_v": null, "avg_connectivity": null, "city": null, "cluster": null, "typology": null }, "geometry": { "type": "LineString", "coordinates": [ [ 377587.460193874663673, 3948701.090052371378988 ], [ 377590.056029891013168, 3948702.906998636666685 ], [ 377609.052916902466677, 3948717.76649795146659 ], [ 377621.621885382919572, 3948731.250121355988085 ], [ 377625.626908063597512, 3948746.005422059912235 ] ] } },
{ "type": "Feature", "properties": { "from_node": 1663, "to_node": 1172, "u": null, "v": null, "key": null, "index": null, "osmid": null, "highway": null, "lanes": null, "name": null, "oneway": null, "ref": null, "reversed": null, "length": null, "maxspeed": null, "access": null, "bridge": null, "width": null, "length_m": null, "building_count_50m": null, "avg_building_area": null, "poi_count_50m": null, "highway_clean": null, "highway_rank": null, "sinuosity": null, "poi_diversity": null, "food_drink_count": null, "street_furniture_count": null, "degree_u": null, "degree_v": null, "avg_connectivity": null, "city": null, "cluster": null, "typology": null }, "geometry": { "type": "LineString", "coordinates": [ [ 378027.175504386250395, 3948685.083556944038719 ], [ 378029.182019990752451, 3948681.561435781884938 ], [ 378031.135756271076389, 3948678.150978680234402 ], [ 378037.399056136084255, 3948664.89654300455004 ], [ 378040.909467953257263, 3948658.824374725110829 ], [ 378048.660822230391204, 3948649.121781386435032 ], [ 378068.514896329841577, 3948626.872355891857296 ], [ 378082.77325350639876, 3948608.47165582049638 ] ] } },
{ "type": "Feature", "properties": { "from_node": 1196, "to_node": 1673, "u": 656134304.0, "v": 1178937980.0, "key": 0.0, "index": 991.0, "osmid": "35939389", "highway": [ "residential" ], "lanes": null, "name": null, "oneway": "False", "ref": null, "reversed": "False", "length": 82.866232144716435, "maxspeed": null, "access": null, "bridge": null, "width": null, "length_m": 102.12346532247102, "building_count_50m": 88.0, "avg_building_area": 103.58633253577983, "poi_count_50m": 1.0, "highway_clean": [ "residential" ], "highway_rank": 2.0, "sinuosity": 1.0008872188688045, "poi_diversity": 0.0, "food_drink_count": 1.0, "street_furniture_count": 1.0, "degree_u": 6.0, "degree_v": 6.0, "avg_connectivity": 6.0, "city": "Tokyo", "cluster": 1.0, "typology": "Dense Local Street" }, "geometry": { "type": "LineString", "coordinates": [ [ 378030.224838046182413, 3948686.972063386347145 ], [ 378027.964606295572594, 3948690.47547766380012 ], [ 378001.949522916984279, 3948730.770644315518439 ], [ 377998.35830912576057, 3948735.568136680871248 ], [ 377983.154852238250896, 3948754.991512038744986 ] ] } },
{ "type": "Feature", "properties": { "from_node": 1674, "to_node": 612, "u": 656135038.0, "v": 1177181794.0, "key": 0.0, "index": 992.0, "osmid": "32125133", "highway": [ "unclassified" ], "lanes": null, "name": null, "oneway": "False", "ref": null, "reversed": "False", "length": 94.132408966706066, "maxspeed": null, "access": null, "bridge": null, "width": null, "length_m": 116.01023058996738, "building_count_50m": 103.0, "avg_building_area": 90.696707176321922, "poi_count_50m": 5.0, "highway_clean": [ "unclassified" ], "highway_rank": 1.0, "sinuosity": 1.0010583791192769, "poi_diversity": 0.50040242353818787, "food_drink_count": 1.0, "street_furniture_count": 1.0, "degree_u": 5.0, "degree_v": 6.0, "avg_connectivity": 5.5, "city": "Tokyo", "cluster": 1.0, "typology": "Dense Local Street" }, "geometry": { "type": "LineString", "coordinates": [ [ 378098.008823252632283, 3948941.868473457638174 ], [ 378117.031220186909195, 3948922.38182679284364 ], [ 378128.577509951777756, 3948907.568423751275986 ], [ 378138.790705190098379, 3948895.213979032356292 ], [ 378150.669871090794913, 3948880.906365753151476 ], [ 378158.87882549141068, 3948870.254605016671121 ] ] } },
{ "type": "Feature", "properties": { "from_node": 1680, "to_node": 1684, "u": 656135314.0, "v": 1177181860.0, "key": 0.0, "index": 996.0, "osmid": "44352095", "highway": [ "unclassified" ], "lanes": null, "name": null, "oneway": "False", "ref": null, "reversed": "False", "length": 134.46584439260423, "maxspeed": [ "20" ], "access": null, "bridge": null, "width": null, "length_m": 165.71985223838297, "building_count_50m": 114.0, "avg_building_area": 88.651145164379074, "poi_count_50m": 5.0, "highway_clean": [ "unclassified" ], "highway_rank": 1.0, "sinuosity": 1.0001896172496785, "poi_diversity": 0.50040242353818787, "food_drink_count": 1.0, "street_furniture_count": 1.0, "degree_u": 5.0, "degree_v": 6.0, "avg_connectivity": 5.5, "city": "Tokyo", "cluster": 1.0, "typology": "Dense Local Street" }, "geometry": { "type": "LineString", "coordinates": [ [ 378192.869536926969886, 3948949.565241491422057 ], [ 378193.836506952764466, 3948999.652199466712773 ], [ 378195.683061577612534, 3949044.568427469115704 ], [ 378196.13176746678073, 3949060.138164561241865 ], [ 378196.857439604005776, 3949068.836960114073008 ], [ 378196.824750191648491, 3949083.625625043176115 ] ] } },
{ "type": "Feature", "properties": { "from_node": 1687, "to_node": 621, "u": 656135400.0, "v": 656135402.0, "key": 0.0, "index": 997.0, "osmid": "44351980", "highway": [ "residential" ], "lanes": null, "name": null, "oneway": "False", "ref": null, "reversed": "False", "length": 81.843661702186509, "maxspeed": null, "access": null, "bridge": null, "width": null, "length_m": 100.86654793471511, "building_count_50m": 102.0, "avg_building_area": 86.435531964428307, "poi_count_50m": 2.0, "highway_clean": [ "residential" ], "highway_rank": 2.0, "sinuosity": 1.0005791287813548, "poi_diversity": 0.69314718055994529, "food_drink_count": 1.0, "street_furniture_count": 1.0, "degree_u": 8.0, "degree_v": 6.0, "avg_connectivity": 7.0, "city": "Tokyo", "cluster": 1.0, "typology": "Dense Local Street" }, "geometry": { "type": "LineString", "coordinates": [ [ 378081.748985028069001, 3949049.247847777791321 ], [ 378081.143759046157356, 3949046.038906222209334 ], [ 378067.448196348326746, 3948973.43941950192675 ], [ 378065.959538488648832, 3948969.177579184994102 ] ] } },
{ "type": "Feature", "properties": { "from_node": 1687, "to_node": 1817, "u": 656135400.0, "v": 1177181836.0, "key": 0.0, "index": 998.0, "osmid": "44351980", "highway": [ "residential" ], "lanes": null, "name": null, "oneway": "False", "ref": null, "reversed": "True", "length": 126.25077481713302, "maxspeed": null, "access": null, "bridge": null, "width": null, "length_m": 155.59698779950088, "building_count_50m": 135.0, "avg_building_area": 77.074300673601243, "poi_count_50m": 1.0, "highway_clean": [ "residential" ], "highway_rank": 2.0, "sinuosity": 1.0004964711520694, "poi_diversity": 0.0, "food_drink_count": 1.0, "street_furniture_count": 1.0, "degree_u": 8.0, "degree_v": 6.0, "avg_connectivity": 7.0, "city": "Tokyo", "cluster": 1.0, "typology": "Dense Local Street" }, "geometry": { "type": "LineString", "coordinates": [ [ 378081.748985028069001, 3949049.247847777791321 ], [ 378092.793119932466652, 3949110.035390508826822 ], [ 378094.989579701679759, 3949128.288082113023847 ], [ 378097.881446168059483, 3949151.046471503097564 ], [ 378100.320194483734667, 3949173.766700681764632 ] ] } },
{ "type": "Feature", "properties": { "from_node": 1687, "to_node": 2218, "u": 656135400.0, "v": 12772119516.0, "key": 0.0, "index": 1000.0, "osmid": "51395216", "highway": [ "residential" ], "lanes": null, "name": null, "oneway": "False", "ref": null, "reversed": "True", "length": 61.488262021660489, "maxspeed": null, "access": null, "bridge": null, "width": null, "length_m": 75.780315136724482, "building_count_50m": 73.0, "avg_building_area": 99.123350807969928, "poi_count_50m": 1.0, "highway_clean": [ "residential" ], "highway_rank": 2.0, "sinuosity": 1.0108072770125922, "poi_diversity": 0.0, "food_drink_count": 1.0, "street_furniture_count": 1.0, "degree_u": 8.0, "degree_v": 2.0, "avg_connectivity": 5.0, "city": "Tokyo", "cluster": 1.0, "typology": "Dense Local Street" }, "geometry": { "type": "LineString", "coordinates": [ [ 378081.748985028069001, 3949049.247847777791321 ], [ 378101.466993508161977, 3949047.501917304471135 ], [ 378129.43334815686103, 3949054.495897985994816 ], [ 378142.301263124449179, 3949056.205445294268429 ] ] } },
{ "type": "Feature", "properties": { "from_node": 745, "to_node": 1701, "u": 656136859.0, "v": 1177181921.0, "key": 0.0, "index": 1005.0, "osmid": "44351959", "highway": [ "unclassified" ], "lanes": null, "name": null, "oneway": "False", "ref": null, "reversed": "True", "length": 168.67352040051651, "maxspeed": null, "access": null, "bridge": null, "width": null, "length_m": 207.88082397917157, "building_count_50m": 71.0, "avg_building_area": 127.23712141448844, "poi_count_50m": 2.0, "highway_clean": [ "unclassified" ], "highway_rank": 1.0, "sinuosity": 1.0074286942843398, "poi_diversity": 0.0, "food_drink_count": 1.0, "street_furniture_count": 1.0, "degree_u": 6.0, "degree_v": 6.0, "avg_connectivity": 6.0, "city": "Tokyo", "cluster": 1.0, "typology": "Dense Local Street" }, "geometry": { "type": "LineString", "coordinates": [ [ 377904.767959838034585, 3949202.100028337910771 ], [ 377897.320996679947712, 3949189.766008031088859 ], [ 377894.566789461881854, 3949172.452902077231556 ], [ 377892.688328977208585, 3949159.58753497665748 ], [ 377890.662667336349841, 3949151.161771738436073 ], [ 377878.002467610640451, 3949110.543244087137282 ], [ 377871.462255674879998, 3949082.521029077935964 ], [ 377866.609534460119903, 3949069.274963973090053 ], [ 377856.136373576999176, 3949047.519414356444031 ], [ 377853.549513004138134, 3949043.050817644223571 ] ] } },
{ "type": "Feature", "properties": { "from_node": 745, "to_node": 1844, "u": 656136859.0, "v": 1177181285.0, "key": 0.0, "index": 1006.0, "osmid": "51396552", "highway": [ "residential" ], "lanes": null, "name": null, "oneway": "False", "ref": null, "reversed": "True", "length": 113.57939085220114, "maxspeed": null, "access": null, "bridge": null, "width": null, "length_m": 139.98111316750376, "building_count_50m": 96.0, "avg_building_area": 89.17820756199221, "poi_count_50m": 2.0, "highway_clean": [ "residential" ], "highway_rank": 2.0, "sinuosity": 1.0032453436509208, "poi_diversity": 0.0, "food_drink_count": 1.0, "street_furniture_count": 1.0, "degree_u": 6.0, "degree_v": 8.0, "avg_connectivity": 7.0, "city": "Tokyo", "cluster": 1.0, "typology": "Dense Local Street" }, "geometry": { "type": "LineString", "coordinates": [ [ 377904.767959838034585, 3949202.100028337910771 ], [ 377917.48141810472589, 3949190.598468478769064 ], [ 377926.111421205801889, 3949183.623873719014227 ], [ 377934.314620959572494, 3949179.184570298530161 ], [ 377954.416276419360656, 3949167.82567119365558 ], [ 377966.608670562505722, 3949160.558136180974543 ], [ 377982.272669805504847, 3949151.001982441172004 ], [ 377999.417077891062945, 3949139.828009184915572 ] ] } },
{ "type": "Feature", "properties": { "from_node": 1708, "to_node": 1966, "u": null, "v": null, "key": null, "index": null, "osmid": null, "highway": null, "lanes": null, "name": null, "oneway": null, "ref": null, "reversed": null, "length": null, "maxspeed": null, "access": null, "bridge": null, "width": null, "length_m": null, "building_count_50m": null, "avg_building_area": null, "poi_count_50m": null, "highway_clean": null, "highway_rank": null, "sinuosity": null, "poi_diversity": null, "food_drink_count": null, "street_furniture_count": null, "degree_u": null, "degree_v": null, "avg_connectivity": null, "city": null, "cluster": null, "typology": null }, "geometry": { "type": "LineString", "coordinates": [ [ 377902.165252259990666, 3949482.424570801667869 ], [ 377911.306215464021079, 3949493.559359624516219 ], [ 377924.410651252837852, 3949507.257887592539191 ], [ 377943.620277770678513, 3949517.999248034786433 ], [ 377952.279254415072501, 3949522.384476270992309 ] ] } },
{ "type": "Feature", "properties": { "from_node": 2095, "to_node": 1732, "u": 735102353.0, "v": 2862649688.0, "key": 0.0, "index": 1015.0, "osmid": "229361050", "highway": [ "primary" ], "lanes": [ "3" ], "name": [ "環七通り" ], "oneway": "True", "ref": "318", "reversed": "False", "length": 86.932990555286437, "maxspeed": null, "access": null, "bridge": null, "width": null, "length_m": 107.14391201800304, "building_count_50m": 24.0, "avg_building_area": 378.072547723112, "poi_count_50m": 5.0, "highway_clean": [ "primary" ], "highway_rank": 5.0, "sinuosity": 1.0, "poi_diversity": 0.67301166700925652, "food_drink_count": 1.0, "street_furniture_count": 1.0, "degree_u": 2.0, "degree_v": 4.0, "avg_connectivity": 3.0, "city": "Tokyo", "cluster": 3.0, "typology": "Local Mixed Street" }, "geometry": { "type": "LineString", "coordinates": [ [ 378479.622443648055196, 3949383.761620802804828 ], [ 378474.415894539852161, 3949470.332171412650496 ], [ 378475.781278150854632, 3949489.428341246210039 ], [ 378474.795477235107683, 3949501.401077174115926 ], [ 378472.354583595879376, 3949543.979676731396466 ] ] } },
{ "type": "Feature", "properties": { "from_node": 1715, "to_node": 1714, "u": 802169896.0, "v": 863242555.0, "key": 0.0, "index": 1016.0, "osmid": "299739177", "highway": [ "primary" ], "lanes": [ "4" ], "name": [ "方南通り" ], "oneway": "False", "ref": "14", "reversed": "False", "length": 48.060636394790571, "maxspeed": [ "40" ], "access": null, "bridge": null, "width": null, "length_m": 59.235282583905942, "building_count_50m": 41.0, "avg_building_area": 183.507728082347, "poi_count_50m": 11.0, "highway_clean": [ "primary" ], "highway_rank": 5.0, "sinuosity": 1.0000339559362563, "poi_diversity": 1.1209503926735833, "food_drink_count": 3.0, "street_furniture_count": 1.0, "degree_u": 6.0, "degree_v": 6.0, "avg_connectivity": 6.0, "city": "Tokyo", "cluster": 3.0, "typology": "Local Mixed Street" }, "geometry": { "type": "LineString", "coordinates": [ [ 377608.231526745425072, 3949609.95466016093269 ], [ 377567.641142266220413, 3949599.109160453081131 ], [ 377561.761180083616637, 3949597.381850258912891 ] ] } },
{ "type": "Feature", "properties": { "from_node": 1724, "to_node": 1723, "u": 810701835.0, "v": 861244997.0, "key": 0.0, "index": 1021.0, "osmid": "72561166", "highway": [ "residential" ], "lanes": null, "name": null, "oneway": "True", "ref": null, "reversed": "False", "length": 51.032813159368679, "maxspeed": null, "access": null, "bridge": null, "width": null, "length_m": 62.891380063633179, "building_count_50m": 70.0, "avg_building_area": 109.10753179827879, "poi_count_50m": 1.0, "highway_clean": [ "residential" ], "highway_rank": 2.0, "sinuosity": 1.0000722691318535, "poi_diversity": 0.0, "food_drink_count": 1.0, "street_furniture_count": 1.0, "degree_u": 3.0, "degree_v": 4.0, "avg_connectivity": 3.5, "city": "Tokyo", "cluster": 1.0, "typology": "Dense Local Street" }, "geometry": { "type": "LineString", "coordinates": [ [ 378537.393306437879801, 3948597.810975040774792 ], [ 378515.165873640915379, 3948585.578576107509434 ], [ 378507.3914447776624, 3948581.047565365210176 ], [ 378492.946928568475414, 3948572.64719798322767 ] ] } },
{ "type": "Feature", "properties": { "from_node": 1724, "to_node": 1723, "u": 810701835.0, "v": 861244997.0, "key": 0.0, "index": 1021.0, "osmid": "72561166", "highway": [ "residential" ], "lanes": null, "name": null, "oneway": "True", "ref": null, "reversed": "False", "length": 51.032813159368679, "maxspeed": null, "access": null, "bridge": null, "width": null, "length_m": 62.891380063633179, "building_count_50m": 70.0, "avg_building_area": 109.10753179827879, "poi_count_50m": 1.0, "highway_clean": [ "residential" ], "highway_rank": 2.0, "sinuosity": 1.0000722691318535, "poi_diversity": 0.0, "food_drink_count": 1.0, "street_furniture_count": 1.0, "degree_u": 3.0, "degree_v": 4.0, "avg_connectivity": 3.5, "city": "Tokyo", "cluster": 1.0, "typology": "Dense Local Street" }, "geometry": { "type": "LineString", "coordinates": [ [ 378537.393306437879801, 3948597.810975040774792 ], [ 378515.165873640915379, 3948585.578576107509434 ], [ 378507.3914447776624, 3948581.047565365210176 ], [ 378492.946928568475414, 3948572.64719798322767 ] ] } },
{ "type": "Feature", "properties": { "from_node": 2152, "to_node": 1727, "u": 810701893.0, "v": 1112550010.0, "key": 0.0, "index": 1023.0, "osmid": "67121846", "highway": [ "residential" ], "lanes": null, "name": null, "oneway": "True", "ref": null, "reversed": "False", "length": 49.360550283144278, "maxspeed": null, "access": null, "bridge": null, "width": null, "length_m": 60.830788888670838, "building_count_50m": 78.0, "avg_building_area": 92.859318134441779, "poi_count_50m": 1.0, "highway_clean": [ "residential" ], "highway_rank": 2.0, "sinuosity": 1.0001556462438996, "poi_diversity": 0.0, "food_drink_count": 1.0, "street_furniture_count": 1.0, "degree_u": 3.0, "degree_v": 4.0, "avg_connectivity": 3.5, "city": "Tokyo", "cluster": 1.0, "typology": "Dense Local Street" }, "geometry": { "type": "LineString", "coordinates": [ [ 378544.025561426882632, 3948602.890123259741813 ], [ 378532.662868913379498, 3948618.632316317874938 ], [ 378524.594099609530531, 3948628.993343367706984 ], [ 378514.292631585791241, 3948642.236025564838201 ] ] } },
{ "type": "Feature", "properties": { "from_node": 843, "to_node": 2, "u": 810716882.0, "v": 253116548.0, "key": 0.0, "index": 1026.0, "osmid": "34948237", "highway": [ "primary" ], "lanes": [ "3" ], "name": [ "環七通り" ], "oneway": "True", "ref": "318", "reversed": "False", "length": 62.387696528829522, "maxspeed": [ "50" ], "access": null, "bridge": null, "width": null, "length_m": 76.890240968943772, "building_count_50m": 39.0, "avg_building_area": 257.97408731813209, "poi_count_50m": 8.0, "highway_clean": [ "primary" ], "highway_rank": 5.0, "sinuosity": 1.0027856827549355, "poi_diversity": 1.3208883431493221, "food_drink_count": 2.0, "street_furniture_count": 2.0, "degree_u": 3.0, "degree_v": 4.0, "avg_connectivity": 3.5, "city": "Tokyo", "cluster": 0.0, "typology": "Arterial Movement Corridor" }, "geometry": { "type": "LineString", "coordinates": [ [ 378488.535020271607209, 3949241.19375718338415 ], [ 378490.047704093623906, 3949228.692411973141134 ], [ 378492.502955077856313, 3949214.292214630171657 ], [ 378496.033344489173032, 3949197.758381620980799 ], [ 378501.762988639122341, 3949180.53994618030265 ] ] } },
{ "type": "Feature", "properties": { "from_node": 1732, "to_node": 2098, "u": 810733464.0, "v": 1237273531.0, "key": 0.0, "index": 1027.0, "osmid": "67123005", "highway": [ "residential" ], "lanes": null, "name": null, "oneway": "False", "ref": null, "reversed": "True", "length": 95.510375815279446, "maxspeed": null, "access": null, "bridge": null, "width": null, "length_m": 117.71692088912066, "building_count_50m": 45.0, "avg_building_area": 181.03201758788876, "poi_count_50m": 9.0, "highway_clean": [ "residential" ], "highway_rank": 2.0, "sinuosity": 1.0003598626786299, "poi_diversity": 0.68696157659732338, "food_drink_count": 1.0, "street_furniture_count": 1.0, "degree_u": 4.0, "degree_v": 6.0, "avg_connectivity": 5.0, "city": "Tokyo", "cluster": 3.0, "typology": "Local Mixed Street" }, "geometry": { "type": "LineString", "coordinates": [ [ 378472.354583595879376, 3949543.979676731396466 ], [ 378477.647622942749877, 3949543.175098631065339 ], [ 378496.416999183420558, 3949540.311392304953188 ], [ 378522.015984087251127, 3949537.809220586437732 ], [ 378555.632470405544154, 3949533.178464128170162 ], [ 378563.212489473633468, 3949532.154089053161442 ], [ 378567.174192355421837, 3949531.290099309291691 ] ] } },
{ "type": "Feature", "properties": { "from_node": 1739, "to_node": 1088, "u": 819378105.0, "v": 419682371.0, "key": 0.0, "index": 1030.0, "osmid": "645599600", "highway": [ "unclassified" ], "lanes": [ "1" ], "name": null, "oneway": "True", "ref": null, "reversed": "False", "length": 62.705418992712183, "maxspeed": [ "30" ], "access": null, "bridge": null, "width": null, "length_m": 77.281629065730726, "building_count_50m": 61.0, "avg_building_area": 151.25567323678845, "poi_count_50m": 12.0, "highway_clean": [ "unclassified" ], "highway_rank": 1.0, "sinuosity": 1.0000029726189672, "poi_diversity": 0.56608573895962888, "food_drink_count": 1.0, "street_furniture_count": 1.0, "degree_u": 4.0, "degree_v": 4.0, "avg_connectivity": 4.0, "city": "Tokyo", "cluster": 3.0, "typology": "Local Mixed Street" }, "geometry": { "type": "LineString", "coordinates": [ [ 377421.523482141026761, 3949174.92591860005632 ], [ 377427.155021202226635, 3949186.840843915939331 ], [ 377448.543018254335038, 3949231.398862820118666 ] ] } },
{ "type": "Feature", "properties": { "from_node": 1741, "to_node": 1795, "u": 861244706.0, "v": 1112549981.0, "key": 0.0, "index": 1033.0, "osmid": "72561180", "highway": [ "residential" ], "lanes": null, "name": null, "oneway": "False", "ref": null, "reversed": "False", "length": 47.993255507866614, "maxspeed": null, "access": null, "bridge": null, "width": null, "length_m": 59.146405930330985, "building_count_50m": 68.0, "avg_building_area": 92.781338850061715, "poi_count_50m": 2.0, "highway_clean": [ "residential" ], "highway_rank": 2.0, "sinuosity": 1.0059913405865686, "poi_diversity": 0.69314718055994529, "food_drink_count": 1.0, "street_furniture_count": 1.0, "degree_u": 8.0, "degree_v": 6.0, "avg_connectivity": 7.0, "city": "Tokyo", "cluster": 1.0, "typology": "Dense Local Street" }, "geometry": { "type": "LineString", "coordinates": [ [ 378384.834827897371724, 3948739.979617403820157 ], [ 378388.361783303203993, 3948736.425687526352704 ], [ 378398.151570155285299, 3948720.871215777006 ], [ 378399.642854998644907, 3948718.055148469749838 ], [ 378406.421177180833183, 3948706.679914026521146 ], [ 378409.277198556577787, 3948699.074796335306019 ] ] } },
{ "type": "Feature", "properties": { "from_node": 1741, "to_node": 1795, "u": 861244706.0, "v": 1112549981.0, "key": 0.0, "index": 1033.0, "osmid": "72561180", "highway": [ "residential" ], "lanes": null, "name": null, "oneway": "False", "ref": null, "reversed": "False", "length": 47.993255507866614, "maxspeed": null, "access": null, "bridge": null, "width": null, "length_m": 59.146405930330985, "building_count_50m": 68.0, "avg_building_area": 92.781338850061715, "poi_count_50m": 2.0, "highway_clean": [ "residential" ], "highway_rank": 2.0, "sinuosity": 1.0059913405865686, "poi_diversity": 0.69314718055994529, "food_drink_count": 1.0, "street_furniture_count": 1.0, "degree_u": 8.0, "degree_v": 6.0, "avg_connectivity": 7.0, "city": "Tokyo", "cluster": 1.0, "typology": "Dense Local Street" }, "geometry": { "type": "LineString", "coordinates": [ [ 378384.834827897371724, 3948739.979617403820157 ], [ 378388.361783303203993, 3948736.425687526352704 ], [ 378398.151570155285299, 3948720.871215777006 ], [ 378399.642854998644907, 3948718.055148469749838 ], [ 378406.421177180833183, 3948706.679914026521146 ], [ 378409.277198556577787, 3948699.074796335306019 ] ] } },
{ "type": "Feature", "properties": { "from_node": 1741, "to_node": 637, "u": null, "v": null, "key": null, "index": null, "osmid": null, "highway": null, "lanes": null, "name": null, "oneway": null, "ref": null, "reversed": null, "length": null, "maxspeed": null, "access": null, "bridge": null, "width": null, "length_m": null, "building_count_50m": null, "avg_building_area": null, "poi_count_50m": null, "highway_clean": null, "highway_rank": null, "sinuosity": null, "poi_diversity": null, "food_drink_count": null, "street_furniture_count": null, "degree_u": null, "degree_v": null, "avg_connectivity": null, "city": null, "cluster": null, "typology": null }, "geometry": { "type": "LineString", "coordinates": [ [ 378384.834827897371724, 3948739.979617403820157 ], [ 378384.254875601851381, 3948736.626093591097742 ], [ 378381.754568756208755, 3948733.176809098571539 ], [ 378355.751281594100874, 3948714.24027088098228 ], [ 378321.489815630251542, 3948693.797123902942985 ], [ 378300.679360113223083, 3948683.908867553342134 ], [ 378285.490290674555581, 3948676.007160155568272 ] ] } },
{ "type": "Feature", "properties": { "from_node": 1741, "to_node": 1782, "u": 861244706.0, "v": 861245302.0, "key": 0.0, "index": 1035.0, "osmid": "72561181", "highway": [ "residential" ], "lanes": null, "name": null, "oneway": "False", "ref": null, "reversed": "True", "length": 62.83100208681283, "maxspeed": null, "access": null, "bridge": null, "width": null, "length_m": 77.432648174351442, "building_count_50m": 69.0, "avg_building_area": 107.26706315104356, "poi_count_50m": 1.0, "highway_clean": [ "residential" ], "highway_rank": 2.0, "sinuosity": 1.0071778138389984, "poi_diversity": 0.0, "food_drink_count": 1.0, "street_furniture_count": 1.0, "degree_u": 8.0, "degree_v": 5.0, "avg_connectivity": 6.5, "city": "Tokyo", "cluster": 1.0, "typology": "Dense Local Street" }, "geometry": { "type": "LineString", "coordinates": [ [ 378384.834827897371724, 3948739.979617403820157 ], [ 378386.468873924110085, 3948743.629350293893367 ], [ 378433.080417177407071, 3948779.546259296126664 ] ] } },
{ "type": "Feature", "properties": { "from_node": 1741, "to_node": 1761, "u": null, "v": null, "key": null, "index": null, "osmid": null, "highway": null, "lanes": null, "name": null, "oneway": null, "ref": null, "reversed": null, "length": null, "maxspeed": null, "access": null, "bridge": null, "width": null, "length_m": null, "building_count_50m": null, "avg_building_area": null, "poi_count_50m": null, "highway_clean": null, "highway_rank": null, "sinuosity": null, "poi_diversity": null, "food_drink_count": null, "street_furniture_count": null, "degree_u": null, "degree_v": null, "avg_connectivity": null, "city": null, "cluster": null, "typology": null }, "geometry": { "type": "LineString", "coordinates": [ [ 378384.834827897371724, 3948739.979617403820157 ], [ 378367.273939653357957, 3948767.777184444945306 ], [ 378357.895170018426143, 3948783.592325321398675 ], [ 378352.358424453355838, 3948793.741374575532973 ], [ 378333.2537795585813, 3948825.132389487698674 ], [ 378327.653966056124773, 3948829.347070057876408 ], [ 378320.026771450880915, 3948832.258234925568104 ], [ 378318.45086398354033, 3948832.856691054068506 ], [ 378307.223993670486379, 3948839.955177424941212 ], [ 378299.767405055870768, 3948846.070169659331441 ], [ 378283.969501099665649, 3948863.759407246951014 ] ] } },
{ "type": "Feature", "properties": { "from_node": 637, "to_node": 1770, "u": 861244767.0, "v": 12728483147.0, "key": 0.0, "index": 1038.0, "osmid": [ 32125133, 32125286 ], "highway": [ "unclassified" ], "lanes": null, "name": null, "oneway": "False", "ref": null, "reversed": "True", "length": 137.09845703113481, "maxspeed": null, "access": null, "bridge": null, "width": null, "length_m": 168.95903797813682, "building_count_50m": 132.0, "avg_building_area": 96.291531352543899, "poi_count_50m": 2.0, "highway_clean": [ "unclassified" ], "highway_rank": 1.0, "sinuosity": 1.0029740161044174, "poi_diversity": 0.0, "food_drink_count": 1.0, "street_furniture_count": 1.0, "degree_u": 6.0, "degree_v": 6.0, "avg_connectivity": 6.0, "city": "Tokyo", "cluster": 1.0, "typology": "Dense Local Street" }, "geometry": { "type": "LineString", "coordinates": [ [ 378285.490290674555581, 3948676.007160155568272 ], [ 378281.609751256648451, 3948684.147763562388718 ], [ 378265.45092321804259, 3948717.806121439207345 ], [ 378262.828871769364923, 3948722.656792764551938 ], [ 378255.180664227285888, 3948735.275484059937298 ], [ 378249.055830915051047, 3948748.08410323318094 ], [ 378244.332241572672501, 3948755.470791956875473 ], [ 378234.113247874076478, 3948773.372144408989698 ], [ 378229.110795501153916, 3948780.884695624932647 ], [ 378218.066664988349658, 3948794.714806529227644 ] ] } },
{ "type": "Feature", "properties": { "from_node": 1723, "to_node": 1775, "u": 861244997.0, "v": 1112549997.0, "key": 0.0, "index": 1041.0, "osmid": "72561180", "highway": [ "residential" ], "lanes": null, "name": null, "oneway": "False", "ref": null, "reversed": "True", "length": 94.985923632145045, "maxspeed": null, "access": null, "bridge": null, "width": null, "length_m": 117.05825885873411, "building_count_50m": 91.0, "avg_building_area": 111.11216104172392, "poi_count_50m": 1.0, "highway_clean": [ "residential" ], "highway_rank": 2.0, "sinuosity": 1.0021947687175332, "poi_diversity": 0.0, "food_drink_count": 1.0, "street_furniture_count": 1.0, "degree_u": 4.0, "degree_v": 8.0, "avg_connectivity": 6.0, "city": "Tokyo", "cluster": 1.0, "typology": "Dense Local Street" }, "geometry": { "type": "LineString", "coordinates": [ [ 378492.946928568475414, 3948572.64719798322767 ], [ 378473.312696149689145, 3948597.155780071392655 ], [ 378455.431946817785501, 3948621.462933739647269 ], [ 378452.082336892839521, 3948625.413789647631347 ], [ 378438.086637740605511, 3948649.834273778367788 ] ] } },
{ "type": "Feature", "properties": { "from_node": 1590, "to_node": 1867, "u": 861245050.0, "v": 1177181366.0, "key": 0.0, "index": 1042.0, "osmid": "72561175", "highway": [ "residential" ], "lanes": null, "name": null, "oneway": "False", "ref": null, "reversed": "False", "length": 65.873206727049052, "maxspeed": null, "access": null, "bridge": null, "width": null, "length_m": 81.183220779140996, "building_count_50m": 59.0, "avg_building_area": 221.07325220073594, "poi_count_50m": 2.0, "highway_clean": [ "residential" ], "highway_rank": 2.0, "sinuosity": 1.0000770808804968, "poi_diversity": 0.0, "food_drink_count": 1.0, "street_furniture_count": 1.0, "degree_u": 6.0, "degree_v": 6.0, "avg_connectivity": 6.0, "city": "Tokyo", "cluster": 1.0, "typology": "Dense Local Street" }, "geometry": { "type": "LineString", "coordinates": [ [ 378377.496950316941366, 3948942.011596418917179 ], [ 378386.08481520100031, 3948910.74235768802464 ], [ 378395.705179371638224, 3948878.848840561695397 ] ] } },
{ "type": "Feature", "properties": { "from_node": 1590, "to_node": 1867, "u": 861245050.0, "v": 1177181366.0, "key": 0.0, "index": 1042.0, "osmid": "72561175", "highway": [ "residential" ], "lanes": null, "name": null, "oneway": "False", "ref": null, "reversed": "False", "length": 65.873206727049052, "maxspeed": null, "access": null, "bridge": null, "width": null, "length_m": 81.183220779140996, "building_count_50m": 59.0, "avg_building_area": 221.07325220073594, "poi_count_50m": 2.0, "highway_clean": [ "residential" ], "highway_rank": 2.0, "sinuosity": 1.0000770808804968, "poi_diversity": 0.0, "food_drink_count": 1.0, "street_furniture_count": 1.0, "degree_u": 6.0, "degree_v": 6.0, "avg_connectivity": 6.0, "city": "Tokyo", "cluster": 1.0, "typology": "Dense Local Street" }, "geometry": { "type": "LineString", "coordinates": [ [ 378377.496950316941366, 3948942.011596418917179 ], [ 378386.08481520100031, 3948910.74235768802464 ], [ 378395.705179371638224, 3948878.848840561695397 ] ] } },
{ "type": "Feature", "properties": { "from_node": 1590, "to_node": 1778, "u": null, "v": null, "key": null, "index": null, "osmid": null, "highway": null, "lanes": null, "name": null, "oneway": null, "ref": null, "reversed": null, "length": null, "maxspeed": null, "access": null, "bridge": null, "width": null, "length_m": null, "building_count_50m": null, "avg_building_area": null, "poi_count_50m": null, "highway_clean": null, "highway_rank": null, "sinuosity": null, "poi_diversity": null, "food_drink_count": null, "street_furniture_count": null, "degree_u": null, "degree_v": null, "avg_connectivity": null, "city": null, "cluster": null, "typology": null }, "geometry": { "type": "LineString", "coordinates": [ [ 378377.496950316941366, 3948942.011596418917179 ], [ 378341.801255773287266, 3948931.128801757469773 ], [ 378297.773799405549653, 3948937.810966468416154 ] ] } },
{ "type": "Feature", "properties": { "from_node": 1779, "to_node": 1781, "u": null, "v": null, "key": null, "index": null, "osmid": null, "highway": null, "lanes": null, "name": null, "oneway": null, "ref": null, "reversed": null, "length": null, "maxspeed": null, "access": null, "bridge": null, "width": null, "length_m": null, "building_count_50m": null, "avg_building_area": null, "poi_count_50m": null, "highway_clean": null, "highway_rank": null, "sinuosity": null, "poi_diversity": null, "food_drink_count": null, "street_furniture_count": null, "degree_u": null, "degree_v": null, "avg_connectivity": null, "city": null, "cluster": null, "typology": null }, "geometry": { "type": "LineString", "coordinates": [ [ 378618.755354269698728, 3948654.87614657683298 ], [ 378646.066678633564152, 3948672.186963486019522 ], [ 378632.570995180285536, 3948687.514388790819794 ], [ 378616.603192815091461, 3948702.110112496186048 ] ] } },
{ "type": "Feature", "properties": { "from_node": 1714, "to_node": 1787, "u": null, "v": null, "key": null, "index": null, "osmid": null, "highway": null, "lanes": null, "name": null, "oneway": null, "ref": null, "reversed": null, "length": null, "maxspeed": null, "access": null, "bridge": null, "width": null, "length_m": null, "building_count_50m": null, "avg_building_area": null, "poi_count_50m": null, "highway_clean": null, "highway_rank": null, "sinuosity": null, "poi_diversity": null, "food_drink_count": null, "street_furniture_count": null, "degree_u": null, "degree_v": null, "avg_connectivity": null, "city": null, "cluster": null, "typology": null }, "geometry": { "type": "LineString", "coordinates": [ [ 377561.761180083616637, 3949597.381850258912891 ], [ 377565.920383622054942, 3949586.552297083195299 ], [ 377596.070711767533794, 3949575.420193767175078 ] ] } },
{ "type": "Feature", "properties": { "from_node": 1790, "to_node": 1715, "u": 863242713.0, "v": 802169896.0, "key": 0.0, "index": 1063.0, "osmid": "66082286", "highway": [ "unclassified" ], "lanes": null, "name": null, "oneway": "True", "ref": null, "reversed": "False", "length": 29.130826615877243, "maxspeed": null, "access": null, "bridge": null, "width": null, "length_m": 35.904135788203092, "building_count_50m": 35.0, "avg_building_area": 144.52276533696977, "poi_count_50m": 11.0, "highway_clean": [ "unclassified" ], "highway_rank": 1.0, "sinuosity": 1.0506418807108284, "poi_diversity": 1.1209503926735833, "food_drink_count": 3.0, "street_furniture_count": 1.0, "degree_u": 4.0, "degree_v": 6.0, "avg_connectivity": 5.0, "city": "Tokyo", "cluster": 3.0, "typology": "Local Mixed Street" }, "geometry": { "type": "LineString", "coordinates": [ [ 377583.570437750197016, 3949622.697395699098706 ], [ 377593.206034090544563, 3949622.409355305600911 ], [ 377608.231526745425072, 3949609.95466016093269 ] ] } },
{ "type": "Feature", "properties": { "from_node": 1790, "to_node": 1788, "u": 863242713.0, "v": 7179016071.0, "key": 0.0, "index": 1064.0, "osmid": "72702865", "highway": [ "residential" ], "lanes": null, "name": null, "oneway": "False", "ref": null, "reversed": "False", "length": 30.479109635809607, "maxspeed": null, "access": null, "bridge": null, "width": null, "length_m": 37.565995237406042, "building_count_50m": 36.0, "avg_building_area": 145.41846257093044, "poi_count_50m": 8.0, "highway_clean": [ "residential" ], "highway_rank": 2.0, "sinuosity": 1.0000000622570291, "poi_diversity": 0.90025605126853692, "food_drink_count": 2.0, "street_furniture_count": 1.0, "degree_u": 4.0, "degree_v": 6.0, "avg_connectivity": 5.0, "city": "Tokyo", "cluster": 3.0, "typology": "Local Mixed Street" }, "geometry": { "type": "LineString", "coordinates": [ [ 377583.570437750197016, 3949622.697395699098706 ], [ 377583.602301104576327, 3949626.324687120504677 ], [ 377583.808247080247384, 3949653.102710265666246 ] ] } },
{ "type": "Feature", "properties": { "from_node": 158, "to_node": 86, "u": 1054893832.0, "v": 286841191.0, "key": 0.0, "index": 1067.0, "osmid": "872255297", "highway": [ "trunk_link" ], "lanes": [ "3" ], "name": null, "oneway": "True", "ref": "20", "reversed": "False", "length": 70.605572469052163, "maxspeed": null, "access": "yes", "bridge": null, "width": null, "length_m": 87.00889181169488, "building_count_50m": 23.0, "avg_building_area": 178.13199118695758, "poi_count_50m": 7.0, "highway_clean": [ "trunk_link" ], "highway_rank": 1.0, "sinuosity": 1.0004129699236224, "poi_diversity": 0.95569989111253428, "food_drink_count": 1.0, "street_furniture_count": 1.0, "degree_u": 4.0, "degree_v": 6.0, "avg_connectivity": 5.0, "city": "Tokyo", "cluster": 3.0, "typology": "Local Mixed Street" }, "geometry": { "type": "LineString", "coordinates": [ [ 378159.531718238315079, 3948248.153580386657268 ], [ 378135.138871292350814, 3948246.45770314661786 ], [ 378107.095461970078759, 3948243.269884376320988 ], [ 378089.208594434137922, 3948240.708364021964371 ] ] } },
{ "type": "Feature", "properties": { "from_node": 1781, "to_node": 881, "u": 1112549985.0, "v": 410466886.0, "key": 0.0, "index": 1074.0, "osmid": "34996945", "highway": [ "unclassified" ], "lanes": [ "1" ], "name": null, "oneway": "True", "ref": null, "reversed": "False", "length": 83.726687780572931, "maxspeed": [ "30" ], "access": null, "bridge": null, "width": null, "length_m": 103.18414973221013, "building_count_50m": 67.0, "avg_building_area": 141.68795534559365, "poi_count_50m": 3.0, "highway_clean": [ "unclassified" ], "highway_rank": 1.0, "sinuosity": 1.0000310258150902, "poi_diversity": 0.63651416829481278, "food_drink_count": 1.0, "street_furniture_count": 1.0, "degree_u": 4.0, "degree_v": 4.0, "avg_connectivity": 4.0, "city": "Tokyo", "cluster": 1.0, "typology": "Dense Local Street" }, "geometry": { "type": "LineString", "coordinates": [ [ 378616.603192815091461, 3948702.110112496186048 ], [ 378602.704655484063551, 3948721.736431568861008 ], [ 378579.960545945097692, 3948755.151290346868336 ], [ 378569.041922830161639, 3948770.920662135817111 ] ] } },
{ "type": "Feature", "properties": { "from_node": 1781, "to_node": 1727, "u": 1112549985.0, "v": 1112550010.0, "key": 0.0, "index": 1075.0, "osmid": "96026553", "highway": [ "residential" ], "lanes": null, "name": null, "oneway": "False", "ref": null, "reversed": "False", "length": 118.44214108350323, "maxspeed": null, "access": null, "bridge": null, "width": null, "length_m": 145.96615036934051, "building_count_50m": 108.0, "avg_building_area": 117.78233718933446, "poi_count_50m": 1.0, "highway_clean": [ "residential" ], "highway_rank": 2.0, "sinuosity": 1.0000022406385221, "poi_diversity": 0.0, "food_drink_count": 1.0, "street_furniture_count": 1.0, "degree_u": 4.0, "degree_v": 4.0, "avg_connectivity": 4.0, "city": "Tokyo", "cluster": 1.0, "typology": "Dense Local Street" }, "geometry": { "type": "LineString", "coordinates": [ [ 378616.603192815091461, 3948702.110112496186048 ], [ 378557.416027914674487, 3948667.329217585269362 ], [ 378514.292631585791241, 3948642.236025564838201 ] ] } },
{ "type": "Feature", "properties": { "from_node": 1480, "to_node": 1803, "u": null, "v": null, "key": null, "index": null, "osmid": null, "highway": null, "lanes": null, "name": null, "oneway": null, "ref": null, "reversed": null, "length": null, "maxspeed": null, "access": null, "bridge": null, "width": null, "length_m": null, "building_count_50m": null, "avg_building_area": null, "poi_count_50m": null, "highway_clean": null, "highway_rank": null, "sinuosity": null, "poi_diversity": null, "food_drink_count": null, "street_furniture_count": null, "degree_u": null, "degree_v": null, "avg_connectivity": null, "city": null, "cluster": null, "typology": null }, "geometry": { "type": "LineString", "coordinates": [ [ 378443.988107668003067, 3948788.15019903331995 ], [ 378414.737663541629445, 3948830.263370539993048 ], [ 378413.479024221771397, 3948833.542198931332678 ], [ 378401.191379386989865, 3948863.020420006476343 ], [ 378396.732443458982743, 3948875.86161612579599 ] ] } },
{ "type": "Feature", "properties": { "from_node": 1386, "to_node": 1796, "u": 1112549995.0, "v": 1112549999.0, "key": 0.0, "index": 1082.0, "osmid": "34996907", "highway": [ "residential" ], "lanes": null, "name": null, "oneway": "False", "ref": null, "reversed": "False", "length": 52.916964177645454, "maxspeed": null, "access": null, "bridge": null, "width": null, "length_m": 65.213843942295057, "building_count_50m": 65.0, "avg_building_area": 101.0456984271767, "poi_count_50m": 1.0, "highway_clean": [ "residential" ], "highway_rank": 2.0, "sinuosity": 1.0021034736834427, "poi_diversity": 0.0, "food_drink_count": 1.0, "street_furniture_count": 1.0, "degree_u": 8.0, "degree_v": 6.0, "avg_connectivity": 7.0, "city": "Tokyo", "cluster": 1.0, "typology": "Dense Local Street" }, "geometry": { "type": "LineString", "coordinates": [ [ 378395.659149766550399, 3948629.325006761122495 ], [ 378394.037046044541057, 3948631.843327505048364 ], [ 378378.640646852203645, 3948670.982516977936029 ], [ 378376.670523425098509, 3948678.497867004014552 ] ] } },
{ "type": "Feature", "properties": { "from_node": 1775, "to_node": 1807, "u": 1112549997.0, "v": 1178938223.0, "key": 0.0, "index": 1088.0, "osmid": "72561180", "highway": [ "residential" ], "lanes": null, "name": null, "oneway": "False", "ref": null, "reversed": "True", "length": 29.900857914798632, "maxspeed": null, "access": null, "bridge": null, "width": null, "length_m": 36.849276076357576, "building_count_50m": 60.0, "avg_building_area": 99.341575645975837, "poi_count_50m": 1.0, "highway_clean": [ "residential" ], "highway_rank": 2.0, "sinuosity": 1.0089450368575645, "poi_diversity": 0.0, "food_drink_count": 1.0, "street_furniture_count": 1.0, "degree_u": 8.0, "degree_v": 6.0, "avg_connectivity": 7.0, "city": "Tokyo", "cluster": 1.0, "typology": "Dense Local Street" }, "geometry": { "type": "LineString", "coordinates": [ [ 378438.086637740605511, 3948649.834273778367788 ], [ 378434.675564588629641, 3948652.598928512539715 ], [ 378422.1977030338021, 3948674.813184286933392 ] ] } },
{ "type": "Feature", "properties": { "from_node": 1727, "to_node": 1812, "u": null, "v": null, "key": null, "index": null, "osmid": null, "highway": null, "lanes": null, "name": null, "oneway": null, "ref": null, "reversed": null, "length": null, "maxspeed": null, "access": null, "bridge": null, "width": null, "length_m": null, "building_count_50m": null, "avg_building_area": null, "poi_count_50m": null, "highway_clean": null, "highway_rank": null, "sinuosity": null, "poi_diversity": null, "food_drink_count": null, "street_furniture_count": null, "degree_u": null, "degree_v": null, "avg_connectivity": null, "city": null, "cluster": null, "typology": null }, "geometry": { "type": "LineString", "coordinates": [ [ 378514.292631585791241, 3948642.236025564838201 ], [ 378507.238076324400026, 3948651.2963164630346 ], [ 378502.443092523259111, 3948657.452407660894096 ], [ 378498.334268042875919, 3948658.839834451675415 ], [ 378490.639275891298894, 3948661.441141195595264 ], [ 378484.697197109519038, 3948672.416587060317397 ] ] } },
{ "type": "Feature", "properties": { "from_node": 1812, "to_node": 1815, "u": 1112550011.0, "v": 1178938315.0, "key": 0.0, "index": 1095.0, "osmid": "67121846", "highway": [ "residential" ], "lanes": null, "name": null, "oneway": "True", "ref": null, "reversed": "False", "length": 32.809833680168026, "maxspeed": null, "access": null, "bridge": null, "width": null, "length_m": 40.43436241349157, "building_count_50m": 66.0, "avg_building_area": 91.383947091707157, "poi_count_50m": 1.0, "highway_clean": [ "residential" ], "highway_rank": 2.0, "sinuosity": 1.0007399516029654, "poi_diversity": 0.0, "food_drink_count": 1.0, "street_furniture_count": 1.0, "degree_u": 4.0, "degree_v": 4.0, "avg_connectivity": 4.0, "city": "Tokyo", "cluster": 1.0, "typology": "Dense Local Street" }, "geometry": { "type": "LineString", "coordinates": [ [ 378484.697197109519038, 3948672.416587060317397 ], [ 378477.704361589450855, 3948685.325648926664144 ], [ 378474.799698879767675, 3948690.701529873535037 ], [ 378469.96166160487337, 3948701.650800980161875 ] ] } },
{ "type": "Feature", "properties": { "from_node": 1818, "to_node": 1817, "u": 1116796566.0, "v": 1177181836.0, "key": 0.0, "index": 1096.0, "osmid": "44351980", "highway": [ "residential" ], "lanes": null, "name": null, "oneway": "False", "ref": null, "reversed": "False", "length": 20.641426630453985, "maxspeed": null, "access": null, "bridge": null, "width": null, "length_m": 25.439607647425309, "building_count_50m": 64.0, "avg_building_area": 75.494053741968656, "poi_count_50m": 1.0, "highway_clean": [ "residential" ], "highway_rank": 2.0, "sinuosity": 1.0000144535130968, "poi_diversity": 0.0, "food_drink_count": 1.0, "street_furniture_count": 1.0, "degree_u": 6.0, "degree_v": 6.0, "avg_connectivity": 6.0, "city": "Tokyo", "cluster": 1.0, "typology": "Dense Local Street" }, "geometry": { "type": "LineString", "coordinates": [ [ 378104.001508363115136, 3949194.029222168028355 ], [ 378102.419958738144487, 3949185.630609736777842 ], [ 378100.320194483734667, 3949173.766700681764632 ] ] } },
{ "type": "Feature", "properties": { "from_node": 1818, "to_node": 1524, "u": 1116796566.0, "v": 1177181854.0, "key": 0.0, "index": 1097.0, "osmid": "44351980", "highway": [ "residential" ], "lanes": null, "name": null, "oneway": "False", "ref": null, "reversed": "True", "length": 44.363179844684467, "maxspeed": null, "access": null, "bridge": null, "width": null, "length_m": 54.675773691334896, "building_count_50m": 69.0, "avg_building_area": 85.604042051256627, "poi_count_50m": 1.0, "highway_clean": [ "residential" ], "highway_rank": 2.0, "sinuosity": 1.0000000077622553, "poi_diversity": 0.0, "food_drink_count": 1.0, "street_furniture_count": 1.0, "degree_u": 6.0, "degree_v": 6.0, "avg_connectivity": 6.0, "city": "Tokyo", "cluster": 1.0, "typology": "Dense Local Street" }, "geometry": { "type": "LineString", "coordinates": [ [ 378104.001508363115136, 3949194.029222168028355 ], [ 378106.10765326640103, 3949206.358990177512169 ], [ 378108.676255096565001, 3949221.389338644221425 ], [ 378111.451933914562687, 3949237.659369682893157 ] ] } },
{ "type": "Feature", "properties": { "from_node": 1818, "to_node": 1533, "u": null, "v": null, "key": null, "index": null, "osmid": null, "highway": null, "lanes": null, "name": null, "oneway": null, "ref": null, "reversed": null, "length": null, "maxspeed": null, "access": null, "bridge": null, "width": null, "length_m": null, "building_count_50m": null, "avg_building_area": null, "poi_count_50m": null, "highway_clean": null, "highway_rank": null, "sinuosity": null, "poi_diversity": null, "food_drink_count": null, "street_furniture_count": null, "degree_u": null, "degree_v": null, "avg_connectivity": null, "city": null, "cluster": null, "typology": null }, "geometry": { "type": "LineString", "coordinates": [ [ 378104.001508363115136, 3949194.029222168028355 ], [ 378107.157351140573155, 3949193.797345012892038 ], [ 378146.897466170485131, 3949190.745203098282218 ], [ 378155.806488417612854, 3949190.24587426148355 ], [ 378193.521442283992656, 3949193.31227648537606 ] ] } },
{ "type": "Feature", "properties": { "from_node": 1824, "to_node": 1826, "u": 1176517012.0, "v": 7183339311.0, "key": 0.0, "index": 1106.0, "osmid": "769545681", "highway": [ "residential" ], "lanes": null, "name": null, "oneway": "False", "ref": null, "reversed": "True", "length": 10.218607843566122, "maxspeed": null, "access": null, "bridge": null, "width": null, "length_m": 12.594516151638182, "building_count_50m": 32.0, "avg_building_area": 134.41476542306862, "poi_count_50m": 1.0, "highway_clean": [ "residential" ], "highway_rank": 2.0, "sinuosity": 1.0304619176231948, "poi_diversity": 0.0, "food_drink_count": 1.0, "street_furniture_count": 1.0, "degree_u": 6.0, "degree_v": 2.0, "avg_connectivity": 4.0, "city": "Tokyo", "cluster": 1.0, "typology": "Dense Local Street" }, "geometry": { "type": "LineString", "coordinates": [ [ 377681.418769979616627, 3949577.650925115682185 ], [ 377677.161049341317266, 3949577.387803164310753 ], [ 377671.737448227941059, 3949579.880942230578512 ] ] } },
{ "type": "Feature", "properties": { "from_node": 2130, "to_node": 1830, "u": 1177181243.0, "v": 1177181622.0, "key": 0.0, "index": 1113.0, "osmid": "46706876", "highway": [ "residential" ], "lanes": null, "name": null, "oneway": "False", "ref": null, "reversed": "False", "length": 22.179455910613356, "maxspeed": [ "20" ], "access": null, "bridge": null, "width": null, "length_m": 27.336272824029781, "building_count_50m": 22.0, "avg_building_area": 190.84256832745666, "poi_count_50m": 6.0, "highway_clean": [ "residential" ], "highway_rank": 2.0, "sinuosity": 1.0000099474775441, "poi_diversity": 1.0114042647073516, "food_drink_count": 1.0, "street_furniture_count": 1.0, "degree_u": 4.0, "degree_v": 6.0, "avg_connectivity": 5.0, "city": "Tokyo", "cluster": 3.0, "typology": "Local Mixed Street" }, "geometry": { "type": "LineString", "coordinates": [ [ 378451.961642345821019, 3949541.962121963035315 ], [ 378447.037103353184648, 3949541.252900540828705 ], [ 378429.993651580414735, 3949538.612699351739138 ] ] } },
{ "type": "Feature", "properties": { "from_node": 2130, "to_node": 1446, "u": 1177181243.0, "v": 476574837.0, "key": 0.0, "index": 1114.0, "osmid": [ 886616289, 362388116 ], "highway": [ "primary_link" ], "lanes": [ "2" ], "name": [ "環七通り" ], "oneway": "True", "ref": "318", "reversed": "False", "length": 117.54527778528895, "maxspeed": null, "access": null, "bridge": null, "width": null, "length_m": 144.87603595527455, "building_count_50m": 24.0, "avg_building_area": 263.51090819000649, "poi_count_50m": 20.0, "highway_clean": [ "primary_link" ], "highway_rank": 5.0, "sinuosity": 1.0000076468944217, "poi_diversity": 1.5274896174173203, "food_drink_count": 1.0, "street_furniture_count": 2.0, "degree_u": 4.0, "degree_v": 5.0, "avg_connectivity": 4.5, "city": "Tokyo", "cluster": 0.0, "typology": "Arterial Movement Corridor" }, "geometry": { "type": "LineString", "coordinates": [ [ 378451.961642345821019, 3949541.962121963035315 ], [ 378444.661044179345481, 3949647.454335873015225 ], [ 378443.713885734556243, 3949658.938418930862099 ] ] } },
{ "type": "Feature", "properties": { "from_node": 1832, "to_node": 1882, "u": 1177181271.0, "v": 1177181613.0, "key": 0.0, "index": 1115.0, "osmid": "101968976", "highway": [ "residential" ], "lanes": null, "name": null, "oneway": "False", "ref": null, "reversed": "False", "length": 100.57344830301922, "maxspeed": null, "access": null, "bridge": null, "width": null, "length_m": 123.94884331584524, "building_count_50m": 95.0, "avg_building_area": 97.121485192031599, "poi_count_50m": 1.0, "highway_clean": [ "residential" ], "highway_rank": 2.0, "sinuosity": 1.0025317961580327, "poi_diversity": 0.0, "food_drink_count": 1.0, "street_furniture_count": 1.0, "degree_u": 2.0, "degree_v": 6.0, "avg_connectivity": 4.0, "city": "Tokyo", "cluster": 1.0, "typology": "Dense Local Street" }, "geometry": { "type": "LineString", "coordinates": [ [ 378429.345370369614102, 3948988.285091095604002 ], [ 378449.009913976304233, 3948949.52025385806337 ], [ 378461.466284847061615, 3948927.084428811445832 ], [ 378471.688905333809089, 3948897.512491673696786 ] ] } },
{ "type": "Feature", "properties": { "from_node": 1835, "to_node": 1557, "u": null, "v": null, "key": null, "index": null, "osmid": null, "highway": null, "lanes": null, "name": null, "oneway": null, "ref": null, "reversed": null, "length": null, "maxspeed": null, "access": null, "bridge": null, "width": null, "length_m": null, "building_count_50m": null, "avg_building_area": null, "poi_count_50m": null, "highway_clean": null, "highway_rank": null, "sinuosity": null, "poi_diversity": null, "food_drink_count": null, "street_furniture_count": null, "degree_u": null, "degree_v": null, "avg_connectivity": null, "city": null, "cluster": null, "typology": null }, "geometry": { "type": "LineString", "coordinates": [ [ 378368.785247914260253, 3949264.531442357692868 ], [ 378396.689752079546452, 3949249.871726016979665 ], [ 378430.377270556695294, 3949233.812822312582284 ], [ 378451.72466753446497, 3949206.950907117221504 ] ] } },
{ "type": "Feature", "properties": { "from_node": 1835, "to_node": 1843, "u": null, "v": null, "key": null, "index": null, "osmid": null, "highway": null, "lanes": null, "name": null, "oneway": null, "ref": null, "reversed": null, "length": null, "maxspeed": null, "access": null, "bridge": null, "width": null, "length_m": null, "building_count_50m": null, "avg_building_area": null, "poi_count_50m": null, "highway_clean": null, "highway_rank": null, "sinuosity": null, "poi_diversity": null, "food_drink_count": null, "street_furniture_count": null, "degree_u": null, "degree_v": null, "avg_connectivity": null, "city": null, "cluster": null, "typology": null }, "geometry": { "type": "LineString", "coordinates": [ [ 378368.785247914260253, 3949264.531442357692868 ], [ 378353.126824782113545, 3949236.811222402378917 ], [ 378325.817514641152229, 3949188.4937688941136 ], [ 378301.293935608526226, 3949147.970564307644963 ], [ 378298.049057596945204, 3949146.328716251533478 ], [ 378290.90552079048939, 3949145.539016806986183 ], [ 378255.704879048105795, 3949141.672274339944124 ] ] } },
{ "type": "Feature", "properties": { "from_node": 1844, "to_node": 2223, "u": 1177181285.0, "v": 1177181784.0, "key": 0.0, "index": 1121.0, "osmid": "51396552", "highway": [ "residential" ], "lanes": null, "name": null, "oneway": "False", "ref": null, "reversed": "True", "length": 50.638259471873937, "maxspeed": null, "access": null, "bridge": null, "width": null, "length_m": 62.408943770735576, "building_count_50m": 90.0, "avg_building_area": 76.981023543835136, "poi_count_50m": 1.0, "highway_clean": [ "residential" ], "highway_rank": 2.0, "sinuosity": 1.0000000005191951, "poi_diversity": 0.0, "food_drink_count": 1.0, "street_furniture_count": 1.0, "degree_u": 8.0, "degree_v": 2.0, "avg_connectivity": 5.0, "city": "Tokyo", "cluster": 1.0, "typology": "Dense Local Street" }, "geometry": { "type": "LineString", "coordinates": [ [ 377999.417077891062945, 3949139.828009184915572 ], [ 378026.826229471014813, 3949129.977604313287884 ], [ 378047.146709684049711, 3949122.67630567541346 ] ] } },
{ "type": "Feature", "properties": { "from_node": 1844, "to_node": 2224, "u": 1177181285.0, "v": 1177181732.0, "key": 0.0, "index": 1122.0, "osmid": "101969037", "highway": [ "residential" ], "lanes": null, "name": null, "oneway": "False", "ref": null, "reversed": "False", "length": 50.166876786816452, "maxspeed": null, "access": null, "bridge": null, "width": null, "length_m": 61.828201757398389, "building_count_50m": 72.0, "avg_building_area": 81.342465385718867, "poi_count_50m": 2.0, "highway_clean": [ "residential" ], "highway_rank": 2.0, "sinuosity": 1.0000004952676165, "poi_diversity": 0.69314718055994529, "food_drink_count": 1.0, "street_furniture_count": 1.0, "degree_u": 8.0, "degree_v": 2.0, "avg_connectivity": 5.0, "city": "Tokyo", "cluster": 1.0, "typology": "Dense Local Street" }, "geometry": { "type": "LineString", "coordinates": [ [ 377999.417077891062945, 3949139.828009184915572 ], [ 378015.169497605471406, 3949168.367315549403429 ], [ 378015.568693257693667, 3949169.094037359114736 ], [ 378023.652751455549151, 3949183.671478380914778 ] ] } },
{ "type": "Feature", "properties": { "from_node": 2117, "to_node": 1853, "u": 1177181295.0, "v": 1177181920.0, "key": 0.0, "index": 1124.0, "osmid": "101968944", "highway": [ "residential" ], "lanes": null, "name": null, "oneway": "False", "ref": null, "reversed": "True", "length": 77.383627268504199, "maxspeed": null, "access": null, "bridge": null, "width": null, "length_m": 95.370330061727728, "building_count_50m": 45.0, "avg_building_area": 132.05260465435356, "poi_count_50m": 4.0, "highway_clean": [ "residential" ], "highway_rank": 2.0, "sinuosity": 1.030132692984868, "poi_diversity": 0.69314718055994529, "food_drink_count": 1.0, "street_furniture_count": 1.0, "degree_u": 4.0, "degree_v": 6.0, "avg_connectivity": 5.0, "city": "Tokyo", "cluster": 3.0, "typology": "Local Mixed Street" }, "geometry": { "type": "LineString", "coordinates": [ [ 378532.097606201132294, 3949076.741090615745634 ], [ 378526.46258146839682, 3949074.399624907877296 ], [ 378525.18259927793406, 3949072.142864210996777 ], [ 378505.908116446109489, 3949038.126086598727852 ], [ 378496.992974003835116, 3949018.323267204686999 ], [ 378490.214916308876127, 3949014.477580420672894 ] ] } },
{ "type": "Feature", "properties": { "from_node": 1778, "to_node": 1761, "u": 1177181297.0, "v": 1177182006.0, "key": 0.0, "index": 1127.0, "osmid": "101968964", "highway": [ "residential" ], "lanes": null, "name": null, "oneway": "False", "ref": null, "reversed": "False", "length": 75.83012020927444, "maxspeed": null, "access": null, "bridge": null, "width": null, "length_m": 93.454166776704966, "building_count_50m": 64.0, "avg_building_area": 180.97389696921761, "poi_count_50m": 1.0, "highway_clean": [ "residential" ], "highway_rank": 2.0, "sinuosity": 1.0043939702086422, "poi_diversity": 0.0, "food_drink_count": 1.0, "street_furniture_count": 1.0, "degree_u": 6.0, "degree_v": 8.0, "avg_connectivity": 7.0, "city": "Tokyo", "cluster": 1.0, "typology": "Dense Local Street" }, "geometry": { "type": "LineString", "coordinates": [ [ 378297.773799405549653, 3948937.810966468416154 ], [ 378287.185350818792358, 3948876.495579279027879 ], [ 378285.813879028370138, 3948866.241380635648966 ], [ 378283.969501099665649, 3948863.759407246951014 ] ] } },
{ "type": "Feature", "properties": { "from_node": 1857, "to_node": 1905, "u": 1177181299.0, "v": 1177182017.0, "key": 0.0, "index": 1130.0, "osmid": "102737770", "highway": [ "residential" ], "lanes": null, "name": null, "oneway": "False", "ref": null, "reversed": "False", "length": 42.022632793779024, "maxspeed": null, "access": null, "bridge": null, "width": null, "length_m": 51.791960553616327, "building_count_50m": 34.0, "avg_building_area": 126.06764110931869, "poi_count_50m": 1.0, "highway_clean": [ "residential" ], "highway_rank": 2.0, "sinuosity": 1.0006779771623557, "poi_diversity": 0.0, "food_drink_count": 1.0, "street_furniture_count": 1.0, "degree_u": 6.0, "degree_v": 6.0, "avg_connectivity": 6.0, "city": "Tokyo", "cluster": 1.0, "typology": "Dense Local Street" }, "geometry": { "type": "LineString", "coordinates": [ [ 378331.874949483841192, 3949334.762007312383503 ], [ 378345.156307511846535, 3949353.484265025705099 ], [ 378357.286876233003568, 3949368.150817891117185 ] ] } },
{ "type": "Feature", "properties": { "from_node": 1859, "to_node": 1867, "u": null, "v": null, "key": null, "index": null, "osmid": null, "highway": null, "lanes": null, "name": null, "oneway": null, "ref": null, "reversed": null, "length": null, "maxspeed": null, "access": null, "bridge": null, "width": null, "length_m": null, "building_count_50m": null, "avg_building_area": null, "poi_count_50m": null, "highway_clean": null, "highway_rank": null, "sinuosity": null, "poi_diversity": null, "food_drink_count": null, "street_furniture_count": null, "degree_u": null, "degree_v": null, "avg_connectivity": null, "city": null, "cluster": null, "typology": null }, "geometry": { "type": "LineString", "coordinates": [ [ 378324.113543274521362, 3948853.735603952314705 ], [ 378345.486219744081609, 3948849.837551474105567 ], [ 378350.706866875989363, 3948849.666259279940277 ], [ 378351.334695926867425, 3948851.88754620263353 ], [ 378351.282373915484641, 3948862.616087392438203 ], [ 378352.836877817870118, 3948865.745488535612822 ], [ 378360.601322482689284, 3948868.235213935375214 ], [ 378395.705179371638224, 3948878.848840561695397 ] ] } },
{ "type": "Feature", "properties": { "from_node": 1452, "to_node": 1914, "u": 1177181361.0, "v": 1177181776.0, "key": 0.0, "index": 1132.0, "osmid": "101968984", "highway": [ "residential" ], "lanes": null, "name": null, "oneway": "False", "ref": null, "reversed": "False", "length": 64.41255559644506, "maxspeed": null, "access": null, "bridge": null, "width": null, "length_m": 79.389459003809009, "building_count_50m": 34.0, "avg_building_area": 237.65572037562228, "poi_count_50m": 18.0, "highway_clean": [ "residential" ], "highway_rank": 2.0, "sinuosity": 1.0001833887926059, "poi_diversity": 1.4168693728155159, "food_drink_count": 3.0, "street_furniture_count": 1.0, "degree_u": 6.0, "degree_v": 6.0, "avg_connectivity": 6.0, "city": "Tokyo", "cluster": 4.0, "typology": "Active Commercial High Street" }, "geometry": { "type": "LineString", "coordinates": [ [ 378397.829932278487831, 3949652.055559854954481 ], [ 378398.997236878203694, 3949644.096328964456916 ], [ 378403.393131474498659, 3949618.742006722372025 ], [ 378407.360299460880924, 3949588.512223341967911 ] ] } },
{ "type": "Feature", "properties": { "from_node": 1803, "to_node": 1882, "u": null, "v": null, "key": null, "index": null, "osmid": null, "highway": null, "lanes": null, "name": null, "oneway": null, "ref": null, "reversed": null, "length": null, "maxspeed": null, "access": null, "bridge": null, "width": null, "length_m": null, "building_count_50m": null, "avg_building_area": null, "poi_count_50m": null, "highway_clean": null, "highway_rank": null, "sinuosity": null, "poi_diversity": null, "food_drink_count": null, "street_furniture_count": null, "degree_u": null, "degree_v": null, "avg_connectivity": null, "city": null, "cluster": null, "typology": null }, "geometry": { "type": "LineString", "coordinates": [ [ 378396.732443458982743, 3948875.86161612579599 ], [ 378419.184473024331965, 3948881.389901436399668 ], [ 378433.707900272507686, 3948883.676306090783328 ], [ 378452.914338000526186, 3948887.518410625401884 ], [ 378454.547981204639655, 3948888.494525425136089 ], [ 378468.758856511092745, 3948897.053324704058468 ], [ 378471.688905333809089, 3948897.512491673696786 ] ] } },
{ "type": "Feature", "properties": { "from_node": 1828, "to_node": 1761, "u": 1177181453.0, "v": 1177182006.0, "key": 0.0, "index": 1146.0, "osmid": "101968994", "highway": [ "residential" ], "lanes": null, "name": null, "oneway": "False", "ref": null, "reversed": "False", "length": 98.71177250951979, "maxspeed": null, "access": null, "bridge": null, "width": null, "length_m": 121.65383792113492, "building_count_50m": 84.0, "avg_building_area": 98.200211831134681, "poi_count_50m": 2.0, "highway_clean": [ "residential" ], "highway_rank": 2.0, "sinuosity": 1.0003404342492193, "poi_diversity": 0.69314718055994529, "food_drink_count": 1.0, "street_furniture_count": 1.0, "degree_u": 6.0, "degree_v": 8.0, "avg_connectivity": 7.0, "city": "Tokyo", "cluster": 1.0, "typology": "Dense Local Street" }, "geometry": { "type": "LineString", "coordinates": [ [ 378216.2387318785768, 3948935.488559011835605 ], [ 378221.301576641097199, 3948931.07037458056584 ], [ 378283.969501099665649, 3948863.759407246951014 ] ] } },
{ "type": "Feature", "properties": { "from_node": 1828, "to_node": 629, "u": 1177181453.0, "v": 1177181952.0, "key": 0.0, "index": 1147.0, "osmid": "1334061142", "highway": [ "unclassified" ], "lanes": null, "name": null, "oneway": "False", "ref": null, "reversed": "True", "length": 112.9676781179828, "maxspeed": null, "access": null, "bridge": null, "width": null, "length_m": 139.22270497799119, "building_count_50m": 99.0, "avg_building_area": 92.451797577035634, "poi_count_50m": 2.0, "highway_clean": [ "unclassified" ], "highway_rank": 1.0, "sinuosity": 1.000472993383094, "poi_diversity": 0.69314718055994529, "food_drink_count": 1.0, "street_furniture_count": 1.0, "degree_u": 6.0, "degree_v": 6.0, "avg_connectivity": 6.0, "city": "Tokyo", "cluster": 1.0, "typology": "Dense Local Street" }, "geometry": { "type": "LineString", "coordinates": [ [ 378216.2387318785768, 3948935.488559011835605 ], [ 378214.007041525968816, 3948924.558329307008535 ], [ 378207.482020061521325, 3948889.646372323390096 ], [ 378200.775606152310502, 3948851.408725769259036 ], [ 378196.833269609604031, 3948829.263786438852549 ], [ 378195.305565259070136, 3948824.791677282657474 ] ] } },
{ "type": "Feature", "properties": { "from_node": 1470, "to_node": 1882, "u": 1177181456.0, "v": 1177181613.0, "key": 0.0, "index": 1149.0, "osmid": "101969038", "highway": [ "residential" ], "lanes": null, "name": null, "oneway": "False", "ref": null, "reversed": "False", "length": 33.426101310011262, "maxspeed": null, "access": null, "bridge": null, "width": null, "length_m": 41.194830205126159, "building_count_50m": 59.0, "avg_building_area": 106.38584770459906, "poi_count_50m": 1.0, "highway_clean": [ "residential" ], "highway_rank": 2.0, "sinuosity": 1.0000000006082277, "poi_diversity": 0.0, "food_drink_count": 1.0, "street_furniture_count": 1.0, "degree_u": 4.0, "degree_v": 6.0, "avg_connectivity": 5.0, "city": "Tokyo", "cluster": 1.0, "typology": "Dense Local Street" }, "geometry": { "type": "LineString", "coordinates": [ [ 378505.010008670331445, 3948900.895491542760283 ], [ 378499.516929473844357, 3948900.338219473138452 ], [ 378471.688905333809089, 3948897.512491673696786 ] ] } },
{ "type": "Feature", "properties": { "from_node": 1679, "to_node": 618, "u": null, "v": null, "key": null, "index": null, "osmid": null, "highway": null, "lanes": null, "name": null, "oneway": null, "ref": null, "reversed": null, "length": null, "maxspeed": null, "access": null, "bridge": null, "width": null, "length_m": null, "building_count_50m": null, "avg_building_area": null, "poi_count_50m": null, "highway_clean": null, "highway_rank": null, "sinuosity": null, "poi_diversity": null, "food_drink_count": null, "street_furniture_count": null, "degree_u": null, "degree_v": null, "avg_connectivity": null, "city": null, "cluster": null, "typology": null }, "geometry": { "type": "LineString", "coordinates": [ [ 378177.708782444824465, 3948952.291330881882459 ], [ 378162.281324057956226, 3948954.710471949074417 ], [ 378136.282572744763456, 3948959.204908743035048 ], [ 378107.773904982430395, 3948960.871604531537741 ], [ 378085.652004253992345, 3948961.596558921039104 ], [ 378079.373081596568227, 3948961.161264326889068 ] ] } },
{ "type": "Feature", "properties": { "from_node": 1679, "to_node": 612, "u": 1177181458.0, "v": 1177181794.0, "key": 0.0, "index": 1151.0, "osmid": "101968983", "highway": [ "residential" ], "lanes": null, "name": null, "oneway": "False", "ref": null, "reversed": "False", "length": 85.270614595595049, "maxspeed": null, "access": null, "bridge": null, "width": null, "length_m": 105.08887122979897, "building_count_50m": 79.0, "avg_building_area": 95.075557220711289, "poi_count_50m": 6.0, "highway_clean": [ "residential" ], "highway_rank": 2.0, "sinuosity": 1.010848512783493, "poi_diversity": 0.0, "food_drink_count": 1.0, "street_furniture_count": 1.0, "degree_u": 4.0, "degree_v": 6.0, "avg_connectivity": 5.0, "city": "Tokyo", "cluster": 1.0, "typology": "Dense Local Street" }, "geometry": { "type": "LineString", "coordinates": [ [ 378177.708782444824465, 3948952.291330881882459 ], [ 378167.290587783674709, 3948896.853504425380379 ], [ 378165.314402431540657, 3948880.79438513610512 ], [ 378162.760370285250247, 3948874.749915336258709 ], [ 378158.87882549141068, 3948870.254605016671121 ] ] } },
{ "type": "Feature", "properties": { "from_node": 626, "to_node": 1701, "u": 1177181464.0, "v": 1177181921.0, "key": 0.0, "index": 1153.0, "osmid": "32125133", "highway": [ "unclassified" ], "lanes": null, "name": null, "oneway": "False", "ref": null, "reversed": "True", "length": 97.538023237374261, "maxspeed": null, "access": null, "bridge": null, "width": null, "length_m": 120.2089729256537, "building_count_50m": 66.0, "avg_building_area": 118.3202011439579, "poi_count_50m": 1.0, "highway_clean": [ "unclassified" ], "highway_rank": 1.0, "sinuosity": 1.0182804123659499, "poi_diversity": 0.0, "food_drink_count": 1.0, "street_furniture_count": 1.0, "degree_u": 6.0, "degree_v": 6.0, "avg_connectivity": 6.0, "city": "Tokyo", "cluster": 1.0, "typology": "Dense Local Street" }, "geometry": { "type": "LineString", "coordinates": [ [ 377946.970643788343295, 3949021.110589439980686 ], [ 377937.199345429544337, 3949022.110095785930753 ], [ 377928.54782619222533, 3949022.916731308214366 ], [ 377920.907574137672782, 3949024.197619986720383 ], [ 377914.241689603484701, 3949025.243253297172487 ], [ 377876.974515664565843, 3949031.113576069008559 ], [ 377867.349805585108697, 3949032.898816496133804 ], [ 377863.912266743835062, 3949035.031713154632598 ], [ 377860.106875922996551, 3949037.402638930827379 ], [ 377853.549513004138134, 3949043.050817644223571 ] ] } },
{ "type": "Feature", "properties": { "from_node": 626, "to_node": 1281, "u": null, "v": null, "key": null, "index": null, "osmid": null, "highway": null, "lanes": null, "name": null, "oneway": null, "ref": null, "reversed": null, "length": null, "maxspeed": null, "access": null, "bridge": null, "width": null, "length_m": null, "building_count_50m": null, "avg_building_area": null, "poi_count_50m": null, "highway_clean": null, "highway_rank": null, "sinuosity": null, "poi_diversity": null, "food_drink_count": null, "street_furniture_count": null, "degree_u": null, "degree_v": null, "avg_connectivity": null, "city": null, "cluster": null, "typology": null }, "geometry": { "type": "LineString", "coordinates": [ [ 377946.970643788343295, 3949021.110589439980686 ], [ 377947.155309968045913, 3949025.989390777889639 ], [ 377945.675905103737023, 3949039.544321761932224 ], [ 377945.386867179942783, 3949049.477374432142824 ], [ 377946.313120697799604, 3949054.967253891285509 ], [ 377948.72343396616634, 3949060.425661274697632 ], [ 377953.851250407053158, 3949068.664618274196982 ], [ 377971.465043870150112, 3949096.945323979016393 ] ] } },
{ "type": "Feature", "properties": { "from_node": 1903, "to_node": 1923, "u": 1177181529.0, "v": 1177181996.0, "key": 0.0, "index": 1155.0, "osmid": "1350849774", "highway": [ "residential" ], "lanes": null, "name": null, "oneway": "False", "ref": null, "reversed": "False", "length": 55.538681462682185, "maxspeed": null, "access": null, "bridge": null, "width": null, "length_m": 68.450660419199721, "building_count_50m": 68.0, "avg_building_area": 85.277516177824921, "poi_count_50m": 2.0, "highway_clean": [ "residential" ], "highway_rank": 2.0, "sinuosity": 1.0000207638525651, "poi_diversity": 0.0, "food_drink_count": 1.0, "street_furniture_count": 1.0, "degree_u": 2.0, "degree_v": 6.0, "avg_connectivity": 4.0, "city": "Tokyo", "cluster": 1.0, "typology": "Dense Local Street" }, "geometry": { "type": "LineString", "coordinates": [ [ 378312.212457882007584, 3949421.830150773283094 ], [ 378337.805591854616068, 3949412.926340548787266 ], [ 378364.627656073949765, 3949403.20702359220013 ] ] } },
{ "type": "Feature", "properties": { "from_node": 1903, "to_node": 1923, "u": 1177181529.0, "v": 1177181996.0, "key": 0.0, "index": 1155.0, "osmid": "1350849774", "highway": [ "residential" ], "lanes": null, "name": null, "oneway": "False", "ref": null, "reversed": "False", "length": 55.538681462682185, "maxspeed": null, "access": null, "bridge": null, "width": null, "length_m": 68.450660419199721, "building_count_50m": 68.0, "avg_building_area": 85.277516177824921, "poi_count_50m": 2.0, "highway_clean": [ "residential" ], "highway_rank": 2.0, "sinuosity": 1.0000207638525651, "poi_diversity": 0.0, "food_drink_count": 1.0, "street_furniture_count": 1.0, "degree_u": 2.0, "degree_v": 6.0, "avg_connectivity": 4.0, "city": "Tokyo", "cluster": 1.0, "typology": "Dense Local Street" }, "geometry": { "type": "LineString", "coordinates": [ [ 378312.212457882007584, 3949421.830150773283094 ], [ 378337.805591854616068, 3949412.926340548787266 ], [ 378364.627656073949765, 3949403.20702359220013 ] ] } },
{ "type": "Feature", "properties": { "from_node": 1621, "to_node": 1910, "u": null, "v": null, "key": null, "index": null, "osmid": null, "highway": null, "lanes": null, "name": null, "oneway": null, "ref": null, "reversed": null, "length": null, "maxspeed": null, "access": null, "bridge": null, "width": null, "length_m": null, "building_count_50m": null, "avg_building_area": null, "poi_count_50m": null, "highway_clean": null, "highway_rank": null, "sinuosity": null, "poi_diversity": null, "food_drink_count": null, "street_furniture_count": null, "degree_u": null, "degree_v": null, "avg_connectivity": null, "city": null, "cluster": null, "typology": null }, "geometry": { "type": "LineString", "coordinates": [ [ 378386.468201769632287, 3949358.188498825766146 ], [ 378384.587539650034159, 3949355.030274557881057 ], [ 378381.311767911189236, 3949343.848040741868317 ], [ 378379.892124451929703, 3949329.400980450678617 ], [ 378354.918758356245235, 3949331.362466368824244 ], [ 378332.778106870129704, 3949331.310524120926857 ] ] } },
{ "type": "Feature", "properties": { "from_node": 1830, "to_node": 1914, "u": 1177181622.0, "v": 1177181776.0, "key": 0.0, "index": 1167.0, "osmid": "101968984", "highway": [ "residential" ], "lanes": null, "name": null, "oneway": "False", "ref": null, "reversed": "True", "length": 55.224151451641859, "maxspeed": null, "access": null, "bridge": null, "width": null, "length_m": 68.064173374137951, "building_count_50m": 38.0, "avg_building_area": 242.8475871688222, "poi_count_50m": 12.0, "highway_clean": [ "residential" ], "highway_rank": 2.0, "sinuosity": 1.0062685120273762, "poi_diversity": 1.0281838593329258, "food_drink_count": 1.0, "street_furniture_count": 1.0, "degree_u": 6.0, "degree_v": 6.0, "avg_connectivity": 6.0, "city": "Tokyo", "cluster": 3.0, "typology": "Local Mixed Street" }, "geometry": { "type": "LineString", "coordinates": [ [ 378429.993651580414735, 3949538.612699351739138 ], [ 378422.524001129553653, 3949553.658410317730159 ], [ 378415.023889944597613, 3949568.460479117929935 ], [ 378409.323360258480534, 3949578.511917726602405 ], [ 378407.360299460880924, 3949588.512223341967911 ] ] } },
{ "type": "Feature", "properties": { "from_node": 1916, "to_node": 1923, "u": null, "v": null, "key": null, "index": null, "osmid": null, "highway": null, "lanes": null, "name": null, "oneway": null, "ref": null, "reversed": null, "length": null, "maxspeed": null, "access": null, "bridge": null, "width": null, "length_m": null, "building_count_50m": null, "avg_building_area": null, "poi_count_50m": null, "highway_clean": null, "highway_rank": null, "sinuosity": null, "poi_diversity": null, "food_drink_count": null, "street_furniture_count": null, "degree_u": null, "degree_v": null, "avg_connectivity": null, "city": null, "cluster": null, "typology": null }, "geometry": { "type": "LineString", "coordinates": [ [ 378297.975400233990513, 3949490.630007965024561 ], [ 378306.285265741113108, 3949489.362447085324675 ], [ 378314.307394071016461, 3949486.911782496143132 ], [ 378333.370655312843155, 3949475.756540637928993 ], [ 378348.367111904954072, 3949467.042204181198031 ], [ 378381.284160455747042, 3949448.985616931691766 ], [ 378380.776353094726801, 3949447.59473038604483 ], [ 378372.904105701774824, 3949425.947257644496858 ], [ 378364.627656073949765, 3949403.20702359220013 ] ] } },
{ "type": "Feature", "properties": { "from_node": 1916, "to_node": 812, "u": null, "v": null, "key": null, "index": null, "osmid": null, "highway": null, "lanes": null, "name": null, "oneway": null, "ref": null, "reversed": null, "length": null, "maxspeed": null, "access": null, "bridge": null, "width": null, "length_m": null, "building_count_50m": null, "avg_building_area": null, "poi_count_50m": null, "highway_clean": null, "highway_rank": null, "sinuosity": null, "poi_diversity": null, "food_drink_count": null, "street_furniture_count": null, "degree_u": null, "degree_v": null, "avg_connectivity": null, "city": null, "cluster": null, "typology": null }, "geometry": { "type": "LineString", "coordinates": [ [ 378297.975400233990513, 3949490.630007965024561 ], [ 378291.824436497874558, 3949466.462891951203346 ], [ 378287.385544946708251, 3949444.380181056447327 ], [ 378257.957925818103831, 3949447.567819047253579 ] ] } },
{ "type": "Feature", "properties": { "from_node": 1990, "to_node": 1928, "u": null, "v": null, "key": null, "index": null, "osmid": null, "highway": null, "lanes": null, "name": null, "oneway": null, "ref": null, "reversed": null, "length": null, "maxspeed": null, "access": null, "bridge": null, "width": null, "length_m": null, "building_count_50m": null, "avg_building_area": null, "poi_count_50m": null, "highway_clean": null, "highway_rank": null, "sinuosity": null, "poi_diversity": null, "food_drink_count": null, "street_furniture_count": null, "degree_u": null, "degree_v": null, "avg_connectivity": null, "city": null, "cluster": null, "typology": null }, "geometry": { "type": "LineString", "coordinates": [ [ 377944.613264650455676, 3948912.056179065257311 ], [ 377924.998840028420091, 3948927.956900029908866 ], [ 377932.396974667848554, 3948963.089678070507944 ], [ 377930.679057815345004, 3948971.799830941483378 ] ] } },
{ "type": "Feature", "properties": { "from_node": 1962, "to_node": 1481, "u": 1177181718.0, "v": 561587147.0, "key": 0.0, "index": 1178.0, "osmid": "1348440600", "highway": [ "unclassified" ], "lanes": null, "name": null, "oneway": "True", "ref": null, "reversed": "False", "length": 38.283572190036679, "maxspeed": null, "access": null, "bridge": null, "width": null, "length_m": 47.182399441105218, "building_count_50m": 19.0, "avg_building_area": 328.92832361809741, "poi_count_50m": 1.0, "highway_clean": [ "unclassified" ], "highway_rank": 1.0, "sinuosity": 1.0000999266379629, "poi_diversity": 0.0, "food_drink_count": 1.0, "street_furniture_count": 1.0, "degree_u": 4.0, "degree_v": 4.0, "avg_connectivity": 4.0, "city": "Tokyo", "cluster": 3.0, "typology": "Local Mixed Street" }, "geometry": { "type": "LineString", "coordinates": [ [ 378485.371136277157348, 3949095.84005312807858 ], [ 378483.827065999503247, 3949112.668454736471176 ], [ 378482.488308931177016, 3949133.920525547582656 ] ] } },
{ "type": "Feature", "properties": { "from_node": 1843, "to_node": 1610, "u": null, "v": null, "key": null, "index": null, "osmid": null, "highway": null, "lanes": null, "name": null, "oneway": null, "ref": null, "reversed": null, "length": null, "maxspeed": null, "access": null, "bridge": null, "width": null, "length_m": null, "building_count_50m": null, "avg_building_area": null, "poi_count_50m": null, "highway_clean": null, "highway_rank": null, "sinuosity": null, "poi_diversity": null, "food_drink_count": null, "street_furniture_count": null, "degree_u": null, "degree_v": null, "avg_connectivity": null, "city": null, "cluster": null, "typology": null }, "geometry": { "type": "LineString", "coordinates": [ [ 378255.704879048105795, 3949141.672274339944124 ], [ 378255.697176673740614, 3949066.433321211487055 ], [ 378261.300772996561136, 3949065.812968821264803 ], [ 378291.371119168761652, 3949060.553122665267438 ], [ 378295.670599424745888, 3949059.884085659403354 ], [ 378315.807218317058869, 3949056.979130570311099 ], [ 378351.679536138079129, 3949052.361169127281755 ] ] } },
{ "type": "Feature", "properties": { "from_node": 1843, "to_node": 1937, "u": 1177181773.0, "v": 1177181938.0, "key": 0.0, "index": 1181.0, "osmid": "101969016", "highway": [ "residential" ], "lanes": null, "name": null, "oneway": "False", "ref": null, "reversed": "False", "length": 51.089564424769151, "maxspeed": null, "access": null, "bridge": null, "width": null, "length_m": 62.965227046206493, "building_count_50m": 76.0, "avg_building_area": 80.534116909364272, "poi_count_50m": 1.0, "highway_clean": [ "residential" ], "highway_rank": 2.0, "sinuosity": 1.0000024929464855, "poi_diversity": 0.0, "food_drink_count": 1.0, "street_furniture_count": 1.0, "degree_u": 6.0, "degree_v": 6.0, "avg_connectivity": 6.0, "city": "Tokyo", "cluster": 1.0, "typology": "Dense Local Street" }, "geometry": { "type": "LineString", "coordinates": [ [ 378255.704879048105795, 3949141.672274339944124 ], [ 378240.556821590522304, 3949140.015991531312466 ], [ 378207.176241132663563, 3949136.202164386864752 ], [ 378204.837238641281147, 3949135.934678800404072 ] ] } },
{ "type": "Feature", "properties": { "from_node": 1914, "to_node": 1939, "u": 1177181776.0, "v": 1177181964.0, "key": 0.0, "index": 1183.0, "osmid": "46706874", "highway": [ "residential" ], "lanes": null, "name": null, "oneway": "False", "ref": null, "reversed": "False", "length": 57.702902893462067, "maxspeed": null, "access": null, "bridge": null, "width": null, "length_m": 71.119333742056867, "building_count_50m": 42.0, "avg_building_area": 225.93264367848539, "poi_count_50m": 9.0, "highway_clean": [ "residential" ], "highway_rank": 2.0, "sinuosity": 1.0143780206706006, "poi_diversity": 1.0608569471580214, "food_drink_count": 1.0, "street_furniture_count": 1.0, "degree_u": 6.0, "degree_v": 6.0, "avg_connectivity": 6.0, "city": "Tokyo", "cluster": 3.0, "typology": "Local Mixed Street" }, "geometry": { "type": "LineString", "coordinates": [ [ 378407.360299460880924, 3949588.512223341967911 ], [ 378364.000418435898609, 3949562.391385626979172 ], [ 378356.865268374793231, 3949562.189510211814195 ] ] } },
{ "type": "Feature", "properties": { "from_node": 1583, "to_node": 1854, "u": null, "v": null, "key": null, "index": null, "osmid": null, "highway": null, "lanes": null, "name": null, "oneway": null, "ref": null, "reversed": null, "length": null, "maxspeed": null, "access": null, "bridge": null, "width": null, "length_m": null, "building_count_50m": null, "avg_building_area": null, "poi_count_50m": null, "highway_clean": null, "highway_rank": null, "sinuosity": null, "poi_diversity": null, "food_drink_count": null, "street_furniture_count": null, "degree_u": null, "degree_v": null, "avg_connectivity": null, "city": null, "cluster": null, "typology": null }, "geometry": { "type": "LineString", "coordinates": [ [ 378334.37400743336184, 3948993.611611493397504 ], [ 378301.412928154575638, 3948998.655718867201358 ], [ 378284.494380713324063, 3949001.250380267389119 ], [ 378250.309978047385812, 3949006.855033439118415 ], [ 378247.459907040756661, 3949009.589897356461734 ], [ 378234.823096266307402, 3949011.538028219249099 ], [ 378232.143348640762269, 3949011.508174667134881 ], [ 378227.143842258024961, 3948991.474458097480237 ], [ 378219.524511193973012, 3948951.34114792291075 ] ] } },
{ "type": "Feature", "properties": { "from_node": 1583, "to_node": 1610, "u": 1177181830.0, "v": 1177181898.0, "key": 0.0, "index": 1192.0, "osmid": "46702912", "highway": [ "residential" ], "lanes": null, "name": null, "oneway": "False", "ref": null, "reversed": "False", "length": 61.377184342479964, "maxspeed": null, "access": null, "bridge": null, "width": null, "length_m": 75.643206457262153, "building_count_50m": 58.0, "avg_building_area": 186.60144912769442, "poi_count_50m": 2.0, "highway_clean": [ "residential" ], "highway_rank": 2.0, "sinuosity": 1.0000743194861361, "poi_diversity": 0.69314718055994529, "food_drink_count": 1.0, "street_furniture_count": 1.0, "degree_u": 6.0, "degree_v": 6.0, "avg_connectivity": 6.0, "city": "Tokyo", "cluster": 1.0, "typology": "Dense Local Street" }, "geometry": { "type": "LineString", "coordinates": [ [ 378334.37400743336184, 3948993.611611493397504 ], [ 378337.740563129947986, 3949006.123858222737908 ], [ 378351.679536138079129, 3949052.361169127281755 ] ] } },
{ "type": "Feature", "properties": { "from_node": 1817, "to_node": 1524, "u": null, "v": null, "key": null, "index": null, "osmid": null, "highway": null, "lanes": null, "name": null, "oneway": null, "ref": null, "reversed": null, "length": null, "maxspeed": null, "access": null, "bridge": null, "width": null, "length_m": null, "building_count_50m": null, "avg_building_area": null, "poi_count_50m": null, "highway_clean": null, "highway_rank": null, "sinuosity": null, "poi_diversity": null, "food_drink_count": null, "street_furniture_count": null, "degree_u": null, "degree_v": null, "avg_connectivity": null, "city": null, "cluster": null, "typology": null }, "geometry": { "type": "LineString", "coordinates": [ [ 378100.320194483734667, 3949173.766700681764632 ], [ 378096.643706541624852, 3949174.316351113840938 ], [ 378063.289992954465561, 3949179.056129234377295 ], [ 378059.816188329015858, 3949180.523811893071979 ], [ 378063.518775169737637, 3949195.072646906133741 ], [ 378067.613244643027429, 3949211.135977673344314 ], [ 378076.088399563508574, 3949244.334830699488521 ], [ 378107.443972596607637, 3949238.457629274576902 ], [ 378111.451933914562687, 3949237.659369682893157 ] ] } },
{ "type": "Feature", "properties": { "from_node": 1684, "to_node": 1937, "u": null, "v": null, "key": null, "index": null, "osmid": null, "highway": null, "lanes": null, "name": null, "oneway": null, "ref": null, "reversed": null, "length": null, "maxspeed": null, "access": null, "bridge": null, "width": null, "length_m": null, "building_count_50m": null, "avg_building_area": null, "poi_count_50m": null, "highway_clean": null, "highway_rank": null, "sinuosity": null, "poi_diversity": null, "food_drink_count": null, "street_furniture_count": null, "degree_u": null, "degree_v": null, "avg_connectivity": null, "city": null, "cluster": null, "typology": null }, "geometry": { "type": "LineString", "coordinates": [ [ 378196.824750191648491, 3949083.625625043176115 ], [ 378197.495253706234507, 3949095.564606323372573 ], [ 378198.388929688255303, 3949111.239186237566173 ], [ 378199.154775035800412, 3949117.585517293773592 ], [ 378200.527919965097681, 3949120.029554591048509 ], [ 378201.418608176871203, 3949121.61487618740648 ], [ 378204.760787674807943, 3949130.355476188473403 ], [ 378204.837238641281147, 3949135.934678800404072 ] ] } },
{ "type": "Feature", "properties": { "from_node": 1853, "to_node": 1962, "u": 1177181920.0, "v": 1177181718.0, "key": 0.0, "index": 1214.0, "osmid": "44220005", "highway": [ "tertiary" ], "lanes": null, "name": null, "oneway": "True", "ref": null, "reversed": "False", "length": 81.7034726758978, "maxspeed": null, "access": null, "bridge": null, "width": null, "length_m": 100.69436266294009, "building_count_50m": 47.0, "avg_building_area": 179.3758019731174, "poi_count_50m": 2.0, "highway_clean": [ "tertiary" ], "highway_rank": 3.0, "sinuosity": 1.0000397841264625, "poi_diversity": 0.69314718055994529, "food_drink_count": 1.0, "street_furniture_count": 1.0, "degree_u": 6.0, "degree_v": 4.0, "avg_connectivity": 5.0, "city": "Tokyo", "cluster": 3.0, "typology": "Local Mixed Street" }, "geometry": { "type": "LineString", "coordinates": [ [ 378490.214916308876127, 3949014.477580420672894 ], [ 378489.405167223827448, 3949024.107079022563994 ], [ 378485.371136277157348, 3949095.84005312807858 ] ] } },
{ "type": "Feature", "properties": { "from_node": 1966, "to_node": 120, "u": null, "v": null, "key": null, "index": null, "osmid": null, "highway": null, "lanes": null, "name": null, "oneway": null, "ref": null, "reversed": null, "length": null, "maxspeed": null, "access": null, "bridge": null, "width": null, "length_m": null, "building_count_50m": null, "avg_building_area": null, "poi_count_50m": null, "highway_clean": null, "highway_rank": null, "sinuosity": null, "poi_diversity": null, "food_drink_count": null, "street_furniture_count": null, "degree_u": null, "degree_v": null, "avg_connectivity": null, "city": null, "cluster": null, "typology": null }, "geometry": { "type": "LineString", "coordinates": [ [ 377952.279254415072501, 3949522.384476270992309 ], [ 377934.94409732602071, 3949546.629880939610302 ], [ 377927.796639027190395, 3949558.054985856637359 ], [ 377925.237327433773316, 3949569.417072209529579 ], [ 377924.34484446188435, 3949578.903572235256433 ] ] } },
{ "type": "Feature", "properties": { "from_node": 1966, "to_node": 1641, "u": null, "v": null, "key": null, "index": null, "osmid": null, "highway": null, "lanes": null, "name": null, "oneway": null, "ref": null, "reversed": null, "length": null, "maxspeed": null, "access": null, "bridge": null, "width": null, "length_m": null, "building_count_50m": null, "avg_building_area": null, "poi_count_50m": null, "highway_clean": null, "highway_rank": null, "sinuosity": null, "poi_diversity": null, "food_drink_count": null, "street_furniture_count": null, "degree_u": null, "degree_v": null, "avg_connectivity": null, "city": null, "cluster": null, "typology": null }, "geometry": { "type": "LineString", "coordinates": [ [ 377952.279254415072501, 3949522.384476270992309 ], [ 377964.516344710369594, 3949528.295920144766569 ], [ 377971.179642905364744, 3949531.044476984068751 ], [ 377986.336616003536619, 3949537.348521885462105 ], [ 378004.142374664312229, 3949544.736720132175833 ], [ 378011.046522111399099, 3949549.867199764586985 ], [ 378021.593783778138459, 3949556.645055479835719 ], [ 378034.880422168178484, 3949566.491634509060532 ], [ 378039.305565170245245, 3949571.700532762333751 ], [ 378045.03704894130351, 3949578.44465960515663 ], [ 378049.362552371050697, 3949582.989292674232274 ] ] } },
{ "type": "Feature", "properties": { "from_node": 1928, "to_node": 1981, "u": 1177181966.0, "v": 1178938195.0, "key": 0.0, "index": 1234.0, "osmid": [ 102147705, 102147660, 101969005 ], "highway": [ "residential" ], "lanes": null, "name": null, "oneway": "False", "ref": null, "reversed": "False", "length": 118.89617082037319, "maxspeed": null, "access": null, "bridge": null, "width": null, "length_m": 146.53041307860357, "building_count_50m": 88.0, "avg_building_area": 88.163733404767754, "poi_count_50m": 1.0, "highway_clean": [ "residential" ], "highway_rank": 2.0, "sinuosity": 1.1049310658110008, "poi_diversity": 0.0, "food_drink_count": 1.0, "street_furniture_count": 1.0, "degree_u": 8.0, "degree_v": 2.0, "avg_connectivity": 5.0, "city": "Tokyo", "cluster": 1.0, "typology": "Dense Local Street" }, "geometry": { "type": "LineString", "coordinates": [ [ 377930.679057815345004, 3948971.799830941483378 ], [ 377926.733792957034893, 3948971.898387719877064 ], [ 377880.251009367173538, 3948967.844134548678994 ], [ 377856.684734927373938, 3948965.560854840558022 ], [ 377845.583824171917513, 3948965.979656905401498 ], [ 377835.78315541066695, 3948970.773807954974473 ], [ 377824.944744194042869, 3948950.776155048515648 ] ] } },
{ "type": "Feature", "properties": { "from_node": 1928, "to_node": 1291, "u": 1177181966.0, "v": 1178938305.0, "key": 0.0, "index": 1235.0, "osmid": "101969005", "highway": [ "residential" ], "lanes": null, "name": null, "oneway": "False", "ref": null, "reversed": "True", "length": 56.728219001014367, "maxspeed": null, "access": null, "bridge": null, "width": null, "length_m": 69.913129256068828, "building_count_50m": 83.0, "avg_building_area": 86.042550238970776, "poi_count_50m": 1.0, "highway_clean": [ "residential" ], "highway_rank": 2.0, "sinuosity": 1.0073535051326346, "poi_diversity": 0.0, "food_drink_count": 1.0, "street_furniture_count": 1.0, "degree_u": 8.0, "degree_v": 4.0, "avg_connectivity": 6.0, "city": "Tokyo", "cluster": 1.0, "typology": "Dense Local Street" }, "geometry": { "type": "LineString", "coordinates": [ [ 377930.679057815345004, 3948971.799830941483378 ], [ 377935.26307681313483, 3948971.41515555838123 ], [ 377946.510884399118368, 3948965.214501889888197 ], [ 377980.398270153149497, 3948945.223911047447473 ] ] } },
{ "type": "Feature", "properties": { "from_node": 1928, "to_node": 2229, "u": 1177181966.0, "v": 12728483132.0, "key": 0.0, "index": 1237.0, "osmid": "1346366284", "highway": [ "residential" ], "lanes": null, "name": null, "oneway": "False", "ref": null, "reversed": "False", "length": 46.042013963232677, "maxspeed": null, "access": null, "bridge": null, "width": null, "length_m": 56.743429594993486, "building_count_50m": 61.0, "avg_building_area": 103.60781677232977, "poi_count_50m": 1.0, "highway_clean": [ "residential" ], "highway_rank": 2.0, "sinuosity": 1.0301525891256624, "poi_diversity": 0.0, "food_drink_count": 1.0, "street_furniture_count": 1.0, "degree_u": 8.0, "degree_v": 2.0, "avg_connectivity": 5.0, "city": "Tokyo", "cluster": 1.0, "typology": "Dense Local Street" }, "geometry": { "type": "LineString", "coordinates": [ [ 377930.679057815345004, 3948971.799830941483378 ], [ 377925.845542987459339, 3948992.245793484151363 ], [ 377922.622961912362371, 3949004.759649925399572 ], [ 377926.355276500689797, 3949016.179534003138542 ] ] } },
{ "type": "Feature", "properties": { "from_node": 1991, "to_node": 2035, "u": null, "v": null, "key": null, "index": null, "osmid": null, "highway": null, "lanes": null, "name": null, "oneway": null, "ref": null, "reversed": null, "length": null, "maxspeed": null, "access": null, "bridge": null, "width": null, "length_m": null, "building_count_50m": null, "avg_building_area": null, "poi_count_50m": null, "highway_clean": null, "highway_rank": null, "sinuosity": null, "poi_diversity": null, "food_drink_count": null, "street_furniture_count": null, "degree_u": null, "degree_v": null, "avg_connectivity": null, "city": null, "cluster": null, "typology": null }, "geometry": { "type": "LineString", "coordinates": [ [ 378490.884054636000656, 3949006.480810546781868 ], [ 378497.925607140117791, 3949005.76329513033852 ], [ 378525.892420448828489, 3949002.873826809227467 ], [ 378534.394230317207985, 3949002.369356812443584 ], [ 378536.77824580448214, 3949003.279762147925794 ], [ 378541.840402915840968, 3949002.777926835697144 ], [ 378549.72621933335904, 3949004.888959259260446 ], [ 378553.868986394896638, 3949005.997216948773712 ], [ 378559.199027010588907, 3949007.876923523377627 ] ] } },
{ "type": "Feature", "properties": { "from_node": 1673, "to_node": 1209, "u": 1178937980.0, "v": 1178938238.0, "key": 0.0, "index": 1262.0, "osmid": "102147662", "highway": [ "residential" ], "lanes": null, "name": null, "oneway": "False", "ref": null, "reversed": "False", "length": 75.819886528813157, "maxspeed": null, "access": null, "bridge": null, "width": null, "length_m": 93.439704796892983, "building_count_50m": 83.0, "avg_building_area": 105.78001812182042, "poi_count_50m": 1.0, "highway_clean": [ "residential" ], "highway_rank": 2.0, "sinuosity": 1.0032331726716595, "poi_diversity": 0.0, "food_drink_count": 1.0, "street_furniture_count": 1.0, "degree_u": 6.0, "degree_v": 6.0, "avg_connectivity": 6.0, "city": "Tokyo", "cluster": 1.0, "typology": "Dense Local Street" }, "geometry": { "type": "LineString", "coordinates": [ [ 377983.154852238250896, 3948754.991512038744986 ], [ 377946.12552428629715, 3948723.549300111830235 ], [ 377928.595074274460785, 3948702.711519410368055 ] ] } },
{ "type": "Feature", "properties": { "from_node": 870, "to_node": 1724, "u": null, "v": null, "key": null, "index": null, "osmid": null, "highway": null, "lanes": null, "name": null, "oneway": null, "ref": null, "reversed": null, "length": null, "maxspeed": null, "access": null, "bridge": null, "width": null, "length_m": null, "building_count_50m": null, "avg_building_area": null, "poi_count_50m": null, "highway_clean": null, "highway_rank": null, "sinuosity": null, "poi_diversity": null, "food_drink_count": null, "street_furniture_count": null, "degree_u": null, "degree_v": null, "avg_connectivity": null, "city": null, "cluster": null, "typology": null }, "geometry": { "type": "LineString", "coordinates": [ [ 378551.661450576968491, 3948519.093349516857415 ], [ 378581.057824201940093, 3948531.283397691790015 ], [ 378575.320113203139044, 3948545.30680632032454 ], [ 378571.214994859532453, 3948554.260191548150033 ], [ 378537.393306437879801, 3948597.810975040774792 ] ] } },
{ "type": "Feature", "properties": { "from_node": 1166, "to_node": 617, "u": 1178938177.0, "v": 1178938335.0, "key": 0.0, "index": 1273.0, "osmid": "102147668", "highway": [ "residential" ], "lanes": null, "name": null, "oneway": "False", "ref": null, "reversed": "False", "length": 65.475606072536763, "maxspeed": null, "access": null, "bridge": null, "width": null, "length_m": 80.691701121040239, "building_count_50m": 82.0, "avg_building_area": 88.186169360147289, "poi_count_50m": 1.0, "highway_clean": [ "residential" ], "highway_rank": 2.0, "sinuosity": 1.0000641896783209, "poi_diversity": 0.0, "food_drink_count": 1.0, "street_furniture_count": 1.0, "degree_u": 6.0, "degree_v": 8.0, "avg_connectivity": 7.0, "city": "Tokyo", "cluster": 1.0, "typology": "Dense Local Street" }, "geometry": { "type": "LineString", "coordinates": [ [ 378156.606866960471962, 3948715.72506759269163 ], [ 378164.454793176962994, 3948755.333780778571963 ], [ 378169.875846665119752, 3948779.688322002999485 ] ] } },
{ "type": "Feature", "properties": { "from_node": 577, "to_node": 1215, "u": 1178938229.0, "v": 420158706.0, "key": 0.0, "index": 1280.0, "osmid": "36724192", "highway": [ "residential" ], "lanes": null, "name": null, "oneway": "True", "ref": null, "reversed": "False", "length": 58.13203197612593, "maxspeed": null, "access": null, "bridge": null, "width": null, "length_m": 71.640754386889654, "building_count_50m": 60.0, "avg_building_area": 92.857712788568477, "poi_count_50m": 2.0, "highway_clean": [ "residential" ], "highway_rank": 2.0, "sinuosity": 1.0007504241424341, "poi_diversity": 0.69314718055994529, "food_drink_count": 1.0, "street_furniture_count": 1.0, "degree_u": 5.0, "degree_v": 4.0, "avg_connectivity": 4.5, "city": "Tokyo", "cluster": 1.0, "typology": "Dense Local Street" }, "geometry": { "type": "LineString", "coordinates": [ [ 377829.649728001793846, 3948679.930352448485792 ], [ 377853.592828664928675, 3948646.996226988732815 ], [ 377862.576712701935321, 3948632.140032197814435 ] ] } },
{ "type": "Feature", "properties": { "from_node": 1291, "to_node": 1573, "u": 1178938305.0, "v": 1177182013.0, "key": 0.0, "index": 1284.0, "osmid": "51395434", "highway": [ "residential" ], "lanes": null, "name": null, "oneway": "True", "ref": null, "reversed": "False", "length": 37.520292128008371, "maxspeed": null, "access": null, "bridge": null, "width": null, "length_m": 46.240703474042647, "building_count_50m": 73.0, "avg_building_area": 80.929768852679018, "poi_count_50m": 1.0, "highway_clean": [ "residential" ], "highway_rank": 2.0, "sinuosity": 1.0052163540243861, "poi_diversity": 0.0, "food_drink_count": 1.0, "street_furniture_count": 1.0, "degree_u": 4.0, "degree_v": 4.0, "avg_connectivity": 4.0, "city": "Tokyo", "cluster": 1.0, "typology": "Dense Local Street" }, "geometry": { "type": "LineString", "coordinates": [ [ 377980.398270153149497, 3948945.223911047447473 ], [ 377979.382954594329931, 3948943.795635749585927 ], [ 377962.129391889320686, 3948924.629187286831439 ], [ 377956.931542759353761, 3948921.183770331554115 ], [ 377954.101063371112105, 3948918.74868270335719 ] ] } },
{ "type": "Feature", "properties": { "from_node": 647, "to_node": 1176, "u": 1178938307.0, "v": 1178938353.0, "key": 0.0, "index": 1288.0, "osmid": "102147679", "highway": [ "residential" ], "lanes": null, "name": null, "oneway": "False", "ref": null, "reversed": "True", "length": 94.154471155536882, "maxspeed": null, "access": null, "bridge": null, "width": null, "length_m": 116.03320898222132, "building_count_50m": 84.0, "avg_building_area": 150.14826218672647, "poi_count_50m": 1.0, "highway_clean": [ "residential" ], "highway_rank": 2.0, "sinuosity": 1.0015121693875437, "poi_diversity": 0.0, "food_drink_count": 1.0, "street_furniture_count": 1.0, "degree_u": 6.0, "degree_v": 6.0, "avg_connectivity": 6.0, "city": "Tokyo", "cluster": 1.0, "typology": "Dense Local Street" }, "geometry": { "type": "LineString", "coordinates": [ [ 378264.307694934075698, 3948543.758092106785625 ], [ 378246.789807411783841, 3948575.360515453387052 ], [ 378231.353604437492322, 3948597.016495723742992 ], [ 378213.164088657533284, 3948622.526536364573985 ] ] } },
{ "type": "Feature", "properties": { "from_node": 1815, "to_node": 1782, "u": 1178938315.0, "v": 861245302.0, "key": 0.0, "index": 1290.0, "osmid": "67121846", "highway": [ "residential" ], "lanes": null, "name": null, "oneway": "True", "ref": null, "reversed": "False", "length": 86.36537908763033, "maxspeed": null, "access": null, "bridge": null, "width": null, "length_m": 106.43608359973118, "building_count_50m": 88.0, "avg_building_area": 100.28369070395351, "poi_count_50m": 2.0, "highway_clean": [ "residential" ], "highway_rank": 2.0, "sinuosity": 1.0005453521014314, "poi_diversity": 0.69314718055994529, "food_drink_count": 1.0, "street_furniture_count": 1.0, "degree_u": 4.0, "degree_v": 5.0, "avg_connectivity": 4.5, "city": "Tokyo", "cluster": 1.0, "typology": "Dense Local Street" }, "geometry": { "type": "LineString", "coordinates": [ [ 378469.96166160487337, 3948701.650800980161875 ], [ 378465.428573356592096, 3948711.730580745264888 ], [ 378457.827185505419038, 3948729.118829926475883 ], [ 378456.861517245997675, 3948731.317534817382693 ], [ 378455.82556949503487, 3948733.672515596728772 ], [ 378447.445684466394596, 3948752.380502410233021 ], [ 378433.080417177407071, 3948779.546259296126664 ] ] } },
{ "type": "Feature", "properties": { "from_node": 617, "to_node": 2020, "u": 1178938335.0, "v": 1178938384.0, "key": 0.0, "index": 1295.0, "osmid": "102147707", "highway": [ "residential" ], "lanes": null, "name": null, "oneway": "False", "ref": null, "reversed": "False", "length": 115.40415728776767, "maxspeed": null, "access": null, "bridge": null, "width": null, "length_m": 142.22413023956909, "building_count_50m": 117.0, "avg_building_area": 87.031407195991079, "poi_count_50m": 1.0, "highway_clean": [ "residential" ], "highway_rank": 2.0, "sinuosity": 1.0013460322454653, "poi_diversity": 0.0, "food_drink_count": 1.0, "street_furniture_count": 1.0, "degree_u": 8.0, "degree_v": 2.0, "avg_connectivity": 5.0, "city": "Tokyo", "cluster": 1.0, "typology": "Dense Local Street" }, "geometry": { "type": "LineString", "coordinates": [ [ 378169.875846665119752, 3948779.688322002999485 ], [ 378149.367013178416528, 3948785.860301407519728 ], [ 378142.042222837859299, 3948788.379186622798443 ], [ 378125.365450356737711, 3948794.110404821578413 ], [ 378110.794156695250422, 3948800.234354380983859 ], [ 378095.134941125055775, 3948806.894663061480969 ], [ 378077.144796864013188, 3948814.541049093939364 ], [ 378062.332939235144295, 3948821.600271272007376 ] ] } },
{ "type": "Feature", "properties": { "from_node": 617, "to_node": 1770, "u": null, "v": null, "key": null, "index": null, "osmid": null, "highway": null, "lanes": null, "name": null, "oneway": null, "ref": null, "reversed": null, "length": null, "maxspeed": null, "access": null, "bridge": null, "width": null, "length_m": null, "building_count_50m": null, "avg_building_area": null, "poi_count_50m": null, "highway_clean": null, "highway_rank": null, "sinuosity": null, "poi_diversity": null, "food_drink_count": null, "street_furniture_count": null, "degree_u": null, "degree_v": null, "avg_connectivity": null, "city": null, "cluster": null, "typology": null }, "geometry": { "type": "LineString", "coordinates": [ [ 378169.875846665119752, 3948779.688322002999485 ], [ 378187.69192691554781, 3948776.504275609739125 ], [ 378190.989063459157478, 3948777.324421702884138 ], [ 378196.054044479096774, 3948779.662401849869639 ], [ 378206.45334884285694, 3948786.819720688741654 ], [ 378215.854599976970349, 3948793.147585720289499 ], [ 378218.066664988349658, 3948794.714806529227644 ] ] } },
{ "type": "Feature", "properties": { "from_node": 1880, "to_node": 1991, "u": 1178938371.0, "v": 1177182018.0, "key": 0.0, "index": 1300.0, "osmid": "44220005", "highway": [ "tertiary" ], "lanes": null, "name": null, "oneway": "True", "ref": null, "reversed": "False", "length": 82.482300049640472, "maxspeed": null, "access": null, "bridge": null, "width": null, "length_m": 101.6531918942149, "building_count_50m": 66.0, "avg_building_area": 101.66853056393151, "poi_count_50m": 2.0, "highway_clean": [ "tertiary" ], "highway_rank": 3.0, "sinuosity": 1.0000141365341069, "poi_diversity": 0.69314718055994529, "food_drink_count": 1.0, "street_furniture_count": 1.0, "degree_u": 4.0, "degree_v": 4.0, "avg_connectivity": 4.0, "city": "Tokyo", "cluster": 3.0, "typology": "Local Mixed Street" }, "geometry": { "type": "LineString", "coordinates": [ [ 378501.390978780225851, 3948924.863444741349667 ], [ 378498.032805941416882, 3948949.371437454596162 ], [ 378490.884054636000656, 3949006.480810546781868 ] ] } },
{ "type": "Feature", "properties": { "from_node": 1880, "to_node": 1728, "u": 1178938371.0, "v": 1178938433.0, "key": 0.0, "index": 1301.0, "osmid": "102147698", "highway": [ "residential" ], "lanes": null, "name": null, "oneway": "False", "ref": null, "reversed": "False", "length": 85.076716789595267, "maxspeed": null, "access": null, "bridge": null, "width": null, "length_m": 104.85026882928742, "building_count_50m": 46.0, "avg_building_area": 238.58105963673009, "poi_count_50m": 4.0, "highway_clean": [ "residential" ], "highway_rank": 2.0, "sinuosity": 1.003503949746307, "poi_diversity": 0.69314718055994529, "food_drink_count": 1.0, "street_furniture_count": 1.0, "degree_u": 4.0, "degree_v": 4.0, "avg_connectivity": 4.0, "city": "Tokyo", "cluster": 3.0, "typology": "Local Mixed Street" }, "geometry": { "type": "LineString", "coordinates": [ [ 378501.390978780225851, 3948924.863444741349667 ], [ 378507.214094864903018, 3948925.726836169138551 ], [ 378519.558856000076048, 3948927.566116936970502 ], [ 378542.926079765020404, 3948935.167855490930378 ], [ 378560.432296100654639, 3948941.784709067083895 ], [ 378574.018767749075778, 3948947.057307551149279 ], [ 378576.930733853543643, 3948948.182390255853534 ], [ 378582.486905877420213, 3948950.047928905580193 ] ] } },
{ "type": "Feature", "properties": { "from_node": 1880, "to_node": 1728, "u": 1178938371.0, "v": 1178938433.0, "key": 0.0, "index": 1301.0, "osmid": "102147698", "highway": [ "residential" ], "lanes": null, "name": null, "oneway": "False", "ref": null, "reversed": "False", "length": 85.076716789595267, "maxspeed": null, "access": null, "bridge": null, "width": null, "length_m": 104.85026882928742, "building_count_50m": 46.0, "avg_building_area": 238.58105963673009, "poi_count_50m": 4.0, "highway_clean": [ "residential" ], "highway_rank": 2.0, "sinuosity": 1.003503949746307, "poi_diversity": 0.69314718055994529, "food_drink_count": 1.0, "street_furniture_count": 1.0, "degree_u": 4.0, "degree_v": 4.0, "avg_connectivity": 4.0, "city": "Tokyo", "cluster": 3.0, "typology": "Local Mixed Street" }, "geometry": { "type": "LineString", "coordinates": [ [ 378501.390978780225851, 3948924.863444741349667 ], [ 378507.214094864903018, 3948925.726836169138551 ], [ 378519.558856000076048, 3948927.566116936970502 ], [ 378542.926079765020404, 3948935.167855490930378 ], [ 378560.432296100654639, 3948941.784709067083895 ], [ 378574.018767749075778, 3948947.057307551149279 ], [ 378576.930733853543643, 3948948.182390255853534 ], [ 378582.486905877420213, 3948950.047928905580193 ] ] } },
{ "type": "Feature", "properties": { "from_node": 1728, "to_node": 2035, "u": 1178938433.0, "v": 2638287565.0, "key": 0.0, "index": 1307.0, "osmid": "1302678256", "highway": [ "primary" ], "lanes": [ "3" ], "name": [ "環七通り" ], "oneway": "True", "ref": "318", "reversed": "False", "length": 62.457022885271016, "maxspeed": [ "50" ], "access": null, "bridge": null, "width": null, "length_m": 76.97367752746699, "building_count_50m": 17.0, "avg_building_area": 437.62365904239442, "poi_count_50m": 4.0, "highway_clean": [ "primary" ], "highway_rank": 5.0, "sinuosity": 1.0001059650542554, "poi_diversity": 0.69314718055994529, "food_drink_count": 1.0, "street_furniture_count": 1.0, "degree_u": 4.0, "degree_v": 4.0, "avg_connectivity": 4.0, "city": "Tokyo", "cluster": 3.0, "typology": "Local Mixed Street" }, "geometry": { "type": "LineString", "coordinates": [ [ 378582.486905877420213, 3948950.047928905580193 ], [ 378572.124920384725556, 3948974.740309725981206 ], [ 378566.018132252036594, 3948990.876632110681385 ], [ 378559.199027010588907, 3949007.876923523377627 ] ] } },
{ "type": "Feature", "properties": { "from_node": 2036, "to_node": 2040, "u": 1180546837.0, "v": 1180546871.0, "key": 0.0, "index": 1314.0, "osmid": "35901874", "highway": [ "residential" ], "lanes": null, "name": null, "oneway": "False", "ref": null, "reversed": "False", "length": 72.810824458443534, "maxspeed": null, "access": null, "bridge": null, "width": null, "length_m": 89.730729492148043, "building_count_50m": 53.0, "avg_building_area": 132.18865578696523, "poi_count_50m": 1.0, "highway_clean": [ "residential" ], "highway_rank": 2.0, "sinuosity": 1.0035952993747845, "poi_diversity": 0.0, "food_drink_count": 1.0, "street_furniture_count": 1.0, "degree_u": 6.0, "degree_v": 8.0, "avg_connectivity": 7.0, "city": "Tokyo", "cluster": 1.0, "typology": "Dense Local Street" }, "geometry": { "type": "LineString", "coordinates": [ [ 377375.502985918661579, 3948703.023933749180287 ], [ 377361.08004037901992, 3948686.415530770551413 ], [ 377348.950709625496529, 3948672.68212477164343 ], [ 377341.157389185216743, 3948660.919102428946644 ], [ 377327.491661996813491, 3948648.682420902419835 ] ] } },
{ "type": "Feature", "properties": { "from_node": 382, "to_node": 428, "u": 1180546863.0, "v": 1180546914.0, "key": 0.0, "index": 1317.0, "osmid": "102269570", "highway": [ "residential" ], "lanes": null, "name": null, "oneway": "False", "ref": null, "reversed": "True", "length": 84.856500792024178, "maxspeed": null, "access": null, "bridge": null, "width": null, "length_m": 104.57517059975839, "building_count_50m": 63.0, "avg_building_area": 133.93731015473642, "poi_count_50m": 1.0, "highway_clean": [ "residential" ], "highway_rank": 2.0, "sinuosity": 1.0000000070529651, "poi_diversity": 0.0, "food_drink_count": 1.0, "street_furniture_count": 1.0, "degree_u": 6.0, "degree_v": 6.0, "avg_connectivity": 6.0, "city": "Tokyo", "cluster": 1.0, "typology": "Dense Local Street" }, "geometry": { "type": "LineString", "coordinates": [ [ 377410.541921316355001, 3948671.366617147810757 ], [ 377382.883036137500312, 3948637.578651030547917 ], [ 377356.835030217655003, 3948605.743267370853573 ] ] } },
{ "type": "Feature", "properties": { "from_node": 2040, "to_node": 428, "u": 1180546871.0, "v": 1180546914.0, "key": 0.0, "index": 1318.0, "osmid": "31093555", "highway": [ "residential" ], "lanes": null, "name": null, "oneway": "False", "ref": null, "reversed": "False", "length": 52.05647137339858, "maxspeed": null, "access": null, "bridge": null, "width": null, "length_m": 64.153093508305489, "building_count_50m": 51.0, "avg_building_area": 139.34215351420235, "poi_count_50m": 1.0, "highway_clean": [ "residential" ], "highway_rank": 2.0, "sinuosity": 1.0000079407773672, "poi_diversity": 0.0, "food_drink_count": 1.0, "street_furniture_count": 1.0, "degree_u": 8.0, "degree_v": 6.0, "avg_connectivity": 7.0, "city": "Tokyo", "cluster": 1.0, "typology": "Dense Local Street" }, "geometry": { "type": "LineString", "coordinates": [ [ 377327.491661996813491, 3948648.682420902419835 ], [ 377340.177704234200064, 3948629.936062579508871 ], [ 377356.835030217655003, 3948605.743267370853573 ] ] } },
{ "type": "Feature", "properties": { "from_node": 1784, "to_node": 2051, "u": null, "v": null, "key": null, "index": null, "osmid": null, "highway": null, "lanes": null, "name": null, "oneway": null, "ref": null, "reversed": null, "length": null, "maxspeed": null, "access": null, "bridge": null, "width": null, "length_m": null, "building_count_50m": null, "avg_building_area": null, "poi_count_50m": null, "highway_clean": null, "highway_rank": null, "sinuosity": null, "poi_diversity": null, "food_drink_count": null, "street_furniture_count": null, "degree_u": null, "degree_v": null, "avg_connectivity": null, "city": null, "cluster": null, "typology": null }, "geometry": { "type": "LineString", "coordinates": [ [ 377509.675909252197016, 3949661.424037284217775 ], [ 377510.234061596507672, 3949671.711558401584625 ], [ 377522.522996625048108, 3949673.494723737239838 ], [ 377538.141733137657866, 3949673.889647989533842 ], [ 377541.935297682939563, 3949620.109231746289879 ] ] } },
{ "type": "Feature", "properties": { "from_node": 2051, "to_node": 1790, "u": 1181495896.0, "v": 863242713.0, "key": 0.0, "index": 1352.0, "osmid": "66082286", "highway": [ "unclassified" ], "lanes": null, "name": null, "oneway": "True", "ref": null, "reversed": "False", "length": 41.683062210675679, "maxspeed": null, "access": null, "bridge": null, "width": null, "length_m": 51.374953294945414, "building_count_50m": 49.0, "avg_building_area": 150.3596742044339, "poi_count_50m": 8.0, "highway_clean": [ "unclassified" ], "highway_rank": 1.0, "sinuosity": 1.001240211246009, "poi_diversity": 0.90025605126853692, "food_drink_count": 2.0, "street_furniture_count": 1.0, "degree_u": 4.0, "degree_v": 4.0, "avg_connectivity": 4.0, "city": "Tokyo", "cluster": 3.0, "typology": "Local Mixed Street" }, "geometry": { "type": "LineString", "coordinates": [ [ 377541.935297682939563, 3949620.109231746289879 ], [ 377556.3889640935231, 3949621.995745138265193 ], [ 377583.570437750197016, 3949622.697395699098706 ] ] } },
{ "type": "Feature", "properties": { "from_node": 480, "to_node": 2054, "u": 1186563258.0, "v": 7185510359.0, "key": 0.0, "index": 1356.0, "osmid": "299739169", "highway": [ "secondary" ], "lanes": [ "2" ], "name": [ "井ノ頭通り" ], "oneway": "False", "ref": "413", "reversed": "True", "length": 114.08166578521062, "maxspeed": [ "40" ], "access": null, "bridge": null, "width": null, "length_m": 140.5938229282909, "building_count_50m": 40.0, "avg_building_area": 254.89478755769727, "poi_count_50m": 6.0, "highway_clean": [ "secondary" ], "highway_rank": 4.0, "sinuosity": 1.0009120526446329, "poi_diversity": 0.86756322848146117, "food_drink_count": 1.0, "street_furniture_count": 1.0, "degree_u": 6.0, "degree_v": 6.0, "avg_connectivity": 6.0, "city": "Tokyo", "cluster": 3.0, "typology": "Local Mixed Street" }, "geometry": { "type": "LineString", "coordinates": [ [ 377467.54664452932775, 3948744.477611632086337 ], [ 377404.443609964451753, 3948793.661890503484756 ], [ 377375.685365644283593, 3948812.052975075319409 ] ] } },
{ "type": "Feature", "properties": { "from_node": 2157, "to_node": 2057, "u": null, "v": null, "key": null, "index": null, "osmid": null, "highway": null, "lanes": null, "name": null, "oneway": null, "ref": null, "reversed": null, "length": null, "maxspeed": null, "access": null, "bridge": null, "width": null, "length_m": null, "building_count_50m": null, "avg_building_area": null, "poi_count_50m": null, "highway_clean": null, "highway_rank": null, "sinuosity": null, "poi_diversity": null, "food_drink_count": null, "street_furniture_count": null, "degree_u": null, "degree_v": null, "avg_connectivity": null, "city": null, "cluster": null, "typology": null }, "geometry": { "type": "LineString", "coordinates": [ [ 378621.398671383794863, 3949562.976884563919157 ], [ 378615.899671560386196, 3949527.495966928545386 ], [ 378573.016327270190232, 3949536.224729160778224 ], [ 378569.34421262005344, 3949537.084759530145675 ] ] } },
{ "type": "Feature", "properties": { "from_node": 2059, "to_node": 2078, "u": null, "v": null, "key": null, "index": null, "osmid": null, "highway": null, "lanes": null, "name": null, "oneway": null, "ref": null, "reversed": null, "length": null, "maxspeed": null, "access": null, "bridge": null, "width": null, "length_m": null, "building_count_50m": null, "avg_building_area": null, "poi_count_50m": null, "highway_clean": null, "highway_rank": null, "sinuosity": null, "poi_diversity": null, "food_drink_count": null, "street_furniture_count": null, "degree_u": null, "degree_v": null, "avg_connectivity": null, "city": null, "cluster": null, "typology": null }, "geometry": { "type": "LineString", "coordinates": [ [ 378600.922718023648486, 3949385.243481131736189 ], [ 378660.761003182851709, 3949372.600208709482104 ], [ 378671.161444572906476, 3949378.593157712835819 ], [ 378672.060119692527223, 3949382.097661396954209 ], [ 378675.386431505670771, 3949395.021042888052762 ], [ 378658.471211392316036, 3949399.134841912426054 ], [ 378638.404434212250635, 3949403.125299855135381 ], [ 378639.131177133938763, 3949411.935042234603316 ], [ 378604.327143141184933, 3949418.456555738579482 ] ] } },
{ "type": "Feature", "properties": { "from_node": 2064, "to_node": 2058, "u": 1237273430.0, "v": 1237273538.0, "key": 0.0, "index": 1365.0, "osmid": "220691858", "highway": [ "residential" ], "lanes": null, "name": null, "oneway": "False", "ref": null, "reversed": "True", "length": 61.913966371775174, "maxspeed": null, "access": null, "bridge": null, "width": null, "length_m": 76.30875096415032, "building_count_50m": 48.0, "avg_building_area": 137.09320889550807, "poi_count_50m": 5.0, "highway_clean": [ "residential" ], "highway_rank": 2.0, "sinuosity": 1.0001345184091128, "poi_diversity": 0.50040242353818787, "food_drink_count": 1.0, "street_furniture_count": 1.0, "degree_u": 5.0, "degree_v": 6.0, "avg_connectivity": 5.5, "city": "Tokyo", "cluster": 3.0, "typology": "Local Mixed Street" }, "geometry": { "type": "LineString", "coordinates": [ [ 378552.182686174637638, 3949494.008578430395573 ], [ 378557.370107780210674, 3949492.096100091934204 ], [ 378584.72137255477719, 3949482.026302671059966 ], [ 378610.671749255736358, 3949473.429030068218708 ] ] } },
{ "type": "Feature", "properties": { "from_node": 2064, "to_node": 2085, "u": 1237273430.0, "v": 1237273483.0, "key": 0.0, "index": 1366.0, "osmid": "1080868205", "highway": [ "residential" ], "lanes": [ "1" ], "name": null, "oneway": "True", "ref": null, "reversed": "False", "length": 134.51424954855156, "maxspeed": null, "access": null, "bridge": null, "width": null, "length_m": 165.78730345541217, "building_count_50m": 57.0, "avg_building_area": 161.57332019370205, "poi_count_50m": 9.0, "highway_clean": [ "residential" ], "highway_rank": 2.0, "sinuosity": 1.0239115398190555, "poi_diversity": 1.0027182645175161, "food_drink_count": 1.0, "street_furniture_count": 1.0, "degree_u": 5.0, "degree_v": 6.0, "avg_connectivity": 5.5, "city": "Tokyo", "cluster": 3.0, "typology": "Local Mixed Street" }, "geometry": { "type": "LineString", "coordinates": [ [ 378552.182686174637638, 3949494.008578430395573 ], [ 378550.965113310376182, 3949490.35312774637714 ], [ 378548.373970131971873, 3949480.237595466896892 ], [ 378546.507238114427309, 3949458.885111554060131 ], [ 378544.54326982924249, 3949444.98907489515841 ], [ 378541.926795293344185, 3949426.398131820373237 ], [ 378536.684818510373589, 3949403.12815326731652 ], [ 378534.583430934639182, 3949393.749224345665425 ], [ 378534.683384171396028, 3949386.492431523744017 ], [ 378540.367757266911212, 3949369.940268154721707 ], [ 378542.084558559290599, 3949366.411126237362623 ], [ 378543.625065119762439, 3949363.228305565658957 ] ] } },
{ "type": "Feature", "properties": { "from_node": 2080, "to_node": 2102, "u": 1237273465.0, "v": 7349784040.0, "key": 0.0, "index": 1371.0, "osmid": "786104379", "highway": [ "residential" ], "lanes": null, "name": null, "oneway": "False", "ref": null, "reversed": "False", "length": 41.487466061228538, "maxspeed": null, "access": null, "bridge": null, "width": null, "length_m": 51.133863854339367, "building_count_50m": 36.0, "avg_building_area": 249.74506703726325, "poi_count_50m": 7.0, "highway_clean": [ "residential" ], "highway_rank": 2.0, "sinuosity": 1.0000000000444942, "poi_diversity": 1.3517839942896459, "food_drink_count": 2.0, "street_furniture_count": 1.0, "degree_u": 6.0, "degree_v": 6.0, "avg_connectivity": 6.0, "city": "Tokyo", "cluster": 3.0, "typology": "Local Mixed Street" }, "geometry": { "type": "LineString", "coordinates": [ [ 378586.326386008993722, 3949608.120112981647253 ], [ 378590.355039804999251, 3949607.52147172158584 ], [ 378627.443985133315437, 3949602.011494069360197 ] ] } },
{ "type": "Feature", "properties": { "from_node": 853, "to_node": 2085, "u": 1237273472.0, "v": 1237273483.0, "key": 0.0, "index": 1373.0, "osmid": "1379313425", "highway": [ "residential" ], "lanes": null, "name": null, "oneway": "False", "ref": null, "reversed": "False", "length": 41.987645295459103, "maxspeed": null, "access": null, "bridge": null, "width": null, "length_m": 51.748890873633506, "building_count_50m": 37.0, "avg_building_area": 129.53238034119877, "poi_count_50m": 3.0, "highway_clean": [ "residential" ], "highway_rank": 2.0, "sinuosity": 1.0059291109349244, "poi_diversity": 0.63651416829481278, "food_drink_count": 1.0, "street_furniture_count": 1.0, "degree_u": 6.0, "degree_v": 6.0, "avg_connectivity": 6.0, "city": "Tokyo", "cluster": 3.0, "typology": "Local Mixed Street" }, "geometry": { "type": "LineString", "coordinates": [ [ 378583.411686246632598, 3949350.381520283408463 ], [ 378575.11579644435551, 3949353.345994310453534 ], [ 378559.906220764445607, 3949359.078577071428299 ], [ 378548.250096121162642, 3949363.209477808792144 ], [ 378543.625065119762439, 3949363.228305565658957 ] ] } },
{ "type": "Feature", "properties": { "from_node": 2090, "to_node": 2089, "u": null, "v": null, "key": null, "index": null, "osmid": null, "highway": null, "lanes": null, "name": null, "oneway": null, "ref": null, "reversed": null, "length": null, "maxspeed": null, "access": null, "bridge": null, "width": null, "length_m": null, "building_count_50m": null, "avg_building_area": null, "poi_count_50m": null, "highway_clean": null, "highway_rank": null, "sinuosity": null, "poi_diversity": null, "food_drink_count": null, "street_furniture_count": null, "degree_u": null, "degree_v": null, "avg_connectivity": null, "city": null, "cluster": null, "typology": null }, "geometry": { "type": "LineString", "coordinates": [ [ 378589.447189847065601, 3949625.87213400285691 ], [ 378586.871117055998184, 3949626.129206729121506 ], [ 378566.515773041697685, 3949628.171261347830296 ], [ 378563.975393258209806, 3949611.831337884068489 ], [ 378513.76028203824535, 3949607.924763210117817 ] ] } },
{ "type": "Feature", "properties": { "from_node": 2090, "to_node": 2103, "u": null, "v": null, "key": null, "index": null, "osmid": null, "highway": null, "lanes": null, "name": null, "oneway": null, "ref": null, "reversed": null, "length": null, "maxspeed": null, "access": null, "bridge": null, "width": null, "length_m": null, "building_count_50m": null, "avg_building_area": null, "poi_count_50m": null, "highway_clean": null, "highway_rank": null, "sinuosity": null, "poi_diversity": null, "food_drink_count": null, "street_furniture_count": null, "degree_u": null, "degree_v": null, "avg_connectivity": null, "city": null, "cluster": null, "typology": null }, "geometry": { "type": "LineString", "coordinates": [ [ 378589.447189847065601, 3949625.87213400285691 ], [ 378591.675667191680986, 3949635.94825585745275 ], [ 378595.116912842262536, 3949650.656165261752903 ], [ 378632.691926379804499, 3949644.962058948352933 ], [ 378635.219599818228744, 3949642.486875481437892 ] ] } },
{ "type": "Feature", "properties": { "from_node": 2085, "to_node": 2095, "u": 1237273483.0, "v": 2862649688.0, "key": 0.0, "index": 1378.0, "osmid": "282337836", "highway": [ "residential" ], "lanes": null, "name": null, "oneway": "False", "ref": null, "reversed": "True", "length": 67.105816895720309, "maxspeed": null, "access": null, "bridge": null, "width": null, "length_m": 82.706651363006301, "building_count_50m": 34.0, "avg_building_area": 177.00041056129734, "poi_count_50m": 6.0, "highway_clean": [ "residential" ], "highway_rank": 2.0, "sinuosity": 1.0000226933646268, "poi_diversity": 1.0114042647073516, "food_drink_count": 1.0, "street_furniture_count": 1.0, "degree_u": 6.0, "degree_v": 4.0, "avg_connectivity": 5.0, "city": "Tokyo", "cluster": 3.0, "typology": "Local Mixed Street" }, "geometry": { "type": "LineString", "coordinates": [ [ 378543.625065119762439, 3949363.228305565658957 ], [ 378538.298488302505575, 3949364.898624055553228 ], [ 378514.504324736597482, 3949372.335042306222022 ], [ 378483.434103094390593, 3949382.511360390577465 ], [ 378479.622443648055196, 3949383.761620802804828 ] ] } },
{ "type": "Feature", "properties": { "from_node": 2085, "to_node": 832, "u": 1237273483.0, "v": 410136832.0, "key": 0.0, "index": 1379.0, "osmid": "1080868205", "highway": [ "residential" ], "lanes": [ "1" ], "name": null, "oneway": "True", "ref": null, "reversed": "False", "length": 30.745413757376948, "maxspeed": null, "access": null, "bridge": null, "width": null, "length_m": 37.893039905933826, "building_count_50m": 34.0, "avg_building_area": 118.17488238058016, "poi_count_50m": 3.0, "highway_clean": [ "residential" ], "highway_rank": 2.0, "sinuosity": 1.0020409430635158, "poi_diversity": 0.63651416829481278, "food_drink_count": 1.0, "street_furniture_count": 1.0, "degree_u": 6.0, "degree_v": 3.0, "avg_connectivity": 4.5, "city": "Tokyo", "cluster": 3.0, "typology": "Local Mixed Street" }, "geometry": { "type": "LineString", "coordinates": [ [ 378543.625065119762439, 3949363.228305565658957 ], [ 378541.384412440471351, 3949357.567743167281151 ], [ 378531.939985357457772, 3949338.748393367510289 ], [ 378530.970065474277362, 3949335.33362678764388 ] ] } },
{ "type": "Feature", "properties": { "from_node": 2057, "to_node": 2079, "u": 1237273486.0, "v": 7349781050.0, "key": 0.0, "index": 1382.0, "osmid": "107699623", "highway": [ "residential" ], "lanes": null, "name": null, "oneway": "False", "ref": null, "reversed": "True", "length": 35.443643845495188, "maxspeed": null, "access": null, "bridge": null, "width": null, "length_m": 43.684516375226863, "building_count_50m": 39.0, "avg_building_area": 142.25442748585729, "poi_count_50m": 8.0, "highway_clean": [ "residential" ], "highway_rank": 2.0, "sinuosity": 1.0019800275966797, "poi_diversity": 1.0397207708399179, "food_drink_count": 2.0, "street_furniture_count": 1.0, "degree_u": 6.0, "degree_v": 6.0, "avg_connectivity": 6.0, "city": "Tokyo", "cluster": 3.0, "typology": "Local Mixed Street" }, "geometry": { "type": "LineString", "coordinates": [ [ 378569.34421262005344, 3949537.084759530145675 ], [ 378572.547527484130114, 3949544.97314774710685 ], [ 378577.27075103437528, 3949562.747646033763885 ], [ 378579.058273534523323, 3949571.021479795686901 ] ] } },
{ "type": "Feature", "properties": { "from_node": 2078, "to_node": 2058, "u": 1237273526.0, "v": 1237273538.0, "key": 0.0, "index": 1385.0, "osmid": "107699644", "highway": [ "residential" ], "lanes": null, "name": null, "oneway": "False", "ref": null, "reversed": "True", "length": 55.468415561052794, "maxspeed": null, "access": null, "bridge": null, "width": null, "length_m": 68.364344511252824, "building_count_50m": 43.0, "avg_building_area": 132.88211669352418, "poi_count_50m": 3.0, "highway_clean": [ "residential" ], "highway_rank": 2.0, "sinuosity": 1.0000130926590551, "poi_diversity": 1.0986122886681096, "food_drink_count": 1.0, "street_furniture_count": 1.0, "degree_u": 6.0, "degree_v": 6.0, "avg_connectivity": 6.0, "city": "Tokyo", "cluster": 3.0, "typology": "Local Mixed Street" }, "geometry": { "type": "LineString", "coordinates": [ [ 378604.327143141184933, 3949418.456555738579482 ], [ 378607.223746113537345, 3949442.324392382521182 ], [ 378610.671749255736358, 3949473.429030068218708 ] ] } },
{ "type": "Feature", "properties": { "from_node": 2236, "to_node": 2107, "u": 1237770457.0, "v": 1237770479.0, "key": 0.0, "index": 1397.0, "osmid": "1351123947", "highway": [ "residential" ], "lanes": null, "name": null, "oneway": "False", "ref": null, "reversed": "True", "length": 13.186917959335219, "maxspeed": null, "access": null, "bridge": null, "width": null, "length_m": 16.251709922025718, "building_count_50m": 15.0, "avg_building_area": 316.24363088803591, "poi_count_50m": 5.0, "highway_clean": [ "residential" ], "highway_rank": 2.0, "sinuosity": 1.0004814570122029, "poi_diversity": 0.95027053923323468, "food_drink_count": 1.0, "street_furniture_count": 1.0, "degree_u": 2.0, "degree_v": 4.0, "avg_connectivity": 3.0, "city": "Tokyo", "cluster": 3.0, "typology": "Local Mixed Street" }, "geometry": { "type": "LineString", "coordinates": [ [ 378638.710586241213605, 3948872.665566516108811 ], [ 378630.817821481323335, 3948872.041130728553981 ], [ 378625.575567994848825, 3948871.29175924975425 ] ] } },
{ "type": "Feature", "properties": { "from_node": 2107, "to_node": 885, "u": 1237770479.0, "v": 410467235.0, "key": 0.0, "index": 1398.0, "osmid": "34948237", "highway": [ "primary" ], "lanes": [ "3" ], "name": [ "環七通り" ], "oneway": "True", "ref": "318", "reversed": "False", "length": 59.714070516934825, "maxspeed": [ "50" ], "access": null, "bridge": null, "width": null, "length_m": 73.592072999779589, "building_count_50m": 16.0, "avg_building_area": 336.10452022740662, "poi_count_50m": 5.0, "highway_clean": [ "primary" ], "highway_rank": 5.0, "sinuosity": 1.0000000099252087, "poi_diversity": 0.95027053923323468, "food_drink_count": 1.0, "street_furniture_count": 1.0, "degree_u": 4.0, "degree_v": 3.0, "avg_connectivity": 3.5, "city": "Tokyo", "cluster": 3.0, "typology": "Local Mixed Street" }, "geometry": { "type": "LineString", "coordinates": [ [ 378625.575567994848825, 3948871.29175924975425 ], [ 378642.629960677761119, 3948827.570782244205475 ], [ 378644.869004287174903, 3948821.837945176754147 ], [ 378647.239111518312711, 3948815.759408423211426 ], [ 378638.996381913952064, 3948810.058730488177389 ] ] } },
{ "type": "Feature", "properties": { "from_node": 2111, "to_node": 1247, "u": 2091689847.0, "v": 7185295153.0, "key": 0.0, "index": 1411.0, "osmid": "769756595", "highway": [ "residential" ], "lanes": null, "name": null, "oneway": "False", "ref": null, "reversed": "True", "length": 33.65036114571317, "maxspeed": null, "access": null, "bridge": null, "width": null, "length_m": 41.470488958118658, "building_count_50m": 23.0, "avg_building_area": 116.93368779243346, "poi_count_50m": 1.0, "highway_clean": [ "residential" ], "highway_rank": 2.0, "sinuosity": 1.0119156806421246, "poi_diversity": 0.0, "food_drink_count": 1.0, "street_furniture_count": 1.0, "degree_u": 2.0, "degree_v": 6.0, "avg_connectivity": 4.0, "city": "Tokyo", "cluster": 1.0, "typology": "Dense Local Street" }, "geometry": { "type": "LineString", "coordinates": [ [ 377597.156998913153075, 3948765.656506856903434 ], [ 377600.997045295196585, 3948761.853873361833394 ], [ 377619.517013733740896, 3948752.601688619703054 ], [ 377626.802253807487432, 3948750.504483455792069 ] ] } },
{ "type": "Feature", "properties": { "from_node": 1301, "to_node": 347, "u": 2331333450.0, "v": 2331333487.0, "key": 0.0, "index": 1415.0, "osmid": "38098059", "highway": [ "residential" ], "lanes": null, "name": null, "oneway": "False", "ref": null, "reversed": "True", "length": 56.19093770401679, "maxspeed": null, "access": null, "bridge": null, "width": null, "length_m": 69.246935313089338, "building_count_50m": 32.0, "avg_building_area": 211.3334592156904, "poi_count_50m": 2.0, "highway_clean": [ "residential" ], "highway_rank": 2.0, "sinuosity": 1.0181202055036931, "poi_diversity": 0.69314718055994529, "food_drink_count": 1.0, "street_furniture_count": 1.0, "degree_u": 6.0, "degree_v": 6.0, "avg_connectivity": 6.0, "city": "Tokyo", "cluster": 3.0, "typology": "Local Mixed Street" }, "geometry": { "type": "LineString", "coordinates": [ [ 377931.633679144782946, 3948448.685111957602203 ], [ 377924.782163908123039, 3948445.473195217549801 ], [ 377919.155623572005425, 3948443.131977473385632 ], [ 377876.530745688825846, 3948444.005839937832206 ] ] } },
{ "type": "Feature", "properties": { "from_node": 1848, "to_node": 1, "u": 2638287603.0, "v": 561587149.0, "key": 0.0, "index": 1427.0, "osmid": "1302678256", "highway": [ "primary" ], "lanes": [ "3" ], "name": [ "環七通り" ], "oneway": "True", "ref": "318", "reversed": "False", "length": 57.626350110753222, "maxspeed": [ "50" ], "access": null, "bridge": null, "width": null, "length_m": 71.021596367423939, "building_count_50m": 28.0, "avg_building_area": 266.7470813471906, "poi_count_50m": 5.0, "highway_clean": [ "primary" ], "highway_rank": 5.0, "sinuosity": 1.0000884340160512, "poi_diversity": 1.3321790402101223, "food_drink_count": 1.0, "street_furniture_count": 1.0, "degree_u": 4.0, "degree_v": 6.0, "avg_connectivity": 5.0, "city": "Tokyo", "cluster": 3.0, "typology": "Local Mixed Street" }, "geometry": { "type": "LineString", "coordinates": [ [ 378513.439489462063648, 3949123.579461163841188 ], [ 378499.005281683930662, 3949158.911212516482919 ], [ 378492.192713729455136, 3949177.031966937705874 ] ] } },
{ "type": "Feature", "properties": { "from_node": 2095, "to_node": 843, "u": 2862649688.0, "v": 810716882.0, "key": 0.0, "index": 1428.0, "osmid": [ 34948233, 229361050, 34948237 ], "highway": [ "primary" ], "lanes": [ "3" ], "name": [ "環七通り" ], "oneway": "True", "ref": "318", "reversed": "False", "length": 143.18817882502233, "maxspeed": [ "50" ], "access": null, "bridge": "yes", "width": null, "length_m": 176.47550286654268, "building_count_50m": 55.0, "avg_building_area": 276.95935403956895, "poi_count_50m": 11.0, "highway_clean": [ "primary" ], "highway_rank": 5.0, "sinuosity": 1.0000200927913534, "poi_diversity": 1.1685184057430877, "food_drink_count": 2.0, "street_furniture_count": 1.0, "degree_u": 4.0, "degree_v": 3.0, "avg_connectivity": 3.5, "city": "Tokyo", "cluster": 3.0, "typology": "Local Mixed Street" }, "geometry": { "type": "LineString", "coordinates": [ [ 378479.622443648055196, 3949383.761620802804828 ], [ 378483.038639764243271, 3949323.796613587532192 ], [ 378483.230054020241369, 3949321.908029051031917 ], [ 378483.928272805642337, 3949312.069264330435544 ], [ 378484.242700238479301, 3949307.261295509524643 ], [ 378488.535020271607209, 3949241.19375718338415 ] ] } },
{ "type": "Feature", "properties": { "from_node": 2095, "to_node": 843, "u": 2862649688.0, "v": 810716882.0, "key": 0.0, "index": 1428.0, "osmid": [ 34948233, 229361050, 34948237 ], "highway": [ "primary" ], "lanes": [ "3" ], "name": [ "環七通り" ], "oneway": "True", "ref": "318", "reversed": "False", "length": 143.18817882502233, "maxspeed": [ "50" ], "access": null, "bridge": "yes", "width": null, "length_m": 176.47550286654268, "building_count_50m": 55.0, "avg_building_area": 276.95935403956895, "poi_count_50m": 11.0, "highway_clean": [ "primary" ], "highway_rank": 5.0, "sinuosity": 1.0000200927913534, "poi_diversity": 1.1685184057430877, "food_drink_count": 2.0, "street_furniture_count": 1.0, "degree_u": 4.0, "degree_v": 3.0, "avg_connectivity": 3.5, "city": "Tokyo", "cluster": 3.0, "typology": "Local Mixed Street" }, "geometry": { "type": "LineString", "coordinates": [ [ 378479.622443648055196, 3949383.761620802804828 ], [ 378483.038639764243271, 3949323.796613587532192 ], [ 378483.230054020241369, 3949321.908029051031917 ], [ 378483.928272805642337, 3949312.069264330435544 ], [ 378484.242700238479301, 3949307.261295509524643 ], [ 378488.535020271607209, 3949241.19375718338415 ] ] } },
{ "type": "Feature", "properties": { "from_node": 2124, "to_node": 904, "u": 3021673381.0, "v": 413320812.0, "key": 0.0, "index": 1431.0, "osmid": "645599600", "highway": [ "unclassified" ], "lanes": [ "1" ], "name": null, "oneway": "True", "ref": null, "reversed": "False", "length": 64.030451082117978, "maxspeed": [ "30" ], "access": null, "bridge": null, "width": null, "length_m": 78.915807872262903, "building_count_50m": 54.0, "avg_building_area": 128.23644992681986, "poi_count_50m": 10.0, "highway_clean": [ "unclassified" ], "highway_rank": 1.0, "sinuosity": 1.0000112106953289, "poi_diversity": 1.2798542258336674, "food_drink_count": 2.0, "street_furniture_count": 1.0, "degree_u": 4.0, "degree_v": 4.0, "avg_connectivity": 4.0, "city": "Tokyo", "cluster": 3.0, "typology": "Local Mixed Street" }, "geometry": { "type": "LineString", "coordinates": [ [ 377481.388693384535145, 3949300.804799261968583 ], [ 377506.274197496182751, 3949354.201004268601537 ], [ 377508.472472421941347, 3949358.708143039606512 ] ] } },
{ "type": "Feature", "properties": { "from_node": 0, "to_node": 2130, "u": 6229211105.0, "v": 1177181243.0, "key": 0.0, "index": 1440.0, "osmid": "362388116", "highway": [ "primary_link" ], "lanes": [ "2" ], "name": [ "環七通り" ], "oneway": "True", "ref": "318", "reversed": "False", "length": 61.975867722276305, "maxspeed": null, "access": null, "bridge": null, "width": null, "length_m": 76.385267913247219, "building_count_50m": 18.0, "avg_building_area": 394.37045606959458, "poi_count_50m": 8.0, "highway_clean": [ "primary_link" ], "highway_rank": 5.0, "sinuosity": 1.0018231059345777, "poi_diversity": 1.0821955300387673, "food_drink_count": 1.0, "street_furniture_count": 1.0, "degree_u": 4.0, "degree_v": 4.0, "avg_connectivity": 4.0, "city": "Tokyo", "cluster": 3.0, "typology": "Local Mixed Street" }, "geometry": { "type": "LineString", "coordinates": [ [ 378458.209056122926995, 3949480.560524209868163 ], [ 378456.15844640188152, 3949488.798076835926622 ], [ 378454.77367788477568, 3949500.055166924837977 ], [ 378451.961642345821019, 3949541.962121963035315 ] ] } },
{ "type": "Feature", "properties": { "from_node": 0, "to_node": 2132, "u": 6229211105.0, "v": 7180602191.0, "key": 0.0, "index": 1441.0, "osmid": "665529559", "highway": [ "residential" ], "lanes": null, "name": null, "oneway": "False", "ref": null, "reversed": "False", "length": 55.666515208753381, "maxspeed": null, "access": null, "bridge": null, "width": null, "length_m": 68.608726863090297, "building_count_50m": 26.0, "avg_building_area": 236.16393131900526, "poi_count_50m": 3.0, "highway_clean": [ "residential" ], "highway_rank": 2.0, "sinuosity": 1.000278829060163, "poi_diversity": 1.0986122886681096, "food_drink_count": 1.0, "street_furniture_count": 1.0, "degree_u": 4.0, "degree_v": 6.0, "avg_connectivity": 5.0, "city": "Tokyo", "cluster": 3.0, "typology": "Local Mixed Street" }, "geometry": { "type": "LineString", "coordinates": [ [ 378458.209056122926995, 3949480.560524209868163 ], [ 378450.781223268480971, 3949480.140695031266659 ], [ 378402.82586969085969, 3949474.084868650883436 ] ] } },
{ "type": "Feature", "properties": { "from_node": 2242, "to_node": 2054, "u": 7185510357.0, "v": 7185510359.0, "key": 0.0, "index": 1489.0, "osmid": "769772585", "highway": [ "residential" ], "lanes": null, "name": null, "oneway": "False", "ref": null, "reversed": "False", "length": 19.590000801084148, "maxspeed": null, "access": null, "bridge": null, "width": null, "length_m": 24.142754945019568, "building_count_50m": 28.0, "avg_building_area": 132.83493759626597, "poi_count_50m": 5.0, "highway_clean": [ "residential" ], "highway_rank": 2.0, "sinuosity": 1.0001057685346371, "poi_diversity": 0.95027053923323468, "food_drink_count": 1.0, "street_furniture_count": 1.0, "degree_u": 2.0, "degree_v": 6.0, "avg_connectivity": 4.0, "city": "Tokyo", "cluster": 3.0, "typology": "Local Mixed Street" }, "geometry": { "type": "LineString", "coordinates": [ [ 377386.294842948729638, 3948828.492116519249976 ], [ 377380.001384886389133, 3948818.483412296976894 ], [ 377375.685365644283593, 3948812.052975075319409 ] ] } },
{ "type": "Feature", "properties": { "from_node": 1779, "to_node": 2152, "u": 7192565820.0, "v": 810701893.0, "key": 0.0, "index": 1540.0, "osmid": "72561166", "highway": [ "residential" ], "lanes": null, "name": null, "oneway": "True", "ref": null, "reversed": "False", "length": 90.993061515275045, "maxspeed": null, "access": null, "bridge": null, "width": null, "length_m": 112.13781327952287, "building_count_50m": 100.0, "avg_building_area": 90.091704667398957, "poi_count_50m": 1.0, "highway_clean": [ "residential" ], "highway_rank": 2.0, "sinuosity": 1.000087090576151, "poi_diversity": 0.0, "food_drink_count": 1.0, "street_furniture_count": 1.0, "degree_u": 4.0, "degree_v": 3.0, "avg_connectivity": 3.5, "city": "Tokyo", "cluster": 1.0, "typology": "Dense Local Street" }, "geometry": { "type": "LineString", "coordinates": [ [ 378618.755354269698728, 3948654.87614657683298 ], [ 378613.751317989255767, 3948651.693958655931056 ], [ 378583.632805203495082, 3948631.004652515985072 ], [ 378544.025561426882632, 3948602.890123259741813 ] ] } },
{ "type": "Feature", "properties": { "from_node": 440, "to_node": 486, "u": null, "v": null, "key": null, "index": null, "osmid": null, "highway": null, "lanes": null, "name": null, "oneway": null, "ref": null, "reversed": null, "length": null, "maxspeed": null, "access": null, "bridge": null, "width": null, "length_m": null, "building_count_50m": null, "avg_building_area": null, "poi_count_50m": null, "highway_clean": null, "highway_rank": null, "sinuosity": null, "poi_diversity": null, "food_drink_count": null, "street_furniture_count": null, "degree_u": null, "degree_v": null, "avg_connectivity": null, "city": null, "cluster": null, "typology": null }, "geometry": { "type": "LineString", "coordinates": [ [ 377458.843635757802986, 3948413.209757622797042 ], [ 377471.319978010840714, 3948433.062399520073086 ], [ 377457.662916229048278, 3948442.480810352601111 ] ] } },
{ "type": "Feature", "properties": { "from_node": 506, "to_node": 507, "u": 353680845.0, "v": 448133786.0, "key": 0.0, "index": 225.0, "osmid": "224313702", "highway": [ "residential" ], "lanes": null, "name": null, "oneway": "False", "ref": null, "reversed": "True", "length": 46.672112422641014, "maxspeed": null, "access": null, "bridge": null, "width": null, "length_m": 57.516272521487309, "building_count_50m": 44.0, "avg_building_area": 126.24528471523908, "poi_count_50m": 1.0, "highway_clean": [ "residential" ], "highway_rank": 2.0, "sinuosity": 1.0238314753621278, "poi_diversity": 0.0, "food_drink_count": 1.0, "street_furniture_count": 1.0, "degree_u": 6.0, "degree_v": 6.0, "avg_connectivity": 6.0, "city": "Tokyo", "cluster": 1.0, "typology": "Dense Local Street" }, "geometry": { "type": "LineString", "coordinates": [ [ 377817.125551224336959, 3948406.226234537083656 ], [ 377842.447674747556448, 3948438.683053635526448 ], [ 377842.341644788102712, 3948444.142730501014739 ] ] } },
{ "type": "Feature", "properties": { "from_node": 852, "to_node": 853, "u": 410137185.0, "v": 1237273472.0, "key": 0.0, "index": 390.0, "osmid": [ 34948328, 1379313425 ], "highway": [ "residential" ], "lanes": null, "name": null, "oneway": "False", "ref": null, "reversed": "False", "length": 47.658072444724617, "maxspeed": null, "access": null, "bridge": null, "width": null, "length_m": 58.737458262689429, "building_count_50m": 41.0, "avg_building_area": 106.01348795580969, "poi_count_50m": 2.0, "highway_clean": [ "residential" ], "highway_rank": 2.0, "sinuosity": 1.173095748636527, "poi_diversity": 0.69314718055994529, "food_drink_count": 1.0, "street_furniture_count": 1.0, "degree_u": 5.0, "degree_v": 6.0, "avg_connectivity": 5.5, "city": "Tokyo", "cluster": 3.0, "typology": "Local Mixed Street" }, "geometry": { "type": "LineString", "coordinates": [ [ 378615.088003424461931, 3949324.920955756679177 ], [ 378617.900311872246675, 3949334.001748743932694 ], [ 378583.411686246632598, 3949350.381520283408463 ] ] } },
{ "type": "Feature", "properties": { "from_node": 609, "to_node": 1060, "u": null, "v": null, "key": null, "index": null, "osmid": null, "highway": null, "lanes": null, "name": null, "oneway": null, "ref": null, "reversed": null, "length": null, "maxspeed": null, "access": null, "bridge": null, "width": null, "length_m": null, "building_count_50m": null, "avg_building_area": null, "poi_count_50m": null, "highway_clean": null, "highway_rank": null, "sinuosity": null, "poi_diversity": null, "food_drink_count": null, "street_furniture_count": null, "degree_u": null, "degree_v": null, "avg_connectivity": null, "city": null, "cluster": null, "typology": null }, "geometry": { "type": "LineString", "coordinates": [ [ 377702.9326038089348, 3948996.064372122753412 ], [ 377706.86117862194078, 3949010.543408069759607 ], [ 377704.802344079478644, 3949028.011439429130405 ] ] } },
{ "type": "Feature", "properties": { "from_node": 1115, "to_node": 1118, "u": 420147368.0, "v": 420148457.0, "key": 0.0, "index": 592.0, "osmid": "35937941", "highway": [ "residential" ], "lanes": null, "name": null, "oneway": "False", "ref": null, "reversed": "False", "length": 41.476410368762075, "maxspeed": null, "access": null, "bridge": null, "width": null, "length_m": 51.112894103095265, "building_count_50m": 47.0, "avg_building_area": 124.1621036863386, "poi_count_50m": 1.0, "highway_clean": [ "residential" ], "highway_rank": 2.0, "sinuosity": 1.0575337010375259, "poi_diversity": 0.0, "food_drink_count": 1.0, "street_furniture_count": 1.0, "degree_u": 6.0, "degree_v": 6.0, "avg_connectivity": 6.0, "city": "Tokyo", "cluster": 1.0, "typology": "Dense Local Street" }, "geometry": { "type": "LineString", "coordinates": [ [ 378204.53010971925687, 3948319.370185579173267 ], [ 378216.102979030925781, 3948348.721487818751484 ], [ 378212.162091871141456, 3948357.750454651657492 ] ] } },
{ "type": "Feature", "properties": { "from_node": 1464, "to_node": 1654, "u": 614597192.0, "v": 614597717.0, "key": 0.0, "index": 954.0, "osmid": "48390407", "highway": [ "residential" ], "lanes": null, "name": null, "oneway": "False", "ref": null, "reversed": "False", "length": 50.173150871627428, "maxspeed": null, "access": null, "bridge": null, "width": null, "length_m": 61.831313830077107, "building_count_50m": 46.0, "avg_building_area": 235.28971254215654, "poi_count_50m": 3.0, "highway_clean": [ "residential" ], "highway_rank": 2.0, "sinuosity": 1.0009205317656931, "poi_diversity": 0.0, "food_drink_count": 1.0, "street_furniture_count": 1.0, "degree_u": 8.0, "degree_v": 6.0, "avg_connectivity": 7.0, "city": "Tokyo", "cluster": 1.0, "typology": "Dense Local Street" }, "geometry": { "type": "LineString", "coordinates": [ [ 378049.254565453680698, 3948474.639325183350593 ], [ 378050.782748007623013, 3948515.43294394435361 ], [ 378050.103375835285988, 3948524.63913439726457 ] ] } },
{ "type": "Feature", "properties": { "from_node": 1655, "to_node": 1653, "u": 614597718.0, "v": 1178938414.0, "key": 0.0, "index": 963.0, "osmid": "1334061141", "highway": [ "residential" ], "lanes": null, "name": null, "oneway": "False", "ref": null, "reversed": "True", "length": 27.031151319654064, "maxspeed": null, "access": null, "bridge": null, "width": null, "length_m": 33.312029172814348, "building_count_50m": 33.0, "avg_building_area": 157.2621652245904, "poi_count_50m": 4.0, "highway_clean": [ "residential" ], "highway_rank": 2.0, "sinuosity": 1.0120542099489707, "poi_diversity": 1.0397207708399179, "food_drink_count": 1.0, "street_furniture_count": 1.0, "degree_u": 6.0, "degree_v": 6.0, "avg_connectivity": 6.0, "city": "Tokyo", "cluster": 3.0, "typology": "Local Mixed Street" }, "geometry": { "type": "LineString", "coordinates": [ [ 378001.872323675197549, 3948502.192204541061074 ], [ 378003.831467487558257, 3948495.875058160163462 ], [ 378002.602149305748753, 3948475.556743434630334 ] ] } },
{ "type": "Feature", "properties": { "from_node": 1788, "to_node": 1789, "u": null, "v": null, "key": null, "index": null, "osmid": null, "highway": null, "lanes": null, "name": null, "oneway": null, "ref": null, "reversed": null, "length": null, "maxspeed": null, "access": null, "bridge": null, "width": null, "length_m": null, "building_count_50m": null, "avg_building_area": null, "poi_count_50m": null, "highway_clean": null, "highway_rank": null, "sinuosity": null, "poi_diversity": null, "food_drink_count": null, "street_furniture_count": null, "degree_u": null, "degree_v": null, "avg_connectivity": null, "city": null, "cluster": null, "typology": null }, "geometry": { "type": "LineString", "coordinates": [ [ 377583.808247080247384, 3949653.102710265666246 ], [ 377583.835575103177689, 3949672.827425321098417 ], [ 377573.974560757807922, 3949673.17405341565609 ] ] } }
]
}
